Employee_ID,T1,T2,T3,T4,T5,T6,T7,T8,T9,T10,T11,T12,T13,T14,T15,T16,T17,T18,T19,T20,T21,T22,T23,T24,T25,T26,T27,T28,T29,T30,T31,T32,T33,T34,T35,T36,T37,T38,T39,T40,T41,T42,T43,T44,T45,T46,T47,T48,T49,T50,T51,T52,T53,T54,T55,T56,T57,T58,T59,T60,T61,T62,T63,T64,T65,T66,T67,T68,T69,T70,T71,T72,T73,T74,T75,T76,T77,T78,T79,T80,T81,T82,T83,T84,T85,T86,T87,T88,T89,T90,T91,T92,T93,T94,T95,T96,T97,T98,T99,T100,T101,T102,T103,T104,T105,T106,T107,T108,T109,T110,T111,T112,T113,T114,T115,T116,T117,T118,T119,T120,T121,T122,T123,T124,T125,T126,T127,T128,T129,T130,T131,T132,T133,T134,T135,T136,T137,T138,T139,T140,T141,T142,T143,T144,T145,T146,T147,T148,T149,T150,T151,T152,T153,T154,T155,T156,T157,T158,T159,T160,T161,T162,T163,T164,T165,T166,T167,T168,T169,T170,T171,T172,T173,T174,T175,T176,T177,T178,T179,T180,T181,T182,T183,T184,T185,T186,T187,T188,T189,T190,T191,T192,T193,T194,T195,T196,T197,T198,T199,T200,T201,T202,T203,T204,T205,T206,T207,T208,T209,T210,T211,T212,T213,T214,T215,T216,T217,T218,T219,T220,T221,T222,T223,T224,T225,T226,T227,T228,T229,T230,T231,T232,T233,T234,T235,T236,T237,T238,T239,T240,T241,T242,T243,T244,T245,T246,T247,T248,T249,T250,T251,T252,T253,T254,T255,T256,T257,T258,T259,T260,T261,T262,T263,T264,T265,T266,T267,T268,T269,T270,T271,T272,T273,T274,T275,T276,T277,T278,T279,T280,T281,T282,T283,T284,T285,T286,T287,T288,T289,T290,T291,T292,T293,T294,T295,T296,T297,T298,T299,T300,T301,T302,T303,T304,T305,T306,T307,T308,T309,T310,T311,T312,T313,T314,T315,T316,T317,T318,T319,T320,T321,T322,T323,T324,T325,T326,T327,T328,T329,T330,T331,T332,T333,T334,T335,T336,T337,T338,T339,T340,T341,T342,T343,T344,T345,T346,T347,T348,T349,T350,T351,T352,T353,T354,T355,T356,T357,T358,T359,T360,T361,T362,T363,T364,T365,T366,T367,T368,T369,T370,T371,T372,T373,T374,T375,T376,T377,T378,T379,T380,T381,T382,T383,T384,T385,T386,T387,T388,T389,T390,T391,T392,T393,T394,T395,T396,T397,T398,T399,T400,T401,T402,T403,T404,T405,T406,T407,T408,T409,T410,T411,T412,T413,T414,T415,T416,T417,T418,T419,T420,T421,T422,T423,T424,T425,T426,T427,T428,T429,T430,T431,T432,T433,T434,T435,T436,T437,T438,T439,T440,T441,T442,T443,T444,T445,T446,T447,T448,T449,T450,T451,T452,T453,T454,T455,T456,T457,T458,T459,T460,T461,T462,T463,T464,T465,T466,T467,T468,T469,T470,T471,T472,T473,T474,T475,T476,T477,T478,T479,T480,T481,T482,T483,T484,T485,T486,T487,T488,T489,T490,T491,T492,T493,T494,T495,T496,T497,T498,T499,T500
E1,53,78,11,70,68,75,70,83,52,63,55,47,47,31,14,98,86,48,82,43,17,90,70,84,31,83,16,94,47,89,13,46,72,20,26,74,19,45,42,26,88,45,45,42,11,24,87,32,85,29,94,67,57,32,43,99,40,72,33,77,14,53,20,28,86,29,73,62,59,40,94,66,91,31,36,83,54,16,92,43,24,16,31,69,61,70,48,70,78,39,58,97,100,59,70,43,28,77,65,11,46,67,58,96,50,77,97,15,22,78,91,55,65,88,93,44,52,44,44,22,42,93,84,60,69,96,40,96,85,34,76,53,96,98,33,50,80,11,96,11,18,11,62,22,77,23,97,67,54,38,46,42,34,14,13,89,21,17,86,94,37,86,91,25,100,25,21,87,26,58,94,92,82,33,24,99,33,42,47,69,94,19,91,68,45,64,98,95,51,42,30,19,45,17,58,59,52,17,43,43,32,66,18,72,35,88,60,32,92,72,23,28,79,65,37,88,92,23,66,43,23,14,19,19,83,42,67,12,73,29,93,91,10,14,95,59,44,29,99,52,60,83,10,75,100,72,71,65,61,18,79,38,10,59,98,71,25,82,78,55,52,97,48,61,17,90,92,21,56,78,53,20,68,47,92,35,32,80,15,59,94,34,48,99,59,23,90,98,55,72,20,90,66,34,27,14,34,13,85,40,72,59,18,79,92,49,73,78,67,12,14,53,17,53,15,61,25,37,93,95,76,68,96,78,29,84,39,19,14,28,72,93,12,70,89,15,41,99,93,26,11,32,90,16,49,22,68,88,31,85,18,23,24,73,86,88,38,18,35,64,53,96,61,51,25,97,83,79,27,51,37,15,85,32,52,18,25,45,28,63,31,99,57,80,31,66,41,84,15,27,22,90,88,58,30,12,72,20,10,10,32,21,100,93,85,46,63,98,70,98,26,36,28,91,44,76,67,62,40,32,88,98,14,86,33,73,88,21,90,48,54,63,10,81,40,34,25,77,22,89,56,79,74,38,69,90,94,36,45,16,34,24,29,97,70,73,32,30,95,15,16,92,56,46,36,65,42,52,88,68,15,23,16,78,32,30,13,72,75,24,19,40,66,85,84,51,63,35,96,51,39,24,51,39,22,40,62,35,58,38
E2,19,70,84,72,16,65,28,37,88,68,32,59,57,27,68,34,90,55,44,35,52,26,14,98,82,17,45,27,24,69,68,63,31,53,38,47,87,30,91,88,31,83,80,39,21,62,76,72,37,85,70,69,45,11,64,41,41,51,65,84,38,85,29,83,10,63,15,15,70,74,14,64,77,60,71,99,22,67,73,40,20,81,11,98,62,37,26,55,47,40,92,21,12,71,95,49,30,100,68,83,84,13,68,69,27,100,61,33,57,90,69,100,91,10,90,19,59,98,52,77,14,47,64,44,99,88,79,83,36,97,20,89,52,17,75,96,56,16,24,59,56,69,89,15,56,56,32,92,81,100,18,81,100,36,27,52,40,79,24,93,71,84,99,36,38,51,55,44,74,97,64,45,16,18,57,54,67,72,74,77,25,70,100,78,96,78,47,67,89,57,96,98,18,34,68,21,20,60,32,46,19,23,31,45,24,99,28,73,29,36,76,90,12,47,63,97,79,26,70,54,63,66,92,12,47,34,18,12,39,76,92,52,62,84,53,93,92,51,72,85,95,99,77,80,66,68,48,82,26,49,31,43,39,71,57,46,16,28,55,46,68,31,89,30,78,46,33,32,100,98,95,29,30,40,24,15,50,83,26,66,43,57,33,36,81,100,14,95,50,54,28,57,67,79,30,78,48,25,13,61,73,28,68,50,29,10,79,74,52,92,100,47,70,47,83,95,28,82,66,53,98,24,71,15,27,96,80,24,49,13,61,89,38,67,55,21,51,17,87,92,34,84,77,38,45,35,12,20,78,67,96,95,21,75,60,34,72,50,87,87,75,17,95,56,60,28,64,57,59,57,11,46,54,54,49,67,81,21,37,66,63,66,46,30,64,63,27,85,86,21,28,36,48,70,77,52,18,85,58,21,10,62,91,44,63,32,81,69,100,82,27,35,33,58,47,80,72,15,48,84,48,73,81,69,38,13,10,29,43,48,91,91,70,25,93,95,46,63,32,72,98,92,41,13,25,45,73,18,86,56,84,71,82,65,43,90,97,70,98,25,57,75,83,12,43,30,84,17,28,50,69,98,27,55,30,16,44,56,63,91,55,16,47,47,77,91,19,75,34,90,33,22,86,31,79,51,50,97,48,44
E3,97,99,98,56,22,78,84,55,28,11,27,76,46,57,72,62,53,30,23,37,29,74,38,34,81,88,98,77,78,80,99,24,63,68,19,24,26,12,71,54,49,98,56,27,66,86,76,53,32,100,48,13,25,38,26,98,28,98,39,49,26,36,26,20,64,98,24,19,12,71,65,15,35,23,14,94,75,85,17,70,25,42,15,18,48,95,11,22,25,87,36,85,35,33,95,54,13,21,28,45,84,54,55,30,74,88,40,74,82,18,22,84,11,77,37,34,46,31,78,10,22,37,74,100,70,56,99,85,33,66,96,23,33,55,58,64,37,75,39,62,24,50,25,69,24,76,27,73,56,100,46,81,15,20,51,73,24,59,46,68,86,49,97,66,38,80,62,47,64,34,18,70,96,57,32,11,96,72,96,23,60,66,76,94,96,20,25,28,60,61,98,85,23,31,18,56,35,53,35,86,61,25,39,64,73,45,84,85,44,92,61,55,70,95,87,61,72,75,45,28,68,23,25,42,72,73,39,90,27,13,22,16,18,73,96,13,32,58,87,96,51,29,48,89,89,22,19,94,76,73,69,35,47,94,73,72,74,43,79,53,79,79,12,14,65,25,59,67,50,58,66,68,14,14,32,81,94,48,100,31,72,65,27,49,59,72,24,82,96,72,94,80,97,79,83,70,70,81,30,74,17,60,43,73,85,58,88,96,55,46,51,17,13,85,15,26,56,54,84,13,90,53,58,22,64,54,55,62,54,17,94,41,41,40,92,49,85,20,98,18,49,24,53,31,12,78,51,14,68,94,64,82,75,63,44,12,99,70,85,12,50,58,83,59,51,83,22,72,22,98,96,36,53,73,74,95,53,31,88,48,56,65,35,73,91,19,78,37,46,43,16,48,83,61,38,89,21,84,22,85,53,44,18,82,77,70,64,36,54,19,93,48,74,48,65,94,79,50,35,63,61,42,89,75,68,95,80,33,12,90,100,76,33,83,73,37,94,69,44,91,78,88,65,82,90,17,76,35,56,69,28,40,29,97,48,65,62,50,18,91,36,62,44,46,92,30,42,97,86,40,61,40,24,29,34,13,41,49,69,72,81,65,64,92,14,35,30,44,27,13,43,45,94,80,32,92,15,72,12,17
E4,20,50,87,48,18,62,56,95,94,21,60,27,40,24,83,74,25,76,95,84,77,42,73,21,40,86,25,50,52,84,59,40,64,37,28,23,32,37,45,66,62,42,85,17,72,78,57,99,24,50,79,64,70,97,41,45,28,56,70,57,49,12,92,87,14,94,16,98,95,40,42,80,59,49,91,99,56,97,25,78,40,66,59,11,60,42,48,21,40,48,36,30,66,90,50,92,62,14,45,20,72,70,62,52,64,22,30,99,43,74,18,55,63,87,80,51,68,98,13,16,92,92,33,90,66,92,27,10,61,35,90,49,50,83,20,24,30,41,76,93,26,86,97,62,50,67,71,27,43,32,97,85,51,46,35,20,63,57,33,60,58,83,38,12,12,81,92,88,90,39,21,69,35,43,99,31,16,61,89,64,86,43,29,21,57,31,82,25,11,77,65,68,96,73,25,38,36,34,44,46,73,58,26,65,36,86,37,46,96,34,63,33,62,28,13,47,43,40,89,67,41,57,84,97,92,68,20,11,70,27,51,98,60,97,37,59,100,64,86,42,19,22,81,17,16,52,40,70,55,87,95,86,100,15,10,42,74,89,58,48,60,95,57,26,81,15,84,32,43,31,74,73,53,69,26,21,50,100,77,65,28,43,24,50,15,26,73,45,56,65,46,43,88,43,76,50,65,31,50,72,29,81,94,91,66,16,34,29,16,39,33,14,70,43,30,100,69,65,24,73,15,66,55,100,81,72,68,73,24,28,25,54,21,36,46,33,31,75,44,82,94,84,37,84,10,77,83,33,63,19,41,73,96,22,52,13,46,97,97,25,60,57,85,23,51,29,13,20,68,100,94,71,68,90,44,86,94,10,52,15,93,89,67,51,82,26,37,16,92,46,51,17,19,80,87,58,21,61,42,32,40,61,21,12,36,30,59,61,46,92,93,29,25,48,72,65,49,97,87,26,55,95,22,57,75,35,72,67,59,70,44,82,86,64,21,64,57,88,33,65,90,64,21,15,75,53,69,96,38,92,97,29,73,77,90,92,77,20,47,69,65,20,71,48,29,26,97,48,41,76,64,47,82,16,80,19,15,75,23,75,64,62,22,69,94,82,42,55,42,84,20,74,12,24,94,69,32,33,60,15
E5,20,63,100,48,50,85,68,95,67,89,43,53,33,37,33,20,87,43,96,23,65,78,12,10,60,24,11,31,93,71,68,98,61,94,87,72,48,89,88,56,98,96,98,96,60,48,21,26,27,11,34,24,12,99,34,13,36,71,93,28,93,40,65,90,78,34,21,48,69,28,70,64,12,24,31,29,99,66,72,70,12,67,84,41,35,47,82,60,16,52,11,23,90,65,63,73,84,86,80,47,14,72,61,72,75,85,88,96,72,39,17,77,12,64,83,50,80,18,44,92,63,70,24,73,89,92,54,67,99,65,12,30,46,34,70,54,66,39,74,38,85,97,53,87,94,69,26,47,59,63,96,93,56,70,30,89,36,46,98,21,95,71,26,32,35,30,87,72,22,63,73,48,40,36,81,16,12,55,43,55,96,30,32,74,14,18,53,65,24,89,39,25,81,38,72,43,53,55,15,81,44,29,98,75,87,95,23,100,16,66,68,24,23,88,88,23,81,15,74,23,31,90,25,36,56,30,47,100,66,74,73,22,29,92,56,52,27,25,35,66,63,10,41,70,53,46,74,31,20,44,57,63,56,90,95,41,29,77,63,39,27,64,62,62,68,76,97,56,13,66,28,11,76,18,20,53,50,61,31,65,17,60,14,94,92,29,83,17,90,94,76,47,63,61,97,99,80,48,50,54,11,45,77,88,28,99,61,67,92,36,79,89,89,93,66,99,54,93,61,35,48,20,14,78,52,59,26,76,79,46,37,21,75,80,49,76,53,91,30,12,13,79,85,43,40,48,64,74,24,17,57,43,90,74,55,25,16,93,25,67,48,83,10,68,53,40,84,82,90,95,78,86,39,54,48,46,95,83,96,27,58,76,41,23,51,76,84,34,56,68,22,28,64,62,20,21,17,64,26,70,37,67,19,57,96,77,61,85,81,76,60,43,84,73,91,64,66,98,72,63,30,28,74,26,72,68,26,100,75,77,25,98,37,68,70,14,30,81,57,25,87,62,24,25,57,83,47,15,76,29,25,57,49,57,48,47,72,13,28,28,85,63,16,49,46,37,33,72,10,25,80,54,18,15,63,71,83,49,82,67,53,58,70,87,26,27,74,91,68,67,95,67,29,51,21,89,95,89,62,59
E6,39,60,53,79,15,95,66,45,92,21,31,100,13,83,90,100,49,81,92,25,92,81,20,34,89,79,83,16,82,76,34,70,74,12,25,94,78,33,12,45,36,41,100,84,66,20,78,87,51,61,85,15,72,12,53,65,33,63,13,77,50,58,42,21,24,22,79,31,46,28,33,42,21,29,49,62,96,31,17,88,51,33,13,17,48,59,22,50,28,62,51,43,58,25,16,35,40,86,85,40,73,75,74,59,24,44,17,50,69,80,62,18,71,13,62,91,39,12,44,80,85,96,22,41,81,93,26,48,82,62,67,20,91,74,36,28,57,79,31,41,78,64,81,67,15,10,69,89,47,93,31,10,17,71,44,86,42,97,58,54,90,37,84,75,46,15,30,78,82,18,48,21,60,99,25,27,81,45,65,36,88,74,50,97,53,91,43,100,67,44,41,94,51,53,36,68,86,52,12,98,27,92,10,87,70,10,11,96,32,62,81,99,100,72,60,78,20,93,93,19,78,13,95,66,96,25,55,58,86,55,59,32,99,11,25,69,57,34,66,11,38,12,45,97,100,55,34,21,88,90,48,38,39,73,56,14,45,73,100,100,87,36,10,35,91,60,24,45,82,74,73,31,80,34,94,82,96,97,87,82,32,18,85,26,18,26,43,82,39,76,45,34,96,12,98,96,78,88,42,97,81,68,10,64,92,96,93,16,51,65,62,45,25,97,76,69,73,56,76,15,38,16,45,63,78,67,50,10,60,34,52,20,83,13,38,98,64,19,41,35,31,52,49,18,90,90,22,13,71,65,13,85,90,52,42,41,23,70,40,53,16,52,76,40,19,86,89,66,22,90,67,84,25,20,17,14,58,50,98,18,26,17,66,17,48,88,90,65,18,23,96,17,81,16,47,58,61,22,89,62,39,86,94,89,11,68,59,69,64,89,89,22,53,93,96,13,68,76,52,85,34,23,23,11,86,18,85,34,83,26,91,75,42,55,63,71,89,66,33,41,27,15,17,26,49,84,65,75,93,55,49,84,79,28,28,70,49,87,53,47,57,11,76,85,94,96,28,17,40,74,81,16,64,54,35,35,91,35,18,53,34,95,70,98,98,69,86,98,52,84,82,52,88,48,63,52,30,23,68,15
E7,73,38,10,91,38,98,39,69,89,37,40,71,52,58,36,61,33,10,56,11,19,55,13,81,24,28,47,66,34,90,84,56,15,13,35,35,46,32,38,43,32,53,80,41,32,35,12,32,43,22,12,96,27,58,93,24,53,36,49,68,40,57,57,94,31,77,89,65,18,25,28,26,34,34,78,58,98,57,50,86,64,91,41,15,88,85,34,78,47,29,51,41,16,90,45,26,75,84,72,36,20,70,94,88,18,31,75,59,92,75,57,73,76,69,32,51,57,77,98,71,73,70,44,84,61,91,84,93,14,36,38,35,67,40,60,37,49,64,58,83,30,57,42,80,20,27,20,47,66,76,55,39,84,15,69,75,89,53,64,67,69,65,62,57,73,50,44,58,13,32,66,39,43,92,19,55,20,47,74,75,79,92,20,45,39,22,25,19,56,14,79,35,52,35,96,52,42,48,97,45,34,100,87,27,79,43,11,48,46,54,61,61,84,93,11,70,93,75,29,60,39,39,36,70,39,76,85,80,69,69,53,20,50,34,64,99,63,36,66,67,81,13,57,27,83,26,49,11,73,94,55,53,38,63,64,97,61,98,78,48,51,85,12,82,14,27,29,52,82,90,87,87,83,60,58,36,60,18,78,59,34,70,23,52,82,67,91,48,21,31,23,96,80,32,14,98,87,72,13,33,35,18,59,46,36,39,47,94,77,18,68,17,57,76,11,31,51,62,60,30,24,26,78,63,71,18,59,36,26,36,49,65,100,95,70,30,87,83,49,85,35,74,97,68,45,35,10,28,67,18,61,87,41,77,52,82,72,68,69,83,15,21,46,92,68,54,99,48,60,88,32,63,41,32,89,65,68,59,94,33,99,82,22,60,99,15,40,30,45,90,78,47,95,18,99,37,73,62,80,25,57,19,23,74,51,62,67,31,42,36,74,15,69,13,19,91,98,96,69,58,53,61,34,60,14,11,42,24,100,27,51,95,69,72,69,18,20,80,94,41,66,27,70,45,30,31,12,87,22,32,47,25,78,60,31,19,95,11,96,44,29,66,55,32,37,14,96,78,37,66,99,16,91,76,92,94,94,23,59,98,49,66,16,86,10,16,58,35,41,57,40,35,21,12,63,13,11,53,34,97
E8,95,18,38,22,95,31,31,15,63,75,23,51,51,81,90,34,89,36,79,60,64,25,39,37,23,55,51,32,11,61,93,50,11,59,37,68,38,18,94,45,93,89,57,15,18,37,62,48,86,73,23,78,82,31,42,22,86,51,90,99,59,96,98,27,52,32,91,98,50,95,71,18,52,12,87,84,67,58,75,91,39,74,85,100,11,39,12,88,25,49,40,64,41,89,20,17,27,57,73,47,35,29,58,36,92,14,40,86,66,52,27,45,50,92,15,76,63,92,46,13,39,52,53,41,36,79,16,95,41,97,99,38,87,58,76,51,33,66,90,10,18,72,18,34,16,91,28,36,26,21,32,85,80,36,40,74,20,64,69,49,31,35,41,64,32,87,41,48,46,83,67,91,35,44,71,20,56,60,58,31,70,66,64,74,88,65,29,71,12,58,64,20,48,86,78,29,80,32,42,58,69,49,68,46,58,81,87,71,19,52,27,70,35,29,34,10,11,74,57,72,61,63,60,57,59,72,49,92,85,19,62,14,25,59,82,30,34,65,42,54,75,100,72,91,98,57,99,17,93,59,64,41,41,71,14,56,90,100,96,13,99,95,92,28,43,87,68,97,28,42,41,87,84,94,30,11,24,21,92,59,60,100,85,20,76,34,64,31,64,42,98,48,74,78,94,58,85,49,62,21,23,91,83,54,28,44,36,60,99,49,10,31,72,10,22,18,99,63,77,63,93,46,65,31,32,57,33,100,27,35,72,33,74,24,67,82,37,33,35,17,33,34,43,62,66,90,89,23,91,31,20,47,20,58,25,45,18,53,13,84,40,71,72,96,22,11,17,44,10,95,84,15,22,37,76,10,58,87,76,44,72,70,53,87,64,53,57,97,53,50,40,56,95,61,58,88,17,55,52,22,10,68,99,61,27,13,87,25,77,45,99,41,57,67,89,97,94,70,75,62,94,34,10,91,51,12,91,56,15,51,96,66,39,87,72,61,88,20,54,64,70,94,99,22,59,47,87,34,28,76,83,74,14,26,73,21,48,96,80,69,31,67,24,71,94,79,40,41,37,31,94,99,21,23,65,13,30,51,59,45,38,42,95,70,95,25,95,27,78,91,72,21,98,52,38,83,86,18,92,53
E9,58,58,93,92,81,65,39,38,43,24,47,21,24,21,53,85,34,24,83,57,26,50,58,83,10,49,17,85,78,34,59,64,50,56,96,26,76,94,87,85,38,23,60,11,78,68,50,28,47,38,73,97,68,28,86,46,28,95,99,14,86,50,49,74,98,25,45,100,83,71,90,37,73,47,100,58,17,52,29,36,38,99,16,32,72,60,48,94,30,12,80,60,53,64,96,70,54,60,60,19,77,46,46,99,34,99,80,60,22,26,51,84,16,100,48,68,93,30,83,27,66,99,71,47,28,36,37,35,93,11,56,83,23,96,28,58,64,96,31,17,22,55,70,32,16,25,75,93,53,85,65,29,90,61,41,14,25,40,60,72,48,98,86,32,93,58,98,95,94,21,69,93,58,45,90,93,66,57,11,25,24,20,25,72,92,95,75,38,12,85,83,83,71,45,98,22,85,33,59,71,92,99,65,48,83,26,22,51,18,78,33,61,99,12,60,81,78,77,72,18,76,84,78,93,25,36,94,25,33,86,98,33,10,81,67,50,25,15,26,83,36,93,30,21,81,42,14,20,25,74,48,56,79,31,64,94,10,41,48,15,76,47,94,78,66,27,83,72,98,50,76,55,87,78,75,36,98,22,94,15,40,14,34,28,48,37,27,87,80,37,85,55,45,26,89,64,19,80,42,43,58,93,30,61,68,20,42,96,64,98,28,78,36,19,90,44,91,99,92,34,57,82,94,92,75,87,30,63,29,50,65,58,13,87,41,19,44,25,78,24,97,80,62,18,52,91,21,56,52,44,28,38,45,11,22,58,38,58,23,25,32,77,49,85,72,22,77,54,99,83,46,80,44,87,22,16,31,50,59,33,54,96,78,80,86,61,71,85,26,43,11,97,75,29,94,26,28,58,82,44,16,91,57,100,41,96,87,63,100,68,33,66,55,69,74,46,45,64,76,39,49,91,21,49,62,50,21,91,20,19,40,21,31,83,17,20,46,80,73,11,64,96,75,27,71,73,75,97,96,78,99,25,61,11,88,34,10,64,99,78,54,41,94,77,97,87,15,87,67,31,96,77,38,32,19,56,27,75,55,16,64,73,58,31,57,24,53,96,41,79,25,47,48,71,47,43,37,10,90,82
E10,60,37,49,92,75,14,69,89,72,17,55,10,88,68,52,48,55,23,10,54,33,61,55,11,22,65,72,35,20,77,75,29,62,25,72,10,29,94,42,38,70,60,57,48,56,64,33,78,44,23,66,94,66,30,27,55,65,10,55,100,35,24,34,46,15,27,60,63,52,14,30,95,35,71,95,44,25,63,72,80,73,97,26,51,61,74,59,26,24,23,12,26,29,54,74,11,97,40,16,96,53,64,86,11,65,71,47,46,72,20,64,41,89,29,75,33,41,45,24,43,99,41,95,64,35,70,100,23,99,74,88,33,34,85,90,91,29,39,25,26,61,14,45,34,28,64,12,88,35,21,16,58,62,77,49,99,91,39,38,53,64,71,17,75,64,92,16,48,24,44,56,45,54,63,41,50,16,33,15,10,16,94,51,37,46,70,45,87,22,65,33,42,72,56,52,48,24,22,95,11,97,80,26,52,56,56,85,77,87,57,40,93,45,36,84,59,21,23,26,90,87,25,15,85,93,34,34,100,67,22,19,79,89,53,48,70,35,78,29,15,26,34,63,80,42,81,54,56,67,90,25,65,18,71,63,77,74,12,31,86,45,99,26,47,15,82,17,98,34,60,73,97,78,75,19,31,66,75,59,81,59,61,87,44,36,33,10,30,83,37,85,99,11,75,68,74,100,77,43,48,38,47,100,44,80,25,31,38,15,78,40,47,15,91,28,45,27,44,16,92,41,36,78,24,10,93,54,90,87,57,51,20,100,80,43,27,62,88,47,51,17,90,11,55,38,45,32,42,12,78,94,84,23,98,58,93,42,90,91,87,80,36,66,38,51,44,36,84,90,60,29,67,39,65,57,28,71,21,73,33,68,33,32,34,82,72,33,92,46,12,49,30,32,60,97,87,34,18,28,19,64,41,68,92,61,22,77,27,11,87,22,58,59,12,24,11,92,15,26,41,20,44,28,90,86,11,11,23,79,53,100,20,35,27,71,82,66,30,49,52,71,29,41,17,79,98,44,90,79,25,12,15,23,79,47,23,75,63,28,10,38,13,39,64,59,28,55,93,46,38,97,59,97,24,72,31,24,38,23,46,55,19,88,52,25,56,20,15,87,29,32,64,77,52,86,33,96,64,29,95
E11,97,48,89,46,54,23,44,73,94,57,43,19,10,29,93,28,50,28,59,67,71,18,24,83,64,45,28,21,51,26,33,59,55,50,73,64,71,98,62,87,91,52,27,93,41,59,63,80,73,78,78,73,78,78,39,59,20,84,63,77,83,98,38,99,21,40,56,10,36,12,56,81,70,27,24,17,54,56,27,47,68,28,80,63,41,36,38,17,27,25,99,100,28,58,13,99,64,57,16,99,23,94,84,19,71,86,30,13,28,56,28,20,41,19,11,82,63,29,33,70,27,77,99,48,70,62,53,66,92,98,11,46,24,29,17,92,14,87,32,74,30,11,60,64,97,68,80,43,83,74,49,100,39,64,30,44,21,76,58,26,37,61,89,17,38,60,33,81,87,19,98,69,71,50,93,92,61,58,31,16,57,92,64,34,44,23,23,19,56,87,52,13,40,46,30,79,23,18,37,86,11,49,34,80,35,91,14,40,44,20,82,82,15,82,71,15,16,50,21,49,11,55,46,60,74,34,50,60,55,26,99,96,22,52,62,74,22,74,29,13,85,58,71,85,14,47,30,29,97,69,20,90,21,39,37,97,93,28,30,74,76,87,93,76,53,67,26,53,47,56,89,65,15,97,59,40,36,88,87,19,29,82,90,73,22,11,28,49,80,21,73,22,68,50,31,47,30,18,45,83,56,55,21,19,32,100,68,43,70,42,66,93,27,25,82,72,15,56,46,61,62,89,97,26,66,56,75,89,50,57,20,97,62,74,67,43,97,15,89,92,17,41,99,81,11,29,23,47,58,30,82,61,19,38,59,69,95,21,54,69,69,92,78,69,23,20,33,23,60,65,35,61,52,18,50,53,87,72,37,99,70,24,45,68,14,79,29,70,28,91,37,50,82,14,86,58,17,56,65,70,37,16,37,12,97,64,44,42,91,32,20,28,18,45,61,20,48,67,63,77,37,95,43,33,16,21,64,53,48,31,35,54,63,71,70,78,98,30,99,65,55,98,83,59,11,81,86,35,19,95,84,88,28,51,95,50,11,29,68,28,73,50,24,96,62,43,76,10,67,26,91,67,91,84,22,14,37,34,63,99,79,31,86,58,37,54,36,34,96,83,11,57,56,12,48,49,74,25,99,73
E12,93,68,62,62,55,55,79,64,76,52,24,32,68,64,57,32,80,86,30,79,65,58,46,94,98,97,65,91,46,99,89,22,21,23,21,93,12,88,62,23,73,89,79,22,91,66,74,84,14,95,47,63,37,38,68,80,58,24,35,70,25,54,69,62,92,100,60,10,57,38,74,46,44,94,43,49,63,96,40,10,63,14,11,13,29,57,76,86,50,52,31,83,65,40,81,60,34,88,92,60,16,83,64,26,91,59,32,61,50,76,30,65,39,22,100,26,74,25,90,83,60,90,43,80,30,51,36,21,21,13,65,11,90,85,29,13,89,100,79,20,83,58,13,26,68,91,90,55,33,40,93,38,48,34,78,41,58,43,94,16,45,20,28,90,12,91,84,23,24,68,86,25,23,28,46,43,33,21,19,73,56,36,60,22,72,12,62,19,72,90,19,36,97,63,58,50,91,67,30,33,48,11,32,94,82,90,87,14,25,53,54,71,88,86,79,10,30,76,42,25,34,87,13,78,12,76,75,29,37,56,24,37,13,51,27,38,20,98,26,44,45,71,35,21,54,100,80,93,47,69,73,65,75,61,34,42,32,35,97,45,60,23,84,85,49,31,36,72,65,67,64,86,44,50,89,23,87,59,64,35,82,55,57,90,18,67,31,14,75,42,85,62,47,87,92,77,55,60,13,24,33,51,64,33,55,41,19,37,94,57,57,28,50,25,11,50,98,11,52,37,69,82,51,39,81,18,59,46,87,37,77,37,23,81,45,87,95,19,83,92,63,97,65,50,50,35,35,16,73,73,15,45,63,25,25,67,31,86,51,85,59,40,83,12,46,12,92,83,10,69,46,26,61,14,78,77,15,53,92,12,18,70,22,63,48,45,50,54,61,20,81,50,73,88,16,60,48,99,68,73,92,25,57,89,23,13,38,16,11,27,23,51,98,65,38,31,21,34,57,78,10,98,16,43,15,24,16,48,19,43,52,98,88,58,44,99,31,27,84,68,25,26,50,28,84,62,91,67,95,25,76,77,40,83,71,94,72,45,51,71,38,21,43,47,20,55,81,41,94,92,36,98,19,19,73,17,37,11,95,37,69,59,34,72,23,53,36,85,77,75,50,49,100,68,93,29,74,23,26,38
E13,56,59,67,89,75,35,61,34,18,45,64,31,97,49,83,92,23,28,69,23,24,40,12,68,33,44,13,70,94,77,67,55,43,25,80,20,55,65,37,29,60,74,65,75,52,16,66,44,57,22,16,93,58,64,34,47,34,61,32,86,45,77,87,73,76,65,23,97,16,92,41,24,38,24,16,14,83,44,40,18,78,22,45,38,89,99,61,60,60,22,38,98,44,73,36,31,36,54,91,46,100,86,46,10,22,33,74,99,89,71,49,98,40,31,50,97,18,31,33,52,68,28,11,95,70,64,52,12,32,43,19,31,96,11,86,55,70,84,10,72,41,70,24,15,12,82,97,47,39,77,74,31,28,22,22,48,52,67,72,54,79,42,94,72,42,56,68,11,55,48,100,52,76,94,86,71,24,44,97,76,91,12,28,62,38,94,28,55,73,13,41,83,99,65,56,36,21,34,58,91,23,45,90,96,79,67,77,32,43,96,54,52,60,85,63,45,49,34,15,84,76,99,53,88,25,65,68,82,54,46,24,11,73,97,28,69,97,29,76,47,89,81,95,30,48,72,46,18,47,11,68,15,37,46,85,25,16,72,49,10,65,55,94,10,16,42,27,54,46,74,95,81,29,21,44,28,35,65,84,20,47,38,14,70,55,41,96,91,59,64,61,22,43,48,86,49,32,82,65,96,51,84,27,97,35,42,27,63,80,35,48,49,20,48,82,90,69,79,33,58,65,22,27,77,66,98,50,74,97,55,69,55,64,69,63,62,69,13,81,13,63,21,27,88,48,41,84,75,57,26,89,79,82,47,16,60,26,61,95,10,69,76,68,16,20,17,44,93,23,52,86,22,47,82,71,98,52,17,25,84,96,75,16,99,36,76,28,81,73,27,38,96,91,29,48,90,49,10,72,89,98,35,24,18,10,29,87,25,76,22,41,36,23,70,13,74,66,60,17,25,48,61,71,33,40,79,43,88,97,66,94,88,25,65,28,91,12,33,28,94,40,31,75,99,79,35,70,71,47,47,95,22,85,73,57,95,45,60,59,99,23,69,63,64,28,13,46,68,25,82,59,11,84,48,14,92,93,94,89,66,15,55,27,69,68,45,11,30,55,74,74,36,54,100,77,59,75,18,32,93
E14,29,55,93,82,53,68,27,45,94,48,60,18,92,71,58,70,87,94,33,83,100,74,94,77,43,26,99,51,85,84,54,84,89,61,18,15,13,30,39,22,95,23,73,96,70,51,39,40,23,32,59,63,18,17,88,42,24,14,19,66,57,87,90,13,32,51,23,99,67,58,27,91,83,81,35,35,42,72,66,96,46,38,35,30,65,77,34,21,84,13,90,95,22,36,14,27,10,56,62,82,79,19,53,33,97,92,77,73,34,36,83,70,74,55,55,89,81,27,18,66,64,90,58,19,82,20,26,76,48,22,25,73,39,16,86,79,52,12,38,47,42,59,100,55,18,30,46,19,78,83,40,76,88,74,49,61,89,17,79,99,24,84,70,43,93,13,14,53,63,43,35,52,17,27,36,80,52,94,17,40,73,19,82,88,99,14,54,19,63,86,88,20,80,71,26,44,15,23,14,73,74,38,93,54,65,71,48,39,12,17,13,35,78,87,58,97,97,12,80,71,16,59,58,99,26,65,99,64,80,27,24,66,25,88,57,55,34,53,65,17,40,39,21,85,11,39,62,78,82,15,11,41,17,19,17,26,66,33,46,15,50,54,87,93,41,47,26,87,60,71,94,25,94,19,19,42,79,36,73,100,55,38,66,48,56,80,47,93,41,77,44,50,99,79,74,23,16,54,62,100,89,72,45,20,36,27,76,39,49,80,36,25,57,28,14,40,99,66,93,68,24,12,73,14,44,45,85,59,48,20,17,45,88,59,73,12,58,59,66,15,38,36,58,33,94,65,78,16,94,49,14,79,54,13,87,53,43,85,37,13,53,89,65,64,17,23,80,59,96,46,78,69,64,83,82,76,43,30,58,69,40,26,11,45,97,45,20,41,79,47,53,83,60,14,88,45,56,44,94,42,93,87,11,25,49,82,94,51,43,32,66,69,12,66,11,69,14,55,71,91,81,37,62,17,84,20,45,88,80,50,18,66,33,43,45,43,73,26,39,90,32,28,89,93,16,39,24,93,14,33,97,74,66,84,50,15,80,39,17,43,42,12,96,55,79,15,86,40,54,23,19,74,66,24,75,19,40,36,51,83,57,97,63,19,92,64,46,28,13,51,87,56,52,62,93,57,70,47,89,13
E15,30,57,15,47,29,85,13,23,87,37,50,75,75,84,54,37,58,84,14,94,29,58,93,20,19,38,82,74,83,90,80,63,78,25,77,16,87,70,94,77,76,66,50,44,34,83,47,41,52,41,56,39,68,50,24,98,40,66,62,56,20,55,81,74,19,56,93,71,87,39,67,63,39,82,26,78,41,62,96,84,95,27,87,43,46,53,50,25,20,62,63,74,28,83,73,90,35,33,68,11,31,25,63,43,80,70,22,26,14,65,13,98,31,19,26,75,77,59,64,55,26,61,99,81,40,47,25,53,53,85,87,88,23,15,19,55,67,62,90,67,65,47,71,99,27,33,85,75,20,29,10,85,85,57,96,93,68,58,51,66,32,75,85,45,22,39,48,73,53,16,82,76,77,84,75,64,46,51,59,50,32,28,15,36,65,76,45,83,88,50,22,54,46,31,25,46,45,72,66,38,31,46,43,87,23,39,95,45,28,22,36,80,75,31,13,86,15,79,78,34,10,72,13,57,36,46,83,64,66,76,26,68,47,24,100,25,66,65,73,43,21,27,45,95,24,55,20,38,19,51,30,74,52,45,68,90,75,96,19,100,98,50,14,65,22,100,76,50,34,81,94,90,14,91,90,11,41,27,85,58,38,96,35,43,70,29,72,33,73,46,26,35,91,21,76,37,10,65,18,72,81,88,36,100,32,14,63,98,43,88,58,90,84,40,91,54,71,77,94,33,48,39,47,95,72,72,90,60,86,55,79,71,47,22,38,24,46,63,67,51,41,94,64,24,32,69,50,94,24,54,99,60,100,26,71,72,86,62,97,40,13,47,44,74,37,62,17,81,51,43,96,50,62,60,66,64,61,43,16,44,72,38,53,91,15,49,67,62,38,83,31,78,36,90,24,88,88,52,26,87,79,12,12,58,21,100,52,55,80,18,93,16,76,36,56,78,35,30,78,60,39,47,30,57,52,62,37,80,41,11,14,12,77,23,74,60,72,15,30,46,48,13,39,90,98,41,14,44,25,58,93,61,26,44,20,19,19,74,100,63,12,11,79,87,29,22,85,60,34,87,49,51,64,75,12,48,45,68,35,22,43,93,83,70,58,47,64,21,38,62,81,45,71,46,99,78,74,41,58,12
E16,73,60,57,79,23,67,38,83,13,60,39,67,57,71,82,23,92,49,52,28,90,20,22,81,31,36,72,85,41,20,28,61,88,70,76,82,39,17,73,42,62,49,53,29,14,51,98,82,86,62,10,44,98,36,81,72,79,73,50,93,40,51,69,100,71,75,81,20,23,64,99,19,58,26,11,30,76,25,31,35,66,24,14,64,73,31,90,77,72,27,80,63,61,11,47,25,65,47,96,44,76,51,88,57,82,93,31,28,47,76,97,36,88,57,76,87,42,70,69,36,52,27,31,77,70,11,50,63,32,29,70,18,10,49,99,34,35,98,22,78,68,52,22,17,89,69,86,30,18,54,91,81,38,54,90,11,34,45,46,64,84,49,57,89,61,42,81,79,92,94,35,19,85,29,23,37,45,32,43,82,23,26,76,85,92,59,52,83,85,87,45,88,95,70,36,31,10,39,37,21,88,28,28,31,70,10,51,19,16,27,75,66,64,95,70,51,48,74,25,40,81,60,58,59,100,70,55,49,76,50,77,20,87,37,31,91,45,28,65,81,66,72,98,42,97,25,81,65,93,54,32,13,56,69,95,54,64,37,88,81,34,58,57,32,11,35,66,56,77,34,10,85,49,52,22,57,42,74,11,87,44,14,92,45,92,71,60,15,99,100,42,45,90,17,83,13,70,87,90,68,72,32,70,92,79,23,14,57,13,88,29,100,32,26,20,63,25,17,66,91,100,17,50,22,79,45,34,93,88,12,52,96,50,100,31,85,56,76,11,95,61,63,95,95,17,18,34,74,28,44,20,32,66,15,45,87,35,98,74,62,32,91,10,49,45,81,54,25,53,69,82,99,21,82,69,21,24,21,33,21,33,50,85,90,12,31,11,37,91,57,68,20,41,49,97,92,34,26,49,16,58,100,46,32,45,27,82,50,62,38,34,44,35,32,47,43,99,66,43,21,72,55,84,56,54,92,76,67,90,97,31,14,84,59,29,78,82,36,99,65,54,92,97,46,36,53,99,74,80,44,21,75,36,43,37,69,43,14,24,76,94,90,33,70,27,69,85,51,57,82,58,94,85,14,51,99,23,90,55,11,30,63,70,52,53,92,22,33,55,49,30,69,79,33,12,66,88,68,85,83
E17,98,65,61,70,41,42,57,86,53,71,96,61,48,15,39,74,23,63,64,44,83,61,85,13,30,75,31,48,86,99,77,35,82,27,26,94,52,16,21,49,28,54,68,60,31,68,10,94,28,35,32,48,49,20,33,40,36,65,21,41,29,97,81,57,10,71,30,54,22,70,80,97,60,99,37,70,95,58,69,100,41,22,59,26,50,27,61,51,46,96,64,86,60,78,19,54,72,95,85,13,38,87,32,40,57,56,53,74,10,88,86,60,19,92,39,27,73,34,15,37,48,65,21,53,59,93,33,64,29,46,49,59,96,71,14,43,63,32,30,60,97,76,23,69,20,54,97,22,93,61,11,30,50,26,83,74,59,97,68,11,72,93,95,61,64,16,48,64,43,91,24,87,67,74,57,70,52,78,56,24,32,64,78,59,96,20,29,10,53,100,85,43,35,75,88,68,65,16,69,46,15,25,72,68,56,16,86,97,57,42,64,53,96,47,13,79,44,32,47,55,63,12,67,51,48,91,14,86,24,55,14,78,60,41,32,20,78,22,26,28,91,73,65,45,54,68,98,89,41,77,82,68,15,19,51,57,14,28,87,91,22,58,75,20,53,91,48,64,61,12,33,42,93,20,65,24,34,83,43,48,88,75,79,41,98,16,57,83,70,37,65,45,98,33,45,74,95,15,87,61,33,96,46,44,10,62,36,12,63,94,26,45,44,69,86,91,50,22,38,38,12,100,51,38,18,88,46,87,68,85,63,91,86,52,79,59,70,81,11,53,53,50,54,66,29,69,73,36,78,99,31,96,59,42,61,14,94,83,20,90,72,81,54,20,36,77,57,48,47,50,67,96,69,13,29,89,84,31,89,55,82,65,63,12,46,81,72,40,58,78,26,58,87,25,22,60,37,37,24,83,47,32,30,61,80,62,55,37,63,86,45,50,56,90,23,95,97,91,91,50,74,78,78,60,38,61,73,69,46,67,30,32,61,46,10,78,52,69,93,32,97,22,59,84,93,63,63,62,34,91,13,89,38,27,88,89,74,20,86,83,62,12,51,88,41,31,82,90,70,97,21,57,12,86,93,59,80,75,34,30,68,57,40,32,70,35,51,26,47,18,13,36,83,69,68,41,97,87,66,40
E18,32,69,74,92,24,87,52,30,41,69,18,10,14,97,96,62,76,70,59,19,63,43,78,25,87,92,78,13,66,71,17,47,60,15,56,61,75,90,93,66,64,25,23,28,43,84,24,31,56,62,94,53,28,41,71,36,43,22,52,92,98,19,68,100,72,41,43,53,47,98,66,52,67,99,43,82,45,86,14,27,28,76,46,13,38,57,82,56,47,49,30,82,91,49,70,66,96,47,29,98,26,28,87,47,59,42,91,39,13,37,84,48,28,84,11,43,56,75,76,61,71,89,31,54,92,29,85,74,50,76,57,58,72,92,31,77,71,32,71,58,11,95,18,53,38,49,36,38,29,45,87,25,93,35,55,73,68,82,91,11,77,39,35,56,95,14,61,90,22,52,74,18,44,80,78,78,20,17,67,82,76,41,41,42,33,98,93,41,39,98,68,32,15,87,44,80,45,21,34,18,26,76,48,17,36,39,41,84,84,71,69,22,78,16,50,91,19,35,71,24,66,20,70,35,22,79,85,37,86,72,48,82,11,84,65,24,66,92,34,85,91,88,68,10,42,62,86,44,73,90,32,52,74,71,75,46,92,48,43,78,41,53,45,96,81,74,49,90,66,24,33,72,10,50,75,70,73,30,32,18,65,96,48,22,66,53,91,97,78,33,34,23,39,37,49,74,49,50,77,70,23,97,48,88,36,83,96,29,51,30,34,60,31,30,88,94,30,51,76,70,93,86,63,44,39,43,70,48,57,28,49,52,55,50,67,49,64,82,60,63,10,61,17,62,55,92,27,68,45,12,100,35,36,94,42,47,57,13,51,64,58,51,81,81,35,37,89,74,66,45,23,19,41,30,51,71,85,70,15,94,59,98,100,72,41,45,87,85,58,17,22,17,91,53,45,78,57,66,46,24,70,27,19,51,62,29,29,85,48,83,35,81,21,66,41,51,83,79,94,43,81,77,47,98,12,27,18,99,50,56,67,37,33,51,69,39,68,56,52,35,96,100,43,42,87,12,27,25,92,62,64,60,72,16,77,17,75,57,12,82,65,14,74,51,78,72,46,83,52,91,18,19,82,21,81,24,78,30,75,21,83,69,88,93,34,19,97,65,45,69,67,29,93,52,19,33,92,83,53,68
E19,77,98,65,12,61,83,47,10,89,59,12,11,38,51,64,29,43,38,84,96,51,78,68,93,95,35,83,55,83,29,34,28,36,49,33,22,13,78,87,15,26,79,54,18,51,50,39,94,36,35,48,30,64,44,39,37,55,13,27,66,25,58,13,66,36,58,16,67,66,61,35,36,58,85,25,21,32,74,84,76,25,30,36,25,72,87,55,50,63,34,36,21,74,56,71,42,75,24,68,12,10,58,63,61,22,55,56,49,18,65,93,48,39,99,20,93,92,59,70,12,45,92,51,15,28,41,32,82,11,26,76,29,27,98,70,14,17,86,36,94,47,57,89,63,30,63,32,32,76,29,95,33,56,24,30,13,73,36,49,61,90,57,43,89,51,13,13,52,13,70,14,28,62,15,79,58,86,77,31,30,22,11,54,38,21,63,18,24,70,69,63,78,66,27,87,91,10,49,70,70,42,26,51,94,79,56,88,95,22,71,73,83,35,26,38,75,26,28,38,94,20,22,61,46,88,23,41,38,42,33,94,48,52,100,69,95,85,76,76,83,44,26,51,64,57,94,28,84,14,59,90,16,35,33,11,28,91,14,40,30,60,51,11,83,71,71,54,34,90,83,61,67,37,68,89,43,79,66,25,45,93,75,53,53,33,42,53,72,80,68,94,22,95,53,76,43,18,56,64,92,13,79,26,22,39,68,24,25,80,47,26,54,49,67,65,80,20,74,33,60,75,34,28,97,38,12,35,55,77,86,29,82,77,77,16,78,56,79,39,98,77,31,57,30,22,97,31,91,91,89,38,29,79,88,64,35,45,16,61,47,59,76,63,70,69,51,27,48,10,19,42,100,81,95,49,36,88,86,18,17,62,27,28,71,30,41,60,30,92,63,60,85,34,41,54,19,38,45,27,61,25,84,96,29,36,66,28,96,45,51,11,91,25,76,49,77,23,90,86,70,39,94,66,48,25,79,88,68,29,19,53,44,15,58,42,24,90,69,64,84,31,100,98,72,47,38,76,23,21,87,86,56,40,95,73,99,65,63,17,91,23,45,45,42,91,75,52,63,95,42,55,20,11,22,72,41,84,73,38,85,65,95,44,23,100,72,81,87,82,58,87,76,95,58,15,87,23,85,92,22
E20,83,22,25,40,56,84,96,100,87,63,60,15,54,92,66,68,83,76,14,61,90,65,95,13,37,82,33,13,90,52,22,47,62,13,68,42,55,97,54,55,41,45,67,16,51,68,99,91,43,30,36,81,80,92,51,61,54,32,73,21,52,55,88,78,39,50,49,22,21,91,61,50,89,73,91,33,58,35,43,100,72,54,53,66,56,30,31,51,12,24,34,84,49,74,99,92,81,47,81,78,32,60,89,99,19,35,21,21,86,94,61,43,28,53,78,55,60,27,59,23,47,88,82,20,51,38,66,15,41,80,29,95,45,13,73,38,98,38,41,38,66,92,37,28,11,47,41,12,88,71,66,63,81,80,82,34,62,33,76,84,61,90,83,59,43,100,56,43,65,57,56,40,50,79,55,19,98,27,51,99,41,78,84,26,22,74,100,70,78,50,23,87,39,54,99,92,80,38,69,44,83,16,68,89,66,73,85,65,18,31,12,81,67,81,93,17,54,71,100,28,18,97,55,18,45,82,42,13,86,72,65,100,27,60,37,94,67,49,78,99,96,48,52,39,82,75,62,28,79,97,85,50,10,88,16,55,85,25,19,88,18,77,62,30,34,41,86,32,33,13,93,73,25,52,21,22,61,83,99,97,59,62,58,99,70,27,53,33,22,49,55,32,100,65,42,73,21,33,43,61,35,39,54,92,91,20,53,67,22,77,42,12,87,17,81,17,97,57,22,31,10,77,11,10,51,59,49,13,82,82,57,18,32,34,91,89,73,33,78,37,54,22,97,29,86,57,83,32,66,100,32,74,29,66,13,89,14,78,25,49,47,23,54,97,33,85,76,31,22,73,34,87,29,88,53,68,94,80,59,67,24,95,80,18,53,41,56,28,40,72,34,61,15,55,17,71,94,100,85,22,76,21,94,93,51,77,82,83,99,78,76,60,79,92,35,46,51,27,67,35,47,90,64,61,65,58,20,72,13,72,23,51,81,71,88,59,49,73,46,97,99,17,77,15,34,21,49,85,83,79,32,92,50,16,78,13,16,48,59,34,55,78,16,97,65,75,77,32,75,57,97,99,15,37,22,68,33,38,50,19,36,73,36,83,91,88,11,15,58,36,98,24,47,10,40,94,52,32,59,39
E21,57,61,15,29,28,86,41,89,95,43,64,97,83,100,90,49,36,93,44,62,98,11,63,62,58,45,34,72,42,86,11,90,98,60,15,99,67,26,94,98,38,19,91,24,24,30,72,18,33,78,51,31,42,97,98,60,46,78,46,46,82,43,23,25,60,35,21,81,73,35,26,76,14,70,71,23,24,39,14,59,33,20,98,18,40,65,88,57,66,28,66,86,15,94,74,34,36,50,15,82,11,29,53,42,32,54,69,35,92,17,60,58,29,47,74,18,38,33,90,34,52,94,66,13,66,18,41,87,77,46,81,30,28,80,50,17,24,97,18,62,76,78,12,89,31,51,57,14,28,23,97,39,10,58,10,82,17,59,82,25,38,90,14,82,79,19,12,93,70,83,92,59,46,97,88,59,67,40,97,72,88,42,54,91,68,71,29,68,78,56,38,28,46,91,32,59,42,30,57,12,65,48,28,15,68,62,100,79,39,61,26,90,55,36,61,63,63,68,67,66,59,69,56,53,51,95,61,27,77,36,41,37,34,82,34,94,89,56,69,80,62,57,92,49,37,60,28,70,23,79,93,67,48,89,62,16,35,37,53,80,30,94,59,76,65,33,66,13,98,36,59,82,95,32,44,97,82,29,92,61,83,35,29,62,50,69,41,26,72,50,88,88,77,90,14,96,22,18,20,12,11,16,52,21,50,55,35,29,37,49,18,56,89,50,84,67,70,53,100,32,47,48,22,81,30,29,30,63,25,78,89,62,30,81,80,90,70,99,45,98,41,24,94,28,66,22,15,27,58,70,58,71,31,12,85,98,56,66,84,83,33,67,12,72,95,82,54,53,20,57,18,32,27,89,48,96,60,29,24,95,35,91,51,47,20,55,87,73,12,89,85,63,31,56,42,34,75,45,76,13,72,50,31,16,93,40,99,49,43,67,65,53,15,44,94,68,94,20,52,80,14,26,89,11,83,12,48,58,35,70,58,59,14,98,96,44,99,58,52,56,75,64,62,100,53,26,54,43,80,34,72,46,44,20,67,95,20,95,50,75,24,12,26,23,41,19,32,57,18,29,83,40,21,19,11,11,53,89,19,29,84,90,68,90,52,95,23,88,25,17,100,27,35,20,33,21,21,10,65,97
E22,39,36,16,20,59,51,90,77,34,70,35,100,73,87,100,33,70,46,96,85,17,66,33,74,10,20,32,35,43,28,79,83,34,99,25,99,19,34,33,51,39,30,60,91,85,47,86,62,74,91,46,37,64,42,54,40,77,10,93,97,42,46,30,18,17,18,73,54,17,89,65,20,96,67,11,96,21,50,85,56,99,97,87,96,18,82,43,50,67,55,71,57,73,48,72,50,79,34,39,85,31,15,98,55,62,69,69,51,61,69,69,67,29,28,59,63,13,27,50,58,90,29,61,56,11,65,94,32,29,85,33,37,22,12,60,70,29,44,53,35,12,73,60,30,48,80,45,39,34,72,87,73,65,65,30,72,95,17,55,23,18,51,100,71,87,47,28,40,76,73,37,63,72,11,49,90,30,53,90,49,97,89,64,88,25,86,26,77,46,53,57,98,26,57,82,70,18,12,67,57,63,41,36,51,98,39,50,91,70,45,81,53,83,52,99,34,26,51,90,83,39,100,85,88,40,41,72,82,70,12,50,75,22,59,28,89,51,20,77,72,69,87,44,18,67,59,34,45,28,56,17,70,41,38,91,10,51,55,89,71,81,28,44,50,72,50,87,78,35,92,34,86,87,25,47,17,34,77,74,46,41,58,64,99,11,48,43,36,28,47,13,13,93,92,63,20,57,69,28,67,90,58,81,30,86,66,50,23,45,68,45,35,100,87,68,46,30,85,26,51,12,25,16,51,80,71,57,28,50,58,80,13,90,65,92,51,60,32,51,88,14,92,46,51,82,82,15,75,17,26,73,18,18,27,29,23,76,30,40,21,56,55,53,20,62,53,18,73,61,79,17,77,63,92,60,98,29,80,21,36,67,30,24,43,39,40,17,92,97,81,13,16,92,99,38,71,15,15,38,39,29,27,74,50,51,59,91,95,60,12,75,47,73,13,95,99,63,80,18,15,35,85,14,36,39,84,72,10,54,99,20,84,57,75,31,60,37,29,78,10,90,89,46,44,81,57,75,59,30,35,87,42,52,35,51,43,60,25,93,46,67,13,67,87,93,95,75,61,36,33,24,15,59,23,36,35,82,48,98,96,37,85,48,56,69,16,92,90,39,82,42,37,75,13,49,11,37,33,52,36
E23,73,59,51,68,60,87,31,72,71,81,86,46,95,41,19,88,23,10,13,89,16,11,45,10,48,66,58,82,30,22,16,57,37,92,34,64,57,19,45,63,93,12,48,14,25,48,28,43,68,36,25,91,97,13,70,32,11,24,21,40,68,84,98,81,44,44,12,99,82,71,18,98,29,37,18,60,96,58,13,14,73,65,69,62,32,11,83,15,94,18,45,100,46,71,35,44,13,95,44,34,40,98,67,10,93,15,82,65,81,99,72,39,16,46,56,21,86,57,68,70,79,30,57,94,57,80,79,28,51,91,54,62,32,84,61,57,69,54,47,28,96,73,96,79,62,56,65,21,87,42,27,52,55,92,69,67,79,97,31,15,53,74,90,28,86,53,79,90,30,83,27,36,98,60,20,63,24,74,79,15,76,23,83,10,42,80,95,31,39,97,100,52,72,24,51,57,80,60,76,94,60,38,83,54,62,98,23,38,91,92,68,29,98,34,10,74,23,73,28,19,98,49,40,61,48,36,79,91,22,34,13,12,13,47,25,36,33,97,19,18,42,67,25,64,55,94,61,11,99,86,48,53,59,57,36,48,64,89,85,71,91,88,85,15,96,72,14,73,50,54,13,42,99,70,59,78,22,64,98,85,89,54,97,72,13,58,14,72,21,70,42,79,21,20,41,90,22,68,58,53,40,87,70,14,51,49,80,100,67,37,88,62,22,11,97,26,85,96,13,74,66,18,74,33,69,45,99,82,59,78,93,16,42,84,25,99,76,72,32,67,47,30,15,47,86,52,64,24,97,29,19,35,71,72,41,10,59,93,32,58,15,48,33,38,53,97,84,73,39,66,99,24,22,31,27,26,87,82,13,66,73,56,99,65,12,100,77,98,57,91,79,23,63,70,14,45,65,81,99,64,18,18,21,43,95,55,70,61,74,41,27,25,13,30,21,83,33,95,35,67,94,79,57,81,43,71,18,94,33,84,62,24,81,15,39,35,28,48,27,99,60,11,57,17,75,11,24,77,95,44,84,77,11,48,27,50,41,71,37,34,94,70,71,71,37,22,32,59,80,91,90,79,19,28,95,26,75,28,18,71,75,19,82,31,41,90,62,90,56,38,43,62,17,65,15,51,60,13,34,95
E24,57,60,67,87,38,26,71,88,75,62,92,91,30,40,86,76,46,73,19,65,86,13,63,18,81,20,100,28,92,15,57,45,60,45,69,93,53,48,78,87,51,49,70,75,72,59,98,85,98,81,97,87,86,94,83,27,70,53,21,98,72,53,78,76,88,90,18,42,90,44,44,46,86,75,39,50,51,40,82,34,54,49,34,52,76,96,62,45,43,86,64,95,94,34,88,27,98,47,34,97,97,56,79,80,51,36,69,84,76,32,25,47,91,41,36,86,91,53,33,92,73,57,41,60,71,44,82,68,78,53,28,42,87,19,42,25,58,80,60,10,18,34,42,73,68,80,84,45,75,82,63,35,44,16,64,90,72,86,23,70,65,59,50,25,27,33,25,56,16,15,18,45,23,80,78,44,26,22,97,64,36,15,94,82,17,11,24,53,89,45,46,65,40,39,38,89,87,83,44,80,55,40,29,12,80,84,50,38,31,59,36,79,88,12,30,21,83,88,44,72,25,22,41,62,38,40,68,88,31,32,38,45,23,10,40,95,49,65,84,86,59,67,37,39,22,20,62,66,66,29,59,88,58,12,79,44,36,96,72,65,77,53,51,12,73,74,88,59,66,87,36,57,28,100,19,86,99,97,58,31,61,36,37,50,55,61,45,41,47,39,58,86,70,13,97,82,41,92,99,18,67,12,59,83,54,56,58,12,72,65,67,64,21,65,42,54,39,44,56,43,71,30,31,38,84,92,76,86,77,35,14,58,56,16,39,21,100,30,21,88,99,80,16,42,20,77,42,67,29,47,28,65,45,33,39,62,49,31,76,18,39,21,89,16,83,93,32,46,80,70,64,31,40,12,35,87,19,18,22,44,32,78,25,69,80,57,32,29,78,33,41,11,51,31,44,75,12,74,74,17,60,27,31,16,70,29,26,40,87,57,83,45,69,41,68,32,100,24,41,30,91,87,15,18,58,27,10,46,68,77,72,96,60,80,79,61,77,69,92,76,55,87,83,61,42,77,62,31,74,73,26,14,36,19,86,57,48,24,87,62,58,58,48,57,13,50,72,35,12,37,65,91,28,67,85,27,93,48,60,41,28,12,39,66,42,72,61,69,69,57,36,69,26,63,16,41,28,91,22,47
E25,57,16,54,69,59,93,65,19,86,47,55,75,80,71,15,71,18,55,52,34,49,74,31,11,22,28,81,44,17,13,75,37,90,76,57,13,67,61,52,88,68,54,89,51,46,57,16,76,84,25,66,72,65,75,14,95,80,82,74,18,29,58,52,94,66,91,44,28,28,35,21,88,59,45,60,38,15,15,48,11,27,34,63,82,34,63,29,64,80,82,42,36,10,18,30,14,43,71,18,38,69,31,96,73,24,20,95,68,53,88,57,70,43,83,81,80,52,90,95,51,77,29,95,97,85,76,97,45,86,41,38,12,65,71,44,52,75,48,73,61,16,85,48,42,23,28,81,38,38,41,69,29,22,99,79,74,56,62,61,63,82,52,48,20,41,30,89,71,94,18,50,17,65,61,65,29,63,70,13,52,57,25,49,40,72,72,60,85,37,61,65,40,46,41,88,31,53,30,86,51,85,58,20,22,20,20,11,29,79,64,73,21,99,92,29,16,10,70,32,14,27,47,56,96,97,99,55,95,83,21,15,31,49,52,22,14,84,20,15,88,10,34,31,60,72,23,44,85,47,88,77,19,88,46,27,18,69,87,43,30,92,99,75,22,73,87,38,98,46,14,60,53,95,30,98,70,67,55,75,49,47,93,100,61,63,40,49,95,51,36,40,69,29,100,29,14,20,17,85,25,28,23,67,26,29,19,46,52,98,50,84,40,71,65,62,25,92,95,95,80,85,48,100,36,70,93,14,56,30,60,34,54,18,16,14,42,59,33,73,69,94,60,100,51,67,27,51,100,64,94,50,82,99,33,10,31,42,63,21,72,52,28,15,27,40,75,87,73,45,35,33,63,14,11,90,56,53,88,57,53,10,23,71,74,35,37,28,52,97,94,74,45,77,60,77,85,88,88,35,65,15,68,85,80,47,78,68,15,46,52,12,62,85,90,18,70,63,69,87,83,39,50,85,38,67,43,48,93,14,39,95,84,42,60,43,10,77,39,15,38,67,40,60,10,65,16,19,45,78,79,63,12,74,91,49,86,94,16,73,84,37,78,94,80,46,24,40,59,81,52,32,79,93,35,11,97,64,20,52,92,41,71,12,22,26,43,31,94,47,95,42,63,30,64,36,30,56,22,46,49
E26,79,98,80,91,18,19,29,25,10,40,18,44,32,24,67,53,25,74,78,69,75,25,71,95,88,45,20,55,21,55,32,59,34,79,42,12,89,21,18,30,28,53,30,76,98,78,34,71,90,54,13,53,59,65,23,75,61,37,31,34,89,91,71,85,99,18,39,94,73,81,68,59,51,92,57,35,15,14,67,34,10,83,55,12,95,57,93,53,63,10,50,69,20,27,22,86,76,81,24,85,27,70,73,80,80,53,25,89,14,91,50,41,49,78,64,47,14,23,17,48,95,27,99,43,58,29,45,53,62,19,77,56,19,73,49,48,62,12,13,46,51,33,21,27,77,87,86,22,56,24,22,43,52,50,25,33,83,37,84,20,39,16,45,49,80,79,20,80,83,98,79,48,80,94,48,22,61,15,49,63,21,94,52,44,16,27,18,22,85,10,23,71,15,70,56,61,79,23,43,30,85,81,41,20,52,31,33,93,82,99,23,90,12,70,37,100,26,31,97,75,40,62,10,97,76,44,83,34,73,80,40,17,65,37,88,95,59,34,77,47,54,27,61,85,62,84,46,44,41,88,25,100,63,42,92,87,73,10,24,61,85,34,42,98,26,83,33,92,84,25,95,41,26,15,39,41,15,19,97,60,27,37,45,24,83,10,93,36,24,99,11,62,23,53,36,67,28,28,92,25,57,51,62,58,94,76,97,45,66,94,35,91,28,36,59,55,34,95,94,41,72,72,45,65,16,42,10,65,69,30,17,17,68,77,47,36,62,24,46,28,46,45,32,64,11,70,77,18,85,68,54,48,92,38,67,35,98,45,71,59,44,30,71,38,66,27,12,40,92,72,59,38,80,75,92,28,24,44,57,76,42,98,22,44,94,76,49,61,12,18,82,23,40,46,42,41,95,81,88,83,77,33,90,73,77,10,29,12,51,98,80,63,82,53,10,71,34,33,23,49,64,42,99,44,85,35,90,61,95,87,82,82,55,22,58,70,89,35,41,51,15,53,55,70,40,78,52,73,39,65,81,12,98,19,23,82,27,39,62,15,36,69,62,78,19,23,97,80,66,27,38,37,37,57,22,14,42,11,85,62,25,45,92,85,67,36,21,53,40,88,25,21,42,86,78,90,40,15,70,98
E27,45,79,31,94,99,10,72,37,62,52,22,21,74,84,39,83,45,10,64,99,54,55,67,81,99,31,13,22,90,83,12,95,45,34,32,30,39,15,32,35,36,35,26,47,68,17,94,67,38,89,27,14,25,36,56,90,48,97,65,29,98,18,30,70,58,10,31,57,14,78,32,97,63,23,20,30,37,19,29,63,23,65,39,99,31,44,76,81,96,77,85,84,52,67,30,86,78,94,82,37,67,64,32,88,66,45,50,43,87,37,12,35,61,47,58,78,69,21,84,24,98,26,16,39,99,78,24,81,71,60,93,84,27,16,76,33,78,39,26,40,16,75,87,79,19,40,78,80,20,53,77,78,21,43,43,52,80,27,32,15,64,72,36,27,38,99,91,21,76,28,89,66,19,64,91,79,20,51,68,31,97,45,53,13,14,11,13,95,98,13,13,20,51,31,91,84,20,20,98,34,71,22,66,78,92,57,17,90,87,13,29,55,50,58,96,24,74,92,47,47,43,30,20,79,28,86,95,83,79,71,46,72,76,19,29,32,46,74,89,15,50,58,70,15,74,65,69,13,15,86,16,10,94,43,41,58,54,91,53,21,56,76,45,77,29,61,58,82,25,40,62,29,44,75,39,51,57,94,16,56,49,31,83,58,15,80,15,90,70,16,62,36,40,62,87,88,81,68,89,55,12,89,91,77,33,26,18,17,44,16,25,60,42,77,25,81,77,10,43,90,43,92,32,80,70,73,41,76,34,58,34,77,92,18,61,44,41,29,96,18,28,99,61,89,96,47,31,76,83,92,95,95,49,62,48,30,12,41,63,26,57,77,65,37,23,49,42,20,69,15,59,47,90,59,30,55,57,47,15,33,61,39,96,57,53,79,97,33,47,34,12,95,20,70,58,49,62,45,47,75,83,77,74,12,38,23,57,40,81,99,74,76,32,45,52,27,69,88,99,17,96,98,53,14,47,97,91,17,47,40,36,37,36,55,34,77,42,85,50,100,25,60,38,28,23,21,22,86,68,77,69,25,79,16,87,35,40,85,21,90,96,35,73,37,27,61,92,51,38,15,62,14,19,20,88,74,73,51,59,22,69,74,62,80,77,11,11,33,36,13,13,85,23,52,63,24,80,26,86,77
E28,11,41,98,58,52,70,91,99,73,43,46,86,25,63,10,89,97,37,60,57,88,54,27,17,19,49,87,19,25,77,91,83,46,23,79,47,38,39,60,77,71,53,13,85,27,62,34,31,30,37,87,87,74,28,19,40,67,45,52,53,63,19,21,42,14,99,47,26,76,78,62,15,56,90,12,53,40,73,60,64,65,15,76,98,22,24,26,64,12,15,34,17,76,36,56,59,60,87,21,13,59,29,97,68,19,51,37,22,32,37,42,53,55,16,65,75,80,33,65,83,23,72,90,72,64,81,92,28,89,36,77,43,47,15,24,40,48,80,10,77,67,34,53,48,40,71,95,80,77,27,62,15,37,39,92,57,88,25,16,23,95,57,67,98,98,12,87,16,74,57,82,84,100,18,47,46,83,33,12,67,42,84,31,61,86,100,83,89,90,63,89,83,58,94,47,80,92,87,86,96,96,68,21,76,47,28,78,56,84,59,91,82,41,28,52,82,23,47,12,74,49,82,89,34,32,34,23,33,38,47,28,65,61,82,81,17,62,89,99,12,81,70,29,60,91,25,68,63,13,92,66,32,37,49,81,39,76,87,38,51,95,94,87,56,93,41,76,27,94,81,12,46,10,54,62,94,25,28,98,82,88,65,53,13,80,28,61,85,55,79,96,28,65,94,44,21,80,58,83,58,54,62,90,19,37,11,81,71,64,22,96,97,28,34,77,50,83,53,25,42,34,44,61,79,29,40,85,49,75,44,90,15,13,31,71,38,10,10,95,75,65,86,60,59,18,17,24,59,74,35,19,20,95,34,88,52,13,16,18,58,77,17,88,92,45,20,47,90,87,19,51,16,68,62,32,90,76,35,84,66,92,62,90,28,16,57,38,91,45,44,12,73,66,66,86,46,60,30,17,67,27,61,62,95,26,86,27,54,12,81,21,72,90,70,59,16,30,82,99,87,18,43,12,60,77,96,78,43,18,34,35,35,68,39,21,26,50,55,31,35,54,61,23,69,79,20,69,11,36,31,96,23,20,87,30,10,58,24,38,64,40,75,95,50,26,69,73,79,83,54,58,25,34,37,67,19,95,79,47,49,43,85,16,31,84,51,16,28,60,47,75,15,22,65,45,46,16,40,67,36
E29,97,42,23,60,70,78,23,28,69,73,95,75,31,33,19,11,30,91,21,72,85,78,33,23,90,34,43,76,63,31,83,79,53,72,97,87,66,39,64,39,79,41,24,75,32,79,97,50,62,13,53,39,83,67,12,73,99,85,79,91,64,61,97,25,68,71,99,17,61,73,40,61,76,28,11,56,10,58,79,28,20,94,31,33,38,90,54,51,96,30,21,60,96,94,56,11,52,79,67,23,97,43,61,82,29,19,76,93,32,19,83,27,51,82,60,68,86,15,81,85,78,97,44,40,65,89,87,79,46,79,12,30,26,14,52,14,87,98,39,94,79,65,86,98,42,74,47,92,26,48,87,53,88,75,80,90,18,92,20,46,54,67,90,79,74,68,14,98,93,66,21,55,32,40,79,61,67,59,71,35,79,94,33,13,88,67,45,58,19,88,18,90,94,69,73,88,78,73,59,79,29,89,83,65,74,73,29,26,50,76,83,35,73,14,92,78,50,97,77,10,61,92,33,97,90,40,57,16,99,44,13,94,56,59,58,89,52,97,68,82,14,13,96,25,31,45,79,32,53,57,44,42,33,77,60,68,85,60,35,27,55,88,47,33,91,41,91,27,97,78,83,44,60,38,34,79,83,23,53,61,31,43,20,97,97,51,33,78,53,71,32,53,59,31,83,31,61,85,38,98,38,53,77,87,97,57,23,38,74,23,81,100,60,57,56,13,92,72,76,43,59,81,51,12,88,51,72,97,46,43,38,10,34,49,90,89,25,96,75,83,19,24,71,86,71,31,16,35,76,100,52,84,40,44,14,21,56,36,60,49,21,51,47,68,23,51,51,35,23,37,32,56,89,37,63,70,77,22,40,64,67,50,15,12,89,44,29,99,92,23,46,21,14,55,32,68,59,88,77,25,99,85,77,70,81,17,87,26,71,10,44,56,26,40,75,77,81,54,61,30,27,52,81,64,63,17,51,84,74,63,67,78,66,45,48,31,27,73,100,53,75,53,95,45,79,90,53,85,64,56,50,88,46,32,74,26,48,88,25,20,98,64,52,13,27,10,15,15,29,49,57,91,39,85,92,39,19,40,26,92,24,51,50,18,36,10,51,53,71,14,76,36,91,91,64,81,33,97,22,46
E30,48,46,76,77,88,59,59,85,89,72,28,73,98,38,64,67,91,66,47,92,62,29,10,26,56,75,100,31,57,46,36,18,77,37,32,100,79,23,27,34,18,26,35,87,28,92,10,90,49,89,21,17,58,11,21,76,41,63,43,72,30,36,80,69,54,13,78,31,70,61,76,100,21,95,68,32,33,54,71,69,51,43,56,81,90,44,71,27,58,29,83,14,51,28,89,21,75,95,68,58,94,80,40,23,60,16,80,33,66,25,92,70,32,18,68,97,37,35,66,37,82,93,84,33,13,51,33,32,29,83,82,88,37,62,31,22,64,51,94,84,19,91,48,40,80,80,28,40,31,51,93,56,99,41,83,79,36,50,81,49,44,63,25,72,92,69,73,38,30,60,47,41,12,83,52,43,42,83,73,88,24,33,67,87,84,66,10,33,83,32,66,18,30,17,52,41,95,86,69,77,73,24,37,72,100,51,27,84,81,76,41,26,29,13,96,22,27,56,60,16,80,34,32,14,15,43,80,72,87,97,69,76,74,74,82,66,54,97,36,98,100,57,95,75,55,33,40,91,78,60,17,15,35,12,45,48,40,59,92,20,83,83,51,24,68,18,54,30,36,83,21,12,29,92,83,31,85,54,94,13,21,48,35,71,45,93,75,34,17,88,35,10,83,63,70,20,36,97,85,73,21,87,24,28,60,16,91,29,29,24,36,30,25,97,99,68,62,69,94,27,16,24,87,96,21,24,24,58,61,23,26,33,15,25,89,14,67,27,53,94,77,66,41,35,89,37,14,47,83,34,65,58,53,36,78,11,94,32,68,93,95,48,76,23,29,46,32,22,21,46,12,81,97,60,90,77,27,53,11,83,95,51,27,29,86,46,58,26,12,85,34,99,56,54,58,18,93,10,37,95,82,86,54,26,98,84,73,12,22,39,68,25,28,45,34,64,55,80,51,79,56,59,49,26,37,13,43,19,29,13,28,71,16,64,25,56,88,30,71,39,81,73,45,17,31,86,89,17,66,20,65,64,85,12,62,39,26,26,46,77,93,23,53,50,43,30,97,90,92,10,38,99,100,46,14,41,17,25,12,88,56,61,73,82,91,67,57,64,49,89,18,57,66,85,96,54,57,46,64,32
E31,41,42,71,23,27,42,69,65,10,24,15,81,17,25,75,25,14,36,13,62,80,39,22,67,61,45,21,72,30,64,76,15,79,11,76,22,95,56,67,23,28,85,13,23,53,100,17,69,20,35,75,15,62,67,23,41,16,69,39,52,20,16,46,56,77,45,72,48,35,61,32,24,100,35,13,12,82,65,33,54,78,77,96,55,67,64,100,64,86,42,73,13,36,25,81,10,52,35,95,35,87,61,30,66,42,65,60,65,29,20,55,84,18,77,40,27,99,70,12,14,17,44,61,63,64,22,49,52,90,85,13,18,24,16,67,85,72,95,69,25,42,14,12,93,43,84,40,79,80,18,82,99,100,90,99,44,83,10,50,41,95,100,18,50,32,15,42,88,87,74,14,85,48,92,86,73,60,87,77,73,91,38,92,18,35,69,85,66,97,25,63,58,87,81,47,23,62,58,22,29,37,72,46,16,72,71,83,44,41,39,32,51,65,33,36,98,75,95,85,86,47,84,82,24,88,67,11,18,43,31,65,94,27,13,37,69,16,75,68,79,31,23,21,62,17,30,94,95,94,13,90,94,90,43,22,79,20,40,57,97,99,88,83,75,86,74,84,67,28,24,20,66,12,78,74,90,85,47,94,75,13,19,79,61,43,48,78,27,30,25,67,55,76,75,39,83,66,74,57,66,11,79,32,17,13,43,79,15,63,70,50,70,95,21,33,34,58,82,20,48,86,61,21,92,95,20,30,75,73,96,85,44,31,86,95,64,81,74,29,69,60,84,95,71,95,91,16,44,15,85,55,39,25,43,21,84,64,24,55,64,15,73,80,92,41,32,72,46,96,98,80,81,38,52,58,55,23,68,84,94,95,92,60,33,47,91,15,87,63,99,91,46,88,58,59,79,41,43,88,64,13,44,67,75,49,29,18,66,11,29,81,53,23,59,28,30,55,84,41,90,62,45,79,79,26,10,74,83,38,44,78,61,78,99,74,39,88,15,65,27,43,60,71,29,77,66,87,83,18,64,12,89,18,21,48,19,37,24,85,41,55,94,86,91,30,36,62,23,39,37,70,62,10,53,33,41,15,42,51,81,75,22,61,52,99,12,31,56,45,48,73,28,43,25,88,22,64,50,93,14
E32,34,99,47,45,13,82,63,61,18,70,71,18,76,26,99,43,86,78,83,79,90,15,79,79,10,61,69,80,28,22,44,20,66,44,62,76,23,38,51,89,33,60,90,58,43,79,64,88,94,78,89,41,99,84,60,99,89,80,66,49,74,58,82,49,98,21,51,53,85,43,50,94,16,24,25,88,27,86,96,33,17,97,71,56,41,99,58,98,15,54,24,19,70,20,64,97,17,39,86,78,81,60,36,63,50,41,62,100,92,26,22,75,84,43,51,57,86,17,58,72,10,16,13,86,93,93,83,48,27,48,77,84,42,32,16,47,58,58,97,45,81,88,65,65,73,62,16,51,65,43,30,11,49,50,64,56,72,66,53,78,13,83,67,49,50,38,34,74,87,13,64,26,41,57,43,61,58,26,91,33,63,53,99,47,16,23,60,90,52,87,87,54,39,16,11,98,96,64,30,33,25,32,29,47,33,67,64,71,98,94,70,49,61,27,50,88,18,59,13,23,20,32,45,100,22,21,57,74,42,78,76,91,59,17,10,78,11,23,70,85,76,60,71,73,81,26,35,20,32,83,86,55,66,11,44,67,27,62,43,31,91,64,19,28,24,31,16,36,77,42,39,71,53,39,65,54,99,85,59,78,16,69,80,54,91,31,57,43,75,32,49,26,25,95,81,98,39,74,51,42,56,44,16,14,96,64,42,49,93,57,46,93,69,53,28,35,19,24,27,34,29,67,46,78,88,72,97,89,20,67,66,60,36,41,95,47,92,92,96,31,72,31,13,34,81,78,58,97,31,19,70,55,11,93,79,17,18,87,59,41,15,42,52,91,34,14,59,87,39,51,79,74,28,44,89,39,52,39,49,11,14,99,91,23,75,18,60,66,70,74,46,75,18,64,54,32,45,42,42,95,56,43,43,64,16,78,36,78,56,98,18,70,87,89,37,67,100,80,23,11,92,97,93,95,51,40,92,86,25,28,78,68,74,75,94,42,78,59,89,82,84,64,85,77,75,29,98,86,17,49,50,71,84,99,27,71,23,45,67,97,27,42,58,39,14,21,86,79,58,100,42,32,44,26,36,81,93,38,85,67,30,76,40,40,82,23,29,24,92,94,80,73,13,60,30,82,36,32,76,75
E33,16,83,81,37,31,28,25,15,24,11,33,39,32,10,12,18,98,76,59,69,65,58,24,15,13,75,90,86,95,81,96,71,59,25,11,80,20,47,34,57,59,21,46,17,40,80,47,50,93,41,92,20,85,75,16,71,45,63,80,92,27,34,50,49,62,85,50,96,22,14,10,35,12,68,61,33,10,57,45,52,85,58,66,19,52,12,98,15,65,65,95,59,64,44,21,19,11,92,60,57,48,21,100,21,100,38,46,10,67,79,51,22,61,88,85,44,89,70,15,76,88,11,57,81,34,65,63,80,35,47,80,28,58,78,82,82,89,61,30,59,87,68,11,77,39,79,65,81,81,76,91,82,25,70,77,97,94,92,72,88,19,56,13,57,85,64,33,56,68,19,82,68,58,12,98,86,40,26,12,21,26,65,99,55,68,90,76,83,81,33,58,11,48,20,80,10,83,57,27,19,69,56,52,75,50,25,68,72,68,47,100,21,95,27,72,47,59,87,33,19,22,79,96,92,80,28,45,21,87,85,61,27,65,44,32,30,28,87,71,52,75,85,19,67,16,100,43,56,44,26,23,80,54,97,47,57,72,15,50,65,74,26,10,83,28,26,56,73,10,100,83,12,16,18,90,61,38,100,53,62,45,16,68,31,37,27,45,70,32,74,30,81,88,51,45,10,17,21,72,76,93,76,33,30,98,43,67,40,21,27,63,19,59,79,57,10,71,18,17,54,81,92,99,17,21,24,83,57,10,88,32,69,23,94,21,50,33,64,20,15,56,39,66,16,82,27,35,15,14,69,19,65,85,50,97,11,10,71,42,99,93,21,74,83,49,81,51,99,47,39,92,28,82,76,69,62,85,81,83,37,62,54,26,86,42,45,70,24,62,21,89,75,28,70,35,49,78,20,37,19,14,43,52,15,29,55,81,94,88,61,38,97,33,18,69,47,37,56,66,42,77,40,53,29,63,77,17,61,44,79,65,14,64,67,34,85,80,38,42,48,79,74,34,80,48,32,50,39,58,90,48,61,27,79,16,52,52,16,67,66,45,100,16,60,56,67,89,52,55,20,56,60,30,36,82,33,11,86,14,79,52,51,23,15,73,90,99,49,13,95,86,23,39,22,20,22,69,74,59,22
E34,86,97,12,28,52,47,100,66,97,59,16,97,99,32,31,91,13,61,89,57,39,50,44,99,20,97,32,10,20,95,27,33,66,50,82,55,17,11,30,63,99,16,20,50,24,53,37,33,54,93,97,97,85,43,66,91,89,53,14,66,46,15,73,22,66,100,34,26,69,86,80,16,55,100,85,96,56,92,13,39,95,18,16,11,60,46,96,89,37,48,11,36,98,84,25,10,45,54,26,14,37,64,15,74,88,99,46,18,19,79,48,90,88,22,38,93,53,88,88,32,79,55,54,41,57,97,82,53,28,15,56,59,19,14,17,62,72,82,83,11,92,12,60,83,64,80,17,19,79,59,66,71,43,15,99,40,71,74,44,98,97,26,37,94,34,82,46,49,84,99,57,38,12,10,60,72,68,58,30,52,51,11,37,30,91,54,11,19,73,37,58,50,42,26,60,33,46,23,68,78,42,33,84,17,90,33,94,83,99,29,38,38,49,52,22,18,11,14,83,15,92,63,96,15,55,41,10,91,79,81,62,75,42,41,11,29,24,21,59,60,66,38,27,88,10,46,96,52,68,52,82,81,79,67,51,82,33,21,31,85,85,64,49,31,60,15,39,40,63,95,32,11,98,28,68,57,55,76,33,19,42,69,69,13,98,86,26,10,66,24,21,54,30,38,80,10,33,34,65,99,31,22,92,87,94,31,18,55,77,25,76,83,72,10,97,56,82,22,65,23,24,74,65,37,78,57,52,80,80,20,85,50,82,69,98,70,31,100,98,22,58,81,76,15,100,16,53,40,71,78,99,87,37,18,80,58,87,29,75,84,71,32,75,45,52,49,16,94,22,75,27,31,71,30,10,16,32,80,37,88,47,78,26,90,39,27,94,29,17,42,21,45,45,72,45,93,37,26,77,24,18,63,56,83,87,100,35,99,11,96,26,90,11,26,14,91,36,16,45,99,29,38,26,26,66,73,55,26,99,23,41,57,34,15,26,74,21,63,52,16,62,42,60,35,10,97,17,54,86,39,66,68,68,55,60,84,22,88,78,38,26,19,97,12,93,30,86,21,63,97,97,19,70,48,58,87,15,30,84,77,37,25,13,43,41,79,45,18,89,59,60,30,29,82,20,35,25,63,72,11
E35,74,17,56,61,81,57,63,60,68,15,59,39,99,60,29,20,83,75,60,56,56,17,48,84,46,42,48,93,14,66,65,60,35,97,49,87,34,38,82,63,54,11,48,92,87,58,31,68,34,26,31,59,27,65,25,21,47,28,42,37,62,95,27,53,93,81,99,51,44,96,29,22,96,75,75,91,15,78,73,86,97,89,22,89,62,28,91,40,49,20,94,86,83,97,58,43,38,35,81,53,40,27,46,68,33,56,95,17,56,78,40,38,41,43,35,14,98,40,19,20,100,56,95,77,73,61,13,57,44,57,69,59,98,82,96,44,73,52,68,61,85,44,91,52,35,56,40,65,57,82,70,44,60,59,86,74,58,18,65,36,45,26,20,32,53,46,57,12,78,99,11,83,52,89,49,75,21,53,33,61,86,28,51,57,83,58,60,48,67,33,24,40,11,68,45,27,40,57,85,25,44,33,59,25,46,16,95,43,93,79,84,35,41,30,63,24,48,50,49,37,17,67,82,62,38,94,68,38,23,97,12,13,78,92,97,25,73,77,55,31,28,25,20,57,80,67,21,81,45,50,30,36,56,94,45,32,65,74,68,43,44,97,93,96,73,16,24,73,34,92,30,92,96,13,98,77,62,53,28,38,66,69,67,26,83,65,61,97,51,62,34,34,69,10,24,45,17,92,15,90,99,55,29,66,78,18,13,57,51,93,76,94,15,14,13,29,71,97,32,26,18,49,33,50,69,94,34,25,64,13,87,48,39,83,98,25,37,60,77,90,98,21,73,31,14,35,25,35,58,89,54,54,100,29,76,60,32,13,86,92,33,83,90,72,41,54,26,57,88,55,94,97,37,40,28,31,29,91,98,66,39,99,88,34,76,87,87,32,10,46,56,70,98,98,38,55,38,26,39,64,64,21,74,54,14,70,60,21,16,80,68,15,75,33,59,87,73,25,74,30,35,58,14,22,11,72,25,29,60,22,55,92,80,38,81,96,81,90,33,100,21,73,95,90,65,100,43,78,43,61,71,35,51,66,43,26,28,36,37,98,29,28,30,75,12,91,23,87,47,42,29,54,81,95,82,29,95,97,90,33,32,55,61,17,58,33,89,53,37,57,93,16,59,41,91,71,41,18,92,24
E36,78,17,44,60,97,72,45,23,40,10,72,95,50,39,81,49,25,93,81,51,29,11,94,19,38,59,32,61,94,17,75,46,94,61,39,83,70,94,56,59,18,50,45,70,15,56,50,42,82,19,32,90,94,18,57,21,64,44,19,19,82,96,53,52,64,44,12,82,95,21,83,58,85,37,85,51,67,80,73,55,33,17,71,10,27,12,42,31,65,30,95,11,19,89,93,73,22,27,94,21,29,49,19,35,83,41,65,89,61,69,78,82,92,68,61,14,82,76,70,37,19,31,64,72,71,39,20,87,33,26,66,93,59,96,13,68,53,99,83,77,78,89,70,93,79,63,55,40,91,36,90,97,83,99,98,49,35,24,87,21,90,58,52,49,34,13,75,96,84,91,52,33,39,25,28,15,30,25,85,18,55,13,54,72,58,44,46,82,91,68,46,71,10,16,10,27,63,81,69,60,49,49,79,95,65,73,61,48,83,67,85,67,49,21,63,35,59,54,64,98,14,42,52,14,12,62,41,55,50,99,38,70,35,14,85,59,44,82,64,88,33,69,66,20,24,91,82,93,55,27,82,99,58,38,51,36,16,98,57,85,69,11,32,57,54,24,30,77,30,69,62,96,36,64,48,40,20,50,88,47,77,89,81,82,52,88,60,54,46,62,94,65,41,48,52,43,47,38,49,100,42,19,49,88,25,60,82,87,85,41,87,41,100,43,45,84,67,46,38,83,44,62,43,12,77,96,94,99,81,31,28,38,16,85,52,74,63,26,87,71,37,83,95,78,92,76,84,44,22,41,30,23,11,83,67,26,17,98,32,24,71,15,71,51,48,76,54,34,46,90,100,62,57,53,70,84,26,26,14,41,11,15,48,45,82,65,48,58,18,28,88,38,82,16,13,28,55,23,27,24,36,69,52,60,55,77,100,86,60,34,52,84,53,90,96,70,10,81,65,20,83,88,37,18,43,100,56,80,48,34,43,99,51,60,59,38,20,19,38,79,80,57,16,36,47,33,34,62,30,95,27,14,41,34,49,68,47,33,43,62,36,93,23,12,48,39,94,67,84,63,74,98,96,94,60,79,13,14,80,93,50,100,100,28,82,45,58,84,16,29,93,21,92,94,72,66,46,18,69,43
E37,34,14,48,36,50,17,29,39,78,56,16,30,30,81,88,45,64,60,53,33,67,53,30,35,35,27,76,29,89,39,11,27,12,27,52,61,83,23,37,36,11,39,12,38,35,42,62,69,66,18,98,25,95,64,68,56,11,66,64,28,71,88,88,54,50,41,17,32,45,92,57,36,17,20,32,39,84,81,43,72,31,40,13,37,44,26,15,26,79,47,68,18,84,12,21,68,30,30,94,26,47,16,57,17,66,62,43,94,79,69,23,70,92,91,98,73,51,43,62,23,89,86,33,43,16,59,56,91,79,39,78,66,29,96,70,90,28,53,74,18,33,29,50,86,15,84,98,53,59,60,78,46,42,74,28,41,72,41,90,34,67,83,19,33,22,26,20,21,16,25,77,68,75,15,40,99,54,98,80,63,88,16,95,19,68,16,72,47,98,14,90,38,86,29,55,23,85,89,89,42,98,55,32,86,50,24,73,23,32,32,28,73,59,42,41,38,81,68,33,30,12,56,47,29,28,24,58,32,58,96,51,97,43,85,92,58,34,34,10,98,79,35,35,47,47,48,66,12,49,74,76,73,75,86,84,52,11,44,69,12,31,11,57,88,97,58,74,97,54,19,88,50,34,97,67,73,42,89,99,33,60,64,91,94,36,30,86,50,63,39,44,33,67,73,70,50,31,30,55,82,29,12,63,20,61,54,79,20,28,87,27,13,93,57,83,30,29,85,46,24,19,51,62,37,15,29,85,50,50,95,99,84,61,39,65,41,69,95,29,92,62,32,89,47,95,33,15,65,58,19,52,94,43,89,75,13,92,95,80,53,22,34,36,23,38,93,78,15,15,44,83,78,38,100,30,18,92,20,32,29,22,32,19,57,47,75,94,24,57,78,29,65,79,63,78,73,61,48,11,23,84,24,77,51,43,81,78,17,59,49,49,27,96,10,15,59,32,82,74,73,66,91,77,71,41,50,76,51,59,91,61,46,61,49,25,86,65,26,37,47,94,33,24,88,28,65,28,32,19,34,33,12,49,98,18,15,46,30,88,42,78,37,24,46,72,75,82,99,24,21,70,88,67,29,62,85,88,86,88,45,83,98,77,22,93,30,75,99,35,24,80,12,17,38,65,64,62,12,98,31
E38,100,10,17,10,54,35,30,79,53,34,79,60,34,22,10,51,90,15,51,32,44,41,77,40,80,100,10,55,80,98,30,63,88,31,94,82,88,17,17,67,60,78,99,65,30,68,65,41,39,32,81,36,74,88,59,96,36,37,71,62,20,74,53,91,24,90,79,61,32,60,68,23,41,65,80,49,23,10,19,34,29,94,74,30,35,38,87,29,22,96,79,75,38,54,33,69,86,18,77,71,51,100,99,12,61,71,73,59,22,93,15,64,90,57,84,31,10,91,78,76,22,93,44,41,19,89,26,69,87,66,62,24,68,74,98,24,55,85,63,84,78,92,41,79,98,48,54,94,73,32,96,12,29,99,60,58,57,99,61,78,59,31,88,55,83,22,27,51,67,36,49,88,74,85,82,30,53,51,38,87,44,95,65,90,91,11,66,48,27,84,87,12,66,44,90,70,28,89,62,64,85,48,18,66,83,89,60,72,12,81,10,80,86,68,49,97,97,73,42,81,55,97,89,83,46,61,45,19,75,34,87,74,48,24,62,69,41,46,68,76,90,53,36,61,84,78,78,23,58,47,84,78,13,43,47,50,11,87,31,94,91,75,60,11,51,31,25,14,30,61,27,68,15,60,61,47,80,87,17,12,79,32,44,78,42,55,76,23,38,10,81,79,83,81,34,95,15,52,71,49,95,79,80,40,89,86,70,43,23,80,54,63,40,11,29,67,57,11,16,10,37,15,96,54,59,96,61,23,85,86,55,92,36,12,55,59,47,22,81,43,82,34,66,79,95,47,65,67,82,16,74,71,12,93,25,77,70,30,63,92,14,13,24,90,36,64,57,98,25,16,39,44,47,48,42,26,86,86,15,60,71,45,95,53,64,81,61,57,31,48,14,58,28,26,24,51,54,88,86,65,71,27,50,64,32,33,33,25,87,11,52,40,37,91,92,94,47,66,13,43,73,49,71,59,48,79,46,97,51,57,86,38,86,65,51,31,22,39,78,38,50,10,72,20,27,46,52,54,37,23,31,99,86,17,10,41,60,26,94,33,21,18,70,40,91,28,91,69,73,30,64,44,78,92,79,41,89,54,81,51,96,51,80,51,31,33,84,95,49,31,97,54,27,50,22,61,24,74,51,72
E39,57,88,20,67,18,17,53,16,77,91,16,56,49,86,21,43,67,68,49,44,70,39,56,91,37,55,28,48,66,77,47,24,69,25,55,84,48,99,83,68,35,43,47,87,36,14,52,39,72,75,78,13,38,34,25,77,37,63,20,18,98,35,40,92,76,86,33,64,14,75,70,74,78,32,81,18,55,32,71,79,70,35,11,46,81,65,33,50,97,18,50,33,25,66,98,49,62,51,94,37,51,38,71,75,16,22,75,82,23,55,64,97,71,34,47,45,58,73,21,71,66,58,30,85,60,85,18,49,38,36,60,27,85,87,83,42,58,90,65,43,53,16,88,85,83,84,13,98,14,24,16,78,86,80,53,71,39,83,12,78,39,97,100,53,30,22,100,20,79,86,62,94,76,47,46,31,93,47,59,45,75,76,48,89,95,88,68,84,57,66,31,81,57,72,52,91,100,83,54,76,26,76,24,85,16,32,28,19,66,84,69,78,87,94,94,90,19,27,48,77,79,34,91,87,67,20,69,11,52,84,77,48,43,52,22,44,36,64,73,30,76,60,76,23,20,33,37,91,13,36,77,74,53,65,78,24,20,83,41,88,72,78,20,45,53,83,11,12,89,94,83,90,31,23,66,69,83,16,57,50,28,81,64,64,84,36,38,57,21,90,94,50,74,78,12,69,11,95,50,34,26,96,60,12,25,25,83,40,84,20,11,41,78,26,83,70,49,27,92,50,54,25,41,64,15,83,17,98,77,51,78,22,74,25,15,46,51,17,27,48,37,69,36,61,18,53,99,77,73,36,58,61,27,66,20,37,98,54,75,86,61,82,41,36,55,40,89,17,100,10,90,52,79,51,65,21,56,91,47,67,95,41,21,93,52,59,58,40,84,72,82,33,55,54,24,22,58,47,41,60,96,88,15,94,27,75,40,70,72,33,68,13,30,79,86,63,93,58,62,10,53,41,47,32,76,20,58,42,42,18,100,97,62,19,14,23,89,99,69,51,91,36,52,78,91,48,62,43,15,57,25,14,34,95,81,79,10,27,72,37,11,43,28,72,63,36,64,27,75,23,43,91,43,96,44,68,24,77,84,39,85,50,37,12,83,62,83,15,63,73,61,43,98,94,87,90,98,10,82,32
E40,32,74,78,45,88,75,68,44,50,54,24,100,40,52,78,68,27,72,25,68,44,35,12,92,64,80,81,25,23,59,44,14,35,49,36,85,74,76,18,74,73,36,80,70,66,93,55,75,38,39,37,61,46,70,67,11,42,22,39,11,87,11,89,24,54,34,75,91,63,12,33,79,26,60,27,54,43,31,15,43,18,93,31,39,20,88,14,93,55,67,69,27,10,44,45,18,12,17,100,98,73,98,85,100,44,22,82,37,30,44,57,40,80,92,19,17,89,71,88,49,22,91,28,28,45,79,69,13,85,81,70,29,59,42,83,62,36,33,32,57,20,73,48,28,33,47,11,43,98,92,96,37,32,63,22,23,78,89,16,14,34,49,58,77,65,22,98,58,37,16,70,11,29,79,61,67,98,93,31,17,29,14,14,86,52,40,60,63,27,18,83,56,35,62,79,84,13,11,53,69,70,87,50,13,17,22,73,41,27,52,82,11,13,69,37,88,69,21,34,14,93,67,31,30,21,23,36,79,58,82,15,75,70,19,93,59,73,28,33,25,13,42,50,100,45,62,24,73,24,82,31,80,18,70,10,68,42,49,41,62,16,28,38,48,47,26,33,56,28,21,92,60,11,28,53,33,37,85,44,20,28,95,12,84,44,49,67,70,33,58,88,12,36,96,33,63,92,90,55,50,22,38,26,70,62,20,93,69,87,48,81,13,96,27,44,54,98,55,84,79,54,24,58,14,26,23,23,83,95,24,50,78,84,21,31,65,79,61,99,46,87,78,62,42,71,81,64,75,96,63,26,37,69,58,17,11,74,77,44,49,68,43,13,75,39,66,94,81,21,82,24,83,14,72,47,89,82,26,20,65,48,15,16,61,83,77,35,60,87,90,26,35,51,39,45,79,44,75,65,44,67,15,74,30,25,38,83,77,62,50,45,65,33,28,11,31,18,31,35,72,97,28,11,55,52,10,36,37,10,17,12,12,80,76,58,41,47,61,68,40,85,24,88,10,10,76,76,83,82,21,25,42,25,61,10,12,84,21,59,82,90,29,40,27,97,73,35,68,84,96,78,83,68,89,15,59,11,79,53,48,79,20,80,64,71,43,59,41,15,16,12,86,85,75,45,97,38,41,65,25
E41,22,41,67,20,22,76,20,50,21,94,87,81,92,57,98,43,52,74,28,83,49,29,12,34,91,43,95,11,18,56,36,51,40,45,62,62,13,67,51,58,83,87,86,42,46,84,100,44,61,65,66,28,16,22,17,80,27,44,92,12,27,100,79,21,98,74,29,27,93,38,75,67,86,46,10,29,60,28,14,77,54,74,18,73,43,98,51,27,69,39,55,91,34,62,49,30,38,54,68,12,11,47,21,30,89,22,81,27,80,99,52,23,80,24,97,63,18,90,32,90,51,54,82,12,46,95,60,24,14,17,69,87,32,38,17,43,64,62,13,16,20,26,81,41,76,28,68,21,13,21,32,35,26,82,90,64,18,54,21,26,13,93,43,78,57,11,73,64,65,51,38,43,49,58,15,49,93,32,28,66,63,38,91,48,59,13,23,89,21,52,40,10,56,73,90,36,49,72,29,43,40,54,81,63,20,72,62,78,31,30,50,22,96,26,68,95,33,60,67,10,75,60,63,100,59,54,99,61,29,26,45,19,89,66,62,79,66,75,44,89,47,70,69,20,94,30,84,17,91,36,56,11,14,62,23,75,48,74,82,71,48,28,26,40,50,44,36,49,16,49,63,58,80,29,24,29,21,53,91,65,42,87,55,30,55,42,83,32,12,61,94,98,45,46,92,21,25,22,95,100,88,73,35,79,80,20,77,28,69,41,10,95,64,39,49,38,53,96,85,46,74,74,32,18,77,76,45,85,63,78,12,61,61,43,12,54,22,22,15,33,21,30,57,49,35,94,45,20,33,41,13,25,100,61,16,49,88,77,64,10,40,73,28,22,92,74,59,16,17,35,30,17,99,35,23,86,67,80,85,89,87,16,20,21,45,14,11,36,48,70,24,40,23,98,73,22,85,69,93,81,63,15,23,90,59,29,55,97,88,16,74,43,22,84,92,46,91,69,77,52,56,11,90,25,19,36,66,53,38,53,77,31,100,25,12,70,31,81,77,96,66,76,10,70,27,69,86,17,39,69,24,63,23,64,13,80,98,75,24,88,70,29,26,35,96,86,85,91,59,42,71,72,25,78,35,72,53,39,15,67,63,81,23,10,33,46,80,11,96,80,56,55,69,74,14,11,31,93,42,95
E42,47,34,27,37,60,33,30,25,60,84,14,59,87,95,58,80,55,68,43,60,95,70,12,59,66,97,97,55,18,65,89,98,25,41,83,56,99,28,21,51,17,24,62,48,28,59,19,10,71,11,37,35,56,15,93,76,43,30,46,37,99,98,24,89,78,38,83,27,46,79,47,74,18,38,13,11,48,23,64,86,19,11,50,39,15,28,22,57,19,58,70,56,80,59,99,47,61,41,39,95,88,52,39,49,80,21,21,10,51,12,25,45,73,63,43,29,72,74,84,64,25,50,70,41,80,53,51,24,27,79,19,67,73,52,22,27,39,85,57,82,73,74,22,53,56,43,29,58,91,15,95,86,69,30,39,59,12,29,47,47,65,57,45,64,69,69,28,14,55,18,66,23,13,68,36,17,74,69,25,56,59,43,93,71,78,92,39,71,95,17,37,22,72,50,49,39,77,12,33,66,47,19,48,74,51,100,68,95,33,59,16,30,82,32,52,43,60,97,77,61,28,67,33,81,76,48,15,67,63,64,42,27,11,67,93,58,97,36,28,71,18,100,36,53,36,80,61,70,63,98,27,55,87,26,37,77,65,74,70,87,16,62,95,98,13,43,76,76,60,85,96,39,32,17,98,52,57,40,43,10,54,13,97,77,87,28,70,35,83,63,20,51,86,67,64,42,11,50,34,97,93,51,62,67,17,70,74,86,69,73,100,53,54,42,30,65,19,85,100,13,40,77,43,28,33,71,36,61,26,68,36,33,17,100,32,32,92,28,71,23,23,19,69,57,93,72,64,87,25,72,23,64,31,17,47,30,88,79,57,24,46,44,80,61,83,80,39,14,57,32,23,64,84,11,36,84,32,33,13,33,62,82,80,11,22,44,33,96,60,44,73,19,17,64,79,13,19,67,69,12,37,20,61,34,67,15,53,97,11,14,47,84,35,36,33,62,68,33,42,45,58,83,38,24,66,30,82,45,66,65,40,81,10,79,38,82,14,60,51,43,17,30,54,88,88,80,51,23,99,87,38,87,38,26,69,99,30,73,33,79,21,30,83,25,59,38,54,93,16,48,82,64,17,26,65,63,67,60,92,52,31,68,31,80,92,48,55,36,85,72,43,89,90,85,57,12,67,10,74,79
E43,65,48,10,63,73,56,62,12,31,15,79,11,95,23,82,31,86,15,31,33,19,57,48,40,89,14,45,43,79,83,14,84,38,32,30,54,34,41,36,32,10,31,41,55,18,15,29,57,93,52,54,17,24,89,38,53,46,52,97,14,38,61,84,74,80,81,46,98,36,89,34,41,34,30,47,41,60,30,85,64,26,10,78,13,54,82,78,92,39,25,26,44,44,21,30,84,17,66,52,86,60,50,88,86,88,27,17,25,28,41,73,61,35,19,71,68,49,85,57,45,30,18,11,59,33,86,44,92,21,82,36,67,53,89,22,85,26,33,60,67,19,99,39,22,71,57,39,61,26,64,45,70,50,29,95,75,90,61,42,59,23,28,99,13,89,64,25,67,39,13,10,83,85,30,94,78,44,50,27,44,17,34,31,100,23,18,55,98,39,52,55,11,50,22,44,36,27,22,84,91,23,48,40,95,16,76,66,72,85,69,91,27,43,69,87,26,57,98,42,26,29,21,74,79,40,100,42,90,96,51,99,79,24,85,33,10,48,79,71,73,15,65,73,91,58,83,35,36,40,31,85,85,81,65,55,22,55,89,17,31,53,69,79,95,47,65,45,17,76,52,91,74,55,77,77,34,79,31,51,99,65,100,71,27,61,32,12,75,44,60,71,26,94,84,31,56,49,37,91,50,57,20,84,60,31,81,30,32,33,54,11,23,78,33,55,94,91,61,31,48,67,32,80,62,34,85,42,33,92,11,21,31,30,41,45,21,46,82,83,32,86,11,11,87,99,93,63,60,31,98,66,15,27,62,61,10,43,53,16,84,56,65,34,33,18,71,46,92,15,12,39,88,19,16,20,83,38,41,57,35,78,89,32,27,30,48,69,21,21,85,38,58,10,98,15,63,12,77,28,69,72,94,14,51,61,45,61,24,97,63,17,70,65,26,60,46,37,100,77,55,11,11,83,51,39,69,32,35,44,64,21,66,64,94,28,38,96,24,36,35,62,24,11,92,89,43,46,21,65,48,27,35,22,59,54,45,46,24,35,68,32,69,70,94,59,76,56,71,63,14,64,98,36,42,87,47,33,89,15,45,64,18,70,51,53,22,75,80,66,12,21,73,89,88,82,34,32,48,99,33
E44,15,31,46,81,38,66,49,44,44,19,73,31,38,44,54,64,52,35,74,59,83,42,67,82,11,31,55,47,78,57,38,58,27,63,81,82,15,45,98,69,32,35,76,65,100,44,18,93,11,10,86,53,39,74,53,90,50,71,44,32,21,60,45,40,51,85,87,12,14,84,38,71,78,19,43,96,64,16,49,72,92,91,62,22,47,38,68,74,76,43,45,37,68,16,60,58,20,79,67,93,54,63,42,63,69,26,96,59,39,61,80,18,57,94,48,98,21,76,57,76,87,83,14,17,29,67,70,99,31,83,24,11,76,49,52,15,99,68,93,81,59,12,47,40,56,62,64,14,53,14,39,100,41,66,44,64,85,75,41,37,13,60,71,92,66,95,37,12,61,70,99,25,80,27,33,33,63,62,70,83,92,45,20,88,12,75,67,75,92,74,65,52,37,74,52,96,86,15,59,70,36,83,63,36,48,97,31,99,75,98,89,74,71,61,13,50,91,51,12,95,91,48,83,27,27,25,98,68,17,43,92,81,64,99,19,79,61,97,66,13,62,60,36,33,17,18,61,30,83,96,11,70,34,84,84,32,75,88,20,96,82,78,30,72,25,81,29,63,99,51,36,39,69,21,68,10,78,64,49,88,43,31,61,85,47,30,13,36,99,85,78,97,95,40,21,96,40,51,48,97,91,86,98,12,24,46,55,82,88,63,67,13,58,86,32,18,88,53,78,66,34,10,57,43,87,77,30,44,39,81,75,45,94,41,16,99,28,98,96,19,69,78,24,63,70,74,10,59,91,58,92,44,94,38,96,24,53,92,77,84,16,23,58,93,42,84,94,28,93,75,21,52,10,35,67,15,24,70,16,86,29,62,90,48,15,67,16,36,13,75,90,79,14,76,91,18,68,30,61,29,77,31,86,63,80,32,93,47,48,77,51,13,94,12,68,28,76,74,94,84,53,82,33,92,92,69,90,45,21,19,63,79,10,64,85,97,24,86,59,24,31,70,61,60,26,11,81,14,77,27,12,40,89,25,68,17,91,32,63,34,96,43,45,44,37,51,86,58,90,93,33,92,42,52,76,97,72,10,20,32,11,47,94,94,28,48,30,94,57,37,62,86,12,84,21,29,38,68,56,41
E45,11,33,80,44,82,67,61,100,17,41,88,58,93,67,10,26,47,41,58,50,27,98,49,15,55,55,38,99,64,42,74,20,99,78,66,57,45,96,12,41,61,99,44,75,79,28,25,55,82,67,73,41,76,57,45,61,62,29,35,26,39,64,14,58,61,69,87,89,77,62,46,84,19,26,57,84,49,82,72,95,32,27,16,42,33,87,77,59,33,31,62,82,89,26,11,59,63,60,19,68,82,84,62,32,34,54,58,88,85,86,94,29,85,87,80,41,37,51,80,71,61,81,75,69,100,73,67,88,33,57,65,11,48,25,41,42,77,32,16,76,42,87,41,22,51,35,87,77,34,86,20,29,26,61,11,13,10,18,47,48,16,93,94,99,69,61,28,88,18,49,93,94,39,14,46,82,19,37,48,25,12,36,76,83,73,51,29,91,79,70,26,14,85,88,79,65,92,51,95,59,48,30,95,99,27,47,11,52,89,100,93,29,17,76,33,39,53,39,13,82,72,64,64,87,23,89,43,81,89,61,26,82,79,14,93,57,61,78,26,10,20,70,94,56,41,90,10,67,88,62,62,22,77,65,83,52,71,29,93,92,47,10,49,41,49,72,42,25,100,30,50,38,19,94,34,71,94,89,50,61,22,11,16,73,72,73,35,92,31,19,73,54,17,38,63,21,83,94,32,15,28,98,52,89,84,86,19,85,35,76,71,34,36,68,15,34,48,33,47,49,45,67,46,80,87,10,44,73,65,13,66,78,63,26,38,50,18,10,98,70,62,51,19,87,19,70,90,14,98,81,55,21,71,98,40,94,31,78,85,54,20,44,55,59,34,42,14,87,19,81,55,75,10,54,54,79,20,22,51,67,43,44,89,60,95,56,41,87,95,24,60,16,92,72,70,10,16,46,11,85,41,11,49,50,49,25,79,45,12,41,87,79,29,32,20,79,13,97,36,85,58,60,30,15,40,75,57,79,80,61,97,45,90,98,12,94,66,78,79,11,29,60,51,30,87,99,53,21,58,46,98,65,100,86,36,36,40,53,63,26,35,17,34,87,69,48,43,12,74,74,16,65,72,15,74,87,81,71,15,86,31,15,96,25,86,99,88,21,79,98,90,46,38,20,21,35,97,28,59,58
E46,22,22,52,78,45,80,53,81,16,53,30,61,40,33,94,25,24,86,93,61,14,47,68,97,96,30,28,12,50,38,86,70,96,10,70,71,44,56,45,47,71,99,17,78,96,96,27,91,35,20,66,18,47,59,19,89,83,53,41,83,44,63,72,59,62,26,62,33,41,51,99,83,58,10,56,39,11,27,59,19,78,48,12,26,57,72,81,67,10,37,59,76,61,16,52,16,60,40,15,60,60,40,65,11,57,15,26,77,92,21,92,91,64,44,11,89,79,85,25,11,37,85,15,85,25,31,17,40,91,13,28,56,27,12,87,43,53,30,98,35,68,57,82,69,99,86,56,39,24,83,93,33,60,15,16,89,78,65,15,27,69,54,73,47,94,51,42,44,90,85,27,15,50,46,81,87,46,98,46,52,38,75,21,25,81,12,90,81,25,80,86,59,54,90,54,77,37,46,46,52,60,61,30,31,86,97,57,29,25,73,88,73,16,50,99,62,58,11,40,62,23,63,27,49,79,64,13,67,11,47,67,91,29,63,61,12,26,35,55,18,56,74,56,13,19,57,35,97,10,18,66,39,96,91,21,64,73,22,50,64,16,54,77,66,83,17,57,26,32,42,48,19,36,41,85,51,49,66,82,43,17,100,58,43,56,37,22,97,50,98,69,84,16,50,68,25,83,20,92,77,91,83,78,60,65,48,61,84,37,64,52,59,25,80,40,34,51,87,73,43,90,95,81,68,60,80,10,57,97,69,16,33,41,98,71,70,21,79,43,41,10,92,22,82,33,30,13,87,56,65,72,40,37,34,28,98,100,87,99,71,37,97,27,36,82,61,47,43,15,33,81,27,51,40,30,60,68,58,89,85,93,33,43,31,66,70,40,89,100,30,38,78,53,93,28,15,27,40,97,33,12,83,22,42,98,10,18,64,88,34,39,32,76,45,47,27,37,48,73,94,19,87,85,77,29,87,11,96,71,52,51,20,52,44,98,53,26,59,17,66,51,65,82,98,87,89,18,35,80,38,25,13,10,60,46,41,37,96,29,33,65,90,29,26,73,67,69,69,37,36,19,63,74,99,14,60,61,48,71,13,66,10,36,81,56,16,40,58,14,52,88,50,31,89,74,48,27,90,46,20
E47,14,91,70,100,48,16,26,73,44,12,96,92,65,70,56,74,31,64,68,63,27,57,82,10,65,30,11,15,41,100,61,34,75,94,55,91,61,43,62,19,46,83,67,44,50,86,72,92,85,36,23,76,37,85,99,83,96,72,83,79,100,45,86,19,42,86,100,74,64,14,85,89,50,50,11,46,86,99,94,36,28,63,65,47,37,26,26,38,85,42,58,22,26,22,30,80,84,100,78,93,19,94,23,52,88,46,81,53,39,42,12,10,99,19,33,97,67,65,99,30,27,34,85,77,100,48,73,48,32,91,30,53,60,69,74,99,72,18,75,74,77,28,26,36,67,77,92,79,93,71,17,52,94,79,47,18,59,76,16,59,99,19,35,99,42,83,92,57,61,49,69,83,86,78,44,60,13,96,51,75,64,97,66,89,44,82,59,34,96,79,40,10,89,66,29,35,60,25,16,79,17,83,28,63,20,59,61,26,10,22,63,51,55,50,67,97,74,62,45,52,73,95,76,61,51,51,55,73,55,22,32,42,70,65,45,10,10,16,59,77,67,53,76,63,77,26,47,97,17,55,19,63,58,55,42,51,23,29,32,42,48,43,18,75,85,88,70,47,10,28,35,35,77,62,78,64,12,75,39,50,70,15,18,67,12,41,62,34,15,89,48,44,29,37,75,92,62,17,32,15,98,52,16,79,88,78,38,13,87,45,18,37,44,95,84,11,84,65,91,18,87,70,86,72,83,72,27,44,53,29,81,44,24,36,56,59,88,44,77,11,48,50,15,69,36,55,58,98,72,48,75,11,83,51,73,91,91,38,83,42,96,12,53,84,90,80,15,27,94,65,10,31,88,42,44,28,93,15,39,21,55,77,86,27,52,76,45,88,12,69,34,49,29,15,39,22,82,66,95,68,70,46,78,65,68,56,88,56,24,94,49,18,75,64,44,97,76,30,35,10,74,76,26,87,50,92,76,60,99,75,45,23,83,63,30,41,92,38,31,64,13,92,56,80,58,89,45,31,68,63,71,47,76,36,22,66,34,99,10,59,61,33,85,37,94,92,97,21,57,21,77,21,69,79,74,29,47,28,58,56,53,82,49,63,89,80,85,12,63,29,40,27,68,28,38,93,70,25,67,89
E48,74,84,13,29,31,39,70,96,83,17,14,100,64,50,44,79,90,91,67,17,95,80,45,69,67,84,51,100,43,19,90,66,63,73,50,50,35,85,77,19,79,79,89,97,15,67,36,69,75,18,55,84,18,51,73,87,17,81,84,48,57,75,87,90,59,31,61,80,36,74,43,80,75,66,62,36,77,12,29,12,97,71,61,20,29,40,85,61,97,23,33,24,90,95,87,13,90,52,21,80,79,22,29,82,92,79,76,92,59,93,22,75,27,13,93,72,10,61,59,86,14,25,16,68,85,26,38,71,28,85,81,28,59,80,87,39,38,45,100,75,94,65,94,48,87,68,15,41,50,15,63,72,51,68,75,88,62,76,38,34,53,55,98,67,11,72,66,40,22,31,94,37,22,51,52,53,90,15,97,50,66,96,14,55,26,92,21,77,71,89,87,96,38,76,45,100,45,43,15,49,57,75,78,36,23,19,49,18,49,71,16,93,99,23,29,39,92,51,16,35,61,78,66,24,51,90,60,78,87,19,14,84,91,66,67,89,67,78,16,28,39,91,48,90,44,55,64,75,47,43,62,70,83,47,13,39,64,64,48,12,18,65,37,27,88,50,71,37,73,74,94,36,25,55,84,73,56,67,100,30,86,100,95,28,94,66,39,23,75,60,81,36,100,14,27,82,21,52,81,57,100,94,48,92,30,39,39,32,48,21,58,57,18,80,54,90,42,78,41,84,65,59,13,69,36,48,47,59,70,100,42,59,32,25,54,90,83,55,79,46,93,20,90,72,44,88,24,64,18,66,10,53,11,30,31,19,75,95,22,61,82,80,19,92,46,22,39,48,45,95,71,59,99,17,100,85,42,81,36,98,72,67,46,13,26,85,26,78,61,46,95,91,40,35,13,29,64,91,54,13,83,92,84,59,100,33,24,81,34,63,58,67,68,25,86,58,63,62,65,19,10,27,50,60,40,45,32,14,27,26,27,97,99,38,44,88,85,79,15,19,36,66,64,80,38,63,72,55,89,12,22,70,67,88,19,51,29,91,48,45,61,25,45,47,13,88,31,37,41,54,18,68,48,60,56,65,49,27,58,16,24,80,59,41,72,26,58,37,18,82,84,55,92,58,88,91,52,55,84,30
E49,91,33,72,97,66,58,43,21,48,87,15,13,37,80,51,10,32,52,53,18,36,44,46,97,42,80,61,71,28,33,78,78,39,83,10,48,70,40,39,18,42,56,45,58,99,20,57,97,71,47,84,35,29,55,21,24,43,99,85,68,77,76,69,85,50,37,18,27,98,11,47,11,84,51,46,41,66,73,93,65,64,22,75,34,16,99,77,57,74,16,17,22,99,78,71,41,20,49,36,84,20,51,21,18,42,39,65,71,78,62,31,90,23,11,72,80,19,80,68,22,15,88,95,61,90,77,50,64,48,26,52,68,16,62,92,80,93,10,28,64,84,94,35,41,19,57,43,32,100,35,11,61,14,16,33,34,16,33,74,65,52,92,98,52,99,12,96,51,27,31,46,22,22,47,29,13,61,62,71,14,23,50,19,42,50,85,82,28,12,22,61,64,41,36,76,28,26,27,27,45,14,14,50,39,85,26,33,95,32,16,57,58,27,93,13,22,94,88,15,19,24,36,42,78,49,36,38,83,22,34,39,92,32,56,33,76,58,24,37,30,41,86,42,52,62,96,46,52,26,37,48,33,74,61,48,48,88,66,64,10,32,43,84,75,65,64,34,44,32,16,84,55,41,65,68,91,95,70,90,41,45,94,83,80,91,90,56,32,89,70,39,55,61,21,52,98,32,59,61,57,52,82,18,44,72,59,30,57,41,91,75,17,89,63,63,48,23,44,70,57,38,41,61,84,99,57,30,46,66,44,60,65,50,95,39,53,36,81,84,99,98,99,62,26,91,83,80,53,41,29,47,35,100,59,73,85,29,48,23,53,70,20,30,92,68,92,99,63,35,90,80,38,51,44,37,94,46,62,80,52,74,64,41,95,83,13,62,22,60,78,28,47,82,70,85,91,40,88,87,79,94,19,63,22,55,38,96,74,20,22,60,75,93,35,98,69,21,13,41,12,73,36,70,26,58,17,70,98,31,10,22,45,78,88,64,71,80,12,81,27,59,45,83,36,25,26,25,46,60,35,85,48,66,60,33,51,92,45,28,84,91,31,59,99,47,54,61,36,34,86,23,68,27,84,85,90,48,11,37,60,83,43,74,95,20,95,24,33,92,62,99,59,47,82,68,21,89,62,67,96
E50,13,62,97,80,38,37,52,38,86,24,14,23,59,23,31,54,83,13,24,61,41,82,87,44,84,14,20,34,38,39,44,44,37,70,95,63,71,94,36,97,45,78,22,46,15,82,79,98,43,21,17,19,65,73,86,37,14,19,42,79,21,23,61,11,46,84,93,100,85,94,94,20,13,16,49,93,30,14,29,77,81,63,63,25,61,79,14,19,89,87,15,41,47,28,25,35,43,74,52,48,80,43,29,17,36,50,35,19,64,17,99,71,82,95,22,72,85,22,36,79,58,17,20,51,71,22,99,21,73,24,36,27,100,22,84,97,49,12,27,48,69,95,10,30,76,81,93,21,47,21,25,26,78,68,90,48,50,27,72,99,19,87,37,65,70,75,57,72,58,47,64,34,87,19,40,80,20,14,91,73,48,88,24,94,58,25,83,46,31,41,92,29,25,54,46,16,19,100,40,20,52,37,52,16,62,86,94,65,94,33,59,18,62,80,42,54,53,31,51,32,93,73,49,19,10,27,91,56,46,72,18,100,69,84,79,86,100,88,45,76,77,55,64,59,87,46,74,82,86,38,17,13,57,23,85,90,99,53,65,67,54,94,61,36,56,56,74,47,28,33,67,91,21,68,29,59,61,27,93,56,61,56,13,43,58,11,70,12,94,15,20,47,93,45,24,38,10,58,75,92,63,33,43,15,99,75,66,23,10,10,91,62,62,79,86,17,96,44,22,72,27,78,28,10,70,62,31,34,74,24,25,54,94,30,27,39,28,80,28,33,32,81,29,46,11,78,45,70,51,29,77,34,55,87,85,86,48,14,10,44,21,14,80,44,67,87,24,39,57,23,100,24,41,54,95,13,50,34,50,66,28,31,92,77,85,26,10,65,47,25,91,99,95,56,72,81,15,86,69,77,40,13,26,79,12,19,13,48,23,89,46,52,41,48,19,88,52,26,75,22,93,43,46,70,81,62,68,46,90,26,80,14,32,20,92,75,96,81,88,38,12,59,38,54,73,81,92,100,13,96,39,69,81,84,24,95,28,22,38,94,89,66,42,40,61,86,83,11,50,52,80,51,54,73,57,85,83,49,99,12,79,45,33,83,10,63,87,65,82,91,16,98,48,55,29,76,87,79,64,11
E51,58,18,16,59,52,63,68,40,39,67,44,57,66,15,20,61,50,28,66,63,21,38,63,94,81,18,48,85,80,17,27,55,38,91,12,75,45,34,71,61,88,88,30,91,88,60,47,44,48,68,73,33,51,11,78,46,96,33,40,28,42,32,37,48,75,10,14,45,20,68,100,26,49,24,52,53,41,60,86,23,51,78,53,50,68,46,84,13,59,32,73,82,58,11,30,45,31,57,67,17,40,37,38,94,28,89,53,96,86,47,55,33,38,20,51,91,78,27,77,59,38,15,45,12,27,87,65,60,33,98,89,86,21,66,30,22,72,47,30,86,27,26,13,48,21,62,69,79,32,25,55,97,40,85,32,61,58,87,36,70,10,60,38,26,55,14,37,25,39,85,30,74,15,48,78,55,10,33,29,15,63,22,95,84,16,23,83,40,92,41,37,57,89,38,72,87,72,20,87,17,10,17,92,12,33,100,84,92,53,65,22,58,28,33,53,58,96,45,99,73,18,75,57,55,86,49,10,67,84,89,28,39,10,46,54,37,27,39,20,59,93,90,69,69,78,19,46,52,58,47,66,46,41,66,11,25,88,47,55,35,96,88,99,23,20,95,67,73,64,63,64,53,17,54,32,94,70,92,63,18,26,13,83,30,80,21,99,92,51,71,80,17,62,94,19,89,17,29,26,41,18,96,24,60,71,90,80,97,66,13,59,90,71,90,64,36,52,41,27,29,35,97,72,25,79,55,84,29,19,27,58,91,76,46,92,75,57,63,38,73,20,20,46,29,87,49,34,12,15,13,41,68,53,41,82,78,82,99,29,41,99,99,19,36,28,43,65,54,86,94,90,74,58,58,88,36,26,71,78,43,23,72,94,80,35,97,73,62,53,82,19,53,36,77,27,15,22,22,45,95,13,59,55,30,99,64,60,47,33,65,66,38,57,18,28,72,33,45,50,54,38,41,72,56,96,60,50,59,88,70,62,43,77,66,75,47,85,64,30,31,45,83,46,100,57,25,12,49,62,90,27,50,10,62,84,26,82,63,51,59,78,52,24,28,96,16,63,26,67,63,73,32,86,39,50,99,12,88,66,84,37,42,97,44,27,19,26,83,24,48,65,94,57,10,33,28,35,47,73,69
E52,80,98,99,95,99,10,46,54,73,82,69,27,57,24,76,47,99,93,16,68,13,36,39,93,88,77,27,21,47,67,81,97,28,41,34,66,92,29,98,17,82,99,100,44,50,18,60,72,61,66,11,60,35,62,90,38,95,27,76,64,35,10,24,18,27,29,13,16,96,76,47,74,44,26,59,42,79,36,36,37,64,67,96,83,58,12,75,31,98,79,87,61,73,91,20,99,36,58,11,52,91,96,42,87,46,65,86,27,13,81,57,63,45,82,16,24,34,28,43,89,57,21,82,37,57,16,93,10,19,23,52,47,60,24,70,54,77,98,100,92,17,79,16,37,77,75,83,91,14,46,42,91,18,17,46,17,44,40,18,54,61,59,75,53,19,97,37,52,34,76,91,93,23,45,75,92,37,71,49,68,50,55,74,16,35,15,89,91,11,23,61,76,50,58,46,67,24,72,67,80,43,14,21,87,14,29,69,94,23,61,87,77,98,81,92,100,36,71,99,23,65,21,23,56,76,59,64,76,64,24,20,82,83,70,59,66,55,84,76,35,94,35,30,62,18,70,15,51,13,52,78,36,57,34,42,55,92,79,18,85,54,64,51,66,100,29,79,57,41,56,40,41,84,93,85,75,30,46,30,59,61,94,28,22,69,99,71,52,81,15,18,97,52,79,44,64,64,80,72,87,36,10,35,10,29,75,53,36,30,69,32,71,59,65,85,81,92,38,42,50,18,91,57,100,17,31,50,26,76,57,48,64,23,40,10,79,69,34,10,78,82,70,26,11,91,68,38,81,31,71,70,70,68,24,25,74,47,27,50,26,98,71,93,74,59,35,10,87,17,11,66,20,28,19,16,28,45,28,34,47,96,47,72,37,96,16,54,94,71,98,94,67,70,22,89,64,25,96,84,84,90,70,23,58,56,100,88,65,54,61,61,68,62,47,15,87,88,97,58,77,40,34,46,44,12,12,88,56,29,30,46,27,96,58,97,56,35,68,89,35,98,33,26,21,84,19,43,41,89,100,11,68,12,56,98,46,71,95,41,63,16,24,52,73,91,85,24,20,52,14,99,22,15,18,60,100,29,63,11,13,74,14,27,61,54,81,83,36,95,43,69,53,86,68,81,36,38,50,46,74
E53,74,36,55,72,21,86,33,23,46,83,61,70,82,21,42,59,41,100,74,62,91,59,46,96,40,29,12,36,21,73,98,27,94,62,64,56,28,76,28,49,60,78,52,43,85,31,73,95,26,47,10,15,14,98,96,94,28,12,79,60,95,16,21,48,95,58,12,50,21,85,13,81,53,45,36,28,73,24,61,93,35,17,92,99,35,40,50,63,93,37,58,86,35,11,21,17,17,14,85,16,77,86,85,40,18,80,66,76,24,10,49,78,15,32,77,92,39,52,99,45,18,52,79,86,33,89,97,16,89,39,16,43,100,38,91,66,63,64,21,41,63,60,31,78,92,13,75,20,27,27,96,91,64,76,18,54,83,48,68,99,42,68,10,54,38,19,21,14,54,97,80,37,96,41,11,88,65,73,35,87,67,89,74,47,27,22,81,84,25,49,27,95,64,87,39,70,62,55,92,13,23,61,72,64,71,98,22,75,73,71,60,26,94,77,79,37,62,40,65,79,77,95,95,55,13,21,93,60,91,30,68,61,32,85,30,33,64,65,65,66,75,98,75,11,82,99,98,34,67,92,60,20,60,51,31,33,80,92,87,96,78,87,10,69,47,84,84,40,50,82,78,23,27,51,53,89,71,71,69,29,65,51,87,73,58,47,13,80,34,81,57,78,13,50,13,19,100,47,25,66,23,59,52,71,80,84,34,83,18,27,85,55,60,54,21,78,78,66,20,92,24,49,77,64,15,17,93,56,15,10,87,33,43,44,86,100,91,33,76,67,81,72,54,91,69,16,90,39,92,12,28,85,35,12,25,23,29,53,91,11,18,92,74,60,90,14,73,45,31,83,12,61,94,92,86,54,29,33,30,39,34,62,87,36,25,91,81,12,59,31,15,11,73,91,35,12,27,43,32,59,93,100,64,27,43,99,83,67,56,40,70,91,46,13,99,51,73,98,21,92,45,49,60,94,86,57,62,96,73,42,16,58,79,73,36,56,92,48,42,57,38,42,52,18,45,58,93,64,80,78,94,63,55,75,35,95,44,74,35,47,81,39,94,55,93,80,64,90,30,63,73,37,65,60,48,76,50,40,29,13,94,68,70,56,77,70,10,75,87,47,41,30,93,62,88,81,37,94,93,42
E54,48,41,65,86,98,53,78,14,55,13,49,50,17,56,14,86,32,78,44,61,69,31,11,16,68,35,45,32,87,35,82,15,99,69,67,39,72,28,85,50,44,91,54,95,90,97,10,40,81,13,18,63,27,52,81,54,24,55,14,96,26,98,99,91,10,48,53,12,94,33,81,22,49,36,53,39,18,27,69,86,43,97,97,96,97,39,38,72,89,52,34,20,22,24,28,40,94,55,83,13,45,31,61,55,33,68,43,29,80,65,96,58,33,95,54,24,98,16,77,56,73,38,77,34,80,96,54,54,47,53,20,43,90,65,15,87,90,20,84,39,51,22,20,71,95,48,54,55,50,97,38,98,68,99,14,63,27,70,33,79,23,63,68,35,41,66,42,59,22,27,21,95,50,70,57,64,31,64,42,22,32,64,13,75,42,77,25,75,93,66,60,30,11,85,89,17,64,83,39,20,87,65,40,12,40,89,86,53,19,65,73,17,49,52,14,52,88,85,79,28,26,96,100,63,66,39,96,22,32,37,45,39,77,81,77,14,49,74,54,21,94,47,93,29,17,28,57,87,41,61,48,56,15,96,28,80,32,40,23,41,42,26,70,56,57,66,58,69,33,87,88,18,24,52,47,85,13,46,90,43,34,20,76,100,35,92,48,41,65,88,57,38,20,14,97,93,30,95,84,71,71,25,96,92,23,51,12,62,28,97,84,24,96,69,87,26,59,53,18,67,37,30,75,24,64,28,97,88,20,16,74,72,39,89,29,30,22,85,80,41,60,82,19,51,66,37,96,68,65,71,24,13,55,27,82,75,97,67,72,10,66,92,47,54,86,89,20,57,35,17,42,45,50,16,11,32,10,26,92,58,76,41,81,73,81,88,14,37,49,91,54,17,31,86,50,74,61,67,60,16,40,93,16,44,11,87,36,44,62,97,98,68,96,54,48,90,18,78,28,40,64,79,74,22,15,19,41,80,95,26,67,32,19,16,50,22,41,41,45,58,17,22,79,49,30,29,10,22,40,78,94,80,31,56,40,32,14,80,35,97,19,96,59,76,25,91,62,38,63,11,40,78,82,96,95,97,21,93,99,71,41,58,86,11,69,75,85,100,49,92,72,64,71,33,15,15,12,55,26,20
E55,42,99,22,16,70,11,68,24,65,40,44,81,56,13,93,95,78,87,51,23,33,37,68,10,77,57,20,24,84,20,89,43,92,48,56,43,56,63,87,70,28,88,60,54,53,59,24,86,33,68,64,73,20,40,66,67,97,24,98,96,74,74,63,28,64,40,84,55,61,23,27,61,58,66,79,38,13,57,56,73,36,68,22,35,79,77,71,46,15,31,27,37,97,93,46,95,58,18,48,48,60,58,32,73,64,36,37,10,47,97,24,19,68,63,22,97,48,32,90,95,23,57,33,47,75,39,24,86,60,78,63,36,63,43,71,13,42,59,50,58,78,82,59,85,75,71,12,37,58,80,81,39,10,13,45,79,38,72,97,87,92,39,61,39,98,20,54,83,33,28,100,86,24,94,92,31,71,17,59,52,86,38,45,18,15,43,16,58,97,28,84,22,20,79,67,31,26,75,30,45,71,25,76,34,12,21,78,24,67,99,84,61,93,16,71,52,96,67,77,88,76,93,42,83,71,46,84,88,67,89,86,17,50,30,27,23,72,25,24,45,79,62,52,63,55,76,22,80,89,78,94,23,11,65,19,73,37,90,97,100,50,62,41,22,62,35,22,31,86,69,56,55,67,32,63,23,63,86,49,87,62,37,72,81,74,19,21,83,37,77,98,100,85,92,84,84,16,60,77,31,99,16,24,36,92,11,73,19,64,73,54,34,97,99,31,24,59,38,98,34,63,25,40,19,70,88,77,52,44,84,14,15,49,98,87,17,41,70,96,30,86,55,47,57,76,52,74,38,53,98,63,40,97,86,85,80,25,29,71,45,37,87,90,29,28,51,53,23,66,44,18,86,99,33,51,81,18,90,42,73,63,32,23,100,33,100,34,61,14,25,99,79,60,39,83,86,43,55,43,22,36,81,42,50,39,22,50,59,37,16,87,41,11,70,86,61,76,94,53,89,15,93,85,64,99,94,49,56,84,78,69,27,90,45,14,81,88,87,32,99,23,68,71,91,34,52,93,21,63,61,75,18,18,36,37,89,70,34,64,67,13,71,98,27,25,71,94,38,100,47,11,100,33,49,26,93,31,92,31,44,22,98,88,77,39,17,62,96,41,33,40,65,50,49,11,22,79,22,93,49
E56,47,44,31,47,80,44,29,95,95,13,30,98,45,41,57,10,99,86,49,66,62,54,99,21,25,95,75,64,94,18,53,63,45,11,88,83,46,23,49,73,54,34,89,79,89,100,18,34,69,14,50,49,91,27,48,51,21,97,91,89,17,75,32,59,19,95,19,13,92,35,50,59,50,88,44,33,83,85,32,14,91,32,40,71,58,58,65,84,94,64,86,32,31,82,54,39,39,78,59,21,82,42,21,18,90,79,34,87,96,12,89,39,49,26,45,93,90,29,47,10,58,64,96,32,75,34,44,62,34,35,48,96,76,78,87,39,40,42,36,70,57,23,77,58,65,88,42,14,74,65,56,46,32,46,41,81,32,59,89,27,80,52,53,12,67,44,36,53,12,83,54,30,81,91,76,89,57,87,44,71,90,11,41,82,64,87,64,46,51,36,51,86,22,70,61,52,15,43,68,25,80,76,35,10,14,85,85,53,45,27,80,75,68,37,45,46,88,92,61,95,58,76,65,65,67,85,78,88,84,43,68,12,62,99,23,68,99,92,12,65,84,16,20,43,89,66,20,20,13,37,77,43,67,23,53,60,71,55,63,65,51,10,93,53,19,79,74,64,12,97,22,59,72,94,47,43,82,97,33,36,46,98,36,57,88,91,65,83,76,51,12,45,51,12,92,52,62,62,100,83,39,72,53,49,15,27,43,32,81,65,19,70,99,78,85,31,52,67,25,48,14,26,52,17,97,40,78,51,100,72,64,32,58,48,75,19,90,62,41,76,92,46,83,41,62,81,16,95,59,35,51,75,54,38,12,20,12,20,28,66,80,83,58,86,52,20,88,93,36,10,47,92,74,57,28,100,72,68,54,77,58,70,16,37,59,51,63,28,16,34,64,37,42,48,97,46,37,90,86,43,61,75,86,58,41,39,23,78,19,96,29,35,38,57,66,96,63,21,71,16,67,38,25,67,48,45,55,69,69,64,32,96,62,27,59,41,60,66,78,50,99,15,75,88,80,87,72,73,43,73,57,88,44,97,46,93,40,46,74,52,27,85,55,34,67,68,42,13,40,70,59,69,63,81,70,46,13,43,29,12,71,63,69,55,20,49,86,66,54,35,48,21,19,50,70,36,93,36,17,89
E57,85,17,14,92,15,83,45,14,62,57,60,55,74,29,40,47,43,53,41,77,52,93,94,64,56,41,53,33,35,96,26,62,65,14,90,97,95,11,14,43,69,13,83,20,18,17,41,49,84,95,56,63,19,20,86,98,86,74,82,85,61,50,20,21,80,23,97,50,74,37,67,45,61,64,19,49,49,70,67,64,21,75,92,92,62,75,72,95,10,45,69,84,62,61,95,93,59,80,28,100,88,12,57,27,57,61,53,86,85,57,12,77,92,89,18,45,31,99,39,98,39,10,33,83,100,33,73,64,46,12,50,45,71,97,40,89,78,64,32,29,18,42,17,55,18,37,21,78,59,58,14,49,72,49,67,41,37,80,85,21,42,68,74,53,31,43,68,48,48,26,10,34,51,87,43,46,23,12,96,31,38,74,71,92,38,55,20,78,97,99,62,62,49,73,71,48,22,36,21,36,56,19,74,96,34,11,28,55,75,57,35,44,63,50,78,20,54,36,89,77,78,56,91,31,98,25,72,80,87,51,53,89,89,17,83,76,48,100,96,19,31,80,58,52,56,76,24,58,68,54,89,32,37,78,36,22,85,38,49,78,83,21,80,15,17,35,78,18,43,59,34,43,26,100,87,32,49,30,23,98,87,57,83,69,40,16,85,23,32,18,75,50,29,70,34,47,21,21,47,61,21,35,41,20,52,92,55,56,35,16,18,51,38,14,34,17,49,47,11,67,66,78,21,95,22,16,88,62,56,88,80,48,94,50,50,68,62,100,65,40,49,51,48,25,81,33,86,85,22,28,62,88,86,44,53,29,17,63,49,97,20,89,23,12,63,23,98,58,92,58,98,88,21,12,17,99,77,91,26,30,95,42,27,25,61,78,28,63,74,26,29,97,20,91,73,55,91,61,31,93,58,89,82,58,28,13,77,34,90,44,73,83,100,21,10,11,54,82,39,27,94,91,91,91,55,73,26,26,80,90,68,16,100,35,30,28,13,15,92,94,69,44,81,53,88,73,26,42,34,81,69,25,28,88,54,21,47,52,33,15,52,96,75,92,12,100,28,90,76,61,12,58,15,46,80,13,32,33,43,11,63,55,48,71,43,67,61,98,87,53,15,84,12,42,20,91,74,84,74,52
E58,65,60,98,43,36,14,22,59,52,90,55,65,27,38,75,81,72,77,75,75,66,58,54,64,99,88,89,40,19,36,59,94,16,63,92,26,27,85,12,21,22,34,81,58,11,45,71,85,45,95,67,20,83,88,11,37,75,12,36,52,25,42,76,85,51,41,81,31,82,47,49,19,85,25,43,68,82,16,56,39,49,66,26,81,40,85,55,21,62,70,37,91,17,82,52,38,26,94,60,73,11,81,42,75,76,61,90,77,62,52,58,98,94,29,85,31,57,94,94,78,94,33,30,77,31,78,10,24,77,37,29,41,57,36,15,65,75,75,53,64,78,48,97,64,72,62,91,73,74,12,88,61,45,51,80,38,71,44,45,83,51,83,70,52,28,20,39,55,91,35,20,71,51,54,97,100,52,86,90,30,74,99,89,72,45,78,100,68,45,21,97,18,100,91,47,77,59,97,30,64,66,51,25,93,25,88,89,73,64,42,52,38,44,88,62,55,50,19,55,92,65,49,24,88,61,66,77,86,64,40,11,16,82,36,54,74,33,17,24,60,34,14,20,51,83,70,93,91,29,32,45,28,26,77,45,79,37,49,94,86,31,71,58,62,80,16,82,90,76,42,65,93,98,16,20,91,74,14,45,11,36,35,48,80,10,19,52,38,66,40,57,77,61,61,72,23,54,51,43,44,63,12,54,41,84,29,60,15,88,65,72,44,61,91,99,27,73,27,16,90,52,36,60,99,48,89,83,18,23,86,98,29,100,77,54,62,66,90,97,29,74,56,15,31,20,55,51,93,94,37,81,41,12,96,73,68,53,50,80,27,21,30,59,33,63,43,37,87,57,60,71,92,75,44,46,60,10,67,81,88,12,71,53,20,95,82,99,82,22,87,74,18,68,71,57,57,18,29,83,96,98,45,48,22,49,87,31,53,36,96,22,64,45,89,79,32,76,96,41,76,92,53,94,83,70,44,66,66,65,54,58,50,84,14,71,12,56,51,48,88,43,93,100,36,91,49,38,65,78,70,94,73,23,53,62,82,32,28,10,84,44,88,16,72,61,98,40,48,24,54,36,56,85,69,69,25,16,94,16,24,25,52,92,42,69,68,39,46,88,43,40,94,19,94,43,98,78,71,27,32
E59,55,56,69,74,53,61,42,23,38,53,44,92,91,72,49,22,60,78,52,93,57,69,37,89,95,50,29,40,28,78,56,57,54,80,12,96,84,54,72,86,48,72,56,74,22,93,62,61,15,29,77,43,90,91,25,34,62,31,40,37,93,91,48,66,10,48,12,69,23,42,61,85,66,91,22,42,73,95,85,72,98,41,47,25,81,54,50,83,53,15,76,37,73,46,57,61,14,25,69,13,34,87,59,22,12,19,68,54,88,96,13,94,15,23,66,14,59,68,83,92,44,83,14,72,79,65,99,86,32,77,50,50,97,22,60,100,29,24,56,84,40,95,80,84,64,66,61,96,41,55,35,64,72,40,57,96,55,100,77,86,62,15,72,17,68,26,27,78,78,37,44,20,37,39,54,23,34,88,10,19,44,34,16,87,69,49,31,73,91,49,88,39,65,61,96,38,50,71,82,62,66,18,98,44,76,12,35,100,95,11,95,16,68,96,39,56,90,65,56,81,29,59,13,75,32,53,33,95,63,40,70,85,43,100,18,28,74,76,59,64,84,23,21,26,96,26,35,31,19,43,90,94,31,51,30,58,20,23,84,72,92,79,82,28,52,89,49,60,50,67,43,90,90,44,58,57,99,37,33,57,97,50,45,46,19,24,76,22,98,78,95,99,53,20,37,58,67,34,75,12,97,53,28,17,36,80,92,92,79,22,98,85,37,66,64,75,48,22,78,45,73,20,43,58,95,27,31,13,19,43,94,76,41,35,41,51,44,17,22,24,33,66,31,79,36,59,11,35,10,75,71,60,47,69,71,15,83,11,63,94,95,71,65,23,79,40,69,58,28,87,57,10,71,63,93,71,98,18,91,63,33,22,73,28,15,46,79,77,76,60,81,16,94,48,23,74,59,83,38,15,38,95,30,59,48,93,52,61,42,88,64,69,48,23,85,88,20,61,14,51,97,39,87,97,12,59,42,82,14,82,100,72,92,11,39,48,26,53,94,24,100,86,67,97,16,25,80,18,57,81,83,22,34,60,79,28,84,60,69,11,69,45,32,25,52,41,18,86,41,91,60,27,53,31,61,10,27,32,24,64,83,13,80,100,75,68,56,45,75,11,28,87,39,35,57,79,39,74,48,34
E60,97,89,91,20,10,62,56,67,40,51,20,71,49,53,42,58,83,37,98,100,54,25,13,30,20,48,16,21,29,79,41,34,21,83,52,57,75,91,84,100,71,82,84,11,38,53,87,68,22,73,73,20,72,99,13,34,14,54,62,74,67,17,83,48,19,26,42,99,58,10,52,21,60,42,79,39,91,90,81,85,51,36,40,67,59,81,43,24,81,68,61,68,69,95,65,17,11,59,45,38,49,51,93,85,68,96,91,95,39,20,91,70,40,15,39,38,32,43,84,63,67,52,73,43,53,24,10,48,79,45,78,15,85,48,99,66,37,24,79,21,54,59,12,53,47,30,71,16,68,86,84,56,84,48,71,62,25,23,23,16,71,83,70,60,49,67,56,47,96,54,63,53,69,29,75,82,68,29,31,59,97,83,36,47,74,53,44,97,13,36,84,11,87,74,43,97,58,77,54,63,11,65,58,85,86,33,93,62,18,37,76,26,62,80,70,14,89,66,66,68,66,86,57,69,15,93,36,82,82,62,28,58,38,73,69,85,33,66,18,95,20,17,66,40,55,25,26,80,86,63,32,33,94,14,62,79,93,31,46,35,30,39,34,97,40,16,28,37,88,85,39,42,45,58,12,61,100,13,58,82,43,100,39,97,10,61,88,54,93,26,34,53,66,78,60,51,27,86,49,21,27,74,53,41,71,16,14,58,43,42,77,81,53,46,78,71,53,41,23,24,84,90,76,11,42,31,56,54,49,28,77,10,51,41,66,62,48,26,56,52,13,71,81,64,80,77,91,67,79,60,13,96,33,15,39,85,26,31,25,41,19,71,14,21,89,51,81,61,63,36,85,83,94,26,79,70,82,77,71,30,76,73,35,99,19,42,30,49,82,56,62,32,83,24,70,95,83,60,49,48,24,64,11,40,34,33,79,81,74,10,70,10,12,51,20,99,15,32,77,72,49,53,97,20,29,12,28,97,30,100,93,10,20,72,56,48,56,44,18,60,45,77,73,89,27,94,99,18,17,44,61,63,26,69,50,93,12,22,55,31,61,97,97,83,67,42,45,31,16,39,60,17,71,78,53,47,79,34,35,11,83,57,74,73,28,40,98,81,37,60,78,100,92,11,64,16,21,43,52,67
E61,86,29,39,27,61,72,19,44,94,78,53,74,100,22,89,91,68,10,22,56,15,23,82,65,73,87,71,95,26,13,89,26,54,19,83,26,15,25,81,29,80,55,26,40,39,100,29,82,67,10,44,83,92,35,71,84,53,74,30,85,23,53,78,90,57,51,25,19,64,37,87,92,66,20,46,86,31,12,69,52,68,48,99,24,49,33,48,81,69,40,84,62,30,59,26,54,86,20,76,79,40,98,18,32,48,93,83,70,67,40,92,65,100,69,71,31,43,48,34,91,49,35,90,53,48,89,69,76,73,31,87,58,56,70,24,53,61,49,38,76,96,92,15,30,88,83,16,38,44,78,92,12,92,47,26,47,70,84,63,16,90,13,16,82,46,11,86,18,63,99,55,71,39,71,63,26,46,31,61,58,98,98,27,26,56,43,86,29,14,38,62,86,39,16,86,20,44,90,17,22,96,52,28,69,40,23,100,24,68,33,33,60,49,18,43,72,52,63,83,11,11,91,18,76,44,26,88,38,37,52,88,77,44,67,49,30,30,83,78,91,41,92,51,88,63,97,63,98,71,71,20,55,41,86,12,31,31,65,30,48,69,40,61,51,11,15,35,28,87,82,12,83,14,100,91,17,65,48,68,62,18,92,49,48,28,67,74,72,41,100,51,50,43,94,16,46,32,92,41,25,61,89,73,86,28,100,17,65,66,56,44,83,38,89,35,49,39,97,83,61,85,12,45,50,37,95,85,33,98,54,32,75,70,81,98,38,52,68,35,41,75,22,38,41,12,71,39,45,53,41,90,96,36,16,33,39,64,49,22,32,29,47,70,42,12,91,82,78,57,34,68,30,17,40,39,54,15,51,19,61,16,26,41,26,51,22,13,72,100,21,56,55,51,78,73,16,85,44,91,99,16,44,29,29,92,97,96,48,53,60,49,19,20,85,89,30,57,57,21,26,51,39,75,14,72,76,19,85,21,41,54,12,54,38,98,49,88,42,18,88,70,24,52,98,73,50,55,73,25,60,65,39,32,75,90,93,26,45,62,41,12,65,25,62,27,19,95,95,78,94,56,65,40,50,26,11,10,68,65,19,50,15,47,29,17,50,87,81,94,59,74,55,95,93,63,86,67,68,19,49
E62,34,97,37,98,64,13,74,15,85,14,23,15,20,46,63,22,16,37,86,29,72,75,77,74,81,22,78,86,36,14,45,60,94,24,59,41,81,76,24,62,75,70,100,78,55,21,77,97,55,63,86,15,54,90,14,94,85,58,52,61,81,78,30,58,71,32,77,14,11,71,29,72,30,10,91,80,24,96,95,47,67,29,90,34,68,36,55,63,46,12,69,76,38,13,78,38,16,61,87,66,76,86,84,90,82,57,23,92,42,54,46,87,80,36,62,69,20,43,59,71,43,82,14,65,58,77,75,63,67,57,18,81,53,72,22,20,64,48,55,65,15,54,95,87,56,61,36,48,41,21,74,16,90,93,66,36,85,28,12,14,27,54,77,54,64,52,37,40,70,100,71,71,40,12,96,35,22,58,73,98,81,71,23,85,30,63,23,57,46,80,71,96,29,11,23,28,43,95,17,27,57,47,53,51,13,94,17,53,47,85,14,74,14,95,82,85,80,36,82,73,61,90,68,40,76,75,71,27,49,58,22,60,37,11,35,46,41,77,38,95,17,13,13,84,20,47,38,50,30,88,49,89,38,12,72,98,45,23,66,82,82,92,62,50,44,62,59,29,75,89,73,98,34,55,22,76,87,58,30,28,53,29,67,51,90,61,17,10,31,26,41,14,26,38,46,14,57,58,69,67,23,33,56,20,94,57,76,82,15,43,23,76,90,31,74,11,53,18,62,61,65,15,100,79,24,33,37,84,26,72,77,80,47,45,72,91,88,14,84,81,58,34,63,20,51,27,70,60,88,51,80,46,48,48,29,11,28,30,43,98,81,29,42,78,79,60,34,19,41,69,40,69,19,48,56,15,38,19,24,78,14,99,29,58,96,58,90,85,25,43,25,87,41,95,83,62,10,59,20,13,43,68,21,74,82,25,23,84,88,26,50,58,94,96,86,28,48,72,62,81,80,95,37,47,18,15,38,43,20,45,21,35,18,76,23,24,81,91,23,49,11,53,20,99,100,39,30,50,91,24,66,85,95,10,49,49,67,14,74,56,63,10,83,45,16,59,68,22,47,94,74,68,77,37,18,12,35,23,43,55,59,44,50,70,26,29,68,51,94,70,86,44,16,68,44,13,38,37,67,43
E63,43,89,90,84,88,77,67,10,87,39,41,87,23,100,39,60,88,46,21,33,90,61,48,19,10,59,12,38,31,64,67,54,39,18,99,92,81,15,54,72,60,40,21,97,14,20,13,78,87,61,92,52,47,62,22,31,51,38,60,14,59,46,12,17,45,66,47,76,61,69,86,48,81,58,91,91,84,76,85,44,75,42,76,18,69,11,93,41,61,23,13,16,68,69,10,19,66,72,38,93,71,50,83,49,86,35,35,14,66,77,23,24,19,66,23,83,100,64,16,14,45,88,13,31,21,44,46,47,21,55,52,85,64,67,45,39,39,39,95,94,76,48,94,82,62,99,53,57,30,39,82,23,71,97,13,37,39,56,41,10,17,49,89,98,84,84,33,59,90,61,54,37,59,24,88,71,92,68,40,23,68,37,82,48,64,98,29,44,74,73,29,35,81,54,77,58,52,94,41,89,29,71,94,59,80,68,94,21,43,99,20,40,45,83,35,25,71,87,59,66,14,65,10,56,56,81,92,22,71,39,50,69,87,26,25,25,59,27,53,13,60,99,85,81,88,34,57,43,60,48,61,36,85,78,98,86,67,11,23,47,94,90,92,51,56,72,10,39,86,40,42,94,26,70,99,22,79,60,60,84,29,56,51,26,87,93,17,52,13,89,32,59,16,10,16,95,20,24,95,17,20,51,64,19,63,19,84,68,34,81,43,42,89,90,75,20,27,21,39,10,16,96,81,75,27,93,34,77,48,95,58,83,89,16,97,97,100,81,61,71,26,35,96,37,19,17,43,95,43,77,25,73,96,69,90,41,90,62,56,50,63,18,87,27,26,19,77,80,27,27,12,62,37,20,77,60,46,25,71,59,18,91,90,90,38,13,29,34,62,43,24,98,90,65,87,40,64,74,34,50,90,88,85,18,62,69,65,45,11,41,28,38,83,95,18,83,39,94,32,53,27,78,29,91,61,68,23,32,58,87,40,69,84,43,87,89,82,51,31,33,50,33,88,63,42,43,48,97,76,45,41,90,64,100,79,65,74,24,24,19,49,38,38,15,64,42,13,87,100,76,13,51,81,73,71,20,52,50,99,54,86,96,94,98,17,91,59,99,31,71,77,71,88,16,31,55,83,22,98,29
E64,12,44,59,40,69,31,24,62,32,60,60,12,37,28,34,51,75,48,19,78,10,32,89,50,54,94,89,85,82,72,69,39,68,83,35,87,55,72,84,50,54,18,82,92,28,42,67,44,97,20,19,18,71,96,37,60,68,11,37,100,77,64,28,55,60,93,69,65,23,23,30,56,81,47,30,36,36,13,11,79,15,56,60,41,14,75,99,28,83,31,90,42,91,81,27,75,69,38,31,24,15,70,97,76,77,35,20,31,91,66,39,64,55,47,79,54,29,33,10,70,27,10,18,88,67,12,80,47,27,79,70,42,96,18,65,97,30,72,88,99,65,36,90,60,51,18,30,89,51,55,52,21,97,100,12,12,56,20,14,75,24,89,48,98,78,42,100,26,26,64,32,36,98,16,11,36,63,11,67,27,26,40,51,14,29,93,77,39,10,100,34,95,44,97,28,91,45,35,68,52,36,83,24,65,83,28,81,13,87,24,63,100,60,38,25,64,64,88,59,81,70,96,49,11,41,36,10,42,57,45,42,18,12,59,22,65,60,43,84,69,10,13,97,79,46,47,52,80,13,22,52,93,22,72,62,48,28,84,62,98,31,76,10,85,26,47,22,25,55,10,50,12,93,88,62,88,83,100,63,22,34,25,52,30,100,52,57,30,99,41,99,30,27,94,80,16,51,74,80,34,68,92,66,91,48,40,54,44,17,99,49,73,61,32,53,96,35,86,56,15,23,21,24,52,30,51,50,74,97,65,33,69,67,100,79,80,78,32,61,15,38,20,66,45,78,85,12,40,12,42,55,78,74,10,100,85,70,25,79,65,18,49,26,32,87,38,57,99,52,98,47,94,56,86,33,15,51,55,82,62,66,51,66,73,86,87,21,23,97,34,67,85,80,38,12,100,49,52,69,62,28,66,42,51,97,23,21,59,10,80,82,55,77,83,69,14,23,54,94,31,33,24,36,35,58,100,76,86,58,17,10,75,35,44,68,65,97,19,26,95,74,91,83,76,85,89,39,10,97,73,45,59,23,24,41,83,87,91,71,83,86,26,69,23,91,52,99,60,16,38,37,76,96,72,79,76,96,55,28,75,56,92,81,88,75,60,75,93,23,79,43,40,83,69,60,99,41,16,82,11
E65,92,10,70,40,73,85,46,88,84,88,93,48,45,50,69,97,92,94,42,49,45,24,15,67,61,84,31,64,27,59,91,53,46,93,39,48,67,55,82,23,98,60,13,43,41,53,84,93,75,36,88,76,52,90,91,100,82,16,69,87,100,83,64,56,74,50,67,74,38,96,73,52,63,95,80,19,58,71,77,49,37,49,96,14,72,98,36,17,66,93,95,22,97,69,69,59,22,97,91,34,50,94,13,92,90,10,72,75,78,37,59,84,30,29,34,35,74,51,46,11,40,34,62,84,85,87,53,26,80,52,97,15,33,38,21,27,97,60,50,35,30,68,40,50,98,95,100,52,25,46,89,67,29,43,86,98,16,34,27,26,41,44,71,72,19,47,64,88,52,14,84,41,100,55,50,57,54,98,67,15,29,14,15,62,24,70,42,19,34,63,49,43,56,82,45,70,60,24,30,23,80,82,41,94,86,21,91,28,71,96,11,63,51,13,66,61,23,29,31,29,79,93,40,93,100,90,13,56,59,47,46,63,81,98,55,41,95,10,42,57,57,51,53,84,52,16,26,62,37,100,52,64,10,73,73,72,78,87,96,49,37,39,92,27,72,62,34,83,86,17,43,96,62,14,13,76,32,98,41,61,82,58,94,28,64,82,12,33,97,33,29,17,82,66,57,53,96,12,61,23,68,87,14,65,92,69,13,18,53,96,23,32,14,17,36,84,36,42,49,88,14,68,65,86,70,30,24,58,33,19,80,93,34,97,40,97,39,85,91,19,86,30,83,58,93,88,28,24,10,53,38,13,71,20,30,32,63,15,17,81,26,28,75,39,93,69,66,45,33,68,16,50,46,89,81,51,72,79,78,66,31,80,28,17,61,34,29,30,98,94,76,98,13,20,31,63,83,80,16,47,43,63,100,63,56,74,84,51,27,44,72,62,11,82,63,98,12,92,64,43,66,29,98,90,42,53,32,56,69,37,67,80,69,98,42,70,73,80,78,43,11,66,10,99,99,87,44,63,50,71,69,68,16,65,21,28,88,75,74,87,68,29,79,49,29,61,76,17,86,27,75,28,61,97,19,100,92,58,42,25,66,13,10,53,35,73,19,92,76,64,14,52,59,60,79,75,11,35,19,98
E66,92,61,58,49,70,83,57,91,18,28,69,84,77,34,25,32,43,27,81,97,56,40,57,96,97,44,20,61,12,20,83,87,20,88,81,97,43,81,12,76,66,10,99,25,70,10,98,75,97,61,72,23,56,31,15,71,69,93,23,17,70,46,17,46,38,38,64,80,84,57,66,86,58,67,99,29,92,47,62,20,95,16,51,18,21,14,83,10,16,96,70,16,23,73,81,56,13,32,11,57,16,29,54,95,46,82,70,30,97,90,39,100,97,89,32,14,20,11,96,32,89,70,56,89,87,70,44,92,68,96,98,93,94,52,91,39,86,64,51,86,67,49,42,31,54,29,59,94,96,97,88,43,95,93,31,17,46,20,61,46,24,54,37,66,47,15,97,56,21,34,40,68,88,39,66,64,60,83,97,87,67,58,78,24,96,58,10,77,50,53,73,21,68,48,86,94,15,56,76,48,88,60,76,75,20,45,44,85,88,14,75,17,37,53,74,61,31,46,15,96,55,66,42,43,52,13,82,89,83,81,65,36,33,43,57,41,50,28,66,85,23,22,24,21,98,17,99,76,57,98,19,78,42,62,96,64,75,88,80,95,51,86,38,31,19,41,55,83,62,25,74,95,36,16,94,68,98,35,93,45,98,78,11,15,29,28,94,63,43,29,54,88,73,94,27,11,52,52,47,79,30,83,76,71,80,23,88,28,18,46,70,97,42,87,79,45,67,49,59,10,47,32,84,41,68,23,71,80,42,97,70,33,20,43,65,20,68,33,73,53,78,16,44,54,28,89,33,64,67,64,89,74,76,93,89,68,85,79,77,69,70,52,47,45,52,75,43,67,47,18,40,45,10,24,88,27,84,98,37,63,10,98,52,87,65,33,99,68,52,94,18,99,84,36,42,58,41,76,87,13,24,29,45,77,46,47,71,87,41,64,95,54,62,25,18,56,62,80,61,27,100,26,99,40,17,69,13,94,63,52,88,42,76,13,50,39,23,58,14,26,100,26,67,91,48,40,41,16,37,66,96,32,93,72,18,78,62,91,93,30,46,48,68,55,63,34,18,23,26,90,19,36,79,99,11,72,79,33,81,72,79,16,60,63,19,50,99,48,54,89,75,52,75,61,58,39,55,65,51,100
E67,47,20,76,13,31,90,80,97,76,32,53,27,19,31,94,76,100,79,58,65,84,15,50,88,44,59,85,87,77,49,32,78,74,30,98,78,46,67,14,52,29,15,41,20,95,38,96,31,88,79,81,68,21,31,36,30,12,36,65,58,76,65,47,26,66,71,79,59,27,64,79,99,94,53,33,70,28,77,69,58,13,41,29,10,74,71,67,81,38,44,66,20,10,62,33,95,78,39,38,44,91,91,54,91,100,57,71,41,53,64,32,34,93,26,67,73,92,14,17,42,52,37,53,77,55,100,84,70,37,17,26,69,38,91,95,26,31,80,54,67,12,49,100,30,42,15,29,52,53,53,47,62,76,87,99,97,38,84,67,68,93,14,47,23,23,63,71,81,78,18,56,84,63,91,46,61,92,68,39,77,60,53,58,87,11,48,45,75,95,43,95,65,73,39,36,33,32,89,19,98,30,46,79,87,52,55,78,69,98,66,13,11,94,64,30,40,96,88,43,50,84,85,96,45,30,63,45,14,72,62,13,91,81,86,51,36,17,20,26,16,38,41,83,75,13,98,25,40,74,73,21,58,28,79,38,41,55,64,80,89,16,51,80,19,14,79,96,12,24,56,37,36,68,45,35,51,61,68,12,26,91,93,67,72,31,75,68,19,50,58,56,87,65,94,89,57,69,99,84,95,47,55,73,53,82,53,88,82,57,57,13,53,51,93,40,98,90,59,27,82,100,90,20,66,24,48,75,56,46,19,81,38,89,54,30,98,50,26,94,56,28,17,68,95,77,92,74,30,19,60,93,50,22,18,88,90,100,33,21,48,57,72,47,100,47,50,29,17,36,15,95,27,70,90,59,89,43,69,35,13,75,80,28,48,17,34,56,97,40,32,21,31,46,46,11,99,32,84,35,65,39,47,92,12,83,42,21,32,21,80,14,56,94,31,55,71,83,50,84,82,17,100,13,46,71,87,42,21,27,93,40,29,51,48,62,11,21,80,86,21,24,36,48,39,43,74,100,56,70,18,35,37,86,97,89,65,98,32,69,64,79,63,21,33,73,40,47,26,24,24,29,13,31,89,21,99,100,36,74,20,38,15,21,47,85,49,81,14,30,89,77,87,16,81,79,92,77,18,84,58
E68,96,62,48,56,30,34,24,83,23,96,83,85,14,75,29,18,95,37,34,51,60,81,99,36,22,66,29,39,65,90,61,72,16,48,99,18,71,20,11,93,37,98,80,82,21,89,24,74,71,47,14,51,13,24,40,36,30,12,41,44,43,85,57,65,13,73,19,42,76,70,60,54,17,73,68,54,100,29,55,100,93,68,29,38,19,58,36,25,60,13,35,94,73,92,74,19,21,93,95,17,50,98,66,13,34,83,88,58,36,17,64,61,69,12,11,54,86,87,45,61,86,60,60,97,87,41,27,41,37,98,69,17,13,73,23,97,50,76,11,13,84,73,18,45,93,16,81,63,35,41,33,37,48,37,13,61,53,78,72,47,46,99,79,98,77,80,34,89,93,31,41,69,52,86,10,83,73,33,28,77,51,79,98,28,97,57,80,53,45,55,50,24,37,89,24,83,63,13,37,49,76,31,40,64,73,79,81,36,80,100,72,35,60,82,91,34,28,40,78,12,14,43,98,40,62,42,66,56,76,49,62,63,45,76,65,71,44,22,60,39,72,21,26,14,61,39,23,68,52,54,31,83,66,71,61,14,25,43,55,75,48,10,75,23,24,44,42,20,57,66,32,79,24,100,49,37,99,58,18,19,63,78,58,25,23,49,59,13,35,58,19,21,76,87,31,61,12,52,53,53,100,90,44,58,54,43,32,60,74,41,58,74,42,39,73,67,21,44,13,35,47,96,44,90,97,50,45,53,82,55,96,62,64,13,11,39,10,21,21,86,62,92,27,29,73,29,38,76,58,85,70,44,97,26,98,22,93,66,36,59,77,39,78,57,94,17,84,51,96,90,67,12,84,34,43,13,87,83,20,62,97,56,14,79,24,18,34,62,98,43,12,40,45,77,90,42,81,44,34,70,69,14,11,98,63,32,72,83,52,94,83,52,100,25,49,33,86,55,42,46,88,59,64,83,52,47,27,20,99,70,99,99,55,65,26,70,53,31,74,10,11,24,63,18,92,67,36,44,49,69,84,94,46,99,50,84,33,39,50,96,25,62,37,80,39,30,64,45,75,87,72,21,97,97,15,16,21,66,11,69,81,23,26,97,89,46,91,93,53,67,61,19,40,15,44,82,48,81,46,21
E69,99,46,32,90,100,91,41,50,54,29,79,35,91,37,71,31,96,78,70,55,61,94,72,83,81,25,94,36,16,27,63,51,58,45,91,68,70,22,20,53,76,81,26,18,77,69,14,96,76,86,45,19,10,72,83,25,24,63,25,19,48,61,42,42,58,93,20,23,84,74,40,17,83,68,56,48,32,48,72,37,95,76,79,93,53,100,33,40,73,95,71,47,81,96,73,68,10,17,70,81,81,25,90,28,53,41,32,52,22,30,21,93,81,13,80,30,31,61,71,83,84,17,88,62,95,61,62,12,28,79,65,56,36,80,37,83,92,56,68,18,62,49,61,95,77,27,23,10,11,34,97,70,11,85,12,67,15,41,72,76,17,77,90,75,63,100,65,84,38,31,14,73,100,14,83,75,40,44,74,44,86,29,96,98,98,65,72,48,79,66,62,97,32,88,62,54,17,70,46,96,44,53,60,50,66,27,64,70,60,56,96,45,21,86,75,30,74,23,67,85,44,73,71,83,54,10,15,34,49,52,26,29,17,33,65,32,60,88,38,17,37,26,59,94,42,54,31,57,66,38,40,11,88,14,69,43,15,58,39,52,21,65,75,53,28,92,29,44,69,61,71,57,25,26,53,100,81,35,71,91,83,85,13,17,55,36,61,62,86,36,34,27,73,65,39,37,43,26,29,78,55,99,61,30,76,39,69,27,38,73,96,32,33,53,84,36,23,14,39,39,70,99,16,10,79,98,84,49,28,93,36,42,14,36,67,11,44,35,34,39,35,97,25,90,90,78,75,36,78,45,56,61,91,20,26,56,92,72,80,90,11,44,69,38,66,22,85,77,100,92,90,57,97,96,24,71,63,83,94,59,79,12,93,90,59,47,57,100,55,49,48,98,28,22,57,72,95,99,79,38,69,89,95,30,65,47,13,51,36,28,90,67,35,92,87,64,76,77,56,88,36,43,26,77,81,37,91,83,14,38,87,68,88,87,69,96,96,76,37,96,37,20,98,57,12,40,31,22,86,75,57,84,96,63,54,56,20,97,97,13,26,52,11,60,65,65,93,77,61,91,95,14,61,92,68,38,48,73,63,70,21,48,82,83,96,78,64,41,28,81,84,55,88,21,10,39,77,52,33,49
E70,28,70,58,31,29,23,51,55,82,61,40,96,66,47,36,83,96,63,39,86,87,42,88,53,86,46,10,35,81,82,54,51,46,63,56,65,94,93,57,35,19,70,17,75,72,37,14,16,29,21,12,94,28,69,36,58,95,58,38,97,31,54,59,94,69,36,100,33,31,36,46,74,67,44,82,37,86,18,64,95,60,10,22,84,25,14,87,11,48,80,76,65,60,12,66,36,29,62,49,48,67,81,83,90,98,35,95,70,75,55,88,56,90,45,21,71,65,17,88,95,12,86,35,73,22,63,47,100,94,94,56,91,81,23,11,46,54,72,41,44,63,65,83,48,42,73,37,98,39,79,66,80,17,51,26,74,83,13,94,52,59,65,54,21,80,34,66,79,48,67,66,21,85,77,79,74,40,66,45,41,43,55,15,87,61,75,50,89,37,74,15,60,30,51,17,29,40,15,75,83,92,85,96,59,45,60,87,91,31,43,38,48,39,55,42,77,61,86,52,32,24,33,23,97,55,59,14,40,74,67,18,10,76,79,15,36,52,49,63,89,47,58,64,10,48,85,17,37,71,61,43,66,45,68,65,84,25,94,20,64,20,33,32,24,53,15,40,83,97,61,99,50,54,80,62,100,74,99,18,91,82,91,15,15,48,25,50,76,87,38,37,37,57,26,79,63,94,61,10,22,38,75,50,50,10,13,31,85,53,71,34,76,11,23,13,18,33,47,55,69,22,79,21,57,81,17,59,93,21,86,47,87,82,84,24,34,61,90,57,14,55,53,25,83,22,95,85,38,83,62,78,66,20,74,65,94,73,19,71,10,78,11,92,49,88,28,86,36,100,30,81,56,12,72,99,22,86,64,20,29,85,38,36,27,19,34,45,83,55,30,27,15,82,43,15,95,16,37,71,96,19,70,73,56,76,81,54,59,29,67,42,79,10,59,61,23,18,98,33,63,26,14,93,39,17,59,85,57,19,64,50,72,96,21,31,24,25,80,65,16,92,18,79,20,25,95,26,95,100,92,39,96,88,87,38,35,17,33,51,55,84,75,73,84,27,17,64,29,38,24,46,94,53,86,65,81,94,98,74,99,87,23,12,84,100,59,91,23,83,61,80,16,46,55,13,54,30,21,18,28
E71,16,37,64,10,76,25,61,45,23,98,81,11,42,42,62,15,79,99,19,98,88,73,23,42,14,80,40,44,64,82,51,43,45,82,55,13,61,11,85,97,52,74,14,62,26,98,68,43,53,60,65,86,81,38,97,89,91,79,54,83,93,15,72,43,28,87,45,20,49,28,95,89,94,12,47,89,55,68,93,66,65,32,50,34,96,90,78,46,68,61,59,87,20,86,54,34,15,22,60,46,73,27,77,90,61,25,70,47,96,58,76,50,84,11,27,97,59,26,87,67,59,20,25,59,59,27,79,61,65,11,34,49,86,76,26,44,61,80,86,90,96,62,71,93,15,25,60,57,58,30,73,72,97,47,15,30,18,56,73,26,36,21,28,51,28,45,32,35,53,29,53,59,14,10,76,51,76,89,49,86,59,18,67,33,23,56,17,53,29,11,90,56,39,52,35,21,34,25,75,44,57,62,12,52,88,89,39,46,94,29,41,29,26,25,10,87,20,28,84,44,43,38,23,45,99,92,19,45,13,78,72,75,38,43,98,35,97,91,69,71,85,79,29,98,48,15,29,22,24,64,77,28,39,21,37,72,89,82,97,76,20,74,23,93,11,15,97,82,59,29,49,30,62,54,69,76,88,65,37,96,52,56,74,70,67,46,54,26,63,37,99,48,74,76,78,28,35,73,90,29,50,49,47,33,26,91,51,35,51,24,18,69,77,96,81,33,80,13,52,15,41,42,53,56,39,80,77,33,75,70,30,10,43,66,60,70,65,58,58,100,15,78,26,79,79,73,48,51,100,99,74,67,20,95,26,17,90,70,50,36,19,97,37,59,81,56,87,34,23,57,100,27,60,26,22,94,93,14,71,47,20,42,43,38,10,91,25,11,59,20,45,46,55,28,85,86,58,49,55,100,69,49,44,36,37,18,86,88,71,22,25,97,56,39,39,41,45,84,67,31,89,65,88,69,13,21,13,15,36,91,48,38,47,48,86,86,73,56,79,99,55,80,62,90,18,77,77,74,21,70,75,61,16,100,26,24,56,83,85,29,73,87,42,37,68,65,38,75,26,72,46,84,15,36,37,25,30,31,33,39,87,51,43,81,15,66,11,47,67,36,97,25,49,77,37,60,81,69,49,68
E72,70,73,42,10,68,12,38,61,59,62,55,61,11,10,96,67,58,27,30,80,29,25,33,97,92,78,26,25,84,37,74,63,78,31,71,81,43,66,27,64,43,100,37,86,36,35,11,48,56,92,85,65,82,31,94,14,61,61,94,60,14,44,79,55,39,22,33,35,42,93,43,36,53,76,45,84,81,21,24,76,94,49,65,54,22,29,43,33,25,13,59,40,69,81,97,21,70,100,12,49,81,100,38,58,42,90,77,22,20,98,62,53,84,54,56,80,90,100,57,83,43,31,19,89,41,73,83,35,23,36,62,34,98,60,53,83,73,32,72,61,69,64,76,73,70,72,56,82,36,56,81,64,19,36,49,21,72,42,86,19,84,54,38,81,13,80,93,79,48,32,65,72,26,34,35,87,87,11,96,72,61,24,56,13,14,22,19,20,38,88,23,52,49,77,10,49,46,33,35,62,42,73,89,30,19,43,84,87,11,21,10,77,60,22,59,42,68,100,87,12,49,90,94,87,83,21,53,71,38,77,94,13,58,68,88,83,58,69,95,39,59,67,33,14,84,96,60,25,15,33,34,68,33,65,49,38,96,32,17,56,75,59,82,82,66,30,44,56,89,70,23,95,92,56,56,97,66,89,35,30,72,69,10,25,24,97,52,49,96,89,22,69,96,73,36,90,33,62,10,85,64,75,53,62,75,80,98,78,92,97,80,63,18,14,77,53,96,87,70,35,54,74,58,71,85,47,37,99,34,62,45,44,73,16,31,58,35,29,72,60,73,94,64,54,86,60,43,52,76,66,93,59,59,89,43,84,91,43,66,20,54,55,90,40,45,66,42,50,92,14,91,26,42,13,56,40,66,73,31,86,92,10,81,44,96,77,88,60,50,39,92,89,43,52,13,40,66,54,45,80,14,71,77,10,57,39,78,37,35,78,57,61,84,34,33,87,25,41,62,86,58,48,77,15,99,45,13,70,38,68,36,17,45,21,55,10,59,37,32,100,42,13,50,23,15,28,62,56,76,39,78,67,90,84,65,36,35,47,60,69,45,92,64,44,98,60,65,14,41,37,27,72,35,83,89,70,43,24,52,86,28,16,100,83,46,18,16,21,12,32,90,72,65,15,71,78,24,97,86,51
E73,24,60,48,76,43,85,69,70,82,91,70,35,76,35,40,12,64,21,43,42,37,51,67,93,57,44,100,70,77,85,36,53,12,54,95,92,97,33,62,14,33,69,13,61,77,70,52,65,70,17,71,20,91,99,79,97,25,30,86,33,40,61,22,37,82,24,26,34,72,69,42,56,86,92,85,76,48,96,23,99,36,41,73,62,74,67,11,52,98,74,11,72,84,18,15,90,61,92,56,25,13,64,44,15,73,14,68,77,36,78,97,92,48,66,77,44,75,35,11,39,42,76,54,69,37,65,52,94,46,98,96,10,47,43,89,26,71,33,75,17,88,11,34,25,67,80,74,41,94,59,42,41,20,64,73,76,51,89,74,44,43,44,15,80,81,94,83,50,85,37,13,35,33,90,14,69,90,57,65,10,53,29,64,89,89,16,25,56,30,36,93,14,26,87,86,94,89,61,58,35,38,12,86,31,41,55,61,55,43,10,41,13,66,86,92,85,25,55,45,17,33,97,69,36,30,13,25,28,90,87,55,37,21,81,51,10,12,47,26,35,20,95,78,27,99,14,98,59,76,26,17,48,77,25,98,14,82,40,17,54,48,77,46,100,67,37,76,55,66,72,86,67,36,85,77,29,44,52,91,97,51,40,77,23,57,20,78,30,72,28,96,34,75,27,65,45,26,85,55,22,74,53,33,56,56,92,69,97,63,77,77,94,20,53,53,85,15,41,16,75,25,83,64,89,52,48,43,74,68,59,23,96,53,11,100,47,75,80,46,84,24,51,13,75,83,27,93,42,46,62,47,15,40,52,13,66,62,86,56,54,55,86,99,36,57,52,75,75,19,17,74,27,94,29,67,66,52,48,67,67,90,73,73,44,57,83,33,57,46,100,25,26,37,75,67,28,46,85,41,71,86,70,88,14,12,73,17,100,46,52,56,86,46,80,49,82,98,63,69,43,23,65,64,26,35,96,82,53,63,94,72,25,29,52,56,85,38,53,13,31,67,65,67,43,89,12,58,48,25,29,29,72,28,96,71,60,56,35,18,46,57,24,98,90,35,45,23,73,91,16,17,53,46,56,53,81,40,47,55,55,89,53,56,65,33,25,64,81,94,37,36,57,94,71,99,63,63,75,16,81
E74,88,55,10,48,84,21,13,74,63,16,47,35,20,70,21,57,52,97,70,81,51,30,21,90,84,68,84,39,38,60,81,59,15,88,97,41,18,95,97,63,14,77,83,76,74,79,54,92,96,13,21,14,57,57,80,35,86,20,21,23,57,36,32,15,30,61,46,16,14,88,100,34,97,96,40,100,37,83,65,41,73,85,15,33,10,95,95,40,79,81,91,67,76,31,93,18,81,78,88,37,77,48,46,67,76,22,62,67,65,61,41,44,27,11,79,39,48,75,99,21,33,47,33,61,65,47,71,45,29,62,49,45,13,42,69,92,81,34,97,31,73,86,65,62,40,66,86,93,51,76,21,97,98,80,70,66,48,44,88,82,31,49,59,77,67,94,21,49,42,59,88,37,82,88,100,52,41,21,51,52,65,61,49,93,28,35,88,45,11,29,90,58,84,11,81,82,58,44,85,59,59,63,95,76,18,25,94,78,33,27,83,28,41,95,93,90,92,27,44,59,81,72,27,33,16,38,69,36,39,72,100,81,44,16,59,96,18,36,75,62,72,48,100,76,51,73,74,41,16,43,52,51,84,59,97,51,96,67,94,61,93,95,57,68,74,59,81,96,10,16,55,53,18,26,60,91,71,93,64,43,91,42,87,43,37,63,38,31,69,14,57,62,23,42,65,55,34,42,42,32,15,17,47,29,21,97,75,65,66,42,68,22,57,27,16,41,51,20,90,83,21,83,77,54,95,94,12,53,62,57,90,22,40,38,50,80,50,16,79,21,90,43,34,33,33,100,82,74,70,64,62,100,36,33,72,95,85,98,16,45,26,36,36,80,22,10,61,15,74,88,19,72,15,14,56,29,26,87,20,77,44,54,68,93,47,84,62,56,89,86,12,52,26,70,12,100,33,54,88,89,64,22,24,47,37,50,74,34,15,49,10,90,71,71,56,25,38,15,64,19,11,86,29,27,23,61,80,85,68,46,53,35,68,24,46,67,40,29,15,46,41,20,88,26,66,46,41,21,32,62,64,62,54,60,15,32,38,35,61,21,62,55,53,75,12,63,28,42,68,51,52,53,29,63,68,27,16,96,40,61,90,70,17,28,68,50,24,10,10,55,97,65,80,72,15,64,84,10,50,69
E75,19,19,32,20,99,76,21,59,68,98,86,35,33,40,56,34,83,39,99,39,12,90,57,44,77,46,84,99,50,20,63,52,70,17,66,84,47,34,28,23,100,77,39,14,28,44,32,60,97,43,62,77,52,90,97,52,24,83,13,28,14,48,18,93,18,51,100,49,79,74,14,50,22,16,87,38,34,46,60,56,41,38,63,35,40,10,50,71,100,57,99,48,34,69,99,16,10,83,79,46,25,61,43,39,67,67,14,91,92,28,22,69,11,44,66,17,24,33,53,100,99,89,31,80,97,38,37,90,82,70,21,67,92,79,57,58,77,23,68,58,87,66,57,14,55,87,22,73,40,98,82,40,13,99,18,17,97,54,56,85,20,58,87,80,34,41,93,19,72,85,37,58,46,92,73,13,76,87,42,48,15,59,54,100,90,47,55,29,52,83,35,57,69,12,94,73,58,57,10,83,43,60,33,11,70,78,92,51,64,28,93,33,67,24,84,94,30,62,13,26,90,94,59,18,25,81,65,75,12,25,13,87,38,65,10,85,93,18,85,45,83,10,81,18,93,69,16,16,35,27,73,98,61,95,31,77,13,54,95,95,98,77,69,69,72,73,16,20,45,95,85,69,27,99,59,74,26,22,23,82,52,64,92,93,86,61,49,65,13,72,67,35,91,50,86,56,59,99,82,97,24,85,31,29,14,55,25,36,57,61,40,82,94,68,46,77,95,88,32,55,15,16,73,55,23,64,69,44,77,63,91,70,34,56,79,25,80,26,24,72,73,43,75,67,46,73,67,87,40,57,88,89,95,96,52,93,80,49,37,78,40,57,59,87,84,85,70,25,32,54,28,14,20,88,35,17,99,58,42,64,91,83,25,29,58,72,24,83,21,82,63,84,83,34,36,57,40,96,14,37,90,19,41,81,71,81,37,15,51,92,60,77,26,75,71,57,39,40,52,52,32,64,98,31,16,27,86,96,45,80,72,42,71,74,25,24,33,81,30,61,85,95,85,35,47,57,25,67,39,83,31,26,27,84,38,20,66,92,68,75,65,52,11,41,82,93,45,97,66,57,92,92,17,50,51,71,98,94,73,71,82,20,68,48,36,19,26,95,48,37,48,92,50,36,54,41,74,99,19,18
E76,98,52,73,55,14,85,28,68,30,16,89,44,75,14,34,58,85,99,57,67,92,55,63,33,88,42,35,35,83,22,62,78,58,68,10,76,78,50,51,12,61,83,44,39,84,92,44,44,23,17,18,12,48,28,72,85,70,43,89,34,54,45,84,29,24,10,23,77,19,74,79,91,88,63,88,89,92,24,37,29,90,85,41,57,67,51,36,77,49,74,91,19,22,21,51,73,14,34,48,68,57,60,16,92,21,62,46,97,30,59,33,48,52,51,46,63,30,10,32,25,39,53,100,42,59,89,100,99,31,28,94,41,82,46,10,72,20,66,41,95,47,39,45,59,59,17,89,53,43,70,97,16,94,16,63,16,41,83,77,19,16,66,83,55,23,60,34,53,27,19,43,90,20,32,10,31,31,47,91,23,72,53,61,18,59,75,15,87,53,65,42,95,20,77,52,44,25,34,37,96,35,65,60,56,11,27,76,53,86,18,52,65,99,50,80,24,66,92,88,22,95,57,70,80,31,82,17,100,52,32,48,85,32,31,20,84,24,92,97,23,93,46,30,83,84,87,44,74,24,47,24,46,10,20,37,75,56,98,100,60,83,84,34,84,25,46,31,62,51,29,10,25,30,100,13,23,67,48,15,29,16,89,74,92,48,99,49,65,89,74,75,76,60,61,56,89,48,79,19,98,79,28,69,33,86,25,41,94,59,68,95,51,87,23,63,49,44,98,91,83,25,50,34,29,24,81,93,13,22,22,34,17,76,50,27,37,23,55,61,78,31,40,47,33,79,42,11,26,28,42,60,32,60,71,20,90,41,30,11,27,50,41,42,30,40,78,64,66,15,67,70,59,13,49,27,89,35,93,91,94,94,85,78,73,91,100,64,100,60,70,48,16,79,99,73,72,27,19,15,67,93,53,32,47,98,16,12,40,37,99,14,57,19,12,98,96,86,73,28,46,69,27,54,45,33,65,54,47,18,65,95,78,85,95,36,85,32,72,65,100,39,84,80,50,99,33,38,81,94,23,80,31,75,83,34,58,92,34,95,90,31,68,80,93,64,76,12,71,15,45,33,93,39,55,68,93,39,20,76,88,87,57,84,40,19,20,64,97,84,85,33,96,20,93,34,50,41,49,100,69
E77,17,54,10,70,93,10,73,71,57,10,81,80,48,82,46,94,83,88,88,61,35,54,68,58,74,63,100,63,26,19,40,79,11,51,84,55,19,88,42,80,45,55,45,31,30,57,84,52,53,22,35,34,100,14,51,88,18,54,47,22,84,62,36,94,98,55,24,100,22,13,86,62,73,49,53,23,96,39,64,39,61,55,87,11,52,13,42,18,72,40,73,28,28,40,43,27,63,99,72,74,69,15,100,35,96,32,37,91,79,24,27,76,20,66,18,77,89,93,82,39,55,49,96,66,97,50,27,25,19,30,66,50,84,64,41,73,37,19,21,49,87,36,40,23,12,78,74,61,30,40,16,65,52,84,43,96,13,13,40,78,22,75,12,41,100,63,48,80,57,21,96,14,15,26,18,74,29,48,19,100,42,13,79,21,67,15,27,76,43,64,18,64,91,80,70,78,67,92,90,34,33,18,46,82,87,83,71,11,36,95,26,12,45,34,92,49,95,73,42,37,36,49,49,26,23,15,62,56,18,15,12,47,60,10,18,11,90,47,24,35,25,40,53,56,52,68,83,48,27,16,70,28,97,97,26,96,39,86,55,64,98,69,26,94,20,72,58,19,100,76,86,81,84,80,73,80,68,72,64,70,66,57,18,37,74,71,69,94,19,26,37,87,78,20,78,83,38,88,68,92,91,30,15,45,74,70,38,14,45,56,24,85,42,50,53,74,62,75,20,92,68,38,45,24,78,81,97,13,73,84,94,61,49,96,15,41,90,91,23,54,72,50,75,52,89,34,82,23,79,91,51,40,94,60,27,14,56,45,49,86,34,40,84,33,67,20,96,82,50,42,13,62,39,76,50,63,68,11,27,16,69,91,19,55,35,68,81,94,45,33,17,97,54,55,97,93,54,53,38,96,50,44,46,14,67,76,100,85,96,62,68,69,99,74,77,78,85,31,92,27,23,14,14,68,27,96,95,11,45,12,89,49,73,18,25,32,47,61,23,98,66,56,95,72,78,98,11,45,22,12,98,49,80,64,62,71,20,76,63,42,44,29,65,26,47,48,73,17,99,43,82,80,63,70,20,24,12,25,74,69,69,11,39,41,30,51,69,16,98,46,94,47,38,13,69,41,27,49,58,94
E78,64,77,82,88,71,94,42,86,96,17,37,91,17,43,39,75,22,69,66,89,86,74,85,83,28,43,61,83,30,46,69,12,46,77,25,23,97,34,17,21,75,64,46,41,27,41,20,43,55,98,58,57,22,75,25,31,69,57,86,20,70,17,12,41,44,40,68,44,35,29,55,58,97,70,47,13,98,52,36,58,27,50,21,93,95,29,36,25,19,53,43,23,91,18,24,85,13,91,27,13,58,11,72,23,41,61,93,84,36,16,14,56,26,32,19,96,49,43,30,92,64,66,93,41,56,35,81,43,95,27,50,64,25,25,62,23,97,50,95,89,83,88,49,44,28,62,99,20,78,45,52,50,36,66,50,78,29,61,77,26,92,89,57,17,78,23,44,88,84,94,49,14,33,34,27,34,54,81,57,85,39,54,75,17,98,36,95,90,52,92,31,75,76,13,53,13,73,50,15,73,95,75,21,84,97,90,67,37,56,43,47,26,55,33,45,100,99,70,73,72,71,42,46,45,82,59,43,85,41,14,49,64,46,16,16,65,11,59,82,78,75,27,59,48,79,65,26,95,68,56,56,36,73,69,85,39,81,55,93,47,93,58,12,84,22,27,25,12,42,13,69,30,56,42,55,35,87,65,15,21,65,17,83,88,38,28,90,42,69,13,66,82,28,60,27,56,95,23,100,71,47,35,25,97,60,17,37,26,57,17,93,39,97,98,84,48,41,96,91,86,75,77,43,44,29,68,81,83,55,29,97,41,64,21,73,85,43,82,63,43,53,49,87,99,55,89,55,68,74,24,32,67,34,23,73,100,46,97,94,28,66,23,77,39,26,28,97,45,13,30,37,86,36,60,95,26,70,59,23,69,62,44,100,13,95,45,15,45,59,53,94,56,22,20,30,80,58,39,74,20,25,12,54,10,27,100,26,78,87,30,14,71,93,47,96,91,53,85,55,31,77,27,66,63,72,71,44,33,36,89,36,50,99,43,37,39,91,68,34,27,66,76,37,87,63,84,33,20,54,25,15,11,27,58,10,72,66,31,18,42,34,90,90,42,99,76,59,82,95,58,53,37,73,18,56,55,70,41,24,13,55,33,10,81,82,81,34,18,81,68,38,13,95,82,56,16,70,89,36,39
E79,69,67,39,23,26,88,70,34,45,20,49,76,53,16,30,97,98,68,95,57,87,91,99,13,77,29,62,79,12,10,87,17,70,29,32,13,81,93,90,71,20,30,25,76,84,45,54,33,41,86,92,99,51,82,62,14,26,40,36,19,51,89,89,76,69,54,24,68,56,67,89,13,35,31,35,11,80,77,78,17,65,10,87,46,18,69,53,11,31,45,25,38,13,16,66,75,90,79,64,73,93,54,76,99,72,51,53,97,79,53,10,85,53,83,22,48,52,15,47,89,66,32,41,60,62,89,47,96,60,26,67,32,74,64,53,23,79,25,46,98,27,15,49,38,93,80,44,94,51,15,97,98,43,61,28,23,72,59,43,94,34,47,87,35,83,46,23,64,58,67,42,14,66,81,96,81,96,98,63,82,75,99,56,78,50,67,44,89,19,21,16,60,92,65,68,92,29,64,47,21,74,67,89,40,93,84,67,78,88,50,37,68,70,16,19,30,45,83,37,24,65,44,55,96,95,86,76,28,43,41,66,79,11,44,66,10,47,15,71,90,85,35,59,54,18,75,67,57,60,84,32,65,99,85,27,16,38,95,30,70,36,53,73,25,28,56,59,71,33,19,29,41,10,13,80,53,68,94,74,83,54,85,24,57,39,28,100,49,33,53,59,58,12,10,84,79,10,52,72,78,37,62,93,87,15,99,36,13,35,44,19,41,91,61,53,93,34,26,85,75,51,65,78,44,88,96,87,66,66,13,73,15,64,15,13,73,44,58,22,45,40,41,66,14,16,45,85,20,94,72,49,46,35,59,81,66,20,94,91,58,40,74,99,68,65,33,20,55,71,100,72,48,10,51,42,57,74,65,64,25,77,29,47,79,73,49,18,45,31,72,74,56,39,90,18,42,23,87,74,74,70,32,63,36,100,43,97,83,32,20,91,30,27,36,38,83,84,77,30,25,50,82,13,11,69,99,25,37,27,94,99,10,47,44,75,43,54,63,68,71,19,56,95,44,24,69,93,99,58,59,10,47,50,63,80,85,39,83,20,22,61,97,49,57,66,93,61,72,95,67,61,57,70,65,59,61,42,71,60,15,81,55,26,11,74,95,53,92,27,85,65,49,52,51,33,19,72,56,17,46
E80,83,89,78,76,73,77,27,85,81,74,72,28,69,56,48,45,28,31,10,65,19,97,99,80,56,98,15,63,87,31,86,78,69,96,39,92,77,65,97,45,14,17,58,71,27,49,63,65,35,84,14,41,30,21,42,41,17,34,21,79,99,34,82,40,40,12,20,23,24,75,43,95,12,61,55,42,74,78,51,53,76,73,50,57,27,99,47,55,29,82,60,23,53,19,45,34,62,87,68,42,54,68,100,76,37,50,19,67,83,79,35,93,74,68,21,94,40,52,54,60,64,89,65,41,94,36,79,83,55,100,78,65,95,42,18,69,93,78,28,51,97,59,15,98,25,86,88,84,24,65,26,43,64,87,49,91,70,63,100,31,85,35,60,97,78,46,27,65,77,56,24,72,85,68,34,65,71,82,87,16,21,10,26,93,73,19,87,17,96,89,50,96,26,11,34,79,94,68,30,22,26,25,56,91,19,83,15,91,45,55,58,31,49,44,63,98,33,29,14,22,60,53,64,62,37,90,40,87,37,96,55,14,76,29,46,34,26,59,26,51,40,96,78,21,45,11,40,16,92,73,50,50,86,77,46,18,96,45,30,17,28,46,77,48,34,54,16,72,45,57,11,86,37,41,33,75,16,84,91,82,87,69,13,27,43,44,10,48,35,21,13,89,11,69,71,22,95,81,32,40,96,52,99,98,40,26,72,70,90,92,38,72,65,55,53,42,66,60,18,66,26,66,55,70,38,53,51,49,81,23,46,69,22,33,59,62,64,23,53,97,41,84,37,83,26,87,44,32,69,100,16,27,18,54,17,92,22,36,42,38,91,41,82,16,65,30,70,89,79,88,92,52,74,33,46,67,70,34,37,100,82,18,26,87,87,15,38,67,24,98,86,24,28,66,54,86,41,82,99,56,50,69,95,21,46,33,20,21,63,96,33,32,14,100,60,93,96,51,86,21,15,10,45,42,34,60,42,37,60,44,47,42,36,30,82,63,85,21,42,28,30,98,100,10,90,17,69,90,29,31,66,60,74,40,50,30,69,75,16,90,74,67,79,50,95,71,23,17,87,37,34,79,57,37,15,11,15,85,15,17,95,64,37,91,27,53,75,64,92,70,67,52,46,61,57,80,62,25,71,31
E81,80,94,49,69,93,13,40,47,45,63,91,37,38,33,46,58,55,93,95,62,77,46,18,52,47,62,35,52,25,69,50,73,36,50,18,75,56,23,73,60,82,96,59,55,100,82,56,84,62,51,62,11,15,91,39,100,38,67,50,29,33,82,60,44,76,42,91,27,21,11,82,30,33,26,51,21,43,53,55,71,85,91,57,35,68,92,26,39,72,60,62,15,44,18,46,28,64,49,37,17,33,89,70,15,79,19,38,72,29,32,85,81,28,25,12,89,35,56,91,29,49,95,34,87,29,31,87,91,57,14,21,96,95,49,82,60,27,81,43,13,68,65,96,92,95,85,52,35,87,16,79,69,78,37,94,94,47,73,61,68,97,89,13,16,66,74,29,49,48,61,65,60,58,87,49,98,81,38,65,97,10,97,82,91,49,36,76,62,74,30,97,55,12,77,51,52,84,33,52,91,64,31,83,71,33,58,58,82,28,36,28,51,67,30,72,41,90,48,62,79,87,31,70,17,97,44,69,32,34,96,97,40,42,91,42,65,63,60,23,15,55,22,48,86,59,21,79,16,58,75,60,31,74,80,59,76,99,76,70,88,31,44,42,87,42,12,41,97,93,96,89,56,20,76,64,89,100,51,63,21,39,95,48,44,16,81,79,39,99,93,40,22,79,41,79,13,25,60,84,34,44,70,63,84,18,27,92,36,73,73,87,41,90,88,80,10,21,96,30,30,13,19,59,37,22,74,56,33,13,10,90,29,40,84,22,56,29,37,19,34,41,60,91,97,37,96,18,47,10,85,80,32,20,31,72,15,33,41,25,80,86,64,71,33,14,24,33,89,54,87,12,41,22,94,68,72,91,50,61,83,99,98,11,10,99,10,98,23,93,84,91,20,69,58,53,37,32,47,49,77,40,42,37,75,71,24,57,19,50,46,73,48,65,89,24,24,69,90,17,98,80,67,11,27,71,28,78,33,14,42,16,15,89,40,94,76,11,79,35,46,90,82,92,24,32,36,31,24,58,95,97,11,13,57,86,100,37,32,43,99,19,79,39,27,97,54,33,67,59,30,56,28,93,15,30,21,38,24,22,65,69,82,54,47,31,77,37,31,59,73,96,13,22,20,61,67,74,24,24,65
E82,69,78,62,27,86,10,32,50,22,52,34,74,60,42,31,65,66,39,12,31,31,15,88,83,48,20,71,97,53,36,92,12,46,96,11,56,35,19,87,76,45,19,17,95,53,13,67,51,50,10,77,43,74,50,30,80,47,62,72,67,17,39,73,74,42,65,67,88,72,16,10,81,93,39,13,93,67,60,44,94,47,15,53,75,39,51,51,10,20,73,30,66,31,68,92,86,66,41,27,80,33,82,13,25,98,80,40,26,11,56,23,21,30,18,34,42,13,64,35,59,78,13,19,89,86,15,56,13,32,48,15,61,50,18,18,96,70,91,44,70,19,21,68,16,95,60,44,79,55,66,82,65,75,81,61,34,90,94,21,30,42,17,67,94,87,13,49,91,48,79,97,20,41,79,94,76,25,83,17,25,22,45,52,99,62,73,98,61,69,66,63,19,84,53,26,44,82,61,13,22,71,14,82,29,22,67,64,49,52,19,71,69,15,26,29,95,36,81,10,42,100,54,39,49,67,74,30,66,68,94,27,51,34,29,17,89,55,91,85,92,98,33,78,44,77,82,81,70,40,56,100,74,73,32,68,31,89,87,34,37,90,53,99,70,97,90,12,30,99,42,13,88,41,83,74,61,95,64,35,87,77,49,59,46,78,46,44,27,96,68,41,84,81,39,50,60,96,54,26,100,40,87,19,80,80,63,94,68,61,31,29,70,41,52,38,40,49,10,59,90,30,17,23,62,64,34,41,44,17,24,43,98,27,21,57,60,98,35,42,98,53,32,63,37,61,31,77,81,63,33,37,34,56,68,14,46,45,44,56,56,25,93,49,36,44,47,28,20,19,23,69,53,43,83,43,47,82,52,71,92,46,31,20,90,80,78,48,32,90,48,58,40,74,24,56,19,30,89,24,25,62,44,72,92,88,32,42,94,59,46,32,85,86,74,66,32,42,66,36,51,37,93,89,89,77,73,57,92,82,25,56,40,10,17,69,50,25,43,57,93,19,77,38,45,71,82,32,97,40,16,53,69,81,31,43,51,35,19,13,74,21,27,42,61,48,40,71,78,91,97,59,31,49,36,16,91,19,44,90,63,11,64,63,85,59,24,13,58,86,90,62,41,67,49,87,23,28,18,76,72
E83,86,99,90,14,59,53,11,64,19,44,66,20,54,84,11,23,23,31,50,10,27,34,20,63,15,10,42,16,33,71,31,81,89,79,63,75,39,91,27,24,32,17,80,60,20,43,99,88,80,47,28,57,14,69,89,60,58,89,87,91,67,74,43,30,14,17,92,18,46,20,45,44,27,42,60,11,92,70,38,72,31,41,100,78,64,18,55,84,57,31,76,100,51,86,100,86,44,68,51,94,70,99,65,37,72,99,87,74,31,85,39,13,53,50,73,71,83,70,94,86,92,78,36,59,66,65,12,70,49,90,22,15,57,85,37,87,44,96,78,23,50,10,45,39,82,17,40,53,65,13,27,77,55,80,90,62,89,90,59,64,11,89,63,37,55,49,96,69,60,12,72,51,20,31,21,17,21,74,47,26,59,31,94,27,58,49,93,46,23,77,12,26,45,54,84,47,17,74,54,87,91,39,51,61,57,40,53,30,45,92,41,70,68,85,52,14,67,63,97,56,51,68,38,72,42,81,55,29,52,19,31,31,52,80,47,63,68,85,91,16,20,94,72,51,31,30,71,85,91,32,89,45,82,97,64,51,30,36,89,60,73,42,96,84,82,88,16,28,17,38,95,76,53,44,14,66,10,17,81,43,21,53,83,20,26,46,28,63,82,50,70,50,38,98,79,53,18,100,35,96,87,71,58,100,41,52,30,88,46,63,19,49,26,65,31,12,44,17,75,55,28,12,60,41,36,43,62,19,18,77,86,73,77,73,34,67,28,76,32,93,58,54,87,34,94,37,98,74,15,46,23,88,18,71,20,59,16,41,35,96,39,17,74,57,47,46,21,77,93,48,41,63,93,65,16,95,33,96,12,90,87,35,21,38,70,80,79,16,30,97,18,14,84,40,63,72,62,73,68,69,68,40,63,53,68,58,49,55,54,48,52,89,17,36,42,74,24,88,52,99,42,35,55,24,23,16,27,58,89,36,83,50,57,36,40,16,78,89,27,34,98,41,34,93,20,36,56,96,18,49,93,76,50,53,13,69,12,28,58,42,12,65,27,64,11,59,66,46,23,50,90,25,48,49,74,71,65,30,23,63,46,81,41,42,94,27,68,99,84,68,41,16,32,84,46,16,65,82,51,71
E84,31,54,31,95,14,30,39,56,74,89,36,68,69,24,30,57,79,33,78,43,77,81,87,20,85,95,85,48,87,55,20,59,96,52,89,84,18,100,99,84,45,50,60,94,47,48,65,42,51,28,40,84,10,13,43,19,57,31,48,29,77,58,73,78,56,52,42,73,11,18,74,85,70,72,86,97,54,15,25,97,48,58,67,15,88,96,39,64,72,28,92,53,15,26,74,99,13,17,98,49,95,19,69,71,14,91,73,40,44,99,64,15,96,41,23,62,22,38,94,48,11,72,85,89,26,97,21,59,44,54,71,51,32,72,54,46,92,32,74,95,35,26,81,61,72,97,74,53,21,55,97,16,64,60,76,75,18,54,55,69,24,98,51,56,63,96,63,20,63,63,81,84,48,15,82,40,63,40,59,42,62,91,11,53,82,57,50,25,99,62,24,19,38,36,85,52,63,34,33,26,43,57,19,75,29,57,60,87,61,18,85,26,20,28,92,100,64,82,67,49,81,99,59,84,72,80,48,77,71,83,74,90,87,62,35,20,83,64,38,17,54,30,73,90,16,43,100,36,59,83,33,33,54,82,20,64,42,27,40,10,25,27,71,46,61,85,11,24,72,59,36,23,87,21,83,74,64,41,69,97,93,12,77,56,95,54,38,59,10,63,29,32,34,11,62,34,54,63,70,36,92,55,72,68,57,60,89,47,31,87,76,49,18,10,48,11,100,14,37,30,70,36,12,37,26,49,77,32,100,66,48,98,58,36,51,26,97,39,53,62,20,24,81,75,98,29,11,41,79,10,97,64,96,100,84,52,74,95,62,27,94,18,81,52,35,93,95,18,100,23,22,93,30,74,20,69,72,87,13,36,91,60,64,59,60,39,60,93,88,48,71,32,74,19,93,41,30,63,51,84,75,45,53,11,34,35,97,72,88,16,32,95,94,86,45,13,38,72,56,37,54,91,98,35,95,23,94,35,29,100,42,53,26,98,67,98,52,63,67,22,84,90,53,16,41,16,57,61,74,68,81,17,68,18,26,99,60,52,29,46,89,47,79,87,19,74,55,30,86,74,40,74,74,31,10,19,51,25,45,85,69,66,73,62,44,83,21,41,61,20,62,55,66,62,54,27,75,31,27,100
E85,59,23,82,93,51,94,44,100,82,95,13,26,82,49,81,43,84,47,34,95,42,50,68,71,62,60,19,40,79,78,65,53,90,53,12,14,100,84,21,99,57,86,54,61,66,75,34,28,36,82,99,93,56,85,34,59,11,24,84,46,21,29,91,68,13,63,59,23,81,51,95,39,62,14,100,77,73,78,15,66,27,10,95,27,13,38,91,37,80,80,22,18,30,11,83,89,64,60,71,64,38,66,30,12,35,92,66,38,47,42,74,38,58,56,63,71,10,68,91,22,84,90,99,10,54,61,94,51,72,46,34,85,62,72,71,14,50,43,60,67,35,86,41,19,60,42,86,10,85,53,44,64,80,93,78,73,40,94,16,55,76,74,64,78,25,17,30,52,37,22,27,85,32,64,63,26,50,44,73,75,16,97,14,82,51,76,16,49,11,21,47,59,25,50,87,69,11,15,13,19,84,95,17,14,67,36,76,74,50,42,60,66,100,39,90,49,73,46,41,61,83,39,83,91,14,80,87,45,23,36,23,83,77,50,83,58,73,18,77,38,28,23,35,11,54,47,26,94,79,91,42,93,100,32,55,90,18,23,21,84,93,15,35,55,86,48,11,83,47,31,94,83,46,18,33,50,82,67,89,89,85,14,97,39,27,41,81,79,100,67,96,63,69,59,65,14,90,59,31,77,83,50,19,35,49,12,92,37,82,88,70,80,37,78,69,46,47,95,99,93,34,12,77,22,75,35,62,40,30,98,82,95,36,91,89,97,67,100,11,33,59,58,41,75,31,10,70,25,54,49,81,20,80,51,25,38,38,23,19,70,75,63,17,53,66,67,61,67,73,19,85,27,100,95,81,80,87,27,14,39,17,29,77,66,50,66,44,14,55,74,89,33,40,96,11,36,63,11,58,66,72,77,71,24,86,92,31,44,86,70,94,32,58,51,53,69,18,34,61,46,83,63,71,43,99,56,22,98,49,50,39,67,55,32,55,66,48,48,96,76,78,28,51,27,63,93,87,83,16,100,24,76,56,23,23,24,50,65,70,41,39,79,54,19,50,68,64,46,63,73,14,93,57,17,94,62,78,11,87,79,35,74,36,18,84,38,43,65,51,99,17,32,72,50,75,64,16,41,90,48
E86,54,58,35,98,40,36,79,83,29,41,48,89,56,27,45,51,67,16,53,19,50,53,70,77,91,27,61,34,78,79,10,91,35,31,44,96,28,69,21,58,24,95,77,95,59,30,98,75,90,58,84,69,42,71,63,33,37,90,70,13,36,97,81,54,93,45,70,81,66,98,33,62,77,22,83,34,25,88,29,32,83,45,21,32,99,38,27,75,99,10,60,33,54,40,97,84,42,22,74,56,45,53,57,45,18,79,88,31,50,78,77,40,20,43,10,16,39,54,61,38,13,35,30,74,29,65,70,34,51,95,48,88,11,49,67,84,79,58,56,66,22,64,74,84,65,93,27,21,34,28,56,17,77,63,32,79,62,78,50,59,47,90,36,48,66,59,16,97,97,77,78,32,36,12,83,31,56,79,66,32,76,86,93,91,47,60,69,95,37,60,36,19,60,35,41,12,80,47,59,15,23,70,30,60,29,75,11,40,36,99,61,49,87,16,75,46,95,73,46,83,20,90,21,65,40,42,93,100,38,97,14,39,22,17,98,22,59,62,40,58,65,32,28,77,45,56,50,49,19,47,10,78,91,52,68,88,58,29,30,83,55,19,23,91,10,75,49,77,64,20,14,58,63,15,94,17,33,59,10,47,63,85,12,91,23,66,43,88,94,52,35,75,91,89,23,58,27,49,45,19,13,63,59,90,72,79,79,46,50,70,38,28,19,65,54,17,32,97,45,29,37,77,83,34,54,44,42,11,68,19,18,92,11,97,69,31,88,76,57,13,31,41,94,94,13,54,91,13,64,65,66,22,42,79,53,39,38,94,35,25,73,20,42,68,83,50,55,42,18,31,82,80,98,31,47,84,32,30,10,33,74,95,80,19,55,93,33,16,75,85,97,55,27,24,66,60,80,10,25,30,63,87,65,31,52,15,51,17,71,39,27,45,86,18,39,86,47,40,16,41,98,31,56,15,31,72,42,86,60,29,40,81,39,74,46,47,16,96,39,71,92,60,55,42,36,86,84,85,44,29,81,55,77,12,34,38,13,76,62,91,42,22,46,81,62,93,41,26,85,93,15,75,50,12,52,17,44,95,75,73,94,23,52,84,13,50,25,81,26,37,69,72,31,23,17,88,16,71,42,46
E87,42,70,83,98,39,82,23,98,19,70,25,72,42,11,13,35,100,42,55,60,77,96,74,98,45,77,60,52,96,72,36,71,47,45,86,58,61,58,10,66,27,38,60,58,17,47,70,43,23,28,10,81,23,79,10,34,65,76,86,36,74,91,29,55,26,78,96,84,90,46,10,49,37,84,41,56,24,61,12,27,60,87,100,52,71,66,57,26,98,65,63,81,47,81,16,37,95,22,64,35,61,70,76,18,68,50,29,43,92,80,18,41,53,41,72,59,44,30,88,75,39,88,38,11,36,89,55,40,86,56,27,99,60,15,76,93,78,54,34,33,86,81,69,40,47,100,13,21,20,42,89,87,72,48,68,52,44,72,35,96,93,67,69,14,45,85,88,15,83,63,68,78,18,87,49,56,59,53,83,71,67,39,88,59,22,14,94,35,97,42,12,53,70,36,61,79,84,22,16,76,12,47,24,100,96,73,50,64,89,91,45,37,14,70,30,23,97,74,94,74,68,94,68,18,96,64,83,85,22,59,50,74,69,33,39,62,41,49,18,25,14,43,78,52,66,81,63,67,24,28,59,51,71,98,30,80,18,80,28,85,25,31,72,81,89,92,78,75,56,93,31,43,83,96,84,18,89,61,13,91,77,47,22,99,54,96,81,52,57,34,69,39,17,100,45,37,68,63,36,25,77,51,57,82,61,73,12,73,25,65,89,42,42,80,100,22,44,49,10,10,17,44,14,66,57,62,15,29,40,25,16,64,49,15,66,87,72,30,84,62,77,30,32,81,74,94,52,49,29,68,36,44,43,85,72,83,86,29,57,24,92,86,71,98,34,62,62,90,51,45,67,56,75,69,81,99,95,41,95,71,18,17,99,51,34,85,99,28,55,92,85,17,65,98,73,68,25,81,51,34,61,10,91,23,70,47,38,99,12,42,17,30,54,58,17,15,47,25,35,22,62,97,60,73,69,55,28,71,10,66,24,29,67,83,100,98,69,23,66,65,37,51,11,62,47,32,99,68,30,82,87,13,98,47,36,75,80,90,22,72,62,69,60,27,31,66,14,28,54,49,41,19,60,91,39,83,18,50,75,49,63,44,71,26,52,63,16,46,59,69,75,30,93,15,97,36,65,89,12,60
E88,98,23,50,100,99,54,14,94,33,60,18,40,42,13,99,89,70,38,21,27,29,96,17,65,59,66,65,61,51,46,93,10,51,39,91,32,45,30,90,93,24,98,62,82,45,38,52,38,99,31,74,65,19,69,80,95,11,56,80,18,40,76,14,52,67,38,33,24,38,58,66,81,93,81,59,47,55,52,57,27,62,24,50,25,13,66,11,54,95,56,73,11,56,30,89,57,14,81,61,78,73,44,47,21,26,34,53,96,85,84,99,79,85,65,93,32,50,81,60,86,29,61,41,50,65,13,14,59,92,33,52,95,54,18,56,21,71,85,67,98,56,19,84,35,70,76,42,85,52,37,18,32,68,35,44,42,52,77,92,12,95,18,89,73,64,98,30,24,35,44,63,21,60,45,97,58,19,50,29,99,65,52,41,29,28,26,96,43,67,15,96,75,22,10,23,44,77,98,23,31,84,66,19,88,81,78,44,15,81,86,94,42,41,67,48,80,95,92,25,27,61,75,24,72,86,41,11,11,76,12,51,75,79,85,87,11,52,93,75,15,79,25,44,12,34,37,46,13,53,14,80,24,98,16,53,58,100,38,53,92,76,94,65,85,85,14,91,33,23,40,18,22,62,99,63,82,48,63,12,27,91,19,30,47,65,67,64,43,28,74,24,29,100,97,54,82,77,34,60,30,16,68,44,89,75,81,43,84,98,51,86,19,32,59,10,84,29,10,41,38,20,43,65,57,63,97,55,73,25,63,60,55,72,75,90,22,37,12,46,83,89,54,17,48,40,74,82,96,60,47,93,22,60,44,55,15,77,59,28,100,82,51,34,26,26,38,12,70,28,44,80,72,59,42,22,33,62,22,37,95,82,56,56,72,42,51,79,60,25,74,11,98,51,74,35,83,41,49,14,76,38,57,44,91,45,28,96,91,70,75,77,55,82,79,75,25,85,32,11,65,88,59,57,58,88,35,32,57,95,86,63,28,68,65,98,30,27,40,63,78,40,20,32,70,53,39,42,25,78,36,88,87,100,54,53,91,70,81,14,30,27,75,12,21,68,73,20,96,13,63,26,82,47,56,12,27,59,94,83,46,44,68,38,56,95,37,45,22,92,46,99,41,89,19,13,37,33,40,99,25
E89,77,65,94,64,69,83,91,16,64,64,91,72,42,70,71,92,91,27,16,22,20,94,17,47,10,80,39,75,42,41,69,81,32,60,12,20,92,79,67,70,70,89,54,92,38,34,46,28,27,51,37,85,38,88,26,27,43,26,56,73,71,67,33,68,68,42,56,67,96,53,16,31,23,94,76,77,54,33,21,22,46,77,49,65,14,39,58,34,77,39,84,60,78,72,79,74,48,32,12,95,46,69,52,98,90,98,85,81,41,57,94,74,86,49,67,70,17,59,83,99,41,97,85,32,77,53,40,26,92,91,16,29,50,49,62,20,63,95,100,92,70,85,47,62,66,92,67,77,95,18,76,82,76,65,37,63,20,38,83,51,89,47,91,51,84,27,100,18,24,81,52,66,32,39,90,52,90,16,21,89,45,68,37,73,72,83,64,27,61,96,35,74,84,58,55,47,82,89,73,96,69,82,20,100,71,80,90,90,29,27,12,15,80,92,25,12,13,22,42,32,74,62,95,63,86,17,60,33,50,20,51,72,51,85,53,23,42,84,15,82,99,60,66,22,90,99,95,11,94,75,11,10,43,90,55,75,98,71,33,44,30,94,32,71,96,92,47,98,85,60,64,54,100,94,26,89,48,76,35,15,54,24,68,25,85,69,29,52,18,33,93,37,42,36,40,51,39,65,69,57,96,67,97,71,73,66,37,42,26,59,52,78,71,51,16,36,95,18,11,48,100,92,85,66,86,21,42,10,70,71,19,90,97,90,33,75,13,62,20,94,83,86,14,71,43,60,60,100,62,87,73,95,44,70,29,21,68,25,31,47,39,57,59,64,74,94,41,16,37,29,54,35,59,83,57,28,56,51,78,67,58,72,36,50,11,70,81,21,17,94,73,32,76,98,38,93,86,48,69,59,44,63,96,19,33,97,58,21,43,88,99,91,87,36,94,61,95,40,23,83,60,32,66,52,60,99,48,42,38,84,14,84,50,18,90,87,53,60,61,37,12,17,93,60,35,59,28,25,16,55,96,19,59,43,17,67,75,69,92,17,48,74,23,21,36,93,56,35,98,70,90,95,90,41,87,63,56,30,71,90,30,86,50,84,79,60,66,68,70,99,17,52,56,48,76,85,84,14,70,21
E90,33,98,85,87,59,87,86,22,51,47,100,80,33,71,11,16,94,26,83,41,37,99,23,37,26,60,75,83,34,70,43,63,12,30,18,41,65,79,78,46,19,56,73,71,20,98,27,87,18,77,44,32,99,90,92,57,18,85,55,62,20,70,65,95,56,53,81,86,30,29,38,98,57,56,26,98,79,51,81,72,95,13,65,34,10,95,29,28,80,32,87,38,40,55,28,79,66,77,88,73,23,57,34,54,86,93,62,48,72,30,62,77,95,49,73,44,62,45,96,56,51,14,68,97,29,76,41,23,11,25,80,55,97,16,77,79,16,79,71,50,61,49,54,13,96,53,79,24,93,11,50,77,11,23,10,81,92,81,97,63,72,86,72,43,42,73,65,20,85,37,67,78,80,64,58,34,59,91,47,59,52,41,38,39,48,66,66,45,83,62,39,35,71,83,28,29,98,65,31,74,24,88,19,54,10,33,37,72,47,36,80,91,73,41,46,50,16,51,31,24,86,47,11,50,91,10,42,70,26,63,13,89,71,92,82,64,30,86,19,44,55,85,72,67,40,62,58,12,83,78,50,84,24,87,81,21,66,48,72,39,59,65,56,36,88,66,92,77,77,54,77,67,48,74,86,97,97,54,93,56,67,24,41,24,90,88,78,42,43,43,86,59,18,65,41,82,50,33,53,71,42,71,71,71,45,40,66,91,30,20,28,38,74,45,75,68,66,57,59,19,89,20,80,82,76,70,52,57,73,85,95,78,38,26,33,86,15,91,13,17,51,85,11,50,46,54,24,66,39,58,51,80,56,46,14,51,82,18,83,38,45,48,33,47,62,26,94,70,23,27,34,88,39,41,17,62,53,40,35,57,34,57,88,70,50,84,95,79,12,83,60,30,74,33,100,25,86,61,10,77,72,81,72,90,51,91,70,74,93,80,28,99,70,34,69,64,41,16,85,70,68,38,84,92,75,41,65,59,62,13,82,73,94,82,73,74,51,52,11,17,97,92,47,45,56,94,15,66,100,27,86,61,30,88,13,97,20,12,66,88,39,100,33,98,28,61,55,28,67,76,30,54,47,59,40,12,52,89,48,95,20,54,64,73,25,18,68,66,50,36,84,80,66,31,45,91,50,80,21,85
E91,80,68,95,14,74,95,74,48,10,73,52,50,35,98,80,10,56,35,60,53,89,90,71,28,65,76,37,89,57,14,68,99,13,54,20,34,15,62,87,63,67,33,18,26,78,23,50,59,80,41,80,67,13,33,71,76,52,38,67,82,81,29,24,46,83,31,49,20,38,70,23,71,40,10,64,98,34,82,14,77,57,77,37,14,62,81,43,97,74,36,64,76,25,64,66,30,35,78,60,64,53,95,62,15,61,70,71,57,54,82,55,67,41,51,47,22,10,50,91,95,66,71,94,26,55,11,47,15,32,52,98,78,93,88,74,80,18,13,90,79,50,51,77,67,29,37,53,72,74,47,56,70,90,29,15,77,12,29,46,24,12,46,20,57,17,69,48,84,41,24,61,58,11,76,95,25,64,97,24,21,53,91,56,90,58,65,21,39,92,46,12,100,45,66,94,93,55,15,15,15,49,52,80,48,14,92,80,85,27,26,90,71,12,61,83,89,97,14,93,59,49,87,49,89,40,52,65,93,54,99,93,74,15,96,38,93,60,37,81,37,61,47,72,27,31,48,56,51,75,22,72,14,77,38,40,54,18,47,92,95,33,43,44,92,91,88,90,100,62,61,99,41,95,87,14,15,14,43,55,37,85,100,80,12,44,99,80,79,63,73,90,31,50,23,48,11,97,83,58,24,66,16,82,84,74,67,36,19,73,11,85,74,24,60,62,78,81,23,38,12,39,90,79,47,58,87,23,96,33,80,22,56,16,22,58,42,51,43,62,59,29,57,66,39,24,29,54,38,63,23,26,66,61,85,74,67,60,32,30,84,55,73,91,84,49,72,45,56,14,81,17,90,82,92,74,88,67,25,69,39,93,38,21,53,73,22,64,14,45,32,58,20,43,42,67,21,63,52,14,43,43,23,57,33,65,43,46,54,97,94,74,91,28,86,63,86,46,57,42,21,94,96,83,24,38,69,81,15,42,86,74,72,64,27,12,87,34,80,34,66,41,86,60,51,31,49,32,70,95,63,10,100,72,46,94,96,25,49,65,43,44,10,31,65,98,25,34,55,34,46,29,51,55,53,59,21,81,35,28,65,29,21,36,78,42,25,98,56,54,19,11,83,95,55,44,26,90,56,28,71
E92,53,10,57,61,79,74,91,17,75,45,92,77,32,99,11,66,30,70,19,29,60,34,36,49,14,98,94,33,94,89,37,72,77,23,41,29,62,70,30,67,41,41,29,62,26,67,67,64,66,47,65,88,52,74,75,25,84,91,47,59,78,67,91,100,68,47,84,97,29,83,47,44,87,88,34,19,35,63,72,54,91,73,30,61,62,74,43,100,87,10,97,52,39,61,93,64,66,92,74,36,33,14,34,19,60,25,36,23,71,67,86,11,53,41,48,15,36,80,97,78,38,34,35,23,93,50,95,22,75,12,23,60,61,45,79,11,30,41,64,27,78,17,25,86,38,74,77,98,88,92,56,34,19,24,55,45,95,40,82,71,79,22,56,72,41,43,21,50,84,20,12,96,58,64,11,74,63,33,40,58,55,17,47,60,14,28,62,93,32,28,49,73,80,91,87,26,28,53,23,91,80,99,28,64,92,22,41,53,15,63,26,18,17,77,47,14,19,51,71,88,84,73,93,12,60,27,100,88,77,18,14,82,88,71,92,55,33,64,77,60,63,57,16,78,37,63,80,21,60,81,96,30,24,47,15,66,38,70,35,16,77,97,68,20,45,35,84,12,34,89,11,87,29,13,16,53,95,60,32,60,15,71,10,90,32,93,46,73,46,75,51,93,67,89,76,78,77,88,31,18,39,31,69,39,78,25,52,32,29,86,36,32,27,83,68,95,96,32,51,42,14,24,47,85,95,96,41,80,97,47,72,57,47,40,92,20,74,78,61,49,56,86,44,68,79,16,17,70,90,83,32,44,64,37,61,62,86,76,40,71,54,56,91,93,56,92,12,45,53,79,41,79,73,56,14,11,73,69,14,88,84,16,34,24,66,28,22,90,19,39,56,85,100,74,10,46,34,36,40,24,57,96,63,84,63,43,12,24,16,20,49,61,13,21,89,96,35,36,51,33,10,65,31,32,59,16,97,82,36,19,59,45,26,59,61,39,39,24,58,22,47,16,80,29,34,23,10,18,70,20,98,67,25,87,84,47,50,69,42,15,52,24,87,95,91,83,56,13,80,19,86,100,11,10,52,62,66,39,91,55,30,63,38,56,86,57,21,70,65,40,56,33,43,24,40,93,13,29,100,33
E93,77,58,71,22,16,60,63,51,64,12,31,47,84,31,34,56,67,66,66,46,20,95,48,84,15,57,70,20,73,53,34,29,26,73,97,89,89,73,98,96,54,30,60,25,50,77,69,76,89,100,77,86,24,61,80,41,22,71,23,50,24,21,18,43,30,43,24,30,47,99,74,49,56,49,63,66,37,19,96,36,66,19,70,43,21,83,10,97,62,61,86,51,49,50,93,16,79,55,70,10,34,42,10,25,93,21,73,61,21,69,13,59,23,36,93,14,24,23,96,26,67,37,78,38,21,95,76,90,93,21,68,30,13,41,50,70,85,58,55,64,43,11,13,18,82,18,95,93,50,47,26,61,17,100,66,80,29,47,19,25,63,45,36,44,98,32,48,94,100,18,25,42,70,50,47,94,60,65,28,45,77,28,26,39,17,92,64,47,26,19,20,64,75,43,61,17,38,76,86,54,22,90,99,53,88,29,40,45,98,64,60,50,28,18,73,46,64,42,51,34,39,22,65,44,84,50,11,65,14,51,92,46,23,22,98,37,70,93,23,38,92,96,47,92,64,40,90,23,97,11,73,79,86,97,15,91,71,78,64,83,97,51,67,58,16,24,81,77,39,11,45,23,99,96,51,91,45,91,46,72,49,73,40,40,44,99,38,57,93,93,87,70,41,65,87,71,14,22,95,64,74,56,29,56,40,19,95,99,71,50,16,42,10,82,37,70,12,20,24,76,51,89,60,81,83,99,67,44,92,12,89,55,31,82,12,51,94,55,14,86,54,71,83,29,74,18,77,44,67,29,59,60,74,16,60,36,87,87,91,32,46,19,64,91,22,21,86,54,44,14,98,91,58,32,72,75,92,88,13,75,78,93,16,60,74,35,21,25,29,95,25,68,84,52,87,27,80,29,30,36,40,20,33,52,59,72,73,27,54,10,98,100,37,76,54,64,25,64,32,98,68,99,24,43,21,34,45,32,73,93,100,73,34,28,35,50,93,72,39,99,72,42,33,22,96,49,29,11,87,42,33,14,66,86,40,71,43,24,57,93,75,68,18,89,100,88,46,28,53,16,94,52,82,27,94,52,38,92,10,83,56,55,98,97,80,72,73,87,100,87,38,60,47,95,33,72,36,68,84,54
E94,68,29,38,76,90,22,64,97,19,26,84,29,20,40,51,23,23,94,91,19,40,93,36,16,23,13,70,52,34,57,96,15,32,43,61,83,45,77,46,23,31,37,27,26,33,39,31,14,81,71,41,77,51,100,70,17,83,48,36,84,23,41,71,11,77,55,81,66,76,36,71,89,31,25,38,24,64,80,33,27,58,93,16,76,10,89,86,36,67,18,57,23,89,39,19,67,79,48,44,86,79,81,41,79,10,35,66,91,45,93,66,39,79,25,22,38,36,67,17,95,42,83,44,60,31,49,56,50,49,13,66,72,11,11,51,39,55,51,93,74,76,26,36,43,80,22,95,25,75,13,95,81,32,82,93,39,76,51,17,27,78,45,72,71,85,80,31,53,75,72,55,38,69,18,57,64,47,22,51,40,37,14,67,12,58,62,63,97,73,17,92,94,99,61,37,39,21,22,83,18,65,99,21,23,85,52,53,38,13,86,41,72,36,24,34,42,97,17,39,72,73,89,19,69,11,37,72,83,90,93,37,13,63,22,78,84,27,16,11,46,57,76,26,15,71,28,22,60,33,44,67,98,48,26,48,65,81,44,71,41,28,56,51,17,64,52,27,83,94,87,13,52,38,59,66,89,91,25,26,13,67,30,14,89,54,71,80,94,87,12,39,50,99,99,51,11,78,22,82,87,63,79,43,45,51,65,51,100,67,99,78,20,67,43,47,33,14,50,43,17,91,56,20,57,98,95,51,63,71,45,11,82,32,16,24,60,92,73,50,86,86,96,41,14,13,19,38,42,90,20,48,14,54,90,78,16,59,90,71,12,83,19,42,44,65,55,49,76,42,10,16,11,15,47,14,12,47,62,42,55,42,89,69,59,77,37,47,78,66,54,31,56,62,12,46,80,84,87,28,46,60,64,27,50,66,64,17,20,34,77,15,99,70,87,52,20,21,74,24,31,95,23,59,55,32,97,94,57,17,81,96,25,57,82,52,87,12,49,40,23,53,12,66,19,73,42,19,90,65,97,45,71,71,94,59,34,22,90,15,98,39,30,99,41,25,84,68,61,70,17,30,56,49,58,22,62,75,42,47,45,58,85,63,46,56,92,74,87,33,42,97,49,20,95,79,39,33,75,18,21
E95,40,66,90,26,44,97,97,45,73,86,100,30,84,68,51,83,21,44,48,77,83,49,12,10,83,94,49,59,53,79,42,61,40,84,29,92,47,81,74,73,81,12,92,71,41,71,60,95,91,96,71,63,42,83,70,36,67,77,15,51,41,45,28,54,24,82,22,78,68,25,64,26,78,83,67,49,66,65,68,65,64,98,61,17,98,88,20,85,25,86,34,56,30,58,42,26,53,83,94,93,88,36,24,67,65,84,73,11,77,55,63,67,50,83,24,13,90,57,93,65,37,85,93,95,63,72,15,94,48,45,67,71,71,24,44,14,55,67,69,17,27,56,12,99,20,56,57,46,42,89,46,14,91,89,98,89,78,51,68,51,26,57,59,90,37,72,43,44,80,44,55,53,53,100,95,93,70,59,96,62,36,40,53,98,44,33,10,100,52,13,82,53,37,11,97,67,30,70,70,26,77,90,100,99,28,70,59,83,51,96,74,81,73,17,81,84,44,30,92,64,61,12,40,62,64,88,79,13,91,33,69,65,97,49,43,79,32,92,86,46,35,98,56,15,17,71,87,60,23,65,55,38,71,73,69,97,77,42,27,45,72,23,63,46,82,18,85,24,59,34,97,64,84,52,12,97,70,32,53,87,32,54,14,22,59,87,19,54,64,88,70,77,17,71,89,75,28,36,16,71,95,15,12,77,18,35,37,49,84,12,28,36,71,48,39,32,65,83,32,45,89,46,22,80,10,21,99,58,96,83,91,55,88,88,25,25,92,98,32,83,48,63,43,15,41,18,23,79,29,80,69,86,22,43,65,55,85,54,22,20,93,28,13,34,39,82,17,57,87,59,65,97,65,92,84,42,29,37,83,47,34,81,96,36,71,55,96,46,30,77,74,48,59,41,70,71,40,49,90,80,90,51,16,41,11,32,67,70,27,97,20,68,83,36,19,61,30,55,15,52,55,35,30,64,66,89,87,28,45,93,91,49,96,99,75,41,98,69,28,60,81,69,100,72,85,40,75,95,77,82,44,86,20,31,77,65,66,31,74,72,71,42,73,78,59,88,20,16,47,12,66,58,100,31,86,58,89,58,50,33,46,22,50,72,38,19,95,75,16,28,12,46,12,43,19,100,11,68,23,82
E96,18,27,86,45,41,98,41,68,17,33,64,56,66,77,22,47,89,60,38,55,50,13,20,84,36,57,36,18,94,20,13,24,51,75,48,57,60,66,38,21,38,71,17,98,15,99,18,95,98,69,45,82,34,21,67,56,63,13,73,39,10,33,23,100,99,66,37,68,37,40,86,71,91,94,15,20,10,22,94,47,82,31,62,30,19,80,88,30,30,96,43,11,10,63,19,36,77,58,52,44,98,85,64,61,16,31,93,50,20,44,41,53,79,15,45,70,20,18,81,13,14,48,53,16,20,50,41,18,100,24,83,51,88,90,62,17,29,71,61,86,34,99,45,73,72,87,65,63,16,51,42,74,52,58,29,50,70,54,11,44,31,32,49,61,43,17,59,85,43,94,98,74,63,24,72,53,43,23,76,30,73,73,23,24,48,81,81,22,58,17,57,81,12,19,82,73,95,52,55,72,15,81,31,61,72,80,58,51,15,43,44,47,21,48,45,27,89,43,28,61,73,90,12,77,78,17,99,54,15,18,52,25,39,66,95,75,94,63,32,62,75,42,89,66,15,47,28,42,18,62,82,95,74,24,47,29,10,66,58,94,78,20,66,93,11,15,64,78,19,43,38,64,56,83,70,29,95,38,86,93,69,60,62,23,97,16,50,42,25,68,20,51,14,13,73,65,11,20,98,68,54,24,100,78,10,10,67,70,80,42,32,74,46,57,56,68,65,23,77,90,64,71,71,15,65,64,72,26,98,21,87,30,32,80,39,48,85,25,43,36,11,91,85,29,24,56,30,67,32,56,89,72,78,38,35,64,69,45,98,16,77,96,83,23,31,97,15,54,85,84,44,46,98,69,90,60,85,78,79,13,21,32,95,31,53,61,26,17,78,37,63,22,11,81,79,14,29,55,72,94,14,18,61,93,31,16,93,60,40,68,17,38,57,53,89,55,89,23,50,25,60,66,58,19,65,100,62,29,83,61,54,79,60,34,59,16,26,56,41,58,75,72,34,28,17,89,28,32,51,45,56,15,80,12,59,88,44,12,88,66,81,69,36,93,81,73,22,78,35,91,46,25,17,16,91,10,65,59,51,79,47,75,46,40,82,39,13,10,45,65,17,38,99,50,93,63,10,100,78,87
E97,99,90,73,14,59,45,82,97,41,70,57,89,10,46,46,69,88,16,91,50,80,41,17,43,70,11,26,72,93,77,83,13,30,68,64,43,57,24,34,10,97,16,51,90,16,25,89,79,51,72,52,48,71,36,79,75,10,79,46,33,72,49,13,58,30,75,31,74,51,10,66,30,54,50,38,33,11,57,98,27,78,56,19,50,57,17,24,34,52,30,42,69,20,21,66,80,75,70,96,54,11,56,25,36,89,98,25,77,91,44,21,75,13,55,21,47,23,26,12,10,73,43,90,15,45,57,18,52,64,84,87,37,37,29,70,62,99,89,28,58,81,83,84,43,67,38,75,69,88,35,15,82,29,96,57,32,36,87,16,58,16,56,62,35,62,15,66,20,29,48,25,36,71,36,88,48,88,21,27,92,50,78,18,82,38,65,59,84,46,34,65,48,36,64,54,96,98,34,20,94,49,50,98,86,45,57,63,80,25,57,14,79,84,50,23,47,58,99,39,93,23,78,67,89,80,84,71,62,39,40,96,15,26,35,11,45,29,36,40,38,98,76,77,90,40,23,94,82,59,10,28,51,13,88,94,29,73,12,43,10,13,49,41,79,65,58,64,75,48,69,15,73,93,29,59,15,30,69,50,71,74,87,63,64,35,62,74,13,55,36,72,34,77,17,81,77,28,35,34,15,82,68,13,21,87,84,79,31,47,69,73,16,90,97,69,56,22,77,98,60,27,23,10,82,74,94,90,93,62,34,61,68,77,97,32,74,93,93,18,64,79,83,59,11,11,58,61,74,97,77,18,30,72,85,16,49,30,57,31,79,96,44,58,51,74,12,64,79,19,96,67,86,27,30,90,46,22,95,88,88,68,87,66,11,37,25,15,81,17,77,37,43,81,10,89,79,54,43,42,77,68,80,83,15,44,78,41,34,42,63,50,79,58,98,68,91,27,59,17,33,22,37,18,95,74,98,13,64,100,64,63,48,17,50,91,87,83,70,91,97,48,38,91,13,77,73,81,11,99,37,66,77,32,92,52,100,40,66,23,26,63,77,77,73,12,46,20,52,50,72,79,91,22,40,90,66,35,19,46,31,25,71,95,53,59,27,44,71,86,87,45,42,41,35,24,73,79,30,67,38
E98,14,55,93,88,71,62,65,27,14,77,49,11,66,76,45,61,42,11,24,52,66,67,47,62,59,27,24,86,88,99,72,75,94,50,64,53,90,26,50,53,94,48,29,43,52,81,64,61,68,32,88,32,83,87,17,69,30,27,63,70,88,44,15,65,95,13,22,50,43,23,39,76,30,66,39,81,62,95,78,77,37,40,88,27,35,78,95,87,77,59,27,29,55,92,42,64,93,74,63,33,82,62,65,21,17,39,56,61,57,73,44,92,80,16,81,49,35,72,93,20,100,49,84,30,62,28,71,39,90,56,10,92,61,14,16,19,29,64,62,46,59,91,14,84,65,19,46,87,14,82,20,10,16,86,23,65,60,55,95,85,51,49,53,49,41,14,16,22,70,76,44,61,26,93,72,48,93,98,30,10,92,50,33,26,53,95,96,80,83,74,68,97,35,17,73,35,30,23,62,60,57,61,82,23,15,67,17,90,78,96,95,61,18,25,73,21,37,95,42,10,91,28,55,14,12,62,44,32,28,68,63,42,41,49,83,92,49,95,62,53,27,65,96,97,55,17,50,34,46,73,72,96,43,20,20,62,11,30,75,57,99,83,55,34,80,78,73,53,55,86,91,81,73,50,82,33,17,43,18,96,54,51,30,77,31,39,16,22,61,45,39,12,94,41,90,27,87,73,68,100,45,47,92,46,39,39,28,85,99,49,54,96,68,77,64,73,98,92,46,100,16,47,70,68,26,43,91,91,60,45,89,71,29,75,37,94,47,23,82,11,62,67,90,94,19,12,14,86,83,66,81,47,47,32,88,75,31,84,82,41,18,58,91,43,26,25,26,74,26,64,55,74,54,87,70,16,33,46,76,85,19,10,53,92,56,70,82,83,82,21,56,77,43,39,43,96,54,58,54,24,93,28,38,46,36,43,45,17,69,98,13,75,12,63,93,37,19,40,85,52,88,93,47,40,51,67,79,93,44,51,89,12,70,36,98,25,29,76,30,19,91,22,19,33,60,49,91,29,22,94,75,20,50,42,43,73,80,74,84,37,69,91,68,16,72,17,57,13,66,13,89,57,92,12,91,61,26,59,95,37,33,66,61,32,42,94,35,26,64,52,67,29,10,73,87,77,16,42,72,15
E99,71,75,89,92,40,66,87,76,73,73,94,52,30,99,93,34,89,85,89,65,34,59,82,23,76,48,56,45,44,23,96,85,79,96,38,74,56,67,82,29,77,31,61,28,87,12,22,63,55,23,50,87,83,50,31,71,46,67,79,73,22,56,92,52,38,34,36,19,92,67,83,39,19,95,37,92,48,73,52,59,18,88,64,22,69,58,56,90,16,28,24,12,12,15,31,73,77,64,49,94,88,82,55,76,95,69,17,10,54,25,91,26,51,39,75,93,16,93,63,34,22,88,99,10,52,37,73,59,86,36,31,81,69,91,83,97,31,100,73,46,96,59,33,32,60,75,96,88,70,50,34,21,19,54,30,95,43,36,78,72,27,94,13,66,51,67,87,34,22,49,93,48,42,93,87,44,24,85,100,82,58,94,44,50,96,83,93,59,32,91,43,95,35,80,45,10,83,28,73,67,95,19,55,67,39,95,91,62,77,52,10,92,66,17,51,96,24,79,29,54,21,92,25,13,34,21,93,78,65,67,26,12,71,55,84,23,45,45,57,63,64,19,89,62,61,68,97,58,11,21,52,16,44,40,44,10,20,10,33,60,93,57,53,68,58,98,48,69,57,63,92,60,56,68,34,27,85,92,71,71,48,20,17,53,10,65,76,51,88,12,29,40,41,16,88,48,64,99,33,25,49,99,72,91,12,63,22,58,52,38,69,38,11,51,36,47,31,79,86,10,72,100,77,18,91,63,29,84,35,17,83,93,58,24,55,17,71,24,16,65,60,25,60,87,16,38,65,68,17,52,83,17,44,25,25,68,94,83,91,97,70,66,87,65,96,35,23,86,83,46,62,66,14,82,89,59,96,16,80,69,44,88,63,18,29,29,87,75,38,12,75,95,72,79,76,49,70,67,82,79,75,74,29,42,37,68,54,89,61,77,60,78,97,65,32,67,42,74,33,99,39,11,14,82,66,18,51,42,72,52,85,55,12,24,34,37,59,67,29,94,21,18,51,58,67,76,18,45,12,78,30,78,33,47,61,49,87,92,25,92,40,67,20,63,51,17,82,45,95,91,31,94,37,94,23,57,82,62,91,40,70,78,20,38,25,93,88,18,56,23,75,19,100,40,58,84,12,13,45,66
E100,86,16,48,65,49,46,86,43,17,54,97,79,18,52,22,87,38,88,42,29,73,81,82,21,100,90,19,89,97,30,65,78,86,16,12,89,74,64,96,16,91,64,76,19,47,49,20,64,91,64,59,22,23,71,69,97,29,87,45,30,10,62,70,16,81,13,53,76,54,80,29,45,96,11,42,89,92,71,72,97,85,99,51,99,71,32,46,10,14,39,17,35,20,56,18,76,62,21,67,54,85,81,87,65,32,29,97,49,88,48,91,69,63,43,92,22,88,44,85,54,74,37,33,56,19,86,83,14,20,11,27,61,39,37,43,89,27,28,66,72,99,70,17,78,51,83,49,96,31,64,74,32,40,88,94,56,57,43,35,98,45,42,78,33,21,40,76,91,10,25,25,50,92,53,71,61,87,45,22,96,57,23,36,89,79,56,57,41,30,36,70,56,11,74,37,88,73,41,25,69,50,31,50,29,97,38,28,45,40,42,99,28,22,36,82,54,71,83,65,51,65,31,80,10,72,35,38,57,12,11,63,100,43,98,51,51,76,15,49,76,31,88,47,15,70,96,79,30,76,58,33,56,54,76,66,33,83,34,67,12,64,30,90,91,56,74,69,37,58,12,77,17,57,55,78,27,96,27,63,28,35,100,95,20,62,68,57,12,18,20,57,35,27,91,67,13,37,48,22,46,66,71,53,58,99,79,75,99,96,63,37,72,21,40,66,85,85,78,70,11,77,13,98,52,41,74,33,79,84,80,19,32,100,29,93,38,94,88,59,52,67,98,56,34,92,72,59,44,46,52,24,30,90,51,59,29,31,29,11,79,94,36,45,62,42,96,44,26,85,82,97,59,25,36,76,17,67,19,81,96,58,15,65,82,85,93,35,87,86,43,53,19,14,59,94,77,35,76,29,88,28,19,58,28,84,76,58,11,49,98,33,72,74,57,99,73,23,17,41,63,93,34,91,11,56,58,86,52,93,93,63,32,50,90,14,97,84,59,88,48,19,27,37,50,31,80,77,79,88,84,96,10,96,80,75,76,59,13,77,18,21,10,68,22,46,86,32,36,100,61,13,41,62,75,13,74,93,52,81,94,74,46,43,44,36,72,27,24,35,32,65,100,73,73,63,37,81,38,19,85
E101,19,97,74,17,48,39,75,48,99,40,15,85,70,82,72,52,58,75,43,32,25,81,25,81,14,18,77,70,45,69,31,86,21,98,39,23,25,30,59,55,89,98,66,49,59,10,37,17,26,97,37,23,27,19,72,77,24,67,12,49,32,100,41,27,73,50,77,79,80,21,20,78,50,88,31,13,63,37,13,43,24,58,54,26,68,31,60,21,80,82,23,11,83,54,38,22,15,12,18,68,87,94,33,51,18,38,60,91,31,29,34,79,93,12,19,37,94,67,14,32,13,82,93,81,21,86,49,10,19,45,59,88,59,20,100,40,61,14,69,73,28,72,30,14,90,46,56,16,99,83,80,10,65,36,98,97,54,39,40,36,56,13,24,61,100,33,63,26,51,18,14,49,83,44,58,25,72,41,14,56,95,19,53,22,36,38,94,26,13,85,60,66,35,17,85,29,47,10,71,49,21,91,35,53,82,90,97,63,63,53,40,40,82,16,38,59,38,94,76,56,71,45,35,38,87,22,85,50,74,12,99,11,13,80,48,23,60,28,97,58,72,56,15,21,49,65,76,40,92,25,44,60,56,10,12,38,83,42,91,57,56,75,96,47,59,46,92,30,17,22,74,23,92,86,12,27,37,31,10,22,58,54,23,86,76,80,87,10,61,12,86,24,72,54,14,68,53,25,84,30,59,69,70,91,55,12,45,61,22,60,92,30,94,28,96,91,75,90,46,35,87,96,65,54,64,78,91,81,91,73,31,11,28,10,42,81,72,20,13,39,59,96,53,39,46,72,58,47,21,42,47,28,100,70,24,97,84,66,47,53,37,18,47,56,84,57,55,11,81,16,16,28,90,89,12,64,84,54,49,70,35,50,64,42,27,67,98,27,85,42,36,62,90,21,14,88,13,82,76,30,43,51,17,92,76,24,43,100,65,95,48,66,15,29,35,63,10,66,47,24,72,17,64,11,31,32,56,31,52,51,35,94,94,20,34,42,21,67,63,33,33,79,13,83,54,48,18,72,57,44,96,14,22,59,41,67,88,14,54,80,44,80,31,80,24,67,34,88,36,37,88,61,89,90,23,13,79,30,84,64,93,94,55,65,23,27,17,58,46,59,45,62,71,58,43,69,81,55,58,31
E102,52,16,81,43,55,17,97,19,93,49,41,83,84,82,29,55,69,11,84,84,31,75,65,25,11,28,76,54,90,52,23,42,40,77,96,29,51,97,52,28,11,41,33,96,79,62,53,82,25,78,25,82,77,14,54,33,77,36,87,15,53,34,11,65,72,38,11,95,79,38,16,39,81,77,47,12,23,65,91,70,69,61,85,28,99,98,18,84,92,25,12,52,11,72,22,84,68,14,87,55,72,47,49,54,100,45,13,65,85,24,49,41,75,68,65,70,36,80,92,49,41,24,98,91,50,57,62,73,64,87,50,86,69,89,30,82,58,33,62,39,31,70,37,31,43,39,72,15,34,96,91,88,20,83,95,15,51,62,61,51,97,23,43,18,97,39,49,34,12,67,60,76,93,39,29,83,74,66,59,98,80,20,92,91,65,14,55,90,21,84,23,70,10,30,97,44,33,40,64,40,66,42,94,37,69,41,78,15,18,37,19,77,43,34,46,19,34,54,96,71,25,65,81,28,62,25,18,23,46,69,58,31,13,66,36,42,69,78,71,39,54,49,25,45,51,54,63,49,67,34,18,93,22,60,75,78,51,85,32,61,61,39,70,91,12,11,79,92,76,87,44,38,80,34,15,25,48,80,95,56,70,74,23,61,57,65,11,76,77,16,96,43,18,75,97,89,14,95,26,46,46,61,33,81,77,31,65,18,69,36,43,98,58,14,79,68,37,65,35,20,43,82,34,98,21,76,20,34,67,27,29,85,35,76,10,49,53,10,93,39,10,92,77,39,45,82,24,93,20,61,46,72,62,42,84,33,71,35,81,98,62,81,22,36,39,70,93,26,99,30,91,72,99,81,23,81,19,56,54,36,94,84,33,56,98,74,78,41,14,32,21,35,60,72,18,62,16,93,40,41,74,49,19,70,76,68,61,11,29,75,73,49,86,11,70,30,62,98,97,42,77,75,19,10,53,98,13,41,85,21,63,71,78,19,32,77,75,95,41,66,88,91,38,87,92,79,52,91,82,38,17,81,29,33,67,92,76,22,45,64,83,54,41,85,50,41,63,85,76,29,41,32,15,66,31,90,48,75,63,22,96,20,53,65,96,30,39,16,98,59,73,80,13,18,96,83,45,59,72,14
E103,20,45,100,19,29,81,10,42,47,66,23,30,14,81,35,63,26,46,80,67,49,74,52,61,33,37,67,79,92,81,64,99,18,71,38,26,67,68,62,13,100,63,34,88,93,97,52,91,18,100,40,62,81,82,84,16,64,56,70,47,19,99,62,85,80,42,92,38,63,61,100,41,96,41,70,57,63,20,74,44,55,38,53,71,67,71,73,77,56,82,27,98,88,45,53,74,39,62,19,78,97,75,99,34,66,47,49,79,82,31,34,89,58,14,46,26,44,44,51,10,33,54,59,73,91,17,29,25,71,76,32,89,52,85,81,79,19,60,23,10,39,66,62,36,30,85,47,10,38,75,13,48,37,72,42,21,90,30,65,88,80,11,75,58,50,50,25,11,77,62,23,88,85,69,10,73,74,36,89,36,96,20,40,26,89,48,14,31,96,70,56,85,47,33,55,15,18,61,57,67,56,56,50,70,48,76,58,37,91,29,81,19,11,97,95,73,95,10,53,60,17,53,50,71,36,76,90,46,24,16,83,61,10,13,65,58,24,62,96,18,94,53,34,20,66,58,61,12,98,31,47,47,98,57,58,86,69,99,85,21,75,20,47,37,39,98,59,89,67,52,68,52,56,43,60,12,59,81,34,44,33,63,12,57,34,40,77,79,30,90,49,87,100,85,65,85,61,58,16,79,100,97,24,75,69,50,76,81,14,46,23,47,91,12,34,63,38,49,77,66,43,52,23,27,59,25,82,40,67,88,17,31,30,93,87,36,12,86,92,98,47,47,37,18,97,30,20,35,45,51,52,66,87,88,86,13,15,70,33,53,61,59,81,72,26,41,17,58,92,36,63,54,67,77,35,66,99,19,92,97,57,23,16,46,22,40,61,72,68,71,58,72,87,56,84,94,98,92,35,26,26,44,86,59,71,37,69,20,85,63,70,50,52,67,84,25,26,13,87,49,52,43,95,13,30,78,100,89,98,45,48,36,81,77,27,58,85,67,61,83,45,25,40,96,59,59,72,44,79,76,64,74,87,84,60,87,11,76,71,76,64,39,82,20,48,25,79,98,40,51,84,14,89,46,88,16,97,46,47,43,69,45,33,68,16,67,27,56,48,44,53,29,71,81,62,18,17,87,52,42
E104,68,93,30,80,70,45,17,68,50,21,88,41,88,25,42,58,10,40,67,79,31,81,13,39,50,62,76,86,87,98,24,96,12,81,93,92,57,78,73,71,68,10,70,55,13,23,34,83,93,96,89,37,86,90,32,51,60,67,88,71,98,48,96,60,41,21,71,71,18,76,61,33,62,62,66,77,62,18,61,39,38,81,60,36,78,25,40,11,35,28,62,26,48,97,88,76,63,48,13,88,42,61,60,56,45,82,72,67,13,50,38,60,48,44,41,42,82,93,53,46,23,26,23,93,69,58,31,16,79,93,14,19,99,32,77,88,41,42,74,30,78,11,13,96,85,30,12,55,41,59,51,13,46,91,55,61,77,64,89,63,86,15,14,20,86,31,37,34,21,50,27,48,11,44,25,50,91,68,51,75,98,44,98,28,69,64,76,63,21,93,32,71,67,83,35,40,38,40,52,65,88,49,29,12,21,80,44,42,51,67,60,58,20,63,95,32,83,56,16,63,46,18,11,37,19,78,49,18,91,93,72,41,95,33,91,62,57,27,37,42,91,64,57,99,56,46,64,18,26,94,17,38,79,45,62,68,96,32,65,43,48,96,16,19,87,75,89,32,100,75,87,24,48,96,36,52,37,53,91,43,33,53,90,65,26,78,95,64,92,10,73,98,75,20,41,74,46,68,52,19,41,42,15,69,96,44,89,21,74,50,12,57,99,78,27,95,43,16,54,95,50,44,63,54,19,26,17,61,88,12,94,90,92,65,23,22,89,54,85,68,37,91,66,29,52,40,10,39,25,50,78,44,58,49,39,86,42,44,26,80,12,98,51,42,96,12,17,84,31,36,23,83,55,16,70,81,73,41,11,53,97,34,84,13,14,40,44,91,90,36,33,89,30,59,28,13,52,97,56,100,57,100,54,58,28,74,48,87,73,57,59,54,66,79,98,38,39,86,41,87,84,47,36,19,13,84,97,54,20,79,74,75,55,66,80,66,77,33,77,11,96,82,53,71,33,75,41,87,67,76,35,11,97,19,81,87,81,65,56,90,92,85,97,76,47,61,91,98,12,67,47,53,63,30,95,50,96,58,91,69,10,36,30,67,22,78,91,74,67,55,76,67,52,16,84,80,14,95,26,14
E105,72,53,94,26,15,42,61,84,16,69,46,36,84,12,90,61,43,78,42,71,73,34,88,31,15,29,48,90,42,44,11,97,71,40,91,22,83,71,20,79,93,89,96,10,25,18,33,17,35,60,72,33,88,97,93,19,60,89,90,42,26,65,20,91,60,63,94,63,45,71,18,13,72,98,83,38,54,33,66,53,63,56,27,99,100,13,79,41,23,97,34,11,93,10,19,59,20,91,77,38,32,21,52,30,82,15,17,73,47,18,59,58,99,44,36,14,80,58,13,47,28,81,94,40,22,60,72,27,37,26,48,58,42,45,70,24,14,58,16,60,17,65,68,92,40,72,68,77,78,89,31,19,42,25,79,25,15,17,68,30,87,13,74,94,42,70,89,78,15,23,93,22,68,17,54,60,44,69,91,96,64,52,79,90,57,68,56,67,85,12,38,38,61,90,69,50,91,85,45,72,87,20,12,84,89,89,84,90,37,71,77,46,79,61,50,30,37,15,78,10,46,50,37,34,43,37,13,43,88,79,32,13,69,14,10,13,29,60,69,54,53,43,67,54,35,100,88,65,47,21,64,36,77,27,53,20,23,70,28,91,35,16,34,54,74,30,21,70,32,59,38,97,41,13,79,16,43,80,91,91,11,78,98,75,64,98,20,23,31,57,74,12,48,48,99,39,17,60,50,97,69,71,26,21,22,27,66,23,99,61,76,23,10,82,77,22,94,68,63,64,39,57,26,20,52,29,63,71,35,93,67,24,19,11,67,10,60,78,62,77,92,65,45,63,49,22,47,70,40,54,87,49,64,80,82,52,34,91,69,47,33,53,32,50,68,66,58,78,84,82,91,98,72,71,38,97,83,57,21,59,90,59,14,38,30,95,93,41,94,71,13,22,43,96,12,88,55,92,17,96,66,92,19,54,92,22,89,88,58,95,90,38,28,38,17,93,49,72,72,29,53,85,63,19,99,21,56,91,92,87,100,54,97,97,90,39,39,74,47,21,60,26,97,84,97,12,65,33,80,75,21,51,99,62,60,16,94,34,13,83,78,17,54,20,91,76,37,43,35,45,82,36,62,41,51,65,77,17,98,76,73,66,88,90,41,46,72,28,47,99,43,22,100,64,69,59,28,22,78,72
E106,47,40,12,89,62,46,73,48,26,87,91,35,27,60,77,40,48,76,71,13,87,91,32,84,52,23,63,96,31,81,100,85,15,81,49,54,43,77,29,58,27,66,71,36,38,23,33,53,76,22,26,95,81,69,60,61,38,44,10,42,23,89,66,42,43,69,64,53,33,26,48,61,88,61,76,52,24,62,85,32,18,71,57,19,69,23,41,57,98,94,28,90,80,48,51,43,92,68,13,90,51,10,90,12,55,66,43,97,52,100,77,15,72,63,63,49,78,68,76,48,24,38,79,95,41,25,32,68,65,15,73,78,40,35,54,87,46,79,32,91,26,42,56,26,46,79,78,25,59,11,94,34,56,41,49,23,72,64,99,55,49,62,23,43,22,23,92,84,93,23,14,93,22,47,96,69,38,82,92,94,97,20,90,31,83,74,93,40,50,76,42,46,81,100,11,96,22,27,68,70,19,27,66,72,99,23,51,59,92,74,53,34,87,10,85,22,97,67,46,44,72,82,42,11,77,10,94,34,13,78,86,30,31,82,91,15,61,43,22,87,89,59,51,81,47,14,29,98,82,41,69,63,42,51,26,63,91,50,81,67,26,77,11,31,40,80,59,50,63,32,62,15,11,80,11,56,84,79,13,95,25,77,80,75,11,10,99,41,10,10,52,34,68,78,29,79,60,77,71,90,30,93,90,29,16,34,11,68,19,17,79,18,64,83,31,31,36,100,85,69,58,92,60,31,24,56,44,18,54,99,18,84,81,17,67,10,96,26,68,27,89,94,31,98,86,49,29,94,81,62,37,52,78,40,49,84,31,100,59,35,81,84,91,79,72,92,93,44,88,51,54,87,21,16,88,28,39,40,56,56,77,74,54,68,29,75,93,38,43,61,93,37,92,76,87,22,65,20,94,86,13,54,51,81,72,56,36,12,99,91,29,85,62,21,44,84,86,95,17,96,88,48,18,64,69,82,51,90,94,30,93,15,33,69,86,75,88,97,98,22,45,52,43,79,20,19,81,88,25,70,90,30,75,45,53,76,48,78,71,44,85,42,15,15,83,32,63,33,80,76,60,54,79,12,73,94,33,12,17,81,91,94,12,55,68,12,20,82,73,46,36,94,95,51,67,51,97,28,94,88
E107,26,52,54,99,57,91,63,74,13,99,98,80,44,64,86,11,10,23,53,98,93,81,24,26,37,58,29,44,100,33,47,89,92,97,46,71,96,14,10,27,54,24,83,98,15,60,93,67,27,49,98,44,64,16,89,56,70,98,72,30,46,78,71,72,46,68,59,41,16,97,78,37,52,66,26,95,78,87,13,89,22,96,17,14,98,63,41,44,92,68,49,90,96,20,74,11,43,27,15,96,29,30,34,11,50,82,71,54,68,41,37,65,81,93,33,74,71,58,54,67,56,55,54,27,52,75,62,81,51,59,79,56,13,64,59,44,74,71,77,31,94,61,49,75,70,24,38,15,16,16,32,53,55,43,61,92,43,53,41,40,46,66,89,75,54,27,84,43,91,90,75,46,46,68,10,46,25,98,99,49,57,14,52,95,59,37,35,71,15,64,87,52,93,23,18,76,23,85,60,92,25,35,78,92,66,56,93,88,54,51,82,45,30,32,83,77,23,95,34,41,92,29,46,19,88,95,88,68,69,21,20,76,10,23,98,58,66,99,68,47,34,58,16,43,79,89,10,85,76,52,87,29,66,22,43,38,97,63,83,44,70,42,87,36,91,49,71,59,99,76,78,84,37,74,63,20,60,90,21,99,77,95,71,68,59,49,50,77,96,17,79,47,34,20,89,63,91,50,30,18,98,67,82,14,91,13,51,34,94,18,27,63,12,57,50,99,72,48,17,27,90,78,48,53,89,57,78,66,64,83,51,57,82,22,91,31,63,76,21,39,14,73,76,40,67,36,23,76,98,98,40,54,84,49,23,31,40,43,51,84,32,35,32,57,98,76,17,33,46,54,50,73,19,23,59,32,99,69,44,36,52,23,46,86,26,75,62,35,27,73,99,17,29,36,22,69,42,91,14,26,77,19,15,58,10,90,72,59,39,47,45,36,36,45,97,63,10,33,93,58,36,41,56,60,45,19,100,61,91,32,85,80,94,73,14,31,52,29,22,56,21,44,96,91,39,54,22,70,26,93,35,95,58,74,56,15,43,94,49,78,56,31,59,16,91,28,41,52,46,93,70,29,31,42,14,50,56,40,15,61,19,24,38,88,12,10,44,56,93,77,87,27,70,56,91,31,35,44,16,74
E108,72,14,57,63,81,95,38,38,52,56,55,61,40,75,57,85,81,18,77,29,81,43,36,88,82,66,48,77,59,84,81,15,15,54,56,72,36,35,77,10,68,89,26,61,90,59,10,83,96,46,11,48,42,68,57,13,23,68,50,11,52,62,96,60,54,51,76,86,88,91,14,92,60,51,78,60,85,73,27,30,35,31,47,33,15,42,40,12,17,61,40,98,18,83,23,14,64,82,70,22,41,58,40,53,85,20,95,21,48,28,16,29,80,60,23,27,28,37,30,80,62,96,25,44,10,26,91,46,52,48,27,28,43,86,29,31,46,40,12,29,39,98,26,99,17,11,13,22,34,26,67,77,87,31,79,94,96,30,43,94,40,52,17,92,85,72,82,22,39,52,39,30,87,51,58,24,91,72,62,33,85,45,99,76,45,62,72,58,46,17,78,86,68,68,84,56,37,58,18,45,10,80,34,10,92,69,15,86,16,60,41,40,58,17,26,72,34,25,52,64,70,30,63,18,72,35,64,33,85,28,47,51,86,95,79,83,70,100,67,68,35,79,33,98,48,34,74,29,18,45,65,31,86,30,31,33,30,77,38,35,76,20,35,74,51,32,30,37,53,86,13,59,28,72,97,13,84,100,47,15,97,22,45,48,19,31,49,53,30,33,85,29,42,57,59,66,96,13,76,95,92,82,38,83,100,39,99,92,54,14,45,63,30,98,88,98,34,35,92,68,45,24,55,35,53,80,39,36,76,67,75,92,84,56,89,20,88,12,53,41,14,84,91,44,53,81,71,56,83,54,17,75,99,33,54,71,26,38,33,99,97,34,11,10,71,10,81,63,18,81,65,87,48,74,48,60,97,68,46,69,90,54,31,89,22,44,80,41,56,92,58,56,15,81,91,58,83,27,95,27,68,94,10,32,52,26,96,97,57,91,95,100,43,90,23,24,95,17,57,55,62,32,93,48,19,28,64,94,62,67,63,92,74,13,92,82,43,16,50,82,61,48,71,14,41,35,64,44,31,46,51,35,29,13,65,50,44,38,27,62,91,18,47,38,48,17,99,95,36,71,19,54,29,44,34,25,15,87,18,52,96,62,78,41,93,13,89,56,40,19,33,30,56,30,61,45,85,66,46,66
E109,80,69,17,65,66,93,90,95,58,47,46,30,74,62,90,39,14,69,94,13,68,77,20,15,18,14,23,27,47,47,77,11,57,60,87,91,48,26,23,24,75,71,49,85,93,12,13,45,42,84,18,16,94,17,66,31,99,34,98,19,47,82,32,13,46,82,86,36,12,63,47,17,43,20,26,19,17,68,15,95,45,97,36,19,13,54,57,11,37,21,56,76,75,68,80,50,14,59,63,11,65,66,55,92,24,44,24,43,76,39,54,19,52,61,12,82,54,25,44,26,68,70,16,97,29,18,53,39,79,59,24,23,52,25,25,20,100,65,32,70,22,42,36,57,88,34,43,24,14,60,23,92,63,51,11,90,42,99,73,33,50,54,37,25,99,14,73,35,73,19,33,28,10,66,28,51,14,79,92,49,51,32,48,12,80,76,65,14,88,64,96,85,26,50,39,40,62,14,22,96,11,84,93,88,83,40,19,85,22,100,44,17,13,86,88,97,74,24,31,89,67,100,24,85,27,94,99,92,33,76,76,67,49,19,52,100,85,42,89,29,55,43,91,34,48,100,52,15,29,61,64,43,92,32,71,41,78,100,65,90,86,60,65,45,80,18,20,14,52,18,31,82,91,27,99,69,28,44,34,12,64,73,70,73,89,76,39,94,59,68,68,74,18,11,73,10,75,98,27,42,16,74,88,38,91,55,20,98,38,34,22,55,68,83,32,17,81,33,95,41,65,59,20,100,59,92,30,12,20,67,29,85,51,24,96,27,58,92,61,17,97,81,63,85,64,24,21,12,80,44,10,96,40,89,13,82,33,94,93,95,71,60,71,37,62,12,77,63,39,36,37,84,86,92,54,15,60,60,99,61,92,73,64,11,53,55,12,77,92,13,93,14,53,16,96,87,16,80,37,15,63,90,89,33,56,16,98,100,85,74,14,54,57,65,47,49,19,84,83,46,18,26,43,37,63,18,60,16,57,11,99,33,86,91,84,88,15,66,61,21,84,25,90,74,24,49,88,78,36,62,73,76,43,88,11,40,27,21,67,66,45,82,99,21,25,71,65,66,52,57,12,98,95,15,45,34,73,53,92,35,23,52,67,55,92,95,26,32,89,51,16,78,41,81,60,14,35,84,17,37
E110,64,73,47,81,64,66,56,60,70,57,36,51,19,50,41,43,94,99,73,46,35,86,27,73,10,76,23,31,17,68,79,15,13,36,73,79,21,10,24,10,41,91,28,10,74,29,40,42,22,61,11,86,97,88,13,83,69,54,72,100,76,78,55,24,61,61,20,82,12,73,60,43,49,44,86,16,45,38,85,46,95,100,61,19,65,92,28,26,98,31,69,98,66,26,65,23,12,53,44,92,14,31,58,12,33,76,93,48,62,55,52,84,28,21,100,77,85,50,59,79,74,61,42,89,83,37,34,95,84,67,45,55,34,87,18,78,15,32,39,79,47,81,66,62,20,91,48,48,42,38,38,95,96,66,39,58,92,92,14,89,17,75,52,66,53,38,69,87,49,66,60,37,23,77,37,93,42,33,100,83,12,11,30,46,85,31,92,72,78,53,30,35,47,61,94,20,50,18,30,24,64,72,61,10,76,87,62,15,21,12,58,64,50,74,89,67,74,96,30,100,49,26,57,63,56,80,26,83,37,81,52,42,99,91,15,90,94,48,47,90,53,12,98,39,83,80,61,34,77,35,42,58,59,87,12,76,25,42,47,87,77,60,15,27,87,61,52,38,33,97,81,100,38,19,54,94,35,12,71,12,69,86,23,89,15,47,100,77,99,73,76,64,12,19,55,17,75,100,91,38,40,45,50,19,32,87,77,29,87,92,42,54,44,21,75,36,35,73,81,76,23,48,93,72,100,49,28,54,13,68,49,38,77,27,15,35,86,55,96,17,93,17,66,75,64,67,67,52,52,10,14,51,34,50,71,91,90,59,17,93,38,60,67,36,37,59,18,44,33,42,70,45,20,55,21,65,38,29,88,50,65,63,100,18,92,45,75,98,30,99,43,93,40,63,48,79,53,19,66,77,30,99,67,97,56,73,70,35,17,59,18,43,60,13,20,73,95,42,21,86,58,49,13,17,17,85,29,51,62,96,75,35,96,52,86,93,64,26,67,76,41,90,81,70,71,71,58,52,43,10,27,38,48,70,25,46,54,24,34,67,44,94,10,26,78,92,30,63,55,92,65,53,33,82,38,95,58,71,56,59,32,68,57,42,53,96,43,11,39,49,84,91,75,83,41,87,67,56,89,55
E111,52,40,61,94,48,90,31,33,97,16,84,43,66,14,52,42,43,73,60,55,74,100,99,35,88,94,100,11,18,81,93,69,59,98,87,31,67,17,44,40,75,79,52,28,76,67,18,55,98,76,39,44,93,93,44,38,13,26,84,89,98,94,69,40,80,50,49,44,32,45,17,29,88,43,78,10,48,99,64,75,77,59,99,90,89,81,91,89,15,79,67,61,35,42,94,32,72,31,49,66,69,23,24,54,67,80,68,34,71,78,20,53,62,25,61,30,18,72,37,58,70,20,40,77,73,35,18,47,12,99,91,37,19,82,98,25,60,64,63,25,64,31,49,96,94,60,89,79,76,83,92,65,71,60,32,19,74,27,33,49,69,82,90,90,33,26,42,73,61,93,80,64,66,15,97,68,23,60,66,21,91,44,76,95,83,55,68,88,28,52,68,78,57,98,32,34,50,29,86,74,17,13,89,34,47,18,38,66,40,42,53,44,26,46,71,22,18,54,50,76,33,33,18,81,24,82,52,20,66,21,87,10,67,13,65,68,70,93,64,95,87,35,24,36,22,60,48,50,41,80,35,34,61,47,30,54,51,11,38,56,41,41,98,32,21,14,22,30,53,48,99,61,67,51,86,18,47,84,85,95,87,55,83,67,70,15,39,22,99,71,10,56,64,78,94,26,57,80,35,33,15,18,44,37,52,49,57,59,34,60,70,88,75,75,97,39,65,74,65,40,63,90,48,95,49,49,84,74,24,13,94,61,34,26,62,67,34,82,27,91,13,58,100,12,45,27,84,47,28,88,88,27,19,21,88,32,44,67,43,37,92,90,53,16,65,87,94,71,79,31,17,83,84,36,74,71,27,25,22,27,12,37,75,29,85,88,74,34,85,86,15,23,57,10,95,96,57,89,54,48,72,64,20,65,81,17,90,59,75,14,40,14,49,13,10,51,97,99,44,63,76,12,20,99,35,25,45,37,40,63,10,55,73,43,35,33,23,23,25,54,44,83,52,89,90,93,92,89,26,83,20,97,70,86,23,86,58,89,94,16,87,18,40,58,47,18,72,92,63,50,99,82,26,12,57,83,48,79,91,36,60,13,82,13,19,63,76,11,23,20,53,94,37,63,12,89,59,47,36,87
E112,48,56,90,35,93,44,87,73,36,26,17,10,84,62,14,24,57,35,52,35,90,13,55,38,32,54,65,32,49,96,81,79,81,92,98,79,12,48,86,73,15,43,62,45,80,99,52,51,55,22,97,61,82,36,30,46,14,52,91,67,96,47,22,20,91,82,36,57,35,82,22,90,10,40,75,92,84,19,98,60,61,73,66,97,13,89,96,56,29,19,74,52,96,74,58,77,15,43,98,34,87,43,28,85,11,14,75,96,94,77,85,28,51,79,91,51,71,75,35,87,79,15,34,71,13,37,67,70,36,20,29,16,57,80,81,62,82,92,98,49,76,55,36,98,17,68,42,76,68,80,19,34,42,12,85,54,98,93,25,45,11,50,17,19,80,22,41,100,100,59,19,73,14,10,14,45,75,55,48,94,23,27,97,34,95,42,74,23,11,84,46,96,51,31,50,51,41,99,83,59,28,51,56,65,20,44,44,22,29,94,98,82,79,67,17,18,17,88,34,94,26,25,52,28,85,42,23,73,65,24,24,22,49,75,39,30,42,100,14,86,61,53,27,96,62,19,26,25,59,62,82,48,76,21,99,91,17,10,19,18,31,100,36,38,99,12,25,63,68,84,58,53,57,90,59,93,69,41,33,38,80,92,34,59,74,49,22,47,40,49,46,60,31,32,74,12,72,43,94,87,92,17,50,35,75,96,83,92,11,53,88,57,10,88,44,30,77,92,18,65,79,39,60,29,52,67,72,32,20,13,99,74,72,33,69,46,25,16,57,84,20,54,68,83,75,20,57,53,53,21,80,49,85,55,57,31,89,64,42,41,90,50,27,27,22,71,35,26,80,49,28,43,77,71,92,95,31,82,78,17,94,30,12,29,89,19,92,68,32,59,50,23,93,92,41,43,28,14,49,90,52,72,76,24,41,23,47,56,58,27,57,39,17,37,17,27,45,18,38,12,11,24,24,36,18,46,64,48,49,33,20,46,41,69,92,71,74,96,96,13,57,52,94,88,27,27,71,70,13,94,26,64,16,49,82,69,61,89,93,70,88,84,76,67,99,33,54,61,95,85,65,92,49,19,18,37,54,11,67,98,65,47,89,89,58,67,31,99,67,100,61,34,37,82,62,74,13,15,66,24
E113,23,88,46,73,50,16,94,55,91,33,26,15,22,18,28,71,11,46,28,26,99,57,82,38,40,93,27,36,80,20,48,39,37,24,62,19,65,61,89,95,70,49,96,49,62,84,72,15,72,24,24,87,77,84,52,18,24,25,57,73,79,68,26,40,84,17,35,73,25,51,92,57,76,61,11,33,61,48,26,36,61,32,48,53,75,78,46,58,84,36,67,18,45,69,92,80,73,54,13,76,95,12,55,92,98,68,90,18,18,73,77,43,90,49,45,16,17,29,72,43,75,87,42,31,45,49,39,66,87,36,61,59,64,16,46,49,78,60,68,24,25,78,77,19,62,18,77,31,72,66,92,38,47,67,69,46,85,63,66,76,47,57,99,26,69,40,98,41,92,91,91,23,91,76,76,23,50,63,73,51,46,25,37,52,45,90,91,55,53,94,66,86,68,91,13,68,86,17,70,66,92,17,49,90,91,57,53,36,13,12,19,72,35,23,43,23,29,70,32,54,85,32,23,91,33,83,90,80,55,58,67,98,26,43,16,56,56,53,92,90,30,51,23,73,70,46,91,78,55,65,51,29,93,61,49,29,44,37,66,49,29,74,27,29,13,33,26,16,45,19,10,63,47,83,61,15,68,30,58,53,30,17,97,23,45,75,69,63,16,89,62,67,39,66,31,57,14,17,83,40,30,25,83,53,59,89,34,32,17,57,10,64,54,15,60,82,59,90,24,96,52,79,76,42,44,95,54,26,37,60,42,84,43,19,23,13,14,96,31,14,78,82,58,72,61,14,48,17,62,28,41,33,22,56,25,99,69,50,25,87,58,70,85,32,83,62,13,53,76,65,55,39,20,44,96,37,44,32,32,14,73,15,46,37,20,97,15,68,68,31,31,28,81,69,42,89,86,52,74,82,34,61,72,47,31,79,60,14,20,72,60,98,92,70,95,77,67,37,74,76,17,25,23,18,36,14,93,54,32,97,84,29,36,77,38,56,31,28,36,69,73,52,15,44,46,77,13,60,93,40,90,33,43,45,80,97,88,61,80,42,62,14,45,24,31,63,23,60,56,51,90,49,26,69,84,41,35,94,85,83,70,17,26,25,48,95,58,19,59,88,14,49,70,95,58,19,16,29,88,64
E114,94,93,93,56,43,47,20,85,15,43,35,72,69,14,31,89,94,63,68,14,52,11,36,51,62,31,40,67,33,45,60,95,44,51,60,11,47,78,55,21,20,84,85,14,61,50,60,40,32,33,96,61,72,87,19,24,19,72,75,53,24,33,54,87,31,97,68,32,84,19,61,86,47,27,28,26,87,28,54,41,79,42,19,80,66,52,71,59,21,72,61,57,96,72,30,30,95,43,56,76,76,40,65,65,11,73,84,81,37,40,94,46,16,75,35,34,70,75,37,60,91,24,55,91,83,33,59,63,76,61,58,92,76,13,79,12,71,85,57,63,52,40,16,13,16,33,28,72,56,11,88,35,98,62,94,12,45,70,10,89,29,81,14,40,38,67,21,43,28,97,24,37,70,46,67,32,73,82,39,84,32,90,28,97,62,100,74,89,45,83,51,43,30,73,63,26,88,41,41,60,83,75,37,28,49,13,96,70,32,75,20,88,54,88,74,23,90,95,63,19,95,74,13,85,74,13,86,78,81,17,43,12,89,36,39,60,32,66,28,44,48,52,26,33,71,56,87,43,27,59,72,39,27,98,100,100,100,71,32,33,28,23,50,54,40,28,50,16,22,60,89,84,34,33,82,66,42,56,22,20,100,95,60,53,99,18,64,10,79,61,32,47,85,51,23,38,35,84,64,64,10,53,69,51,29,92,83,61,60,49,71,18,97,21,75,20,37,27,94,10,68,29,34,83,25,84,100,21,78,43,61,52,56,16,62,37,65,84,98,95,75,53,18,58,68,63,93,56,55,89,89,84,19,86,58,62,84,66,61,17,33,27,35,58,45,49,83,100,83,54,97,23,47,40,67,95,10,44,35,97,42,29,47,87,23,63,29,65,35,25,73,69,70,44,100,44,28,33,28,22,33,97,48,26,92,23,85,71,34,75,21,95,97,83,13,39,42,66,36,23,68,51,22,14,94,32,85,56,79,40,81,51,11,74,36,40,31,70,22,13,48,50,36,51,21,37,50,93,64,35,96,100,47,38,18,99,66,19,87,96,90,18,58,39,35,54,43,67,90,20,99,55,43,37,41,91,91,74,31,51,48,23,72,62,79,83,28,98,96,28,14,60,79,27,82,92,85,42,53,80
E115,98,15,32,75,48,54,68,25,96,81,63,83,97,22,82,94,92,75,20,64,32,57,47,86,87,35,23,48,51,41,63,53,22,35,37,76,65,24,38,63,69,98,47,59,20,65,22,64,11,50,44,40,38,67,97,12,71,95,98,40,58,70,20,26,73,99,43,71,10,63,87,57,40,19,32,23,68,77,86,48,10,94,97,59,89,67,27,86,64,67,28,16,44,21,80,65,31,88,35,18,88,23,92,58,66,80,90,67,50,98,81,59,98,43,72,43,11,24,87,28,91,56,54,41,25,67,52,51,10,43,60,23,65,24,47,100,39,79,44,16,39,87,69,26,58,71,53,46,54,66,63,85,90,17,84,47,21,43,26,55,94,17,88,55,60,35,62,96,17,37,75,52,92,51,30,74,76,33,34,24,36,29,89,89,64,72,75,37,49,35,55,78,99,97,95,56,89,84,23,87,69,69,62,41,75,56,75,60,100,94,83,28,28,52,92,99,44,39,72,98,62,35,63,61,32,74,73,22,19,69,24,65,57,37,91,53,86,52,54,34,87,44,57,16,64,95,82,76,88,53,74,94,26,87,43,78,62,40,17,87,83,69,100,29,76,52,51,98,90,45,25,67,84,36,99,88,48,38,20,49,82,100,25,43,30,19,55,42,49,14,84,61,69,59,28,49,28,80,56,73,43,14,49,12,57,30,95,98,72,91,98,69,12,35,57,42,69,65,58,39,16,67,94,66,83,87,72,51,19,95,92,10,84,13,60,100,93,55,22,89,46,12,72,31,39,45,62,23,56,15,44,25,18,73,16,75,29,82,29,27,16,85,28,50,21,99,36,89,13,10,32,84,98,55,15,18,21,48,66,42,96,67,32,88,83,17,100,54,57,51,26,40,71,74,34,98,89,13,42,88,73,54,71,99,47,50,58,79,46,46,27,58,39,35,36,41,91,81,79,49,63,53,18,83,15,36,47,81,35,16,81,27,47,21,36,15,25,64,16,61,94,42,94,43,84,15,35,56,91,82,41,47,25,72,97,71,90,34,36,46,97,93,39,100,90,15,100,68,24,80,29,22,90,78,30,21,59,95,12,65,95,34,82,31,38,18,77,58,69,91,95,76,24,96,20,94,13,79,17,29
E116,40,79,81,40,61,83,97,71,10,96,27,95,55,67,87,50,40,55,64,49,44,94,18,18,87,93,97,34,54,47,67,98,33,76,60,41,85,82,99,60,30,49,12,94,30,39,74,99,43,89,28,17,38,19,70,91,54,89,19,43,51,11,87,15,86,92,13,93,34,89,96,56,71,27,76,58,88,40,88,53,40,83,91,21,13,59,71,38,38,37,76,33,66,59,50,37,47,79,95,16,32,98,48,83,59,60,76,88,83,100,31,40,81,56,80,54,52,33,13,19,10,97,24,91,99,98,97,56,96,49,48,49,80,49,72,86,28,10,67,44,17,56,23,98,80,69,11,34,96,27,31,23,93,67,68,52,88,88,16,27,54,42,90,86,77,40,83,19,13,36,32,10,98,45,23,16,39,91,72,26,75,18,17,29,86,68,32,86,53,67,51,55,24,29,65,37,69,17,92,17,73,87,64,93,37,36,99,12,33,30,54,23,69,59,64,65,78,89,88,32,25,31,72,46,63,30,22,36,37,48,56,83,54,81,32,91,89,57,60,54,60,30,18,84,31,86,51,86,14,84,82,48,48,19,48,73,56,36,66,64,35,67,81,100,32,54,63,47,75,55,79,64,49,73,65,63,84,55,94,51,96,73,72,10,51,25,81,62,56,16,60,69,86,84,62,45,53,18,22,57,84,92,10,50,88,27,52,62,74,68,10,49,31,64,43,58,88,73,89,55,15,79,16,48,98,60,62,10,98,90,59,38,74,100,33,74,57,14,47,23,63,28,69,52,10,90,91,30,13,91,88,30,33,52,32,24,33,38,81,11,32,84,96,46,43,99,58,27,73,58,41,51,22,47,75,69,43,85,70,90,21,50,95,22,26,96,86,52,45,57,81,86,40,79,50,38,90,39,52,74,94,47,83,87,90,87,97,88,18,65,85,54,38,54,92,92,86,53,28,27,80,70,93,96,51,20,26,10,83,98,15,18,80,21,73,95,48,83,68,41,18,25,20,46,87,64,40,36,64,13,82,79,88,22,16,50,95,10,46,96,51,87,59,91,23,89,93,67,93,44,17,13,100,56,88,72,56,76,36,43,96,47,55,86,44,31,21,12,48,30,12,96,75,47,21,75,33,79,90,62
E117,51,44,82,14,69,80,66,32,51,52,14,100,57,49,25,52,25,87,16,83,36,68,57,67,69,10,66,84,58,94,13,97,61,21,95,64,85,45,24,37,56,22,31,79,43,81,36,58,86,50,56,85,56,78,30,72,69,17,98,62,84,89,26,27,63,86,94,24,57,59,82,96,95,42,86,13,65,12,77,92,32,73,64,25,12,11,31,38,55,19,94,27,13,89,43,56,85,100,59,84,24,52,70,36,100,43,86,43,34,81,54,91,94,64,35,36,71,55,82,75,98,44,85,98,20,41,79,70,100,77,73,10,24,81,76,21,90,94,98,100,97,21,25,39,39,70,88,51,95,30,36,35,22,44,40,31,45,20,90,66,11,95,69,22,28,72,74,72,87,63,40,41,75,72,88,92,15,75,18,34,96,32,32,16,74,28,33,16,49,46,76,47,94,40,50,24,87,72,75,81,22,63,42,85,55,70,24,14,47,28,95,53,89,85,12,11,100,90,33,75,47,31,27,45,22,73,15,100,25,79,93,38,90,22,40,73,73,96,45,36,42,14,38,17,53,95,70,83,31,52,100,91,21,73,38,38,41,54,76,24,39,62,74,30,30,16,20,90,52,29,88,98,72,88,63,80,57,46,61,32,20,21,59,67,11,91,16,63,31,15,75,27,23,26,44,11,68,94,58,65,46,91,91,53,95,37,59,29,83,26,24,99,41,52,15,91,22,23,40,44,42,87,58,79,98,84,51,13,85,26,82,20,77,46,75,84,85,42,55,44,95,84,45,86,66,28,55,47,69,28,94,17,46,72,42,49,26,96,23,67,56,62,39,82,42,85,10,43,59,51,22,46,48,43,49,63,98,56,72,49,76,18,47,50,30,50,27,100,75,75,78,95,60,48,58,50,12,81,88,39,13,42,40,20,70,81,47,29,19,40,86,22,38,65,99,87,89,73,53,43,77,38,88,37,72,72,71,26,66,25,56,42,29,30,42,24,31,50,10,36,77,96,36,45,22,33,46,70,27,33,39,68,28,15,66,48,18,86,71,54,37,71,16,96,16,64,40,30,40,86,87,81,94,90,81,72,68,36,38,57,30,22,10,77,53,77,34,91,68,56,55,97,79,32,63,38,30,21,77,87
E118,45,57,22,17,81,76,54,74,82,100,98,84,76,100,95,21,77,25,22,87,89,44,33,81,25,73,100,81,40,46,27,92,10,62,42,34,35,94,85,93,50,53,34,49,35,34,46,82,96,68,22,86,66,26,90,11,44,16,82,96,37,33,47,28,45,35,90,14,13,88,92,20,97,68,38,24,58,34,38,27,47,92,39,10,94,76,93,95,73,31,49,42,71,74,40,83,13,72,25,27,20,31,56,73,89,79,85,65,86,19,16,28,48,24,82,74,94,32,70,30,45,47,93,89,56,32,14,66,59,83,84,90,19,55,28,79,36,20,21,82,69,73,74,83,55,23,64,61,55,17,23,78,16,16,57,45,47,12,28,69,66,59,17,24,95,26,38,22,59,27,53,70,57,21,13,14,12,37,59,62,78,54,70,49,40,84,70,92,40,80,44,67,91,21,98,79,44,56,74,19,59,39,16,32,23,32,85,19,78,30,34,62,34,70,27,52,24,21,27,86,94,76,14,36,21,16,29,58,29,39,66,13,56,14,59,68,96,47,81,32,96,54,30,29,83,30,51,46,60,53,100,96,45,73,58,38,19,65,87,21,48,57,55,86,16,36,59,53,38,55,46,30,36,66,30,42,65,64,67,59,26,31,62,99,71,59,19,73,48,92,66,85,11,45,55,52,31,28,47,31,98,15,56,86,64,43,28,56,46,87,67,78,16,58,44,39,71,20,89,93,60,15,98,92,34,47,75,89,72,38,18,23,64,15,25,54,58,53,40,82,87,57,33,21,22,91,97,50,45,33,42,10,21,54,12,96,43,37,91,69,88,17,100,77,63,80,13,77,75,40,53,77,57,55,74,92,38,64,43,51,43,91,81,67,57,88,67,83,82,71,43,27,54,47,30,90,84,92,17,48,37,59,77,31,71,51,61,75,42,84,73,96,77,51,17,98,67,76,92,65,71,33,50,39,17,75,23,52,77,10,79,61,66,76,96,86,43,57,23,23,87,38,96,30,46,62,71,19,92,92,82,88,85,29,69,53,31,37,66,23,12,11,28,89,57,88,92,59,34,50,19,81,72,54,67,17,56,36,33,15,82,41,58,19,38,97,90,12,18,46,49,62,45,23,89,71,30,100,82,94
E119,46,19,94,17,37,64,73,51,77,11,59,82,38,29,100,77,85,44,15,19,21,68,19,34,14,41,100,72,13,89,68,22,77,43,62,68,85,17,80,69,70,99,39,70,37,91,23,63,83,28,67,54,88,31,72,49,62,16,20,15,12,61,91,87,93,66,70,47,16,10,86,98,69,17,18,75,37,26,57,90,96,98,60,58,19,79,11,58,22,10,77,53,41,68,15,10,73,17,12,22,10,29,27,26,24,31,99,60,81,37,88,15,50,22,14,25,19,79,18,58,82,35,44,85,24,10,58,69,65,88,76,71,18,15,24,46,88,49,20,20,64,39,32,81,29,29,56,24,82,58,42,27,85,52,74,90,59,25,65,67,28,23,18,72,12,29,51,42,48,86,59,50,51,14,30,100,45,30,20,76,94,28,51,43,91,77,16,52,99,69,54,89,52,10,31,47,28,42,93,27,63,37,41,57,32,39,24,94,69,90,51,46,74,66,73,25,97,34,29,10,29,12,61,21,98,36,88,91,26,11,40,23,77,63,67,64,69,45,49,76,31,32,75,72,80,11,73,34,88,17,15,48,88,65,39,14,99,84,59,63,60,67,65,32,82,58,14,90,30,100,87,65,93,49,88,86,18,91,15,42,73,25,63,48,86,51,42,51,91,74,43,48,62,54,69,69,25,41,98,91,67,24,54,35,42,31,69,74,84,37,91,32,76,69,37,28,32,69,58,64,51,42,78,90,47,26,73,49,86,47,64,98,49,53,90,45,92,17,34,13,13,29,92,22,48,39,59,63,51,82,47,55,35,80,80,32,37,27,41,49,52,41,37,54,59,63,75,30,26,77,86,63,56,71,95,57,48,87,91,29,95,10,38,99,88,80,10,24,35,39,91,69,91,60,19,88,19,56,96,68,71,11,22,49,21,24,20,55,77,23,91,58,29,37,18,55,41,88,44,30,80,19,24,55,79,69,61,53,14,83,18,58,35,86,67,91,56,12,57,66,87,27,25,57,18,14,93,87,81,21,17,13,92,84,43,47,38,11,14,27,68,72,38,27,11,96,58,52,60,82,47,28,67,92,62,90,34,80,11,91,77,32,58,35,31,60,66,63,38,98,92,22,21,49,41,20,17,68,53,39
E120,86,74,70,20,45,23,44,33,65,47,27,85,38,13,58,95,42,58,24,46,35,74,35,74,18,62,73,48,100,27,98,79,86,50,49,16,55,78,46,94,70,43,41,81,84,47,72,53,27,75,85,71,30,93,49,52,87,68,82,81,85,79,32,33,46,53,54,98,47,13,93,45,29,25,12,11,24,48,91,85,88,61,25,24,70,67,77,51,45,57,36,82,93,14,54,66,100,89,79,58,59,26,65,86,32,37,40,82,53,40,11,14,95,90,26,93,54,54,35,86,52,94,33,91,57,61,98,36,68,72,95,37,23,32,55,30,49,56,77,72,14,25,38,22,24,18,66,54,25,72,40,95,36,56,81,35,62,28,47,82,90,32,25,53,21,53,64,84,49,49,38,80,73,80,70,18,68,18,39,51,97,87,37,54,99,95,75,97,84,20,17,54,45,78,32,52,65,30,71,37,88,64,45,35,96,35,25,65,20,29,10,92,86,88,28,80,63,94,78,94,100,70,81,47,29,95,98,70,71,52,23,50,38,60,94,66,27,16,98,85,66,55,14,59,58,88,85,23,97,92,26,79,50,60,76,52,82,45,47,20,63,46,83,40,36,22,20,21,50,58,91,100,79,50,49,13,31,59,26,22,76,15,60,98,94,11,41,62,41,31,39,97,57,25,80,51,31,28,86,94,21,64,55,61,21,35,98,17,66,40,89,75,66,20,92,95,47,75,47,97,51,44,49,35,13,10,69,92,47,53,96,67,72,70,47,25,92,47,63,54,22,74,36,22,61,41,35,32,56,38,41,100,65,35,15,52,68,55,69,98,74,58,61,17,68,17,33,53,12,68,58,64,64,15,59,83,92,96,55,12,75,56,28,64,20,16,63,75,88,62,57,54,36,27,59,42,73,44,23,93,100,43,18,33,96,44,11,96,43,35,82,65,76,46,75,36,50,84,59,16,10,10,18,80,94,97,29,10,75,72,23,59,90,37,77,80,25,85,37,100,96,84,90,92,28,71,20,82,22,74,85,83,38,81,23,88,78,71,87,26,22,62,52,10,22,77,19,69,56,68,63,11,23,75,14,76,65,66,97,50,26,26,62,26,49,86,21,52,26,97,76,88,38,31,75,23,61,65,53,20
E121,72,72,35,19,36,20,88,68,47,82,41,24,40,51,27,72,96,64,33,54,53,88,41,72,64,94,57,18,21,76,26,51,65,64,90,53,24,59,37,86,24,68,31,70,22,52,42,78,98,34,62,32,78,21,34,46,25,39,52,13,34,35,46,61,11,70,49,85,63,91,74,66,51,67,48,92,47,64,99,50,48,100,42,78,28,24,75,72,37,88,81,94,32,23,26,52,51,75,79,72,70,45,15,54,17,37,18,53,18,36,49,95,58,57,16,79,100,94,63,51,98,63,89,82,64,98,38,79,72,44,47,71,72,20,39,49,21,31,53,40,92,76,99,91,41,43,21,13,64,57,68,27,88,89,67,63,58,56,63,30,15,63,73,90,16,40,87,39,37,58,66,97,72,68,42,49,22,14,97,81,42,35,84,70,25,24,76,33,100,17,11,37,95,45,14,89,41,52,75,33,71,97,24,72,35,97,27,16,37,20,95,11,65,60,60,46,65,99,56,22,74,44,70,75,75,73,92,89,69,77,80,75,48,54,74,90,100,72,89,55,69,99,84,71,20,22,47,86,21,68,87,47,63,18,92,88,16,58,85,100,32,38,91,83,55,22,12,78,93,36,27,73,95,76,60,60,76,64,79,94,87,83,77,48,28,12,12,39,33,59,52,17,92,39,16,50,27,43,22,22,44,31,15,66,62,57,22,38,37,53,32,82,46,86,57,70,65,16,41,90,82,63,98,19,13,79,44,90,97,82,31,85,71,16,48,50,36,76,64,79,66,60,18,28,98,82,67,62,72,58,29,24,91,35,52,48,90,51,61,18,45,39,25,54,35,95,75,90,34,97,48,81,92,83,85,56,41,18,32,16,14,76,52,83,15,49,16,13,32,45,23,96,67,14,37,61,42,33,41,72,41,37,19,36,48,91,29,49,18,47,90,66,25,75,83,71,60,30,19,71,70,87,94,47,28,92,88,32,22,14,23,73,27,73,44,79,27,20,100,53,21,71,53,12,72,97,82,63,40,20,38,28,45,97,17,94,45,85,59,20,89,63,99,92,91,50,21,88,60,60,31,71,21,45,54,71,16,64,50,98,78,98,65,74,65,30,37,66,75,57,99,67,69,22,96,69,25,32,18,83
E122,85,83,34,98,93,87,21,73,58,71,10,95,72,91,11,10,26,31,92,66,83,64,30,45,49,53,33,66,74,47,35,10,99,11,38,87,79,73,74,91,15,63,46,64,53,82,49,86,21,94,79,63,79,92,48,86,93,75,72,99,44,87,100,34,99,32,10,36,84,28,31,58,80,61,74,70,13,92,97,36,70,56,57,72,78,57,46,51,71,100,98,59,51,37,10,84,28,43,63,46,36,12,74,24,38,26,29,32,54,68,57,12,43,19,27,30,63,60,49,40,98,57,10,83,45,50,57,92,92,66,39,22,46,82,29,94,64,64,32,28,94,42,72,66,64,10,35,81,29,97,74,17,71,18,17,16,28,42,50,77,77,96,64,44,24,90,68,93,85,40,86,87,59,88,71,87,41,94,91,38,88,35,41,74,35,35,77,67,64,80,75,36,80,61,76,84,77,29,54,75,25,67,36,81,65,78,23,58,54,33,28,41,52,14,72,91,87,100,90,88,40,71,79,72,39,90,56,27,24,84,87,76,13,58,76,42,86,61,13,95,35,36,47,32,86,88,54,17,79,60,69,29,29,62,94,90,65,33,78,21,17,67,61,66,68,66,78,62,66,95,39,99,87,71,19,78,18,87,15,55,93,83,66,43,65,74,83,82,39,37,14,56,37,98,72,45,15,95,64,30,42,27,59,25,17,100,40,40,29,45,81,98,70,73,34,59,54,23,77,78,45,87,24,88,78,62,60,20,37,28,84,48,12,61,40,56,70,33,43,69,61,36,86,80,54,70,28,60,94,99,76,51,14,11,69,27,80,96,100,48,39,75,92,98,55,77,11,13,84,89,85,75,64,65,97,99,82,30,99,44,92,50,98,12,51,18,44,88,13,49,74,69,38,54,87,72,57,44,38,46,51,40,58,47,89,82,60,22,17,72,73,83,87,91,66,68,28,29,30,28,99,64,49,58,96,20,51,40,40,14,11,28,73,11,27,68,56,17,70,63,88,70,98,65,98,82,41,78,98,14,50,23,42,55,40,80,58,93,86,96,11,24,65,76,19,29,14,73,53,10,16,13,61,88,89,97,20,54,56,77,54,82,38,84,94,30,28,43,42,50,55,65,53,33,37,33,26,22,48,78
E123,88,49,45,20,34,89,83,83,57,93,20,67,61,82,86,35,36,16,40,80,20,50,65,84,51,85,15,71,11,54,94,96,65,86,57,100,18,11,65,36,62,24,93,18,27,76,72,47,15,100,74,92,24,18,68,34,13,97,58,83,86,39,77,28,18,45,50,26,79,66,76,84,87,84,82,60,27,74,83,40,10,92,33,80,46,17,56,28,19,74,55,16,51,59,16,81,34,23,83,22,29,93,62,16,43,99,79,55,77,82,63,51,43,88,80,18,80,44,44,11,86,40,79,64,55,49,68,18,89,33,73,92,16,97,57,42,75,68,49,77,70,14,53,61,58,29,38,13,16,57,60,10,84,93,49,44,90,60,23,56,11,22,27,96,38,52,16,63,60,90,57,58,65,17,56,13,54,89,12,75,56,92,57,99,68,64,52,72,78,83,37,70,83,99,41,84,22,87,49,72,44,38,69,29,82,85,15,100,34,51,29,20,98,82,59,12,85,25,13,27,68,64,44,73,19,49,33,42,96,93,39,31,20,22,19,90,84,16,26,65,92,63,96,27,40,72,67,34,90,80,23,38,41,10,88,78,41,22,43,57,30,41,72,78,11,36,49,59,37,35,33,75,66,43,91,29,56,63,50,61,80,60,62,78,14,94,52,80,15,14,16,56,81,83,94,54,99,37,79,24,51,70,57,16,21,50,44,38,97,79,98,52,68,79,23,81,91,16,71,68,89,45,89,23,46,77,76,24,54,95,91,24,47,44,64,62,21,86,94,86,53,42,24,68,21,14,10,62,56,63,28,60,60,64,78,80,56,47,50,95,52,40,91,97,61,38,73,73,64,65,56,87,89,55,89,86,15,31,94,39,45,46,26,39,81,23,64,33,33,58,64,44,75,49,88,92,23,77,92,60,22,49,59,30,80,76,39,61,37,52,78,17,94,57,36,35,21,94,56,20,90,35,19,96,35,54,65,24,23,66,10,30,72,74,47,70,34,48,49,68,83,34,67,31,32,39,89,24,71,58,19,88,99,62,81,30,31,54,76,79,53,95,76,44,94,35,25,37,91,100,50,99,97,97,73,48,11,77,67,49,67,45,13,67,34,88,71,29,83,90,63,23,72,54,62,53,66,72,85,83
E124,17,59,25,74,41,47,43,29,52,25,21,74,14,86,50,43,52,50,19,84,94,26,47,23,57,26,75,65,40,49,80,42,10,18,64,21,95,67,16,93,95,58,42,87,25,48,49,51,37,41,73,98,54,32,12,22,56,58,88,22,45,65,96,23,58,97,48,19,54,70,39,34,70,64,76,44,10,89,21,35,44,19,90,72,74,18,11,89,10,72,24,83,57,71,92,23,94,48,54,23,49,84,55,22,45,84,98,93,55,51,78,34,79,72,37,59,80,14,69,32,86,60,64,19,76,16,78,42,40,76,76,18,58,79,49,77,27,69,31,35,93,12,86,87,14,68,12,49,59,45,42,53,10,40,12,94,10,58,95,10,43,55,25,96,88,88,16,75,20,75,71,39,37,16,13,32,73,91,58,40,27,68,33,31,36,73,38,64,88,51,17,43,36,28,93,59,15,52,84,16,43,69,39,55,36,51,28,31,63,94,56,43,85,36,16,54,36,82,69,34,49,57,22,34,96,94,54,88,85,65,47,28,63,17,91,58,17,13,88,81,89,100,68,30,69,42,11,99,50,21,43,93,99,41,24,59,47,21,18,87,88,21,99,35,65,56,63,49,16,92,30,99,56,46,32,64,15,15,62,26,79,92,83,94,33,31,34,76,43,36,56,69,87,88,34,78,92,86,50,83,48,57,81,82,31,29,51,18,92,71,45,72,51,32,86,44,89,66,68,55,60,56,50,23,30,75,75,96,89,95,52,65,35,78,34,64,72,62,64,54,68,17,36,20,10,20,31,26,90,19,41,38,92,99,76,73,55,36,92,97,43,32,19,48,46,75,37,52,46,96,52,68,46,82,74,77,90,39,89,64,76,35,81,98,26,56,29,57,46,37,14,89,34,53,98,41,53,32,18,55,18,72,35,97,46,58,63,12,65,78,83,91,82,29,42,70,23,55,70,51,63,23,12,79,15,95,19,14,37,12,30,32,23,27,36,84,53,56,23,32,22,63,86,75,38,27,34,29,81,55,43,22,43,26,31,62,39,90,27,62,26,24,47,43,50,35,70,23,53,92,14,44,51,25,89,60,72,79,66,73,80,74,14,20,96,25,91,55,87,22,36,32,64,78,48,33,35,32,100,97
E125,60,34,53,55,44,63,88,97,15,36,34,59,82,100,34,21,14,53,66,20,82,68,41,32,35,100,80,22,55,47,53,53,27,68,81,70,65,91,30,90,58,10,33,37,52,64,46,12,96,84,39,11,89,88,88,78,65,75,87,20,86,57,11,71,99,81,65,73,82,60,82,83,87,82,37,95,77,23,82,92,25,90,82,47,81,97,68,44,59,25,32,40,94,20,86,99,94,11,14,28,47,21,56,53,24,73,51,76,60,37,67,36,52,36,35,31,70,14,26,74,85,87,61,62,65,74,65,78,57,79,44,37,18,21,59,30,18,17,95,98,61,55,20,49,99,88,42,69,36,88,61,56,97,47,35,20,12,53,55,66,73,18,94,15,36,97,17,94,28,69,52,83,63,15,81,90,79,84,52,80,59,88,67,87,34,52,76,48,36,42,30,34,22,43,82,45,52,31,22,31,54,100,80,65,15,64,27,92,10,89,75,23,80,15,97,44,16,93,83,89,84,24,50,25,48,23,47,10,55,17,81,54,11,95,20,100,40,96,44,71,90,44,30,86,98,61,38,63,42,19,33,31,62,48,67,27,50,98,44,98,38,99,83,32,46,53,37,86,60,11,47,26,42,13,78,20,68,46,100,90,45,27,57,96,40,83,99,99,61,77,93,53,90,33,67,65,74,32,12,82,22,80,92,80,23,31,29,49,59,59,25,43,30,78,15,87,72,10,30,11,87,69,85,100,11,87,65,96,41,55,22,97,50,89,19,19,70,53,93,37,40,25,66,17,27,95,54,36,40,73,86,70,10,78,59,16,49,92,40,69,71,54,80,68,33,57,35,69,21,73,27,14,97,24,51,39,40,39,13,10,35,33,53,58,83,63,44,66,42,18,34,40,18,22,55,21,86,63,74,39,88,47,79,98,48,30,28,62,93,65,35,21,57,48,37,12,85,88,13,36,92,93,49,98,82,25,41,19,55,58,91,53,35,100,58,65,73,21,36,61,49,63,100,35,52,20,48,51,31,33,75,91,27,37,27,51,97,37,49,75,94,51,33,86,67,88,82,37,42,86,62,55,66,68,50,80,40,92,38,54,32,25,95,87,73,10,97,59,47,10,65,46,21,28,35,98,92,19,51,45
E126,15,29,49,43,68,74,36,11,67,52,11,23,61,35,28,73,91,12,34,93,44,83,24,42,23,12,96,54,26,58,87,90,60,35,62,48,31,69,29,19,33,61,43,97,50,46,35,59,72,63,75,92,71,88,65,71,94,49,59,71,90,33,59,86,75,62,100,34,10,21,98,39,36,38,26,72,88,81,80,27,22,67,10,31,92,63,95,71,25,87,82,59,19,47,87,46,89,22,79,55,25,49,68,55,64,25,63,15,36,79,46,84,51,98,29,60,13,63,75,33,30,74,68,82,50,100,61,19,49,20,11,82,58,58,18,96,57,88,31,89,34,30,53,67,77,86,15,80,74,52,15,64,82,11,34,17,100,38,46,71,19,20,33,16,27,70,37,13,93,27,39,77,90,56,91,83,52,99,22,98,97,27,85,90,29,14,69,29,28,35,15,36,41,57,80,29,38,38,83,79,89,96,55,18,23,99,25,40,90,89,84,73,70,41,79,94,68,87,30,66,80,69,59,66,78,30,41,60,10,91,80,47,33,26,85,59,62,52,23,48,42,97,43,75,58,53,68,44,35,13,61,29,12,58,77,18,49,96,96,81,91,48,82,88,90,25,85,74,99,66,28,16,32,85,75,20,18,36,11,10,76,44,40,92,37,84,25,47,20,84,100,80,24,19,99,91,66,85,62,41,34,12,90,53,10,68,45,83,53,16,46,46,40,31,66,22,85,31,83,81,93,10,28,100,76,45,93,43,24,62,21,96,58,85,37,97,62,32,44,17,76,77,52,24,93,93,64,39,26,40,74,23,35,72,11,50,71,95,47,19,14,41,70,62,30,32,63,52,86,44,25,51,26,56,78,36,77,54,20,65,39,50,73,76,19,25,62,46,45,65,62,74,45,71,23,34,31,97,89,17,22,17,32,87,93,22,53,76,96,53,97,25,22,80,57,77,20,25,16,22,46,59,15,26,34,57,41,53,91,85,60,75,30,75,85,11,22,44,16,78,24,27,98,41,53,64,39,20,61,73,58,60,16,28,67,22,60,81,84,33,69,77,91,81,81,45,69,75,97,68,21,79,19,88,35,78,39,49,73,95,66,15,54,21,11,92,42,70,39,10,90,81,13,33,76,31,22,37,24,100
E127,20,99,48,75,32,49,90,21,48,39,12,45,47,49,58,82,69,78,90,85,47,28,51,82,62,38,48,84,12,12,21,85,67,63,77,87,38,41,45,56,10,17,43,23,89,56,21,95,21,35,90,15,37,13,66,59,59,19,71,10,59,99,23,59,97,61,81,44,62,49,98,78,96,27,92,13,86,76,72,26,77,49,76,19,75,23,78,59,83,60,87,27,38,45,42,42,17,51,57,66,28,49,73,69,31,20,38,83,62,35,93,61,29,13,100,84,19,62,10,94,44,84,96,47,24,71,99,30,34,18,89,13,18,66,17,99,59,64,77,58,41,66,27,22,99,79,56,81,83,37,54,75,42,93,16,49,71,15,56,98,68,21,30,63,50,59,54,59,98,45,22,97,64,50,60,59,63,68,22,52,68,24,20,25,27,14,73,12,23,76,98,94,12,98,53,90,77,82,34,57,82,64,72,90,85,33,62,33,56,53,27,54,68,63,20,54,13,40,34,54,87,90,75,92,43,78,16,76,63,18,74,65,96,95,98,91,76,34,11,42,36,45,28,30,85,87,95,73,79,57,37,26,25,98,98,10,18,40,38,84,79,82,37,11,82,11,45,10,16,41,72,63,54,80,49,94,82,94,12,23,48,15,53,65,52,10,28,55,67,80,72,14,96,86,15,88,51,88,17,28,97,69,87,82,10,44,60,34,60,87,18,86,83,24,76,34,76,63,44,77,79,34,58,27,62,85,63,20,62,99,34,59,66,95,70,18,68,100,68,50,33,86,62,97,83,100,48,96,33,98,59,89,22,55,44,100,79,90,88,69,79,79,21,95,91,43,22,98,27,43,51,30,66,70,14,56,14,78,70,53,53,15,51,65,30,43,47,78,20,79,78,78,94,59,66,76,85,57,13,22,38,83,24,83,35,77,69,17,66,45,20,48,31,12,22,40,45,89,94,78,49,37,80,32,79,94,19,49,12,47,59,32,49,70,78,65,97,35,55,66,33,37,62,94,30,71,39,39,16,74,94,83,11,40,49,50,47,49,60,93,74,46,41,32,18,15,86,51,47,86,59,81,63,23,72,68,95,34,17,70,82,10,83,89,19,98,83,88,92,91,93,74,45,60,67,63,18,69,12,86
E128,83,57,25,21,15,37,54,61,30,50,71,98,60,27,18,17,90,86,14,28,77,13,54,68,85,99,53,57,12,13,17,42,48,45,19,54,64,58,97,40,15,57,67,30,73,57,65,29,33,12,30,24,67,50,79,82,32,81,37,82,99,12,51,34,68,13,25,39,92,71,100,60,99,13,95,68,33,10,95,37,29,45,76,87,34,28,39,92,69,71,56,63,72,70,88,44,58,59,79,51,36,33,45,24,47,74,46,29,63,93,81,87,75,80,14,72,66,55,70,91,46,65,54,77,53,96,66,80,57,60,48,56,21,99,84,32,45,27,67,82,40,43,59,78,97,26,93,88,95,81,56,21,61,54,28,33,95,76,72,36,51,23,21,80,69,71,77,60,40,43,90,18,45,46,81,71,95,72,66,48,66,62,35,84,67,94,19,12,34,18,77,78,66,32,73,72,82,63,17,62,95,79,74,76,95,58,66,95,46,32,11,52,97,99,13,95,51,70,78,47,61,32,28,18,61,36,43,62,52,21,78,61,50,24,54,39,20,26,18,47,19,96,39,76,26,90,88,74,92,71,89,16,78,65,94,75,64,50,23,91,42,65,62,16,23,73,11,54,82,40,88,63,69,14,23,98,52,57,98,31,33,59,49,19,27,43,59,57,52,29,98,94,86,56,72,81,67,35,50,24,58,79,40,27,10,33,30,69,25,20,37,93,20,74,16,17,28,20,45,86,76,16,14,78,42,66,97,50,52,56,67,97,72,41,47,97,92,37,29,81,33,39,87,18,34,26,94,100,18,80,91,40,63,59,84,43,89,76,41,55,85,75,92,11,77,44,59,86,76,73,36,27,83,68,50,75,44,52,64,28,70,23,92,34,69,16,90,28,43,48,60,88,77,45,54,82,79,88,13,87,17,58,61,13,83,48,69,77,35,16,63,28,64,47,61,52,74,78,82,85,80,73,32,44,44,48,59,41,20,28,77,97,45,27,97,15,84,32,68,49,84,41,97,82,15,85,76,21,97,20,28,27,14,33,19,53,93,22,27,92,97,74,55,20,36,59,75,45,14,51,47,23,59,95,52,31,39,72,11,10,78,67,73,70,57,19,88,16,15,36,32,30,65,13,70,40,46,69,75,46
E129,40,30,64,69,42,78,49,64,44,91,38,19,17,36,27,37,39,79,94,55,42,41,67,65,71,40,17,55,80,53,78,32,19,89,64,45,53,87,88,63,79,29,27,44,36,21,27,97,95,20,29,55,56,74,74,88,76,35,88,31,98,36,12,71,79,25,44,24,26,52,69,12,94,62,67,17,68,73,89,100,96,93,92,33,48,42,53,48,70,51,93,87,66,18,23,39,24,57,98,63,77,72,36,24,96,15,26,48,30,59,47,50,86,64,39,83,45,64,77,46,57,75,37,100,22,11,83,11,34,54,81,96,54,74,70,27,58,34,97,33,98,70,54,14,33,72,91,19,87,29,59,49,33,24,10,32,40,80,66,30,76,80,13,72,41,65,63,91,49,82,73,15,58,93,89,50,84,100,89,10,97,90,24,82,61,94,90,44,38,94,40,54,62,28,34,84,52,13,32,19,19,25,75,70,10,97,15,10,15,78,27,32,26,17,55,40,26,31,15,79,85,40,83,55,59,16,77,83,77,13,47,64,59,19,67,24,11,21,46,70,78,33,43,69,55,82,88,22,25,72,34,82,15,60,63,51,17,61,75,77,90,74,56,69,64,14,33,69,35,25,64,12,40,54,16,29,98,49,53,11,60,35,26,69,17,98,98,96,54,29,45,21,94,64,87,42,91,50,65,48,58,78,63,58,69,60,91,94,42,62,88,25,45,31,74,49,11,12,10,11,99,24,37,66,43,34,67,75,44,72,22,12,70,40,74,32,34,33,28,51,94,97,79,98,38,38,71,64,31,92,28,36,40,44,52,15,24,53,45,25,70,73,61,57,69,78,63,65,20,15,99,93,16,14,12,54,86,21,25,77,58,30,92,44,73,87,40,89,37,90,36,48,75,95,83,20,46,17,26,60,85,92,96,59,38,21,50,99,54,91,54,96,77,16,93,12,74,71,57,73,53,68,52,22,98,37,24,75,38,80,27,34,72,16,95,78,45,45,42,59,78,91,50,12,23,95,35,90,79,21,41,74,56,96,48,23,80,49,32,88,38,30,61,45,51,68,15,18,70,67,41,39,72,94,14,18,16,64,56,34,61,15,54,47,82,72,20,33,70,83,39,20,90,14,78,29,59,31,92,92
E130,71,69,50,63,86,87,100,88,10,65,98,12,48,24,74,65,88,59,11,88,56,59,61,22,20,81,33,80,83,26,21,100,12,71,50,74,65,48,38,56,81,40,12,84,73,51,38,35,98,58,35,24,43,84,27,74,90,85,62,84,22,76,97,61,25,94,70,50,92,60,79,65,37,42,50,94,45,85,58,45,95,97,31,32,13,63,82,83,95,29,53,53,77,40,16,11,35,54,78,17,94,99,100,80,68,57,61,90,41,42,47,88,22,15,74,76,54,39,47,81,79,40,20,87,33,66,30,67,66,74,36,46,16,73,84,97,90,34,27,74,20,81,21,59,94,70,21,72,67,95,22,25,10,38,46,15,32,16,72,38,65,18,73,49,50,68,43,23,70,90,88,18,74,44,91,77,10,12,17,13,11,21,39,40,17,97,91,31,25,45,80,85,12,42,11,20,21,41,92,83,30,23,55,94,91,81,19,84,29,69,72,28,44,46,41,92,67,100,63,46,51,58,19,76,49,64,81,83,22,57,98,91,79,35,36,60,52,89,66,49,72,15,90,85,23,47,75,69,98,25,87,33,99,96,87,11,75,38,38,76,26,58,54,64,25,82,70,78,91,84,58,79,19,27,58,61,62,97,88,84,25,59,83,82,30,68,67,96,13,96,74,91,64,99,58,55,68,47,78,64,57,86,67,66,94,50,86,69,72,65,71,37,98,95,90,74,12,15,69,50,14,62,77,27,34,93,41,70,40,38,82,40,45,69,46,98,21,95,32,65,73,81,74,61,53,67,16,67,41,92,79,57,43,61,10,56,29,20,68,36,27,18,41,37,10,91,52,75,66,97,81,84,31,90,75,77,11,31,96,30,85,94,54,52,73,60,89,37,17,75,76,78,37,73,97,14,66,86,84,18,98,96,86,11,63,26,34,97,94,93,20,54,46,38,49,47,89,20,82,72,49,68,10,91,79,46,79,60,72,25,24,100,66,30,47,88,77,90,50,84,58,40,42,35,64,57,16,88,42,23,63,28,90,99,98,60,68,32,44,11,74,87,58,30,81,95,73,17,20,41,28,22,57,60,64,67,17,18,96,89,19,75,69,25,69,24,10,44,52,88,83,86,30,15,70,20,76,87,80,95
E131,12,29,32,20,41,23,81,84,92,60,14,50,14,34,49,59,23,91,21,70,40,47,21,71,100,42,21,45,62,54,56,48,51,20,33,41,36,53,56,85,19,63,48,89,21,54,93,62,61,34,13,98,35,58,35,39,75,62,49,75,61,52,12,16,67,47,43,36,51,32,50,93,10,18,82,21,62,56,39,60,43,69,12,60,93,65,88,64,90,96,71,72,74,90,22,36,43,18,49,53,29,45,45,80,65,45,84,18,97,50,37,54,13,83,12,95,43,35,54,19,76,45,15,58,36,86,29,86,42,91,61,56,22,36,28,68,20,16,14,48,89,93,84,23,32,64,45,40,76,43,70,13,88,81,22,83,30,92,12,56,16,87,22,59,37,40,82,96,29,94,41,60,26,50,84,38,27,80,64,56,72,25,24,98,87,31,100,47,83,23,27,75,37,10,13,64,32,40,78,24,75,37,93,89,31,44,56,24,63,73,83,21,73,67,61,25,97,83,65,11,72,89,20,22,70,28,88,29,40,39,100,51,82,25,41,36,56,36,20,57,41,55,65,31,79,68,27,49,55,99,91,12,44,98,13,83,42,23,44,67,95,73,21,64,80,31,78,95,88,78,32,19,78,93,26,47,46,59,80,30,22,61,34,58,26,86,72,10,37,76,65,92,46,92,99,94,91,92,66,39,28,30,37,27,27,42,30,65,35,67,81,37,60,75,20,30,53,42,23,47,53,27,76,72,79,45,71,54,88,10,45,43,69,46,99,21,66,64,49,37,44,44,19,10,54,68,85,48,95,14,59,98,51,33,54,37,32,84,41,90,26,44,48,44,94,78,39,45,57,25,83,85,57,50,10,80,93,99,87,67,71,50,43,73,27,79,25,51,95,67,13,64,64,32,54,10,23,100,64,32,33,13,48,34,94,67,66,25,43,88,46,80,70,31,46,76,42,84,26,64,24,54,32,76,97,96,40,10,51,64,80,27,16,81,16,75,32,12,70,92,74,10,86,74,75,33,31,14,84,26,55,32,90,24,10,92,100,85,45,28,35,91,54,96,43,72,82,20,37,16,30,72,84,26,85,84,11,31,50,21,12,11,96,31,31,71,86,81,27,56,69,83,83,75,77,41,52,88,98,95
E132,42,37,31,65,14,39,32,31,48,16,80,10,93,69,70,92,14,11,39,71,78,23,72,23,54,16,58,79,51,28,47,58,11,74,75,81,84,57,83,30,96,16,79,51,24,55,20,33,27,92,75,63,59,15,12,83,84,89,68,98,47,83,45,24,23,66,24,57,84,17,40,61,47,74,72,41,70,26,99,54,88,96,94,12,23,28,50,87,83,64,74,45,76,98,36,44,39,99,27,82,97,98,66,79,94,64,90,72,19,52,49,94,33,82,98,53,96,89,86,51,72,20,84,48,66,95,93,73,16,15,69,21,86,20,92,100,16,39,56,34,38,61,38,54,89,29,24,90,70,32,35,44,11,53,90,21,57,51,78,79,92,65,63,41,24,94,93,44,95,38,79,69,17,58,24,18,53,48,28,24,24,99,76,74,89,53,88,42,86,100,24,89,28,100,59,51,95,84,52,25,70,36,39,60,93,59,64,49,80,25,45,38,21,37,67,43,12,10,99,21,82,79,17,24,23,10,62,41,81,31,33,45,44,40,30,59,54,43,82,50,20,95,75,87,90,94,74,25,92,84,72,74,93,94,52,51,18,67,86,24,54,46,40,61,84,81,15,92,37,44,56,87,42,78,86,36,13,46,88,44,16,77,15,87,18,14,10,63,85,51,61,88,79,21,87,78,99,37,34,34,20,60,70,85,31,59,59,46,12,99,40,100,16,67,54,10,53,82,83,82,13,93,65,45,12,76,24,17,58,67,24,17,83,23,66,89,58,57,22,12,51,87,30,13,79,58,52,37,73,47,84,44,55,98,55,78,35,86,34,20,77,56,65,59,52,42,82,41,42,69,75,23,28,62,76,80,75,25,10,70,90,90,81,58,100,90,95,40,32,17,20,86,69,15,90,37,12,72,90,77,25,69,64,26,41,32,51,52,77,79,24,20,92,89,93,24,31,66,69,63,22,56,22,79,13,67,74,44,49,26,43,59,69,65,99,12,17,42,94,27,54,87,66,62,50,73,21,33,53,42,48,54,79,48,66,82,95,55,21,86,60,18,42,83,88,12,18,94,100,43,13,98,85,12,52,48,92,48,49,83,64,31,93,57,28,24,63,54,41,80,88,68,37,84,96,16,68,61,59,61
E133,72,55,99,29,42,92,48,33,11,40,23,51,71,85,85,73,11,61,54,81,18,23,26,45,57,17,70,66,80,39,65,38,51,15,96,89,63,75,16,23,82,27,28,68,25,63,63,31,36,87,92,39,55,33,63,10,20,69,90,67,32,63,53,52,74,18,36,26,65,22,34,52,93,43,27,67,10,20,95,80,26,37,35,92,26,92,90,17,16,31,51,97,38,15,45,61,70,49,12,68,22,79,57,38,39,24,19,53,61,47,99,74,38,51,63,32,81,68,53,34,97,23,75,43,79,40,40,58,46,82,29,24,54,29,100,85,63,42,56,76,69,18,58,59,34,93,88,36,16,36,26,30,22,65,80,75,15,69,10,22,75,29,20,99,52,53,72,43,96,21,27,57,22,32,23,79,79,34,98,34,47,11,93,19,70,83,19,85,48,44,99,100,53,90,56,70,65,59,84,58,29,54,35,62,67,23,23,72,25,27,15,39,49,56,98,71,98,44,25,90,66,53,58,54,89,32,36,10,16,26,33,47,32,26,39,67,21,61,59,49,39,37,94,34,98,55,20,86,89,89,67,90,30,18,18,18,50,27,88,30,66,11,88,97,84,37,17,63,70,64,90,42,26,16,91,99,24,21,73,98,41,19,15,19,15,88,24,13,97,43,60,14,16,52,33,92,15,49,84,53,59,63,78,61,100,54,21,12,35,80,86,55,36,70,97,91,33,27,68,100,77,39,83,33,86,11,31,53,37,33,49,44,77,79,79,12,72,62,86,100,65,55,69,70,61,50,49,37,83,55,86,31,80,82,22,42,64,40,19,31,93,47,53,97,40,43,68,43,84,100,97,18,19,61,14,75,43,96,69,79,97,25,81,30,28,30,37,92,44,96,44,91,83,47,45,68,95,48,78,48,77,55,95,60,89,49,48,52,20,99,43,32,25,90,57,69,27,89,85,21,42,26,58,17,71,18,38,35,84,20,44,39,78,26,66,61,46,94,60,24,26,37,86,55,51,43,56,91,28,52,83,24,36,66,32,11,62,69,66,91,95,37,17,89,96,68,81,13,40,88,88,37,42,61,81,60,30,16,71,53,37,82,24,86,21,94,91,84,34,80,30,76,97,82,20,75,36,51,11,66
E134,40,89,74,48,78,91,51,53,11,56,14,60,75,25,54,22,97,21,43,63,27,68,74,52,60,91,62,30,19,70,100,60,30,96,69,32,49,39,74,25,49,44,56,62,54,20,100,44,85,87,67,53,36,93,14,18,47,43,59,37,41,79,43,51,51,46,52,10,21,26,93,28,27,19,88,97,76,92,74,48,81,22,36,20,26,16,55,87,41,17,80,83,76,89,39,13,82,99,29,93,33,29,15,31,49,18,73,64,62,85,66,15,97,61,77,35,99,80,30,80,31,58,100,62,67,47,17,97,12,95,10,86,94,71,72,38,51,98,47,84,94,62,33,56,95,86,54,85,12,24,28,21,37,56,52,34,16,25,30,53,38,42,97,35,65,43,59,64,84,38,69,17,64,70,91,52,65,48,47,12,36,90,21,44,75,32,33,25,19,89,43,52,99,73,33,12,54,57,50,39,30,22,60,93,80,51,55,50,10,29,59,86,46,57,11,55,76,36,60,16,69,30,29,81,74,46,84,83,35,84,29,78,91,81,62,59,74,84,77,11,22,13,61,90,96,53,33,77,54,46,49,35,14,50,32,94,37,64,23,42,22,65,39,93,66,12,68,91,30,73,43,100,27,13,15,94,91,54,16,33,93,89,47,10,66,82,88,39,87,66,70,81,75,20,16,43,75,57,84,22,54,86,13,55,43,31,47,81,67,76,46,91,15,49,23,49,73,23,43,10,97,75,76,69,72,83,54,19,51,99,61,88,85,30,27,85,24,92,35,68,90,84,14,90,18,60,80,77,46,96,11,49,99,71,61,98,40,39,11,89,98,84,49,70,92,86,22,49,23,50,93,83,33,74,48,27,69,58,72,68,45,23,65,53,40,66,45,62,58,66,81,53,63,36,97,66,22,58,47,40,60,18,93,100,24,22,61,76,57,85,57,27,49,19,73,25,65,76,73,48,72,80,30,50,62,91,41,44,36,32,51,21,11,25,20,13,31,94,81,76,35,98,25,44,83,95,18,44,19,16,20,21,26,15,20,92,68,49,69,43,99,81,21,50,97,70,82,65,22,85,45,26,34,74,17,33,18,32,42,51,98,78,29,43,71,11,75,13,73,15,84,33,69,76,92,56,67,44,34,62
E135,98,46,30,52,45,32,96,49,96,69,17,32,59,89,23,90,50,94,47,61,61,65,87,90,26,10,71,99,32,83,68,29,26,40,99,24,76,92,66,13,75,62,98,40,36,48,45,54,39,84,66,56,15,80,32,82,93,12,98,35,75,51,59,99,86,74,15,27,81,48,45,10,29,67,76,35,63,98,26,94,58,80,45,89,47,23,97,96,47,68,86,17,43,46,68,51,20,54,40,72,91,87,31,61,91,12,65,12,79,26,41,97,76,28,11,97,12,11,97,91,32,86,70,78,11,63,91,71,80,27,90,44,64,50,90,50,35,10,88,28,29,33,31,25,26,75,80,23,61,89,12,36,50,78,37,32,29,39,31,73,28,38,49,43,27,44,19,60,17,76,37,81,77,92,95,20,42,79,84,92,86,44,79,95,31,95,31,37,97,34,26,32,74,48,64,60,25,87,84,82,66,20,15,75,100,22,75,61,35,28,24,40,92,39,67,98,50,97,32,20,43,54,94,55,48,42,67,26,29,71,13,16,43,76,88,97,91,89,73,43,42,31,32,94,53,88,97,67,35,14,37,72,42,75,56,92,16,77,37,66,44,38,28,16,16,61,94,10,92,80,41,10,91,68,72,41,65,95,58,71,56,74,55,84,76,66,72,21,50,69,39,38,39,52,38,74,37,73,85,14,33,41,78,85,47,96,17,51,65,86,47,96,68,58,23,88,31,69,77,25,29,96,15,69,87,90,61,29,45,79,14,83,88,55,30,30,43,94,27,68,51,64,24,67,41,67,29,16,20,70,98,12,18,24,67,51,91,52,52,98,60,68,68,47,71,41,57,24,15,63,68,48,48,43,98,87,87,75,82,15,100,72,25,99,61,72,90,72,76,75,16,40,12,31,46,83,27,38,96,96,10,11,81,37,38,48,25,78,71,25,50,100,50,97,12,35,88,90,34,17,39,75,11,34,57,44,36,23,41,66,38,23,29,83,57,98,13,44,80,75,90,79,23,88,79,73,99,56,82,82,69,39,27,98,32,92,84,27,71,77,14,89,85,28,76,40,99,94,83,79,60,36,83,22,90,14,63,32,13,45,64,68,81,63,35,15,38,79,18,59,84,18,83,42,79,60,71,15,69,93
E136,58,99,88,78,62,42,44,45,85,18,25,79,54,20,15,23,53,43,95,31,66,32,51,52,68,39,11,23,74,15,77,73,27,53,74,48,32,38,12,26,30,92,70,33,72,98,57,30,24,97,54,31,72,95,28,40,18,25,99,44,38,46,18,59,59,39,79,30,63,69,66,56,84,66,26,69,66,69,24,93,83,75,99,45,62,13,55,34,99,48,60,52,91,66,46,17,88,58,78,39,43,98,92,78,65,90,86,74,72,22,64,98,47,61,30,88,26,82,21,73,71,34,59,12,51,40,86,10,79,18,20,11,12,14,71,99,70,79,40,24,76,30,62,36,71,91,42,19,85,79,72,96,16,36,33,33,50,17,75,21,89,35,39,89,96,29,30,70,43,93,47,57,43,94,98,54,46,46,71,30,66,76,73,100,86,32,47,46,66,96,97,68,19,68,49,13,62,60,81,59,67,82,83,43,26,10,97,58,25,37,70,64,87,78,31,34,67,58,20,81,26,50,87,36,13,79,73,76,73,82,13,86,18,32,74,19,32,20,30,61,37,50,81,24,56,65,71,19,14,32,59,31,31,100,51,23,87,35,34,50,63,26,74,46,47,39,72,96,33,79,33,74,42,13,22,31,55,99,26,17,15,43,41,33,15,82,18,79,30,74,93,25,29,47,71,89,60,94,63,65,94,69,75,36,13,34,22,72,31,86,44,16,88,88,37,70,54,20,37,72,63,97,78,43,77,24,48,93,23,86,58,73,82,88,22,81,47,51,18,89,29,10,75,44,89,64,54,41,75,53,21,82,43,15,57,61,79,47,97,54,91,84,37,98,42,16,22,16,69,56,32,80,67,100,87,89,70,31,27,53,70,94,100,51,16,26,32,53,88,41,25,94,30,33,70,31,57,44,46,96,82,56,50,90,11,41,97,11,67,83,50,79,26,52,42,64,70,66,29,40,89,58,66,95,72,76,34,82,11,66,50,20,62,35,79,10,61,64,33,61,71,89,48,11,87,98,84,14,68,36,69,27,31,89,24,73,59,45,78,11,37,61,18,46,91,95,55,48,42,13,96,33,86,20,88,56,58,52,12,95,51,76,45,81,48,19,91,44,83,32,26,78,38,51,61,14,100,27,27,85
E137,39,55,18,20,94,72,48,75,91,61,34,63,89,41,79,15,54,78,42,60,14,70,10,94,43,39,53,95,99,23,72,57,87,34,20,66,30,64,18,14,79,96,43,51,60,35,92,19,42,67,97,85,60,23,32,63,52,16,77,78,87,87,72,56,52,74,50,34,70,85,86,95,71,78,75,20,64,63,75,91,15,89,61,52,19,23,83,80,74,80,67,46,92,48,100,70,34,33,20,70,91,67,75,51,47,50,69,46,71,97,69,12,60,15,76,91,53,53,80,74,95,34,49,79,57,63,46,39,31,69,100,56,49,20,19,51,64,56,29,70,68,16,20,92,54,59,30,59,61,89,82,78,20,79,17,57,26,67,85,29,13,15,81,51,42,60,40,23,64,45,62,15,61,97,61,91,49,82,35,30,40,72,52,52,98,78,36,75,76,35,38,39,93,21,43,84,41,93,29,55,46,75,51,83,97,31,74,90,32,11,60,64,65,51,36,43,73,88,67,99,21,14,82,12,12,29,78,20,10,15,12,36,31,63,61,62,21,69,81,11,75,75,61,42,49,98,89,100,84,18,60,28,73,98,72,62,54,10,28,87,47,30,55,17,20,29,27,83,24,56,35,57,35,68,51,84,30,71,19,85,69,60,60,24,58,31,46,27,87,34,37,77,13,24,95,16,70,97,15,24,66,69,47,49,60,12,79,38,47,81,58,43,83,24,72,51,11,68,80,35,22,26,36,38,24,50,97,38,44,86,73,58,32,23,72,46,19,91,13,91,38,67,54,23,48,23,58,45,81,62,98,59,77,97,83,81,33,34,88,68,96,34,92,26,66,77,60,14,30,77,47,99,89,62,37,56,56,55,93,95,12,18,28,18,94,86,95,82,20,43,96,85,85,54,26,51,34,53,83,56,40,10,20,83,59,56,44,82,72,17,53,89,47,42,56,96,94,85,82,22,43,50,28,19,10,27,14,91,36,74,79,95,70,10,90,67,19,41,91,64,12,46,26,18,28,22,10,14,46,62,79,72,87,70,55,28,20,15,17,77,46,80,65,50,48,32,54,96,52,100,65,100,76,59,28,33,31,89,17,92,51,44,46,22,68,21,12,54,58,73,37,86,28,89,37,99,92,62,83,14
E138,69,11,58,42,96,76,92,73,28,40,52,77,34,81,90,83,95,94,52,20,69,56,91,27,16,48,69,71,12,15,49,76,35,99,10,97,67,60,26,69,41,31,56,53,37,79,30,68,49,37,81,39,29,99,60,30,26,53,17,64,36,48,77,36,68,40,97,27,39,10,19,43,62,42,64,71,56,13,41,77,17,87,51,47,20,79,50,98,31,17,37,84,73,23,15,25,98,12,45,44,37,37,14,56,15,84,79,16,84,85,40,42,15,94,84,62,99,12,17,77,71,61,74,47,95,77,60,57,51,76,95,48,29,30,54,33,69,66,59,76,55,69,52,56,98,65,47,49,28,84,32,73,73,53,12,21,87,36,28,56,26,100,62,66,49,88,45,27,33,32,21,64,59,17,88,55,32,34,75,23,45,87,80,67,19,98,46,33,12,99,38,95,50,68,73,67,89,38,25,32,42,16,47,85,41,76,59,37,58,28,39,18,72,53,91,54,36,37,69,35,90,48,71,69,93,65,37,17,65,50,78,55,75,28,68,65,55,48,90,59,89,85,18,54,96,91,80,82,72,38,91,13,91,41,72,75,51,77,23,44,95,96,98,92,49,91,26,82,77,100,35,62,78,69,62,24,89,12,68,50,13,50,60,20,22,54,55,56,22,15,73,48,86,90,79,25,81,76,61,87,58,23,21,57,81,77,87,13,18,72,19,74,66,26,85,68,11,20,33,63,74,37,92,24,55,61,31,92,43,33,17,59,16,57,91,18,22,61,89,71,63,88,11,53,44,41,52,29,61,80,26,18,87,48,100,67,20,84,10,98,26,95,41,32,73,100,23,14,99,70,41,26,53,67,56,89,27,25,33,40,14,35,48,75,88,82,91,17,51,62,42,36,20,66,27,20,17,92,93,45,60,36,18,19,77,98,59,68,12,93,18,82,78,73,78,36,54,12,97,50,48,47,56,89,34,23,80,23,38,22,29,55,47,66,10,83,84,73,34,42,23,40,55,93,12,53,45,98,10,67,62,42,71,24,93,81,97,59,98,26,90,85,44,34,62,80,98,24,34,21,47,52,39,88,46,80,93,11,69,27,12,66,78,42,54,95,76,45,52,78,48,16,32,26,30,66,71,58,97,10
E139,26,22,80,16,64,65,72,26,52,32,67,85,34,46,42,44,54,25,85,14,61,66,72,48,92,28,18,10,81,34,11,63,36,45,47,35,72,23,12,97,95,76,42,31,52,66,54,44,33,39,68,40,53,36,98,43,82,68,26,49,76,63,76,89,75,93,93,34,31,30,52,38,53,13,33,33,67,67,43,93,60,91,84,10,34,39,76,42,72,24,38,71,11,53,77,73,97,72,52,27,30,33,20,97,90,95,30,15,14,49,11,91,29,37,94,45,27,16,34,38,96,79,71,91,36,80,48,57,36,55,14,16,26,22,50,94,62,40,79,35,61,58,63,82,45,91,34,62,53,74,58,89,48,88,19,87,83,71,79,98,51,98,24,38,100,92,49,47,50,51,41,99,30,86,59,73,73,34,72,50,84,49,29,79,36,21,74,92,79,77,94,60,23,60,63,61,39,41,48,33,75,14,87,20,22,53,43,24,58,75,32,47,87,69,68,10,55,96,43,95,83,24,19,96,96,43,14,64,57,92,44,73,60,55,22,33,64,71,97,91,93,45,86,12,68,55,38,54,22,35,75,41,43,56,62,31,82,37,38,48,95,86,51,64,52,23,52,98,78,29,29,100,37,16,86,48,72,61,14,53,82,64,67,62,56,95,65,20,31,44,82,80,97,37,39,48,43,22,49,58,72,84,59,84,36,75,85,29,57,96,31,88,22,46,92,86,38,70,37,53,91,93,94,30,88,16,76,38,20,20,99,60,98,94,75,63,67,98,43,43,67,77,65,77,67,35,26,10,68,18,78,21,22,61,88,42,42,24,94,80,28,60,87,73,95,20,74,69,97,17,24,53,39,83,81,96,69,44,12,54,44,19,83,18,84,84,84,48,99,87,78,91,50,94,25,25,71,46,31,59,20,49,26,28,66,49,13,47,55,20,31,31,77,97,52,74,82,92,37,93,68,13,81,24,16,40,54,67,97,45,38,21,81,82,24,14,13,49,92,84,32,42,61,14,25,29,79,90,55,43,95,93,82,83,91,68,32,61,39,22,93,52,16,75,19,11,80,65,65,66,16,44,96,26,84,55,97,67,86,12,37,51,45,95,15,59,44,29,93,77,30,38,56,82,74,45,78,74,72,60
E140,89,94,20,78,63,46,76,98,46,19,32,20,29,40,46,82,58,14,54,87,92,36,73,15,100,60,28,69,28,38,52,27,60,44,36,58,21,24,41,76,78,70,17,100,51,70,23,65,30,89,74,45,73,57,48,74,73,15,16,82,65,42,62,25,44,58,83,88,45,75,41,75,90,55,61,15,25,65,64,74,53,80,62,68,66,77,87,52,39,27,49,89,67,53,37,88,36,15,39,92,60,19,88,83,82,36,26,58,12,41,79,98,60,24,90,57,66,92,46,26,34,60,78,35,67,77,11,96,37,67,20,69,19,80,65,51,78,79,12,68,46,61,24,98,28,15,42,62,53,48,51,58,50,65,59,38,98,59,36,60,34,100,80,95,24,36,89,28,94,27,32,36,17,46,33,22,17,39,72,86,83,80,33,13,48,92,78,67,82,37,73,15,21,32,39,35,52,67,99,82,37,73,90,70,100,54,86,10,20,32,86,26,85,97,89,26,89,29,13,18,39,36,66,11,46,51,70,44,10,94,80,51,16,70,100,47,87,91,20,20,38,87,29,78,27,35,62,84,64,49,89,40,79,28,65,81,38,21,40,80,11,98,12,97,37,41,81,35,40,65,68,35,99,61,18,48,17,46,73,96,62,19,87,46,56,63,21,95,50,78,23,74,24,92,19,11,60,99,88,87,46,94,29,84,33,31,40,18,89,72,74,84,53,96,76,84,36,92,93,28,15,18,14,97,81,86,76,98,19,10,71,30,39,28,28,93,96,73,48,66,76,40,14,21,89,49,44,25,10,75,78,36,49,44,42,29,53,41,72,47,27,44,86,48,21,73,74,52,80,43,70,73,15,29,37,84,26,74,95,91,34,20,17,87,18,57,66,18,86,21,11,47,92,40,85,66,83,100,32,40,49,21,13,95,29,48,28,54,15,51,87,97,59,36,23,17,58,30,64,81,47,46,18,80,69,69,65,96,79,88,63,21,98,70,64,91,78,66,99,33,82,63,26,12,48,31,85,73,56,100,79,90,21,17,21,98,49,18,16,13,77,29,54,85,91,32,37,16,59,54,22,24,71,62,81,30,51,25,50,29,74,75,13,15,49,87,63,13,56,45,63,82,13,57,15,74,48,92,92,85
E141,52,94,21,70,11,43,26,16,46,71,36,12,77,66,81,79,66,52,26,59,38,30,31,76,42,47,24,39,39,96,34,51,80,93,16,32,97,19,17,37,71,71,11,13,28,40,37,50,79,27,35,52,13,65,32,69,49,95,20,57,70,16,75,77,35,31,74,60,14,43,22,58,22,49,38,53,45,38,48,84,24,92,100,74,83,29,49,54,95,50,67,46,93,63,90,47,39,35,39,17,44,12,37,15,95,95,99,53,80,20,74,25,56,94,75,54,40,53,10,65,26,87,29,56,78,94,14,86,86,45,88,18,82,93,42,40,66,35,40,37,18,32,88,36,99,77,58,55,53,61,80,53,94,17,30,27,11,91,78,12,57,34,79,100,48,73,96,96,83,99,29,67,86,57,18,37,33,45,60,51,19,79,34,97,57,86,22,42,65,24,90,31,15,24,43,15,68,85,74,38,45,12,10,67,66,19,97,93,63,90,17,22,13,81,38,24,66,40,49,87,82,65,35,32,22,57,56,38,93,40,88,69,51,35,23,73,51,26,79,58,22,33,94,30,42,12,92,95,16,14,27,50,83,35,73,100,52,79,20,78,39,53,14,91,15,33,28,81,70,44,11,95,77,85,72,57,92,72,100,76,43,27,39,54,20,90,81,96,14,100,30,65,49,33,24,91,48,84,27,78,100,75,48,19,59,39,100,45,46,72,69,93,85,33,72,92,89,63,88,35,89,95,29,10,54,57,20,56,93,69,10,42,55,34,39,11,47,38,42,89,44,81,24,56,82,81,75,28,98,59,76,70,47,47,38,40,96,73,36,24,43,90,11,28,87,12,39,12,16,79,23,97,10,38,87,21,18,24,92,48,11,72,54,57,83,69,78,65,31,19,63,37,42,74,49,46,39,17,52,37,48,43,91,71,53,55,12,75,28,39,80,28,77,91,78,81,22,60,20,39,68,93,20,84,51,97,75,78,13,72,38,28,72,25,49,58,38,54,53,47,28,78,49,65,76,63,37,90,79,66,32,16,36,31,35,77,38,29,26,71,17,49,88,43,40,27,71,98,47,13,30,58,55,53,80,51,88,33,43,56,81,16,31,40,41,25,13,74,22,74,55,92,45,78,13,51,97,21,42,40
E142,94,76,76,100,32,70,38,72,91,44,84,15,85,83,43,94,45,73,21,78,92,18,35,28,47,14,62,29,19,46,62,22,39,37,54,43,66,34,41,70,17,31,51,51,54,98,60,34,47,90,80,25,43,24,92,55,69,68,95,24,81,17,67,42,82,27,28,94,92,34,89,64,63,56,27,78,91,56,99,23,91,43,23,85,10,75,33,67,45,50,94,67,45,57,62,54,84,93,87,29,57,12,72,64,34,39,70,98,39,63,46,35,57,39,73,24,33,22,47,60,41,16,73,17,93,17,87,52,77,36,12,42,31,79,60,37,29,40,18,16,32,61,55,98,50,73,46,71,43,97,47,87,35,60,60,72,39,51,28,22,61,12,76,41,48,15,31,74,85,68,45,10,89,37,97,84,36,44,88,98,98,60,45,70,86,35,56,38,89,100,53,59,30,23,51,47,29,100,63,27,62,68,20,77,78,87,92,30,62,71,17,21,36,65,18,84,21,62,59,66,38,33,28,25,99,92,68,93,67,54,85,45,18,48,43,72,71,32,13,45,53,38,38,66,59,85,68,86,22,99,65,27,68,61,29,44,41,83,62,94,16,61,38,14,14,69,85,77,32,36,100,37,91,81,84,19,70,74,72,36,95,90,56,63,38,89,33,19,23,74,68,80,23,59,28,59,92,83,77,71,66,38,52,96,24,16,55,97,91,89,69,37,48,48,62,76,53,10,14,89,47,67,88,96,43,68,95,85,30,84,39,92,61,93,22,59,62,29,99,88,15,79,66,83,26,82,60,79,59,39,92,64,72,67,64,39,89,58,59,39,57,26,70,40,61,11,12,67,56,57,11,42,11,93,81,45,24,100,35,75,39,74,83,16,22,18,68,50,29,79,92,26,10,92,70,86,11,73,71,92,84,94,74,78,97,61,25,76,32,57,63,100,18,63,64,43,15,31,80,92,10,26,81,13,28,31,32,96,48,47,59,65,20,99,62,51,21,70,99,56,81,65,60,62,33,61,55,73,16,48,37,79,77,35,35,83,32,35,96,76,43,13,89,83,25,33,60,86,19,68,61,42,83,81,56,67,66,47,31,66,36,50,82,80,43,17,96,97,97,68,13,51,48,69,29,16,89,27,65,44
E143,59,98,51,28,85,62,68,86,42,70,24,74,87,19,99,64,62,79,15,72,39,24,15,13,20,67,82,70,70,61,59,95,15,16,32,30,11,13,92,41,98,99,65,49,26,37,75,31,27,41,53,50,33,28,13,87,49,22,31,43,53,93,100,61,33,91,90,23,28,12,31,56,43,92,13,83,42,23,20,34,82,61,52,43,54,30,52,98,50,22,66,59,50,63,88,81,38,63,48,87,51,13,86,93,32,62,28,75,88,71,57,96,72,29,17,94,34,22,46,98,35,11,61,22,48,40,32,75,74,56,77,83,89,47,67,15,86,94,84,12,63,86,83,80,24,80,82,26,38,70,19,17,43,48,84,17,73,22,94,23,38,94,64,42,64,79,88,16,59,100,78,77,69,75,50,78,13,34,86,22,28,92,68,71,89,14,53,34,95,79,73,52,19,98,74,98,89,53,37,42,33,83,67,92,16,39,82,69,73,35,39,75,10,13,42,21,42,95,34,31,93,98,63,97,92,88,49,91,48,25,11,43,27,36,28,11,14,99,97,80,59,56,79,58,32,99,98,34,38,43,81,72,77,18,88,39,48,31,21,18,46,66,92,46,60,69,50,72,38,31,99,50,20,100,90,42,23,52,63,18,68,34,21,32,45,38,29,24,84,68,83,29,42,70,99,99,61,24,69,45,16,39,51,91,36,100,14,15,52,59,76,44,25,67,29,72,36,44,17,60,82,72,52,43,24,39,33,59,34,100,10,95,23,50,17,80,92,84,26,26,88,74,35,15,85,29,28,19,38,36,69,13,42,95,51,99,15,37,92,75,62,12,73,31,89,48,34,14,62,27,74,68,34,45,52,25,27,83,57,24,88,66,96,97,28,78,52,52,79,59,73,89,40,25,58,15,92,29,70,75,64,35,47,78,66,63,56,60,22,27,77,17,62,87,54,50,30,25,23,14,99,86,52,37,20,60,24,52,58,60,70,80,97,53,88,66,23,37,44,19,24,26,87,28,90,78,97,76,18,11,44,31,37,80,90,95,51,90,33,42,67,89,61,50,98,55,47,55,15,74,51,51,43,79,76,52,86,75,90,98,15,59,83,16,49,40,84,80,70,75,77,79,87,84,83,46,89,91,79,48
E144,45,10,60,14,28,59,84,14,83,91,56,86,49,16,54,96,92,26,23,82,77,83,89,12,33,10,73,69,73,34,16,78,74,21,52,39,12,30,84,38,36,35,59,69,67,17,54,28,82,73,84,27,55,39,79,49,22,100,28,99,67,85,90,23,38,28,57,38,41,27,99,55,76,81,75,43,92,98,12,48,20,64,32,72,45,32,27,22,26,95,24,21,51,48,93,44,49,92,75,54,11,28,96,48,62,99,19,12,96,98,19,59,78,21,10,73,23,41,71,72,96,84,72,39,11,89,91,90,52,22,100,48,91,60,11,67,34,73,32,17,49,15,41,91,32,96,48,11,46,48,12,23,30,19,66,81,53,64,100,91,36,93,49,35,61,18,45,53,56,14,20,30,86,12,42,40,20,30,77,65,78,64,64,68,66,54,59,47,61,88,74,95,35,58,40,36,29,14,82,46,76,22,62,74,55,34,20,84,84,94,86,10,98,77,70,14,18,48,58,24,75,70,17,90,100,30,70,99,39,89,26,44,59,69,78,39,21,49,98,59,45,30,52,13,75,76,32,40,28,43,90,35,89,62,83,65,90,49,95,67,96,72,37,29,41,72,30,42,85,31,87,31,93,21,41,39,27,49,10,60,19,76,61,97,88,92,46,61,12,55,60,85,29,67,42,57,13,56,99,62,89,55,95,77,31,58,20,64,84,22,35,45,38,90,76,96,19,29,53,81,16,33,50,60,31,20,86,66,44,70,65,16,48,48,17,48,28,44,23,46,28,98,96,63,50,58,29,64,19,60,17,42,61,48,41,13,13,66,30,49,69,60,59,98,11,55,37,19,37,88,100,71,77,36,69,46,71,58,58,87,38,73,70,71,33,49,32,42,31,71,75,49,98,19,32,78,95,72,91,62,23,27,74,28,64,23,30,45,84,88,80,69,67,87,82,86,46,94,74,19,84,49,98,14,62,100,80,25,32,68,54,61,21,11,47,14,81,64,70,34,28,51,76,60,74,44,76,19,13,58,30,45,68,19,59,54,60,88,34,90,99,78,63,50,18,33,13,53,43,24,55,26,74,13,71,74,63,48,69,71,10,24,63,84,58,27,12,29,94,40,34,58,26,72,13,61,57,41,96,81
E145,19,36,70,79,85,52,59,98,27,35,51,47,38,56,93,18,30,85,12,49,56,79,82,63,38,100,80,55,87,56,27,47,16,53,15,17,45,50,21,12,61,92,58,62,11,57,81,75,15,84,50,82,30,92,43,37,84,91,93,74,20,53,77,90,75,41,30,29,57,72,17,31,24,23,62,79,59,61,95,15,30,78,87,95,99,33,77,21,42,88,74,87,60,54,65,94,85,94,22,71,80,24,56,43,96,80,99,34,59,21,18,50,40,81,38,38,58,59,91,49,46,85,35,46,69,99,46,39,16,39,47,92,28,65,69,80,44,53,60,65,18,23,52,54,61,81,92,19,62,10,86,59,49,95,17,57,66,75,73,64,63,13,19,70,79,30,96,89,58,22,46,90,70,39,12,67,47,79,13,29,68,86,73,99,27,73,35,11,24,85,88,64,89,84,49,60,57,29,23,70,47,57,93,60,50,81,84,98,79,78,44,35,80,64,81,47,48,38,98,81,12,95,60,76,45,23,48,57,69,83,55,54,68,35,80,18,53,91,64,67,83,86,70,92,26,77,20,54,64,20,34,93,12,26,90,39,30,71,61,37,86,21,60,90,89,46,87,73,36,83,67,60,76,69,97,98,59,56,84,62,47,73,23,78,20,96,71,55,39,44,14,84,65,23,91,83,91,89,66,90,54,24,21,72,50,63,37,46,45,17,62,16,29,25,14,85,22,59,33,65,88,63,89,63,71,30,68,74,99,40,37,32,32,58,36,72,35,18,82,62,76,32,48,34,63,84,74,19,26,15,15,65,70,81,98,88,67,30,64,68,25,57,64,84,21,91,48,69,11,19,30,89,79,37,96,85,42,97,55,47,20,58,45,59,13,72,97,23,54,15,10,65,91,98,96,60,54,31,80,52,35,16,14,43,51,57,70,98,93,75,61,78,52,89,33,29,29,26,16,12,59,54,96,89,71,92,67,49,92,24,48,44,27,91,17,20,74,94,10,36,46,28,10,58,80,69,32,18,73,13,45,64,63,77,70,92,13,94,95,81,25,72,88,59,28,25,20,65,71,23,28,40,15,43,59,99,53,74,38,60,56,87,87,79,10,96,90,22,62,95,63,55,79,97,23,38,64,62,99,30
E146,31,29,14,79,58,18,97,13,27,22,40,12,100,99,56,13,83,58,40,87,83,43,72,80,34,47,77,80,19,98,44,60,10,96,81,28,43,99,66,48,11,69,82,98,48,36,49,49,46,24,95,69,57,58,64,59,21,86,60,33,21,38,31,40,84,33,89,57,11,24,96,85,71,59,20,15,34,27,23,60,53,74,100,10,81,68,29,58,95,70,96,14,98,52,94,19,24,89,38,77,78,37,96,17,87,12,44,53,90,75,21,60,95,70,33,86,20,86,41,11,44,26,14,21,81,56,84,17,54,30,71,39,24,20,80,66,60,54,62,72,33,33,45,23,30,75,59,52,13,99,41,76,49,25,16,22,96,82,55,84,87,90,33,30,33,43,84,32,98,44,42,43,13,61,65,20,54,83,90,32,98,26,27,16,85,72,59,99,96,45,79,59,18,80,34,81,31,54,53,98,85,25,47,38,32,19,24,100,71,31,45,54,58,17,54,19,75,32,17,77,91,14,80,62,24,67,75,10,77,73,24,35,53,38,76,49,66,35,29,43,29,17,98,55,69,17,38,65,56,82,57,84,33,50,71,13,73,33,71,93,83,30,86,10,99,43,100,65,83,88,78,19,18,66,28,20,93,39,71,16,33,99,65,19,59,72,21,59,98,70,33,73,16,29,28,47,20,14,31,63,30,22,12,78,36,11,80,36,33,12,84,21,48,100,38,91,25,83,40,78,42,18,52,41,21,96,18,100,76,86,31,39,16,71,39,20,39,85,69,28,82,79,76,70,32,77,67,69,19,36,15,48,28,39,74,70,95,61,74,12,85,10,11,71,96,68,88,64,46,30,68,68,14,87,69,77,57,29,57,41,85,89,18,34,77,51,49,18,38,25,68,90,93,43,42,78,96,92,52,99,25,84,55,42,45,31,95,38,36,43,42,15,32,57,81,93,74,56,52,18,11,77,77,87,29,91,23,66,22,10,76,95,67,45,78,51,41,20,53,87,90,86,65,46,96,60,99,11,81,67,97,27,53,42,73,73,73,52,40,75,80,25,67,65,78,38,57,34,26,45,70,77,20,24,11,94,25,64,29,24,87,76,82,71,42,46,63,84,35,21,63,81,98,21,99,54,96,96,19,59
E147,46,88,24,88,12,73,16,90,44,45,53,24,86,98,58,46,83,33,40,13,58,98,64,18,88,11,24,71,93,44,76,47,30,50,30,44,62,69,25,86,37,17,58,93,47,72,35,98,84,13,77,71,55,34,53,78,93,82,81,36,30,44,36,52,95,87,56,24,40,34,38,18,62,86,57,44,35,27,41,33,45,63,82,38,54,55,25,63,88,73,80,76,34,94,73,70,71,30,16,49,39,82,73,25,74,75,80,96,44,28,69,24,58,89,64,50,63,46,55,56,37,86,30,76,43,12,36,44,72,65,86,61,48,57,98,44,49,10,63,60,76,86,85,48,29,53,37,30,75,34,60,84,39,10,90,80,13,19,22,92,95,79,72,32,24,93,34,82,79,34,12,31,14,98,13,55,64,90,92,53,67,31,95,35,78,64,95,25,62,16,19,79,64,18,84,23,41,65,96,44,17,98,62,85,52,79,14,56,19,75,49,15,47,92,73,72,40,55,14,40,25,75,77,48,85,68,47,18,59,38,33,31,77,50,55,62,38,39,64,62,94,10,33,38,52,28,21,73,90,83,94,27,23,25,81,32,78,83,18,41,13,99,51,19,12,29,68,20,88,12,55,92,76,21,43,68,90,83,63,95,16,100,52,58,27,41,37,14,85,42,68,83,100,67,61,75,77,53,44,35,43,92,59,45,51,74,29,88,51,43,61,36,71,36,41,38,11,15,38,10,44,68,22,58,95,61,29,40,46,93,32,56,41,92,15,25,26,91,77,90,21,85,46,11,10,23,21,27,85,54,27,16,72,94,74,23,78,73,94,47,22,48,59,54,63,63,93,40,67,15,73,14,90,43,98,40,91,94,70,34,68,100,57,20,42,40,57,40,51,54,43,64,31,26,29,97,78,100,48,68,61,59,14,17,88,72,49,83,10,83,21,92,29,58,23,87,38,57,81,22,57,22,48,22,79,57,89,48,17,17,49,75,87,61,52,65,10,80,42,59,82,57,44,95,44,86,50,58,99,82,69,69,56,57,64,18,30,41,47,12,15,20,99,51,27,32,88,13,47,13,90,21,55,13,71,65,31,85,44,31,12,22,28,23,68,27,33,15,85,48,38,42,32,33,13,76,27,48,20,96
E148,86,80,93,56,69,68,75,70,37,46,24,95,40,67,29,36,15,99,68,38,50,73,22,91,37,59,18,74,66,69,42,83,73,75,85,56,36,97,56,30,51,78,50,41,50,51,91,89,83,53,25,50,44,23,47,41,63,16,46,40,80,73,26,46,40,10,79,75,47,81,61,14,64,43,93,25,48,48,29,56,98,16,82,96,58,84,34,41,73,52,99,72,83,97,16,22,51,55,12,77,79,10,64,35,83,53,76,46,52,44,54,10,90,51,100,94,92,33,87,59,54,40,71,15,42,70,62,74,17,87,80,55,60,80,40,50,16,55,22,77,40,45,49,13,33,68,56,56,43,91,72,96,16,25,45,32,85,53,12,40,90,35,64,83,41,58,79,38,48,14,29,23,25,13,44,54,48,83,76,15,90,90,90,46,59,13,60,56,34,49,91,84,37,12,89,64,62,65,35,49,87,25,63,58,16,57,51,73,67,34,83,15,43,55,53,91,47,34,63,33,38,34,20,86,90,37,19,99,29,97,19,15,81,25,25,97,15,37,79,72,70,34,80,13,14,67,73,81,86,76,22,83,98,61,80,67,11,98,63,59,65,75,94,74,48,35,35,21,65,51,14,86,79,37,38,78,18,94,33,72,27,47,87,15,23,44,16,56,49,35,86,39,45,58,89,76,86,76,43,71,94,41,75,46,41,85,50,37,72,32,57,76,11,21,53,39,95,57,76,46,83,62,29,12,14,36,33,38,14,30,11,24,87,27,58,94,78,61,17,24,72,39,74,55,51,98,56,56,55,16,54,22,90,79,21,100,69,96,58,21,48,30,59,63,27,47,49,39,62,73,71,100,10,42,90,99,21,21,12,74,15,16,90,32,92,60,45,89,23,35,51,94,85,71,43,77,85,55,61,44,27,57,29,72,53,37,21,66,72,84,18,10,56,39,66,32,55,62,54,59,38,36,73,35,42,34,49,79,80,87,19,89,17,13,13,13,31,42,32,12,19,26,67,69,58,13,59,60,27,57,95,84,57,70,79,70,47,48,24,22,26,74,49,74,46,32,21,71,32,72,42,90,29,19,100,89,42,17,94,46,70,81,82,95,21,35,65,71,24,65,18,90,63,77,47,85,95,74,90,82
E149,86,92,19,91,29,59,40,98,77,98,26,67,86,49,21,49,54,92,54,10,85,69,40,37,35,15,87,76,71,15,38,75,30,100,45,31,85,79,56,29,73,17,47,88,67,90,95,39,45,49,49,59,36,94,47,59,43,71,42,82,65,53,82,25,41,22,20,11,19,57,26,31,19,90,77,21,54,84,55,79,78,19,30,35,64,81,77,62,59,14,75,94,80,32,39,28,40,57,22,19,41,94,84,52,100,31,32,51,43,83,97,46,56,67,12,36,20,70,61,79,94,23,17,21,93,37,30,45,70,16,71,34,17,75,22,47,20,45,33,38,66,55,66,45,100,53,97,45,57,93,25,66,39,92,34,10,18,62,53,99,43,74,68,60,57,67,77,21,57,82,19,63,60,55,52,91,96,21,66,28,81,59,42,29,19,37,65,16,24,71,21,48,71,30,32,96,26,87,98,46,52,35,22,82,61,100,50,20,59,46,47,22,80,94,11,52,44,11,13,76,51,38,76,11,95,94,87,44,30,12,69,88,60,98,23,99,88,85,14,90,88,69,85,79,85,64,52,83,99,20,38,22,23,81,73,12,94,76,68,76,19,52,67,43,98,84,97,25,64,72,18,64,51,65,70,16,96,83,77,65,65,73,79,78,52,25,64,80,32,12,35,81,57,28,93,76,56,69,88,48,17,18,53,46,99,20,95,57,12,61,75,84,81,53,21,23,79,80,92,21,20,58,96,72,78,72,35,44,75,17,81,51,24,99,42,88,61,62,67,57,68,94,22,99,58,83,50,47,13,27,34,22,35,46,33,97,59,81,35,88,93,95,58,85,89,54,69,22,38,91,91,88,55,69,12,15,23,64,80,47,54,18,90,28,31,44,90,17,32,38,76,66,78,88,96,34,15,35,78,24,47,69,60,16,45,10,83,60,99,33,64,28,82,30,29,54,82,55,35,66,64,31,25,10,82,80,56,35,33,66,26,66,27,15,65,60,69,57,45,84,92,11,56,83,73,37,12,40,68,51,95,40,70,42,57,98,17,74,100,76,36,10,61,81,27,82,43,76,25,66,16,45,84,98,63,72,29,84,48,27,67,89,20,84,18,64,37,67,98,88,76,13,14,44,67,28,10,31,98,77
E150,78,81,100,31,37,84,66,82,72,10,81,66,70,14,18,50,95,31,48,97,32,44,46,41,21,15,26,89,83,37,28,22,12,37,61,70,93,43,14,14,85,33,53,95,43,28,73,13,85,75,37,23,98,75,25,79,17,40,45,34,13,68,23,48,79,80,92,37,15,52,49,54,13,80,26,73,91,55,97,86,79,100,60,76,57,80,22,86,73,45,74,80,97,99,48,63,93,66,43,79,29,31,34,31,78,61,42,31,52,11,48,62,45,69,21,99,99,72,47,27,59,56,79,79,48,16,62,65,20,29,44,54,13,20,18,65,95,14,22,30,91,44,100,24,80,23,22,98,62,16,68,60,32,22,12,84,61,88,93,30,62,33,21,58,81,44,70,33,12,30,16,58,34,18,49,18,14,85,26,45,42,37,33,84,55,48,10,95,54,65,77,99,59,46,28,83,60,25,100,72,32,45,68,27,72,96,36,18,77,81,82,72,14,65,16,49,44,59,28,12,36,66,46,46,55,70,19,83,89,19,95,65,97,71,35,46,99,28,90,19,42,28,21,22,45,13,69,93,81,19,39,65,94,58,49,86,26,85,11,73,17,34,76,38,82,47,32,69,24,38,43,28,48,72,17,63,95,48,95,95,82,27,26,26,50,98,66,22,63,47,16,13,45,74,100,83,56,30,43,25,44,38,91,45,100,98,56,64,49,62,60,37,87,71,20,74,15,21,27,15,59,36,40,55,73,55,91,84,88,71,89,44,86,69,50,61,68,55,63,45,58,94,64,73,58,60,66,42,83,21,38,48,99,75,23,60,84,45,11,37,31,48,28,30,24,64,99,42,55,35,99,27,96,46,46,98,91,27,25,49,61,22,11,12,46,83,75,34,50,89,15,16,52,74,22,89,81,34,64,56,19,47,61,84,17,51,86,95,20,78,39,71,62,55,36,89,68,83,14,14,51,68,78,37,42,21,12,79,16,73,55,14,85,52,17,94,37,51,44,57,24,36,65,45,14,26,99,87,48,32,29,98,15,95,96,81,52,84,51,10,34,22,28,99,22,56,53,83,55,83,88,57,83,32,44,18,87,98,66,24,65,60,53,51,37,58,15,25,79,21,23,92,70,10,36,26,80,15,95,41
E151,29,98,55,35,78,35,60,19,46,44,99,100,89,25,70,84,29,19,93,63,53,19,49,79,25,18,22,47,62,80,73,32,58,24,25,73,40,71,11,32,25,57,36,79,42,54,15,36,56,51,90,84,86,60,69,38,21,35,95,23,29,25,35,19,33,49,35,42,100,95,58,58,99,59,26,87,24,35,98,58,32,20,52,39,85,45,43,11,59,10,19,47,63,24,99,26,11,53,80,45,86,81,46,42,67,57,38,89,35,64,17,13,71,47,76,23,35,97,34,57,40,37,98,41,64,89,45,18,66,54,24,74,13,96,10,67,94,54,59,57,78,28,53,51,43,75,40,74,64,81,58,21,28,35,97,53,76,72,88,10,53,10,71,36,15,99,86,17,71,26,82,42,97,96,77,50,59,41,59,64,61,66,34,22,37,87,61,32,98,76,60,41,36,79,83,68,52,49,72,12,25,95,20,33,20,46,35,100,55,87,34,89,39,82,43,30,66,31,75,29,78,75,25,54,63,57,89,58,11,47,16,32,81,94,69,46,49,68,69,12,59,45,79,20,36,40,53,73,76,30,89,85,29,44,46,26,39,51,15,61,79,76,49,37,85,41,85,38,95,89,59,13,60,99,28,64,35,79,100,28,39,89,24,86,27,84,47,70,99,74,97,94,70,45,55,42,56,63,97,100,11,34,94,25,93,91,79,62,74,59,56,84,33,70,86,86,49,76,24,90,32,87,92,62,47,51,46,76,26,68,73,25,82,54,87,20,91,25,89,85,43,24,39,61,48,49,96,67,70,30,84,22,25,79,74,46,49,15,24,42,67,99,10,81,32,35,21,97,85,58,24,70,93,28,55,75,79,27,97,94,76,43,98,43,31,66,25,91,74,13,43,56,51,88,21,32,79,87,82,57,24,30,23,91,96,71,49,91,49,66,57,64,39,60,53,25,74,37,70,13,48,68,15,100,30,34,68,25,93,98,30,56,12,58,75,33,24,27,10,38,57,75,25,40,88,90,94,66,89,94,52,20,89,97,65,91,33,99,43,57,29,43,14,56,56,74,82,69,32,39,56,86,18,82,95,89,75,76,50,55,30,31,86,29,88,66,71,14,33,56,90,84,80,46,55,81,50,50,46,27
E152,30,14,51,47,74,67,32,83,24,33,86,74,94,98,97,82,61,67,40,41,93,56,96,97,40,68,13,90,64,37,28,36,16,10,90,19,66,20,87,55,55,71,65,34,26,86,57,93,25,60,62,26,19,54,98,64,91,70,44,81,58,36,73,46,72,16,40,92,12,37,62,60,41,76,64,95,100,16,26,59,90,75,68,24,97,68,52,74,43,12,52,38,18,78,90,80,62,52,79,51,33,33,74,75,91,70,59,25,67,30,69,44,63,17,11,41,47,21,10,57,81,81,32,77,67,13,40,57,21,71,21,85,85,44,95,98,82,66,43,53,11,12,87,71,16,64,44,94,43,16,98,70,94,19,91,32,97,51,39,46,63,23,22,51,52,90,52,33,43,90,13,27,66,81,96,33,16,24,56,80,18,24,39,13,75,93,39,86,54,34,24,19,65,91,89,51,91,97,25,55,26,28,36,43,51,17,80,82,64,13,97,71,19,37,72,59,59,69,11,94,81,17,59,11,64,16,53,17,63,47,13,55,22,21,79,39,32,80,45,12,99,22,94,47,45,15,68,89,12,44,35,76,82,34,51,38,22,68,34,28,47,65,23,54,95,55,30,29,47,93,100,20,18,41,43,20,47,80,23,27,63,80,82,27,59,57,79,99,38,51,91,32,70,40,78,36,93,88,62,74,79,51,62,13,62,88,44,51,61,75,90,45,66,16,87,37,20,89,57,72,82,95,85,64,52,82,23,33,90,41,86,42,42,92,87,42,88,37,10,69,93,98,80,49,52,68,74,43,42,86,93,17,31,39,17,71,70,24,49,93,59,52,97,14,93,96,29,81,64,11,19,19,74,41,66,62,88,18,14,75,19,79,86,79,22,98,92,38,70,77,17,24,24,15,46,68,10,75,93,92,44,45,99,42,42,50,39,96,27,54,61,70,27,21,98,18,82,97,52,19,21,10,82,44,56,97,96,26,61,55,77,91,26,19,62,53,55,21,48,65,32,97,11,10,10,78,75,79,76,93,70,92,63,48,23,49,40,68,66,31,30,32,74,57,51,64,84,97,34,20,45,82,39,55,46,78,81,19,15,73,35,28,69,63,19,85,96,87,15,40,67,70,67,41,21,22,11,31,50,98
E153,34,68,94,50,84,38,36,52,79,50,24,98,54,95,18,90,47,83,45,15,95,12,73,43,65,70,27,39,85,68,89,76,78,20,23,77,74,28,22,16,66,58,97,14,51,95,83,56,50,78,94,91,97,97,69,15,42,28,57,38,98,66,69,62,85,62,71,41,26,57,44,85,60,58,13,72,10,32,80,91,70,37,73,26,36,80,13,56,68,24,29,24,61,65,33,87,59,96,59,76,90,98,33,71,39,43,31,77,82,17,93,43,31,60,79,51,97,47,47,60,10,90,93,90,94,61,74,77,83,52,74,87,87,40,28,19,89,19,95,39,34,14,45,48,26,22,71,87,51,36,48,98,78,54,63,42,54,11,46,49,63,31,43,13,49,97,93,47,22,61,37,21,64,94,59,46,22,72,17,16,17,38,38,66,85,12,42,66,44,26,24,26,15,64,96,60,12,57,96,74,13,98,78,51,63,85,10,26,81,95,84,22,90,73,16,74,74,74,11,66,28,45,29,17,71,52,40,12,81,98,66,69,28,29,58,86,64,60,66,38,45,89,50,76,99,65,17,21,51,14,15,77,57,81,51,44,83,18,47,98,59,54,18,65,73,84,31,24,28,66,18,87,50,28,61,21,71,25,75,63,70,17,95,84,65,74,40,99,70,27,13,18,65,42,79,93,50,43,69,20,41,38,27,95,51,80,21,99,84,100,62,36,42,80,21,39,12,14,48,97,40,59,28,57,92,60,82,24,95,52,41,92,87,96,40,10,53,81,20,78,73,98,58,31,46,10,45,64,58,21,13,18,14,65,97,99,18,83,54,74,18,58,21,77,88,35,29,83,99,79,65,51,34,64,59,24,48,55,12,95,19,80,19,81,71,81,56,17,39,69,48,35,59,92,19,32,53,18,46,31,94,94,59,22,77,87,96,20,26,49,18,51,30,18,29,20,93,90,89,40,37,79,68,36,12,15,97,59,14,40,93,30,74,85,66,87,98,55,69,39,69,69,57,65,98,90,47,92,23,12,80,85,49,57,27,14,71,26,53,87,44,10,34,73,59,43,84,48,98,20,34,40,12,85,75,42,50,56,29,27,57,51,47,89,100,42,26,31,75,53,19,43,21,40,60,35,28,54,50,77
E154,65,23,40,37,34,93,37,11,54,64,22,90,39,23,19,25,95,93,99,41,73,27,36,99,63,70,98,89,16,75,33,25,37,57,90,32,29,19,25,19,23,76,84,13,83,80,37,94,16,74,71,84,82,37,38,36,15,86,93,18,34,76,93,87,20,90,92,87,81,64,12,30,12,75,29,81,82,62,94,94,74,91,25,79,25,44,40,36,50,92,76,63,32,79,41,57,74,81,11,56,79,77,67,72,94,85,65,74,14,68,62,81,73,82,16,32,45,46,63,43,44,30,35,93,54,83,77,91,58,44,75,44,13,98,84,33,97,70,13,28,83,15,72,57,42,28,29,91,43,80,84,80,14,21,48,69,59,79,83,80,36,61,34,92,96,87,23,52,89,60,55,75,58,63,96,77,23,44,16,41,44,78,42,53,45,51,40,63,68,82,34,93,32,63,34,37,43,54,97,66,17,74,95,19,19,70,55,85,58,62,21,100,47,49,94,64,59,57,76,95,44,84,17,77,98,87,54,70,25,16,71,15,59,24,22,42,11,32,31,94,37,91,53,85,63,11,58,54,76,52,55,32,32,85,56,12,86,95,48,46,37,65,12,44,78,75,46,78,94,99,96,60,18,78,23,73,46,51,66,50,66,61,76,26,65,93,37,65,86,99,96,11,91,14,74,84,94,70,39,92,16,38,64,55,88,99,14,69,69,45,64,66,42,37,34,48,10,82,100,97,68,16,51,53,53,13,24,98,96,35,36,34,47,39,21,70,27,97,72,99,46,89,64,99,38,22,74,74,55,40,42,12,28,60,25,96,16,25,52,76,50,29,58,36,31,36,20,15,66,99,76,100,90,53,70,70,75,98,80,46,63,28,14,57,47,27,12,99,21,21,76,63,60,75,32,70,31,61,39,48,15,20,75,79,21,46,82,66,66,42,23,80,19,74,98,26,69,20,92,55,23,34,24,85,44,77,31,78,81,27,69,63,99,38,44,36,86,43,65,39,57,67,23,78,98,77,61,91,78,35,50,45,70,39,69,46,52,68,24,49,98,67,33,67,43,96,68,86,35,25,98,93,86,79,13,66,19,26,41,34,64,66,75,23,97,28,23,52,55,44,30,38,66,41,85,97,85,67,67,94
E155,99,12,44,96,23,42,99,53,79,78,62,20,37,60,44,34,29,41,57,82,14,61,41,26,74,68,67,51,53,43,74,46,14,11,46,29,18,10,97,86,83,72,85,99,76,76,52,68,62,100,10,18,96,83,61,63,94,59,97,66,83,36,84,82,33,73,78,96,34,59,91,14,100,73,84,76,86,15,82,72,97,78,86,90,33,12,73,94,83,75,40,99,41,76,19,11,23,34,61,26,45,10,74,34,20,88,52,97,29,100,58,43,60,71,46,42,51,62,98,34,32,28,92,52,12,56,49,93,58,69,76,76,94,46,74,81,11,57,83,52,43,71,46,33,10,13,26,78,82,29,38,48,38,94,67,22,47,32,100,46,34,96,74,94,75,17,25,41,69,32,94,44,87,30,78,80,47,14,83,61,87,63,50,72,38,77,97,53,39,90,69,50,23,32,29,11,72,27,20,50,83,96,79,91,16,52,59,10,32,33,29,44,73,93,14,39,31,92,98,20,40,34,69,78,12,17,59,78,49,11,88,97,62,45,28,83,39,81,56,51,56,15,66,90,85,34,32,10,14,98,100,77,27,94,26,48,44,97,85,25,38,15,90,59,22,10,75,57,50,94,72,17,45,25,84,34,62,42,10,58,45,22,57,23,25,75,27,33,31,46,24,38,95,31,83,57,17,19,13,26,41,32,34,30,25,37,82,83,91,97,27,79,50,74,25,46,33,73,39,50,14,32,27,22,44,89,20,60,21,16,98,20,86,84,53,38,97,28,21,10,52,88,71,74,92,48,94,32,94,79,21,47,93,41,91,51,25,93,89,92,48,98,100,25,89,83,69,87,78,21,72,62,40,12,95,23,86,93,23,23,54,45,36,24,65,98,67,16,20,95,47,24,10,48,96,81,76,27,13,62,43,95,54,58,28,92,90,13,90,13,88,80,34,90,32,100,73,34,65,57,28,92,98,95,82,36,88,68,26,57,91,99,26,16,91,50,58,54,62,98,69,89,22,64,66,19,28,69,88,49,44,100,12,22,39,12,54,83,67,26,51,35,41,93,31,49,90,84,68,15,68,95,35,12,60,81,64,80,75,70,80,65,24,83,33,17,96,27,98,28,79,99,54,46,15,44,11,28,61,21
E156,64,59,76,94,42,50,97,17,22,50,65,93,26,31,53,79,43,76,24,89,12,62,11,47,52,92,88,79,33,100,66,80,18,46,70,14,53,94,65,48,88,69,96,22,71,28,84,25,31,61,82,75,22,50,41,38,44,55,38,34,79,48,36,12,88,91,27,63,86,68,74,75,93,35,36,25,16,32,16,74,53,98,29,15,92,56,61,43,53,88,77,11,34,43,42,16,53,78,55,65,55,88,56,20,84,70,42,99,41,87,54,14,42,47,100,95,91,95,48,100,99,82,27,97,12,85,57,45,50,56,44,87,21,33,77,36,19,22,67,99,83,46,84,47,44,26,33,75,40,28,89,91,83,52,95,74,68,47,29,66,86,62,38,10,45,88,51,92,53,12,82,48,66,78,93,96,58,100,46,18,65,35,79,80,31,74,95,18,11,53,82,30,54,23,31,23,25,74,85,46,58,30,41,23,20,65,58,57,57,59,38,90,64,38,10,16,97,47,96,34,35,50,84,15,20,54,60,47,11,68,95,90,56,52,61,82,46,21,43,59,66,36,53,89,28,98,74,34,96,88,59,29,57,70,68,43,99,22,94,60,25,64,56,63,97,60,50,69,61,49,11,60,37,41,59,55,53,75,60,24,67,24,20,17,64,83,62,68,83,59,86,38,88,33,45,84,92,62,29,39,49,46,35,64,86,32,74,50,20,54,63,33,77,36,73,86,46,66,67,90,47,18,73,37,38,99,41,63,17,24,16,70,78,64,71,59,97,15,57,37,46,52,14,36,52,80,98,22,64,96,94,94,56,49,88,79,90,91,17,90,96,60,23,75,49,58,48,80,73,58,10,76,95,57,67,60,49,64,13,36,58,35,94,31,46,26,78,65,61,32,28,73,22,89,90,28,21,68,38,62,59,53,65,63,68,39,87,17,58,97,15,72,30,73,97,73,30,95,34,62,57,67,62,19,43,68,99,65,62,55,98,70,90,25,63,42,13,30,30,60,24,94,26,35,42,84,100,42,53,67,32,44,98,43,86,21,68,65,44,78,33,64,22,48,77,91,19,13,84,86,53,92,71,75,19,81,41,36,76,91,12,72,11,38,90,40,24,54,60,63,71,11,53,34,41,92,95,15,78,52
E157,21,86,78,35,79,96,59,17,60,82,61,98,33,49,89,80,87,56,63,83,21,18,15,34,11,79,85,66,55,77,59,37,81,98,93,13,43,17,47,44,22,59,19,60,61,91,92,96,22,35,10,60,35,51,46,77,54,34,83,63,21,90,11,47,75,12,75,81,10,50,93,71,43,97,84,76,100,72,56,77,100,42,16,31,48,85,41,74,68,18,37,78,86,86,28,68,82,98,39,53,95,46,43,97,44,53,79,89,12,53,66,35,93,17,25,85,86,51,26,60,19,45,99,55,96,66,91,76,31,47,57,91,61,64,39,65,37,16,55,24,27,76,20,62,35,66,89,84,65,39,21,68,41,35,35,81,55,60,80,90,41,60,83,91,52,67,15,90,17,24,52,96,14,100,41,44,36,25,64,29,88,32,35,51,61,33,25,40,43,34,40,57,67,21,32,12,51,72,49,88,26,18,38,91,78,64,10,58,74,33,77,88,67,27,95,94,75,67,14,28,42,57,61,49,98,51,39,25,96,16,70,60,91,84,99,17,71,13,11,96,83,59,15,80,83,65,69,49,43,39,92,51,85,38,45,56,93,73,19,62,99,96,24,56,93,92,64,36,41,59,12,62,96,20,12,99,96,20,41,97,30,37,18,33,34,12,39,61,73,30,64,74,46,66,39,15,79,21,62,86,15,35,53,13,36,44,26,15,61,28,74,88,53,77,11,45,27,47,80,52,22,90,19,94,65,77,81,38,84,30,19,18,49,41,91,58,73,80,54,77,67,39,34,97,43,59,58,71,64,61,77,26,88,36,16,13,72,36,70,11,40,74,67,73,47,65,44,39,74,94,53,12,77,76,31,57,96,67,13,46,44,53,54,42,30,81,41,57,91,75,79,71,90,42,32,22,16,84,44,39,79,15,54,46,97,68,85,93,43,75,85,75,39,10,25,76,64,16,78,13,69,57,38,83,39,94,100,85,80,56,58,67,64,11,13,100,42,33,71,15,85,75,40,87,62,52,47,77,90,84,48,90,35,97,37,75,92,11,56,37,62,39,42,66,90,20,98,59,73,74,15,42,66,93,95,80,17,54,90,97,99,49,42,54,26,84,31,57,75,33,43,84,23,46,79,10,81,67,43,51
E158,83,32,22,93,74,83,35,22,15,54,76,71,59,76,61,86,42,58,18,80,45,20,59,51,73,18,43,23,94,73,80,96,67,49,95,25,13,51,61,62,34,26,62,32,45,64,37,14,33,53,97,91,73,79,63,53,39,52,71,80,59,63,60,68,37,64,13,38,28,22,24,91,96,31,45,51,81,64,20,55,45,71,88,83,74,48,43,98,100,22,79,96,54,18,86,86,62,75,36,98,30,71,63,28,78,85,90,17,75,28,38,72,24,13,57,85,63,11,31,35,38,98,87,75,12,45,67,100,41,29,72,33,26,44,34,99,72,50,79,22,23,64,27,54,83,59,88,67,18,74,57,19,25,44,95,66,66,69,25,59,35,24,98,50,88,35,77,16,86,61,28,93,69,75,60,24,21,76,83,18,82,31,81,39,97,45,97,44,14,26,65,92,15,95,75,38,52,94,81,79,82,69,46,91,91,37,57,92,49,17,75,50,80,47,30,10,48,88,56,90,42,88,32,74,73,59,69,95,53,65,67,50,39,76,62,62,81,76,19,49,53,92,37,85,26,96,49,21,35,35,72,36,34,32,60,94,48,16,76,22,86,91,48,49,46,81,83,17,28,13,76,47,27,69,39,55,88,84,23,83,26,21,50,70,95,74,64,42,100,45,77,30,82,65,20,31,11,50,28,96,75,67,13,14,25,83,16,58,30,46,64,57,29,18,90,95,26,29,55,61,29,42,47,38,69,63,29,88,29,14,64,63,54,43,56,63,92,91,63,73,16,34,66,16,66,16,18,16,82,57,56,71,55,39,74,77,26,53,99,67,81,42,98,36,68,21,23,70,92,19,96,98,81,54,99,92,61,89,23,98,18,70,79,20,74,81,72,52,74,21,56,80,85,25,77,90,64,27,40,87,36,69,76,44,17,74,92,69,18,83,56,71,20,54,61,32,23,11,16,12,43,72,100,18,83,47,15,65,93,52,65,76,53,85,14,17,34,66,10,79,63,18,48,64,36,85,20,16,28,68,91,47,32,37,70,74,34,67,93,64,27,40,24,45,70,10,21,28,60,97,12,57,62,100,99,30,89,26,61,59,85,30,39,59,27,16,22,39,47,28,23,42,75,73,65,39,13,28,100,85
E159,74,60,26,74,24,20,80,12,35,25,85,60,98,76,79,52,34,56,85,18,34,54,74,33,96,64,41,73,46,67,77,76,99,77,28,48,52,97,89,25,87,76,73,78,24,37,37,82,25,72,29,35,26,80,76,30,92,38,89,33,100,99,68,50,49,21,36,77,70,16,57,50,46,46,13,52,98,48,72,51,55,34,33,47,24,35,63,89,15,71,14,30,92,48,84,88,25,45,96,23,11,98,70,22,70,80,68,75,82,63,73,55,36,98,58,11,10,45,50,48,53,73,87,46,27,73,57,39,69,37,68,36,31,60,98,83,54,35,67,28,42,49,45,82,70,25,30,30,58,85,50,19,47,93,91,40,63,86,30,15,17,84,22,28,54,75,57,40,49,16,27,86,72,12,75,83,55,40,74,100,87,70,12,65,94,43,14,19,36,73,44,80,83,60,73,81,26,64,38,72,58,87,26,43,60,18,10,52,83,90,86,92,41,24,79,12,47,95,48,72,87,46,13,51,14,98,51,23,52,84,44,87,11,62,17,41,52,63,91,30,69,11,59,19,12,94,56,15,17,86,22,72,23,89,90,56,41,66,29,81,22,69,71,43,10,81,88,81,77,49,70,83,66,56,94,37,19,97,25,56,47,51,18,63,48,37,41,98,92,85,77,26,76,78,40,59,69,10,15,85,68,42,23,80,80,63,80,27,80,97,100,72,55,72,22,85,96,79,79,68,33,91,97,34,16,97,66,53,98,54,70,80,62,93,22,58,50,80,42,22,35,10,14,89,36,30,31,12,62,47,61,32,12,63,93,64,72,32,88,74,40,63,20,85,90,49,20,13,33,74,99,95,99,32,86,61,35,75,97,10,32,65,49,86,93,29,81,16,39,19,54,23,90,30,31,65,50,92,77,20,99,66,69,32,84,92,92,33,54,69,77,35,64,39,63,77,23,26,38,12,51,98,38,29,51,27,64,16,15,18,91,21,79,91,23,33,41,12,71,37,77,77,81,94,17,19,90,28,31,21,27,43,90,35,97,63,54,26,22,17,19,14,66,91,44,52,32,16,54,100,16,14,85,83,20,18,87,90,69,24,51,74,13,75,57,90,25,20,98,18,51,12,95,99,48,23,31,30,53,17
E160,19,24,31,74,68,52,17,76,33,60,69,15,34,82,17,85,72,41,81,11,66,88,85,22,46,87,40,73,23,86,21,14,45,57,24,48,25,42,58,100,78,74,25,73,50,62,18,15,82,54,81,39,47,79,40,53,86,18,30,69,52,39,63,33,48,70,88,89,17,55,33,39,97,34,94,49,70,53,11,83,18,71,80,34,55,63,34,92,58,44,14,90,90,95,57,77,52,74,80,19,22,79,57,54,67,70,20,70,12,66,67,56,70,64,65,26,69,19,17,100,59,23,14,46,32,14,41,12,70,36,100,54,39,81,59,77,28,74,18,51,89,69,78,12,11,69,93,81,59,24,64,87,10,17,76,50,41,43,69,51,50,17,66,48,77,22,43,48,49,40,85,43,45,62,87,31,61,61,32,63,37,86,54,22,84,99,76,23,39,78,39,34,45,99,88,92,48,20,50,53,33,83,89,30,69,69,70,96,68,21,34,57,78,89,87,92,62,25,60,12,17,20,36,23,24,41,96,90,73,74,66,18,79,70,94,87,69,95,100,77,92,84,31,83,40,17,83,17,67,70,28,50,80,48,16,16,87,92,10,63,33,91,52,13,84,44,62,100,59,95,60,10,52,10,63,76,82,13,33,56,57,30,74,76,86,68,35,68,91,81,43,13,66,94,11,43,24,84,13,32,44,25,62,96,23,73,67,27,34,73,82,91,66,39,14,82,11,52,38,34,17,24,96,85,30,52,25,77,64,46,67,12,43,77,57,50,15,31,36,20,41,67,47,100,44,72,25,54,58,55,16,37,70,22,51,100,13,11,71,42,81,75,38,75,29,65,78,28,17,20,28,14,28,23,50,28,61,32,16,71,94,96,64,97,70,83,56,73,50,96,69,23,74,65,86,67,28,57,12,13,65,86,69,41,64,53,75,67,92,100,84,43,85,99,28,94,36,25,90,54,23,24,11,91,81,20,73,75,35,20,39,52,68,19,89,17,85,98,35,98,62,64,24,71,62,56,74,74,20,77,75,40,69,58,12,63,18,93,99,67,19,26,55,53,98,17,67,54,79,43,83,35,88,24,95,71,78,30,63,44,17,80,35,44,94,44,49,36,45,17,33,76,76,52,98,50,85,86,20,17
E161,75,68,67,23,72,50,65,58,97,41,50,72,84,10,34,74,18,78,64,76,35,30,17,11,69,36,80,97,60,52,47,39,66,10,23,25,26,60,86,84,32,77,87,68,92,27,27,43,83,66,62,21,88,96,38,49,78,73,70,92,97,58,15,22,38,23,12,89,78,64,26,43,56,35,20,25,50,73,23,79,27,59,52,27,33,68,24,98,11,61,77,43,62,64,65,55,63,56,79,42,14,46,33,91,84,20,92,17,37,66,44,84,67,34,64,48,56,63,73,19,30,20,99,30,48,87,80,67,65,91,48,19,51,55,70,95,27,25,96,41,18,99,89,20,41,84,58,77,40,85,99,16,31,74,30,83,67,65,72,32,32,12,73,20,92,19,37,56,13,92,39,34,62,62,76,85,46,87,46,87,28,73,81,36,64,70,71,45,47,72,34,31,47,52,67,24,83,52,56,44,82,65,79,42,70,30,68,97,61,15,43,18,32,79,21,71,73,24,72,21,59,84,85,46,44,49,33,92,81,34,84,58,37,32,44,73,15,11,49,31,84,97,94,57,51,100,44,70,24,31,16,14,66,39,21,59,81,15,78,15,58,81,33,44,28,41,89,91,86,70,91,66,60,98,71,50,35,26,89,82,82,78,38,83,22,80,71,99,53,87,83,16,56,74,77,48,24,84,92,49,75,33,45,63,47,97,24,18,77,76,10,39,44,61,67,15,99,12,64,23,64,87,37,79,43,72,40,75,19,13,98,60,41,73,10,97,66,31,19,81,57,14,81,26,27,60,18,61,41,49,15,53,46,59,46,88,74,51,88,12,24,70,54,31,49,17,99,11,19,68,56,56,13,47,85,95,40,51,67,80,24,46,21,29,70,72,13,19,56,40,34,76,73,86,27,94,78,40,85,31,86,25,29,40,74,96,25,20,93,80,72,45,93,15,17,73,42,38,28,59,31,78,90,42,37,31,38,94,72,59,15,90,37,50,58,70,27,85,45,45,28,46,71,32,27,30,64,46,71,29,74,41,92,41,38,49,40,30,90,58,15,97,96,37,33,27,29,94,67,52,58,22,73,93,55,77,37,49,97,44,95,19,68,38,13,89,74,99,20,75,20,83,100,28,46,94,28,45,24,31
E162,86,65,38,55,87,73,57,30,27,75,99,75,39,29,13,89,38,85,72,43,89,80,14,13,87,32,88,39,62,66,66,78,57,20,45,54,53,44,86,49,46,44,49,28,86,92,69,38,72,28,64,81,34,30,39,36,42,78,37,35,72,96,55,57,98,67,91,90,38,73,79,53,21,39,86,35,19,23,59,52,37,24,28,63,42,54,58,98,88,58,66,55,66,14,55,71,23,71,21,56,89,92,21,93,79,38,39,38,39,56,60,31,90,93,57,53,12,25,36,52,80,49,24,17,100,41,43,20,19,39,66,34,94,27,13,94,91,93,26,26,14,20,68,39,79,32,26,90,65,15,60,78,60,90,81,99,92,62,63,39,10,71,12,89,89,62,46,79,79,62,39,86,88,75,67,50,64,81,22,83,31,89,82,52,83,20,21,12,26,89,77,49,84,93,36,77,34,50,11,82,41,28,66,57,34,26,89,59,87,47,74,60,34,97,94,26,17,99,20,41,11,60,51,35,35,31,40,86,98,60,87,19,22,94,81,58,58,49,97,24,19,53,21,59,47,99,95,42,62,52,87,28,34,89,63,57,86,70,81,29,65,84,12,16,77,11,10,46,68,10,35,33,30,63,15,11,77,74,78,49,94,34,82,20,35,98,44,89,68,41,25,12,56,37,81,76,77,92,94,86,38,22,30,89,100,11,49,44,30,74,28,40,63,25,65,14,20,12,94,89,72,28,81,89,90,36,78,31,18,26,91,22,15,22,56,22,10,63,16,86,72,75,48,82,71,96,13,46,96,91,29,99,14,84,66,96,68,96,61,64,95,40,23,14,16,87,49,52,35,19,86,100,90,45,27,27,37,59,51,40,31,70,20,43,71,98,32,92,96,54,11,71,58,29,35,39,26,68,57,15,84,94,44,49,43,75,38,20,73,95,46,84,37,63,11,19,60,20,65,75,70,59,38,13,72,35,69,30,29,94,50,71,57,79,43,77,40,61,36,86,25,66,14,23,37,75,88,81,79,23,10,28,82,51,66,81,76,26,32,96,36,39,96,53,77,64,27,37,45,28,94,26,39,47,26,28,63,48,19,12,25,43,91,45,28,34,10,56,58,59,53,66,67,63,11,61,23,90,91,29
E163,55,25,72,43,40,48,32,25,13,79,49,40,88,78,75,82,35,99,82,13,41,100,22,65,87,62,43,59,65,76,11,29,60,95,81,70,47,81,54,24,90,90,23,67,64,94,99,64,24,28,45,72,97,58,92,80,51,98,84,68,58,64,48,64,82,30,65,57,86,96,91,15,33,80,30,70,68,99,48,62,88,45,79,33,52,47,50,69,58,41,47,47,67,95,81,31,15,16,23,34,72,94,59,75,41,56,30,96,76,19,40,72,26,96,43,32,15,46,63,56,39,50,30,18,93,73,91,17,53,70,27,58,73,68,83,80,34,15,16,28,16,34,14,44,34,35,16,72,69,82,12,13,91,21,26,21,56,34,33,41,74,79,49,17,82,88,53,57,53,11,64,30,72,25,81,25,16,59,35,19,86,78,56,46,45,79,16,65,59,67,58,44,100,65,27,91,88,97,14,95,63,51,18,61,54,20,26,61,50,42,70,35,71,14,44,31,93,18,48,25,56,28,40,81,67,66,77,73,17,13,10,82,77,53,44,54,17,62,91,86,36,53,90,70,61,40,95,36,75,93,24,33,34,51,48,92,34,93,37,65,15,60,29,10,36,73,62,17,26,91,14,90,73,14,67,41,70,40,60,63,78,15,40,21,65,87,92,66,65,12,67,87,11,44,59,92,65,12,15,53,52,85,40,18,84,84,45,83,34,45,44,88,100,87,18,93,93,59,20,56,89,15,33,81,66,88,99,81,29,63,93,32,27,51,53,52,67,48,23,89,43,54,91,15,76,91,88,14,65,59,13,39,63,39,44,11,84,92,21,100,58,20,63,82,37,25,41,35,41,58,35,47,51,32,78,13,44,95,38,34,32,59,42,45,44,57,75,22,61,48,84,44,63,22,52,30,91,74,62,80,24,51,88,23,56,62,69,48,93,12,90,72,98,85,42,83,22,66,93,98,88,98,13,64,12,95,79,22,27,54,66,17,60,13,29,99,88,77,31,28,43,80,84,99,66,18,49,70,16,62,72,54,87,60,52,14,12,96,94,12,33,24,96,82,67,89,67,98,63,48,92,66,10,93,49,98,81,62,94,13,20,61,53,60,18,28,49,65,62,27,52,62,84,54,18,28,57,18,64,27
E164,74,90,13,32,58,23,45,32,29,77,94,47,73,46,59,85,72,76,54,25,36,64,77,19,87,45,79,12,92,45,44,58,39,53,97,80,14,15,91,93,27,67,27,88,21,67,23,44,25,23,27,23,33,88,15,54,76,74,74,47,18,84,35,60,91,90,31,58,90,99,36,21,38,98,48,84,42,64,13,69,75,18,75,30,89,53,26,23,85,94,40,79,53,30,27,31,88,37,25,18,49,33,38,20,20,56,49,71,84,98,67,90,11,42,89,90,97,83,78,94,75,94,39,20,100,32,12,58,94,14,50,39,84,53,49,41,100,31,75,45,54,92,19,26,86,95,82,36,78,68,99,76,75,44,35,19,10,66,47,83,20,43,77,67,63,45,32,66,37,10,10,84,31,16,22,78,81,72,17,63,91,86,90,79,35,28,83,28,44,17,20,24,58,32,75,12,21,63,79,14,69,40,31,76,23,83,69,56,90,92,92,14,68,72,29,19,74,81,89,12,65,63,54,92,17,94,52,64,56,57,39,45,12,16,29,65,97,73,20,62,18,68,27,68,66,50,39,96,88,82,52,43,36,96,21,99,90,90,93,64,22,19,79,62,85,76,24,45,32,93,24,74,57,83,33,82,40,16,13,47,96,45,87,28,30,84,44,62,80,89,69,61,90,23,62,62,25,24,78,57,69,14,16,21,12,83,30,17,70,39,66,80,99,65,61,51,55,95,70,24,87,53,52,71,31,82,15,34,43,18,93,39,79,63,50,19,69,59,73,96,94,92,99,93,93,39,93,71,29,72,31,54,85,13,60,34,54,88,98,38,25,30,25,99,56,19,94,15,13,87,86,87,23,32,89,85,77,33,44,76,65,22,37,97,20,22,10,34,51,76,13,68,69,98,20,17,85,21,31,17,97,42,53,96,84,39,75,70,87,56,87,58,38,76,94,48,51,41,51,45,60,79,24,89,63,59,32,34,96,16,11,34,66,39,60,35,69,97,54,71,14,76,18,52,18,98,78,100,11,68,73,79,38,37,64,77,33,62,18,47,98,48,60,43,55,56,67,54,38,18,17,15,27,62,64,81,87,100,66,49,33,70,50,66,19,44,76,86,18,32,57,54,26,89,22,96,61,54,35,87
E165,73,82,42,45,67,42,11,18,95,52,80,92,62,63,77,46,83,31,66,30,56,42,52,31,77,34,29,45,13,27,34,14,76,84,19,27,30,84,46,34,88,66,23,50,14,23,16,29,95,41,83,48,24,49,94,26,96,98,85,17,17,82,48,15,25,66,71,43,89,91,22,82,32,75,35,27,47,82,57,22,24,10,85,64,99,100,67,13,97,32,47,89,18,19,63,83,87,38,48,68,92,81,67,69,63,28,87,70,44,59,66,87,36,10,98,69,28,25,72,80,32,19,92,84,99,96,27,71,87,13,17,61,75,93,42,60,47,32,78,73,41,48,56,94,66,59,34,96,56,75,68,34,22,21,20,37,56,46,88,33,50,81,58,70,45,50,62,47,49,38,25,36,30,78,24,57,59,19,35,63,74,33,38,40,94,28,89,100,14,100,47,65,10,76,47,59,97,95,66,48,14,70,27,46,77,15,23,75,71,89,89,87,71,23,72,87,12,79,42,81,20,50,99,30,72,67,99,23,19,55,30,73,51,99,11,69,91,36,64,20,40,33,14,48,17,60,41,30,31,34,59,32,92,74,22,92,84,68,82,89,20,23,20,37,13,70,39,63,59,21,86,100,61,68,24,84,66,85,65,86,66,77,18,58,32,61,58,72,22,44,18,65,79,32,62,94,98,56,84,73,15,16,66,37,30,24,27,67,19,95,27,20,55,25,89,66,93,12,87,61,29,68,38,23,64,70,36,42,82,89,29,80,43,28,65,72,76,63,21,67,74,45,11,51,48,79,54,93,24,26,12,62,23,26,58,75,70,41,70,11,23,44,44,89,96,74,68,71,22,99,98,56,77,92,87,26,73,81,22,28,97,55,86,74,39,37,82,97,82,19,85,72,95,84,37,63,74,63,44,30,25,50,18,20,27,100,60,18,10,85,18,27,77,29,71,72,50,58,94,54,34,87,82,81,99,37,72,64,90,90,69,39,30,63,49,30,65,94,63,67,66,37,13,21,43,27,35,53,94,27,72,96,88,96,44,40,46,14,68,19,99,61,28,72,61,65,43,71,77,99,49,76,65,13,92,50,59,42,25,39,20,100,12,61,61,60,15,29,88,99,73,28,88,48,52,25,35,55,62,10
E166,86,85,16,19,94,43,76,11,61,80,19,17,64,90,53,85,56,97,10,36,92,61,37,97,28,65,31,39,70,51,12,52,90,47,36,29,33,63,11,30,71,81,45,59,99,33,46,17,58,98,76,36,67,52,86,43,55,77,71,99,16,28,37,12,70,91,18,15,52,58,49,15,12,62,67,49,23,57,77,59,73,88,50,96,26,46,12,91,78,73,99,44,22,50,93,92,57,12,68,52,72,63,43,49,83,58,90,41,83,33,22,48,81,25,82,60,49,31,45,17,46,35,61,56,47,51,20,85,19,64,16,16,91,32,100,27,29,64,97,52,64,73,86,89,30,63,58,27,48,39,45,22,69,79,94,18,48,76,96,15,78,88,100,59,56,93,81,58,23,48,62,88,29,94,24,98,19,84,38,97,58,78,69,56,71,45,21,31,32,75,70,64,72,11,96,42,44,49,70,19,78,59,82,47,94,18,39,87,16,42,14,79,16,74,62,27,76,39,50,99,51,91,71,22,46,33,69,14,85,37,20,86,20,33,100,18,29,52,93,84,52,39,52,37,90,27,46,25,31,64,63,61,99,32,94,15,64,81,51,60,62,15,88,10,100,29,75,80,52,48,18,18,19,25,91,26,13,21,55,14,29,58,21,52,57,42,29,69,98,67,95,21,92,44,18,16,49,55,27,76,78,70,62,47,65,74,75,12,89,13,100,97,42,89,98,51,29,58,13,52,100,23,74,57,47,59,45,22,35,72,28,81,23,23,26,31,36,19,48,43,81,78,61,39,63,64,74,14,32,87,50,57,44,79,53,82,100,91,86,67,52,33,62,54,72,14,17,54,62,27,77,99,47,46,34,28,89,92,14,100,79,21,100,21,64,15,86,62,32,88,97,41,82,51,91,65,21,34,58,21,51,23,11,10,36,73,43,90,91,83,97,28,25,29,11,89,63,88,75,59,14,16,98,73,69,97,51,67,21,56,56,52,59,27,98,34,83,97,46,73,63,49,62,100,88,18,46,53,68,75,57,89,99,94,10,84,53,25,87,80,13,85,50,86,89,17,55,58,12,37,26,59,61,27,98,53,22,17,39,22,56,41,13,75,69,14,40,39,10,30,45,62,71,71,63,95,89,63,80,93
E167,81,67,10,64,47,21,17,75,16,89,94,18,10,70,93,29,82,88,65,73,31,32,46,77,53,54,24,53,90,67,14,35,43,35,46,83,21,66,19,94,16,16,39,93,90,53,73,90,15,52,78,39,93,38,92,49,85,45,41,90,72,46,72,57,17,64,36,61,81,53,36,82,89,98,33,74,61,36,58,84,93,97,39,42,96,20,18,56,27,55,63,44,22,93,61,55,16,65,47,37,100,39,13,54,47,17,61,82,64,57,22,45,75,28,59,81,32,68,28,53,62,41,89,41,14,17,84,91,28,97,29,45,19,21,70,70,25,57,55,100,34,64,72,40,24,100,71,47,30,18,23,53,26,23,98,84,90,30,65,86,40,63,10,83,85,73,15,70,34,88,89,57,56,22,39,21,13,40,90,82,78,64,79,76,64,34,52,86,47,22,28,38,11,95,70,55,58,67,48,50,41,69,72,14,87,60,42,29,27,56,62,36,75,56,18,65,13,35,24,29,18,89,20,48,43,26,34,79,20,49,52,45,17,41,27,71,44,23,53,42,65,42,33,29,56,57,82,27,27,73,19,89,33,90,11,70,48,45,20,95,23,47,96,76,59,30,87,95,72,75,34,26,91,74,46,51,34,76,24,31,83,25,90,65,65,17,44,99,11,98,13,84,81,84,38,64,79,67,15,18,70,28,19,57,98,21,78,43,92,69,46,43,15,17,17,50,42,97,41,92,21,95,30,26,30,63,48,84,33,38,29,66,31,48,91,49,97,91,95,55,14,38,74,83,36,48,71,64,93,45,89,84,51,33,100,34,29,50,35,70,70,92,47,33,30,91,62,66,18,58,46,80,42,40,54,25,46,55,46,96,61,27,59,15,51,53,39,74,56,55,54,79,74,53,83,85,22,91,77,82,17,38,44,70,68,97,42,45,88,83,54,81,52,37,100,87,23,25,18,38,16,78,36,28,20,33,23,64,22,92,67,63,27,55,21,83,68,36,96,22,91,13,28,91,94,86,76,91,41,37,22,28,65,51,28,93,74,22,10,17,66,46,88,79,80,94,93,78,71,19,11,55,42,76,47,14,45,41,81,16,17,79,58,62,62,52,76,93,19,50,36,89,41,58,29,28,40,40,88,36
E168,59,45,64,83,54,44,82,97,49,65,56,99,82,28,11,56,48,76,81,77,56,16,69,37,29,57,69,86,21,62,33,94,92,89,97,17,71,71,31,63,87,26,56,33,36,26,15,87,88,93,61,63,28,67,27,53,14,72,11,18,27,14,11,80,46,15,70,56,76,75,30,26,28,71,26,96,49,75,51,85,88,38,18,73,75,52,74,70,74,94,71,36,44,16,54,39,79,60,71,98,61,66,68,11,96,34,71,90,34,66,82,61,70,28,81,15,35,62,66,25,100,83,83,83,42,97,61,57,14,21,33,34,53,71,77,28,32,35,91,88,44,88,69,14,79,38,49,16,65,29,58,28,89,57,96,39,60,49,49,19,44,78,70,72,66,91,47,53,82,82,45,25,74,78,39,58,75,10,79,84,77,77,100,17,85,34,31,12,66,86,59,46,47,77,18,70,55,55,26,52,100,39,86,18,90,33,54,51,27,51,13,13,34,16,79,83,98,69,35,70,62,16,94,32,70,76,70,17,35,41,27,24,92,53,74,36,90,61,36,15,35,100,89,26,75,54,77,64,69,44,38,90,59,12,47,74,97,89,77,76,40,40,60,27,80,97,93,24,66,50,10,65,15,98,85,47,69,18,78,75,76,11,96,95,59,96,89,92,98,54,19,39,20,84,25,45,30,82,62,67,35,11,67,42,60,80,59,36,78,58,47,59,19,17,68,80,98,22,31,67,68,86,42,89,25,70,64,51,50,75,88,80,75,26,38,86,18,62,28,71,14,47,89,22,46,92,25,76,56,63,26,40,40,36,78,96,40,24,61,73,32,84,16,14,40,67,27,97,49,92,72,17,94,84,94,42,25,88,55,21,35,16,72,48,51,56,28,86,14,91,11,35,54,88,31,91,12,56,71,92,14,80,35,84,97,26,94,29,63,40,10,36,16,73,74,39,90,73,18,92,62,43,28,87,45,61,22,28,90,55,92,72,88,78,94,94,25,98,31,34,34,25,97,63,13,35,16,79,88,86,33,96,96,57,61,40,96,20,21,47,12,31,22,54,36,16,75,11,46,17,30,68,62,19,69,72,79,22,31,98,75,85,41,41,26,38,45,57,42,27,94,28,36,95,94,20,71,97,73,76
E169,24,59,32,24,45,30,70,63,56,93,65,53,66,12,71,64,29,18,98,42,25,62,37,50,17,96,27,18,46,33,20,12,58,93,25,25,43,18,15,59,46,51,53,74,33,10,13,97,83,42,18,98,26,44,42,55,25,58,22,86,49,62,52,41,69,10,89,29,37,75,95,70,87,76,40,33,90,38,31,41,58,66,66,13,86,80,82,57,36,48,28,55,98,18,73,17,25,34,100,50,74,78,21,96,30,25,57,57,54,27,43,81,83,89,41,10,74,70,25,36,11,23,61,21,81,76,13,49,18,23,99,33,18,94,26,59,25,16,85,95,99,91,10,64,98,25,16,100,27,83,59,70,44,63,100,86,70,66,75,13,34,46,83,34,23,65,39,86,37,99,48,79,40,56,56,66,49,83,13,79,53,66,48,72,20,72,66,23,50,52,62,47,76,83,98,58,42,40,29,29,43,60,85,59,39,23,78,91,22,51,78,86,88,63,10,85,88,35,100,92,90,30,59,35,42,35,16,86,29,65,30,12,46,75,27,42,12,24,54,28,18,67,36,79,24,16,18,94,76,88,66,40,36,98,90,33,46,71,22,53,94,30,53,81,84,88,87,99,100,61,70,39,88,17,34,23,59,82,67,32,76,23,79,75,57,92,78,42,14,68,40,47,39,20,83,12,97,80,55,90,67,99,37,45,60,89,76,100,65,100,69,53,97,80,86,70,17,21,52,98,46,29,95,27,94,90,73,15,89,57,57,70,68,93,30,14,16,51,98,39,63,80,77,86,16,80,83,65,44,38,50,41,79,32,14,23,79,70,72,62,67,99,20,30,83,44,93,42,19,18,57,38,90,10,88,23,29,99,73,17,66,34,59,61,32,16,62,92,29,73,26,43,45,68,11,82,84,64,70,43,56,11,68,18,65,28,39,85,29,55,27,65,96,54,96,56,52,98,90,66,53,66,62,95,75,25,24,30,10,14,55,63,51,97,50,54,41,16,95,42,12,71,45,35,90,86,36,77,68,30,94,67,11,70,93,56,87,37,39,55,89,93,32,46,31,34,81,48,42,80,26,41,98,29,79,85,11,22,70,18,14,60,35,72,77,19,98,25,79,65,76,85,41,79,37,84,97,100,53,43
E170,34,45,90,52,73,98,98,19,27,81,46,17,37,74,43,17,57,80,77,69,10,42,88,21,82,35,24,80,93,69,38,26,39,34,51,23,82,52,16,88,63,27,34,41,49,44,13,96,56,82,95,41,80,88,79,40,41,35,36,67,96,76,72,36,95,94,39,51,77,17,51,80,30,88,90,84,77,87,98,53,82,74,18,46,76,78,11,51,88,52,18,54,53,62,72,45,61,48,27,33,69,35,16,14,63,40,60,47,69,14,45,77,71,17,47,27,77,90,15,44,95,79,88,23,87,28,89,47,90,44,66,64,37,35,91,94,68,72,87,83,40,75,12,42,67,15,24,41,11,35,68,65,11,44,85,23,85,22,73,86,82,69,12,52,68,84,96,67,37,22,12,74,16,32,72,18,39,64,31,33,50,57,72,76,46,19,82,11,41,29,26,27,19,24,38,99,74,75,64,88,92,18,81,61,65,13,70,11,88,49,20,98,84,51,73,30,42,21,62,81,53,74,94,91,42,54,99,36,59,82,75,94,19,90,14,54,35,49,11,56,38,47,73,46,82,33,91,37,15,97,79,18,16,70,89,84,39,44,55,61,55,19,38,85,95,13,70,95,31,59,68,48,94,51,41,38,88,58,26,50,83,85,82,20,66,80,13,93,33,71,22,50,33,27,67,40,71,99,30,27,62,35,77,64,24,69,24,58,81,18,34,80,34,53,77,23,73,74,22,13,55,29,48,92,51,11,34,50,68,92,78,37,56,49,32,19,24,100,35,93,90,53,70,89,60,21,49,43,47,12,17,52,68,84,82,72,87,80,48,38,20,53,31,30,72,100,89,20,24,11,96,69,49,65,54,53,15,61,57,40,11,32,93,10,13,64,78,61,54,93,30,34,30,16,48,27,12,92,46,30,28,45,69,11,43,30,76,47,74,50,16,19,35,61,71,27,47,53,12,81,88,40,28,16,12,77,50,98,80,97,66,51,28,18,82,38,30,59,87,48,45,94,58,49,38,22,12,26,85,24,27,13,82,72,65,93,53,76,37,90,55,73,24,92,99,70,76,64,27,11,76,86,32,68,84,83,73,88,34,42,81,37,32,82,42,76,12,73,43,28,61,74,89,11,25,67,55,17,22,69
E171,71,54,45,67,54,14,38,92,19,63,90,98,75,25,55,68,34,64,64,49,11,95,87,63,81,10,24,32,13,12,36,82,12,77,93,25,99,86,68,17,95,49,66,61,53,89,52,47,46,14,81,79,81,74,52,11,35,72,30,18,83,36,13,49,21,81,12,76,93,48,81,26,85,62,12,46,63,30,17,80,73,39,80,49,38,27,31,22,56,60,39,47,35,87,72,63,74,28,90,54,26,41,74,22,53,46,70,49,36,100,31,92,87,86,55,51,67,55,50,40,77,39,56,13,65,54,98,42,19,34,83,13,70,91,45,42,41,26,83,72,82,26,98,10,33,27,33,25,28,40,96,67,94,11,94,39,29,91,93,98,27,77,74,78,87,70,17,96,33,96,65,13,17,91,55,27,17,64,24,13,77,46,23,13,59,84,94,98,73,70,97,92,69,53,34,27,41,80,60,34,95,91,71,70,36,61,47,28,24,66,79,52,94,70,30,31,75,95,12,44,100,99,38,60,87,21,66,47,33,37,80,16,93,78,65,87,21,84,20,76,16,83,78,23,70,48,50,52,99,26,67,50,91,35,73,11,13,42,24,14,32,35,38,59,30,81,58,46,20,18,60,87,26,72,70,93,16,41,80,86,39,96,19,95,38,99,94,64,93,43,84,12,41,65,51,67,19,64,77,76,86,72,28,85,93,38,19,86,13,19,14,20,79,54,55,44,11,57,72,43,46,76,72,12,38,81,20,98,73,22,71,44,71,47,86,12,70,88,33,41,28,77,57,35,40,71,41,60,28,35,13,98,52,66,61,29,98,16,99,69,31,59,62,87,41,25,78,56,74,53,32,100,93,22,76,65,28,57,38,86,55,59,37,84,43,96,78,72,46,33,27,42,36,47,84,17,85,35,42,28,59,84,30,62,38,49,42,48,81,36,10,42,24,12,57,49,53,93,77,88,59,11,18,86,38,91,68,72,31,80,59,73,50,92,65,61,78,13,72,34,49,53,99,98,68,25,12,69,23,68,75,12,62,55,51,14,32,64,48,70,27,27,35,19,43,62,97,47,29,15,29,11,67,60,55,72,83,65,60,68,54,76,20,98,36,48,39,47,98,44,69,66,58,31,39,60,100,99,82,59
E172,62,96,41,67,80,64,25,33,10,43,55,89,73,73,62,71,92,42,17,42,89,54,13,60,92,86,31,54,20,87,95,25,21,54,94,57,64,53,32,88,28,68,95,81,25,90,34,61,28,43,97,80,11,100,44,65,71,70,87,38,35,81,40,84,53,16,29,90,69,81,59,94,30,96,59,35,96,23,43,21,39,50,14,34,98,87,67,77,50,20,48,19,32,12,18,19,84,13,59,73,72,39,63,79,50,32,96,40,68,92,49,69,63,25,24,52,53,78,46,84,95,71,34,74,48,11,10,76,24,19,17,55,28,21,31,43,12,95,71,64,62,71,76,58,99,22,88,78,59,58,47,55,35,41,76,35,68,39,36,25,15,66,90,48,66,61,13,34,21,15,70,66,68,34,92,57,41,40,83,62,43,20,44,49,21,31,71,57,71,82,78,80,11,32,68,27,17,88,87,97,35,52,30,56,19,29,10,89,77,68,55,53,49,61,73,17,11,46,70,55,97,80,68,15,22,26,76,12,81,68,14,34,45,22,25,60,35,78,63,19,14,21,11,77,35,16,23,57,34,53,96,91,27,67,81,12,15,51,62,14,75,78,62,34,81,94,46,20,86,59,27,79,49,23,86,43,43,66,46,59,89,13,56,73,84,31,41,31,94,18,79,35,83,51,71,63,100,79,54,35,77,87,39,34,51,58,26,99,44,24,87,54,20,69,81,61,40,22,79,93,84,32,69,76,58,89,81,92,56,62,75,70,82,59,98,68,99,35,69,98,86,88,56,59,78,76,14,76,51,98,86,94,62,65,54,28,25,58,37,98,91,90,48,77,70,80,58,44,76,13,25,16,52,24,93,21,74,46,27,94,58,48,25,10,30,28,16,56,78,40,51,84,51,91,70,80,76,12,99,78,38,54,27,58,32,67,41,95,78,33,66,60,12,65,100,98,68,14,60,28,56,10,89,20,95,70,93,88,31,61,22,22,89,100,78,100,17,87,51,65,99,17,58,92,83,88,40,33,41,27,34,65,72,98,40,61,99,53,97,42,16,20,82,71,37,25,18,21,31,12,28,69,31,32,24,60,40,18,72,47,95,96,90,22,89,86,38,80,82,26,94,67,41,38,45,12,87,52,78,60
E173,41,50,47,65,84,33,41,27,59,64,27,42,29,84,85,64,58,38,85,12,67,45,26,94,59,64,36,36,74,90,89,20,32,28,77,13,11,33,38,92,70,17,90,96,62,12,89,97,35,19,46,18,68,95,41,98,41,59,24,30,39,85,37,35,80,21,80,85,42,53,90,45,95,93,84,66,54,20,98,97,53,30,40,77,97,53,81,83,66,29,54,12,58,68,19,38,28,27,97,38,67,100,12,84,12,40,23,40,49,60,49,47,39,87,11,99,20,52,96,39,38,83,52,81,38,34,98,27,95,64,56,15,88,11,25,32,77,19,74,49,93,78,88,38,91,59,48,52,86,17,41,96,16,17,59,69,83,85,18,93,35,46,62,81,15,58,90,13,59,54,60,18,28,24,96,73,49,70,27,62,72,33,37,48,14,65,79,79,66,73,29,71,53,91,35,80,63,59,80,86,98,72,100,17,66,36,48,92,26,23,78,12,75,88,96,36,23,60,87,74,27,35,73,83,85,57,41,48,27,97,91,13,52,62,61,74,12,68,38,55,31,60,67,50,59,55,32,89,96,100,79,10,57,41,93,14,34,60,25,11,12,44,90,65,90,12,52,23,10,12,22,82,89,53,10,15,89,81,70,31,60,44,63,28,67,23,63,68,54,26,11,56,83,41,52,43,20,57,73,30,40,84,73,43,33,42,69,46,29,93,51,79,85,22,89,84,100,50,88,72,49,64,51,21,83,78,47,64,97,57,58,37,24,60,13,36,33,92,81,94,80,75,85,43,95,78,83,71,81,88,48,23,98,73,26,65,38,98,100,55,27,76,80,27,74,11,96,97,77,30,37,22,49,34,94,14,94,29,54,29,15,11,93,26,83,98,76,89,13,47,30,95,63,83,98,80,15,79,71,79,32,50,40,43,58,73,94,10,85,84,66,94,74,52,93,14,65,19,59,18,41,25,93,29,25,68,77,78,94,78,76,96,90,21,65,92,33,60,64,61,88,75,70,44,27,30,40,39,77,46,48,49,61,18,21,68,82,50,48,86,57,68,18,97,20,66,11,47,88,42,92,99,49,93,91,19,56,34,59,25,42,52,19,97,95,92,79,37,19,39,29,22,97,77,24,99,58,70,15,48
E174,84,23,56,60,23,11,17,72,26,65,17,69,58,75,97,55,19,63,47,17,92,64,46,14,16,53,80,46,47,54,23,27,74,31,71,27,89,43,30,78,89,79,19,24,64,65,46,86,70,30,95,44,77,41,29,50,86,51,73,48,99,80,56,89,23,38,36,73,55,84,84,35,38,42,56,80,33,36,80,78,21,74,72,24,60,85,42,59,66,54,65,81,88,95,27,87,90,33,49,92,68,62,76,14,70,27,52,70,94,83,66,55,90,19,34,21,51,45,63,34,64,73,93,64,29,23,37,97,65,11,65,28,88,46,100,85,45,44,69,90,33,73,27,49,55,51,95,72,59,86,85,84,78,73,50,18,23,89,46,77,85,41,96,35,38,60,36,88,82,65,13,18,49,44,73,24,56,97,83,83,97,68,73,94,19,83,43,90,44,52,89,56,99,88,60,20,43,14,88,68,68,49,20,75,46,23,28,58,42,13,51,41,56,27,86,38,32,27,69,61,85,99,72,34,99,94,17,51,68,33,25,75,65,45,53,96,38,26,94,65,21,61,89,19,69,42,83,82,38,91,100,88,45,54,92,30,31,67,100,85,22,76,11,55,50,43,72,16,17,100,63,81,77,72,40,10,90,27,82,63,93,26,13,54,62,92,41,39,60,43,16,84,67,62,28,79,30,66,20,94,30,81,80,32,62,41,25,12,82,61,79,68,32,57,48,15,66,73,42,78,77,19,63,74,29,11,45,37,30,76,21,27,69,72,37,24,68,69,47,96,31,96,71,78,87,92,43,34,71,79,97,81,70,30,44,27,69,54,74,20,44,13,98,58,51,17,52,79,11,83,91,57,37,23,64,48,66,16,57,88,91,43,80,81,69,53,34,99,44,14,71,92,90,90,37,33,78,91,47,54,58,79,75,96,83,40,28,27,77,18,91,71,21,14,80,33,28,79,25,82,44,17,37,35,42,82,99,71,68,55,91,90,88,41,37,59,66,79,39,55,75,80,46,53,45,84,14,96,79,62,72,91,77,22,36,74,96,28,39,98,98,23,100,22,88,62,73,60,95,45,67,50,95,76,41,41,55,58,58,41,76,76,95,31,75,31,33,67,11,61,96,90,84,70,73,68,72,40,14,78
E175,49,33,84,74,50,17,67,66,14,91,27,37,65,79,21,96,16,95,43,64,39,59,95,41,28,12,21,54,48,58,19,26,19,42,85,21,32,91,33,78,93,91,63,96,67,34,23,94,85,43,25,91,93,83,42,83,29,92,63,96,50,96,23,25,78,52,99,74,17,32,10,33,93,37,21,51,90,92,31,22,95,99,92,79,11,82,62,18,29,49,88,29,17,24,80,48,39,51,86,70,38,11,89,76,16,62,50,70,28,71,34,76,16,23,63,99,53,80,49,56,63,34,33,97,42,54,46,10,56,38,65,10,61,51,64,74,22,51,43,90,11,86,76,56,97,30,22,67,100,70,33,91,82,65,26,29,84,33,39,96,46,62,71,23,79,48,44,63,19,94,66,34,27,67,48,41,13,94,66,60,95,90,94,100,59,67,93,42,90,10,11,22,91,76,48,69,95,92,64,59,84,86,56,34,54,83,58,13,66,21,28,45,16,80,42,95,70,58,55,99,29,13,96,54,58,32,33,97,48,68,25,78,17,34,91,76,77,19,90,47,90,40,68,23,17,46,50,92,76,33,58,17,85,61,14,13,68,50,17,68,98,83,68,53,28,30,19,68,74,11,62,62,73,66,48,74,18,75,84,35,11,100,90,18,61,35,98,95,65,74,44,26,64,40,37,65,20,80,85,22,40,50,53,86,65,56,68,30,69,28,80,73,80,24,94,74,42,96,24,48,69,58,33,96,40,75,14,30,60,72,17,86,47,62,18,81,64,69,96,71,21,62,45,19,76,25,43,63,16,42,94,96,83,84,21,29,85,94,38,64,35,28,28,76,13,94,31,87,67,86,75,10,19,37,48,72,29,15,82,65,72,41,78,64,59,71,54,18,89,65,57,36,66,59,68,13,41,89,32,71,48,89,86,20,48,39,79,40,88,66,96,50,10,53,38,11,80,90,34,37,58,14,23,47,64,72,24,54,19,20,91,79,96,81,76,81,100,33,72,16,40,30,31,47,74,88,18,40,58,14,49,34,67,44,54,57,67,92,60,65,41,82,48,12,78,20,83,26,73,52,74,45,100,76,30,72,66,57,85,48,67,87,33,31,69,95,16,20,85,29,42,93,58,69,55,88,50,71,88,90
E176,59,36,41,70,25,98,19,86,35,50,25,69,13,80,68,24,63,50,16,77,24,69,16,36,97,66,60,18,37,51,30,46,29,80,23,64,84,45,52,40,99,100,79,43,50,53,48,30,91,91,92,69,27,45,44,91,66,54,35,89,90,80,67,90,92,84,98,27,94,14,21,46,76,28,88,31,35,71,88,33,56,96,83,96,86,58,78,62,95,51,11,58,63,13,25,20,61,54,53,77,61,55,22,20,54,13,40,51,56,57,80,23,79,96,17,96,97,96,16,63,61,93,13,55,64,97,71,71,94,33,91,23,34,65,12,15,78,44,37,79,14,13,64,41,87,87,39,73,77,27,41,64,84,99,24,11,87,96,89,73,94,77,67,31,18,83,22,59,35,95,10,98,94,88,24,65,52,21,63,79,15,13,44,71,33,23,51,35,52,70,95,14,12,88,36,52,75,67,20,72,17,33,11,16,94,54,51,94,56,11,93,23,79,67,77,84,11,17,93,51,33,85,87,43,28,38,26,55,54,94,43,35,92,35,42,87,31,97,36,32,92,20,32,96,48,35,10,28,52,75,94,91,35,41,98,12,37,61,90,19,40,27,27,72,64,84,11,42,93,96,99,71,93,43,48,73,93,39,11,87,91,75,23,25,13,66,91,81,11,81,72,63,58,71,77,49,53,36,35,47,91,93,34,41,54,96,68,75,48,38,68,15,18,96,19,74,97,15,35,35,61,20,36,60,37,71,100,51,13,63,12,50,17,38,41,57,22,24,60,40,94,71,81,46,55,97,67,90,40,62,31,54,40,11,41,44,94,93,26,65,10,31,66,40,33,26,61,88,87,26,67,27,91,76,69,13,26,33,87,48,11,12,85,72,52,20,18,10,33,82,40,87,90,99,43,11,83,83,62,55,63,69,81,82,55,90,58,45,55,87,96,77,94,21,66,18,36,14,38,30,85,28,81,47,48,32,31,23,37,79,47,36,37,26,21,41,39,14,17,92,16,47,31,89,52,58,10,34,13,26,86,35,97,10,84,53,74,72,92,33,13,31,13,67,55,29,16,12,98,32,51,55,60,86,37,20,75,65,10,65,100,30,38,91,24,44,40,77,71,46,48,39,73,41,10,54,39,55,88,63
E177,26,72,62,40,11,14,85,72,58,39,91,33,51,27,68,94,41,87,66,59,72,43,80,80,21,39,84,22,45,28,11,39,73,56,60,88,49,18,49,41,18,48,13,23,40,85,77,81,70,99,81,49,30,88,57,40,100,35,69,23,75,85,42,33,78,46,11,78,99,90,78,74,56,62,96,38,74,11,33,94,79,52,29,18,29,16,16,46,92,21,61,44,80,99,56,100,21,57,55,82,61,43,79,71,14,34,27,25,76,69,11,40,88,56,15,95,80,80,80,76,45,31,39,95,56,89,43,11,27,18,62,83,79,98,15,64,80,18,39,53,90,59,36,97,59,28,28,44,97,46,65,33,64,52,56,62,25,56,95,72,94,67,26,39,53,94,54,20,71,26,69,45,98,80,47,68,86,97,33,69,15,55,84,86,43,45,58,22,67,38,50,38,61,17,63,100,74,46,47,73,97,10,64,99,72,49,10,87,18,97,30,59,13,29,91,74,68,91,16,12,67,18,23,13,64,47,75,16,28,34,28,55,96,75,60,82,89,90,75,12,17,79,78,22,46,77,48,79,91,87,49,59,97,52,43,19,99,18,33,45,32,28,86,62,17,64,89,20,41,81,33,25,70,30,89,50,28,98,19,81,62,65,66,76,28,37,94,84,62,71,51,65,68,62,100,57,84,47,97,81,60,38,67,81,70,92,94,77,54,52,85,66,24,20,76,89,71,98,26,46,76,24,77,66,12,65,35,37,71,90,78,68,43,66,29,100,62,66,37,31,59,76,24,39,63,18,53,94,88,38,61,49,16,71,98,60,27,15,99,90,32,96,78,29,13,71,49,90,85,51,100,88,62,33,45,21,92,41,28,45,53,86,23,26,40,96,19,46,94,97,20,44,31,20,54,76,28,53,42,53,97,25,42,38,49,37,79,28,54,17,17,77,58,96,87,85,26,14,54,18,17,34,42,98,19,56,85,48,89,94,27,79,34,46,84,46,29,76,41,55,27,66,17,63,11,67,71,92,93,19,45,86,71,60,47,28,39,60,88,23,73,92,15,40,26,49,32,33,39,46,18,68,93,68,85,29,98,20,96,23,68,17,14,56,30,46,50,89,60,11,89,13,22,30,70,25,71,31,14,82
E178,96,78,46,12,30,66,14,92,83,44,35,21,54,31,24,21,87,89,72,25,70,76,63,33,54,93,61,98,21,57,62,40,64,81,79,61,44,95,59,91,95,53,92,12,46,51,58,83,59,10,63,30,76,54,39,59,90,94,72,49,87,31,81,90,18,77,70,19,19,98,35,100,62,39,54,46,34,25,39,41,25,21,98,28,97,72,16,65,46,50,49,71,77,36,83,93,82,12,45,84,70,87,21,12,40,15,36,38,70,85,87,24,61,19,75,52,10,30,88,69,61,66,16,64,42,46,10,86,36,13,99,50,71,66,64,93,21,47,11,59,84,29,60,12,15,54,46,29,81,63,37,54,72,45,14,81,74,94,53,23,66,49,43,48,47,19,41,77,79,26,50,79,93,33,41,94,54,53,28,60,39,68,36,41,78,17,59,22,73,71,89,86,75,82,15,46,36,78,98,21,16,11,60,37,23,10,50,86,90,55,13,69,61,25,42,10,95,43,75,64,74,69,24,94,65,86,17,71,40,38,81,28,23,17,86,33,16,15,89,23,24,45,87,77,87,27,24,97,58,81,54,12,83,75,87,45,69,89,34,88,76,92,38,95,59,42,60,87,11,90,63,91,24,11,88,64,14,38,39,76,29,28,97,36,80,90,100,31,33,40,57,37,68,50,51,96,73,27,69,98,14,52,88,26,91,50,13,93,18,79,90,78,66,29,15,62,88,61,56,66,73,61,72,69,79,74,70,25,34,11,75,90,42,74,36,87,73,26,10,15,60,100,64,37,26,89,52,64,75,82,79,58,55,66,49,74,85,41,61,69,91,12,65,18,82,99,73,55,11,10,37,77,19,48,92,17,42,36,81,79,10,21,55,36,18,55,10,11,56,98,78,36,57,95,34,48,98,79,51,93,81,47,33,52,52,60,18,45,18,66,76,48,37,67,59,13,22,76,35,33,55,71,96,83,75,25,99,59,86,55,99,95,39,92,56,29,43,96,62,85,34,97,64,16,43,33,51,83,84,12,43,97,96,100,10,18,88,40,83,50,81,83,75,20,100,75,47,40,33,45,49,56,73,49,39,49,93,33,50,85,55,90,19,30,29,81,61,84,52,28,84,38,90,74,30,23,16,65,29,78
E179,58,80,54,27,22,97,15,15,100,68,38,53,86,14,19,35,33,91,55,69,12,92,48,46,20,43,75,28,29,45,36,12,33,53,88,51,74,76,81,56,51,66,36,86,38,87,72,44,31,91,61,10,79,55,55,15,27,94,60,30,57,85,88,24,44,96,40,50,37,83,56,86,50,62,87,25,69,30,11,70,17,41,65,99,72,89,81,74,86,36,70,34,59,38,16,22,54,93,33,70,71,35,69,46,79,21,25,78,48,45,79,73,78,84,12,55,29,83,22,79,46,47,16,82,12,17,31,53,51,76,68,75,29,51,69,35,24,37,12,32,30,13,39,67,41,90,54,48,15,56,91,39,35,97,97,42,10,22,63,45,97,68,79,56,95,17,100,63,14,89,39,35,73,18,89,78,58,55,74,50,19,12,26,100,99,18,46,61,51,43,78,23,82,95,36,32,31,12,60,18,55,31,97,50,13,20,86,20,66,71,87,75,66,82,50,12,48,69,91,99,14,11,61,33,27,51,15,19,67,73,52,88,19,69,97,46,79,92,85,14,86,32,35,82,38,62,12,99,49,92,45,72,12,69,90,12,63,65,16,55,73,88,58,51,26,70,36,83,81,41,19,22,30,51,85,74,30,27,20,75,100,86,78,67,11,24,65,29,97,47,97,42,44,54,19,60,87,62,20,37,72,11,41,43,13,79,95,46,87,70,76,51,38,25,50,15,27,90,68,91,47,40,82,41,87,24,82,22,97,58,55,45,50,85,45,79,13,62,27,17,83,95,50,26,73,88,52,74,91,60,17,67,30,55,17,86,34,34,91,95,38,12,28,16,63,80,33,28,11,51,37,75,46,53,30,81,24,36,42,83,69,75,50,67,50,29,38,28,58,58,20,14,36,80,29,24,25,77,62,32,10,50,15,96,26,57,50,18,41,16,82,90,85,89,60,32,87,48,33,95,62,47,92,88,73,72,12,70,12,37,47,53,58,32,19,55,55,52,27,72,42,29,24,61,82,23,84,55,72,55,82,48,24,94,82,11,42,51,43,83,16,65,51,48,73,77,28,87,28,48,17,93,88,74,76,59,64,61,19,94,23,77,66,17,11,66,44,88,80,87,11,11,63,21,80,15,29,14,34,24
E180,57,57,65,69,69,50,33,24,62,35,57,89,30,90,42,45,48,55,13,67,65,51,49,68,77,75,83,22,50,57,89,40,89,78,84,69,72,56,97,95,25,49,27,50,74,12,73,47,28,30,24,30,10,34,70,37,62,11,11,23,48,51,33,40,32,41,26,89,23,46,27,91,14,43,22,72,85,37,83,51,38,75,47,34,11,71,19,98,75,48,62,65,11,87,13,41,52,24,93,44,86,16,93,36,37,39,22,41,82,34,58,14,55,99,70,28,16,96,67,35,21,19,56,96,62,72,62,97,32,40,74,64,55,78,26,61,39,13,22,100,58,19,74,17,34,14,95,37,77,66,84,45,30,60,37,96,46,10,55,47,73,55,57,19,52,94,61,89,76,38,30,33,87,84,19,99,80,18,30,74,90,10,87,18,82,20,69,70,99,13,20,83,98,77,33,72,69,92,24,68,85,53,61,73,76,52,91,81,66,60,65,25,29,20,67,72,46,43,49,23,54,58,56,67,46,37,71,52,86,77,33,47,78,19,37,28,78,24,74,11,22,33,88,97,56,55,74,44,95,45,50,67,34,51,31,59,43,14,67,23,99,48,90,83,20,35,23,15,43,65,57,28,73,49,17,43,55,65,42,51,45,37,18,91,32,83,17,40,77,32,64,50,22,29,85,42,67,33,83,84,26,61,38,34,67,14,93,14,86,54,25,18,37,97,87,20,96,33,28,29,66,65,22,54,80,42,29,54,99,20,21,79,70,98,47,33,30,40,25,81,52,74,37,21,99,37,31,89,71,54,72,13,35,47,13,89,66,25,78,21,44,78,57,49,39,61,28,91,66,93,44,76,23,81,69,34,24,71,80,50,27,85,71,65,47,30,75,42,93,59,80,50,25,85,29,61,18,72,98,95,55,97,79,61,86,29,67,99,46,30,94,88,16,92,16,38,89,25,60,25,15,27,75,20,23,23,22,72,14,48,12,47,73,79,93,94,70,39,70,48,75,16,57,27,25,97,69,10,26,15,73,40,82,71,17,90,20,63,96,39,25,64,26,84,50,75,18,16,67,71,24,84,60,94,73,65,72,42,18,97,61,59,16,61,44,80,53,80,97,77,79,93,46,90,49,44,95,27,46,53
E181,17,44,88,74,75,61,47,55,38,74,64,81,47,50,23,32,63,52,32,73,63,63,66,40,23,53,57,32,50,44,21,98,69,79,37,33,21,20,29,58,78,23,80,62,76,57,13,60,37,48,51,77,96,53,63,98,85,72,72,18,10,46,57,93,58,74,80,33,65,99,40,48,32,48,33,36,56,88,33,77,76,91,70,11,12,52,27,54,20,36,60,33,70,32,51,78,61,25,74,33,22,18,90,42,11,100,80,44,74,69,43,29,62,24,54,90,49,69,24,31,18,58,26,70,57,68,90,34,40,100,33,14,13,63,22,24,92,96,88,38,65,80,88,54,29,88,98,95,70,46,79,11,31,34,39,91,55,30,40,50,76,90,42,97,57,86,65,40,81,37,95,93,76,49,60,17,67,46,84,19,60,88,76,25,50,51,51,65,23,34,87,64,99,16,95,49,70,92,51,24,91,10,47,33,44,27,51,81,43,60,57,76,85,84,36,35,41,53,71,21,67,65,80,56,34,74,44,85,88,44,12,76,44,67,69,28,70,88,67,29,75,13,89,27,73,68,19,48,10,13,97,46,58,42,16,77,73,86,79,22,70,40,65,24,75,77,53,67,53,29,44,56,30,24,59,47,31,93,14,98,21,24,76,16,77,31,97,93,87,51,42,90,81,93,50,27,20,20,93,27,24,98,56,83,49,64,41,34,41,81,23,70,82,95,78,42,28,66,63,85,15,22,69,69,13,58,89,92,16,98,52,39,35,69,17,97,25,86,91,40,58,39,87,88,76,98,62,53,18,43,91,37,62,42,65,33,82,58,99,83,17,54,49,53,33,19,85,15,84,31,60,70,25,33,50,78,45,11,47,73,63,17,74,94,41,13,66,41,52,45,63,16,11,72,84,68,100,42,17,91,70,65,76,54,58,44,43,86,98,29,50,53,83,39,41,42,78,74,58,82,50,49,62,79,17,10,26,32,11,95,88,66,64,45,59,56,35,18,100,73,95,57,98,88,53,82,63,27,97,95,90,70,43,26,37,39,48,94,25,29,79,98,40,46,40,91,70,12,40,69,53,33,60,88,63,75,57,71,55,39,86,18,58,92,87,23,34,89,43,58,80,87,39,40,26,71,60,60,21,58
E182,37,89,74,45,77,23,25,68,29,29,53,25,32,51,71,49,76,25,54,36,32,49,65,91,16,91,58,39,87,75,23,90,77,10,77,52,54,44,32,14,60,10,88,90,87,41,88,90,60,16,17,100,72,80,83,43,83,37,53,10,61,22,72,68,33,36,75,27,14,68,54,19,24,40,48,81,65,53,67,85,63,100,81,24,11,41,33,17,27,30,43,10,22,72,38,96,30,81,20,50,88,98,90,51,99,49,36,18,28,43,91,62,72,42,11,99,10,89,46,10,48,41,67,80,22,46,18,24,84,57,77,69,38,63,16,62,99,39,43,15,57,20,35,14,15,54,69,33,39,82,57,36,33,67,82,24,74,31,39,38,25,62,72,25,63,27,86,84,63,99,80,18,94,69,52,49,81,21,46,47,26,93,41,38,54,29,95,22,50,61,16,28,37,95,91,31,48,73,49,60,77,71,82,26,73,20,80,54,55,19,39,69,16,36,99,54,100,84,67,86,68,79,12,81,73,74,91,47,22,68,75,63,70,89,93,38,88,37,65,86,38,83,48,86,85,94,52,72,33,13,26,16,36,50,30,25,17,48,79,22,25,43,63,77,90,21,41,78,85,39,41,19,37,77,65,35,97,94,46,83,27,37,51,98,96,98,27,45,87,35,72,24,15,45,22,69,60,33,81,52,99,23,10,41,93,10,19,62,45,15,44,13,39,88,99,69,94,61,26,24,24,77,81,12,65,88,14,45,41,74,85,20,23,48,92,75,28,18,87,83,24,31,10,58,28,42,46,18,77,50,12,18,95,63,63,47,95,20,53,12,87,88,57,73,52,59,77,21,19,92,39,42,38,19,53,38,33,86,38,22,43,84,39,87,27,76,92,29,30,36,56,100,88,61,41,45,71,31,64,31,44,66,23,86,39,83,22,63,50,31,66,96,66,35,10,79,70,99,27,96,42,11,39,60,46,77,15,11,98,31,95,55,94,46,11,65,100,44,90,95,58,95,68,64,56,18,72,28,71,73,100,50,38,30,83,24,26,36,91,59,51,52,65,47,43,23,43,85,35,10,13,19,57,88,10,37,81,33,42,11,40,16,84,31,27,96,74,38,49,35,59,44,48,57,59,64,35,12,85,93
E183,15,58,64,83,50,80,16,46,88,44,12,60,62,48,49,62,57,18,52,69,22,72,94,83,29,98,39,16,11,27,77,74,35,45,83,94,26,78,44,47,52,51,15,70,49,92,31,89,96,75,28,79,12,35,72,84,97,45,44,13,16,11,18,10,52,65,77,83,71,70,86,16,38,65,42,87,58,48,48,27,95,29,24,61,84,62,97,76,87,31,98,74,65,82,72,84,68,84,39,47,74,50,89,65,34,56,70,26,26,95,35,20,50,26,96,61,14,56,98,68,85,46,80,18,50,68,50,77,25,13,14,19,57,49,49,68,56,18,32,43,57,72,40,71,96,82,99,79,44,75,14,100,17,28,10,97,38,31,76,73,92,16,66,76,83,59,18,71,77,40,29,94,27,57,95,17,86,100,23,57,56,67,39,30,32,28,33,41,99,27,61,14,21,68,55,46,28,60,89,100,77,76,36,31,17,88,83,90,20,27,44,29,36,49,80,34,93,89,92,14,63,20,100,76,44,52,61,99,100,71,28,66,75,54,71,35,12,27,100,36,94,85,47,81,47,71,99,66,20,44,60,70,39,36,92,85,16,89,29,25,41,66,15,24,76,37,30,72,43,11,34,24,65,85,46,91,71,44,40,43,20,78,77,24,56,90,67,93,64,96,57,20,57,17,28,22,75,61,43,53,87,81,27,21,83,48,24,56,20,70,62,41,75,62,21,80,93,88,13,80,54,48,11,90,38,17,34,28,55,38,57,51,52,85,87,56,35,86,67,33,11,100,99,51,62,12,10,91,63,100,47,27,10,87,32,28,56,82,72,41,89,63,69,16,67,21,15,59,100,12,22,20,100,39,90,10,38,27,30,37,95,30,41,55,100,49,38,35,98,73,43,50,36,65,99,52,61,14,27,59,70,100,49,22,32,20,60,38,75,31,42,50,84,58,33,31,39,89,91,72,28,45,98,78,43,37,83,64,99,16,86,85,58,99,16,68,84,34,84,20,10,54,22,55,90,13,68,18,90,17,77,19,62,57,35,98,53,83,100,94,78,56,94,18,56,92,35,90,29,17,88,31,81,39,93,57,40,44,29,93,45,91,87,52,11,100,20,50,31,97,78,11,16,63,43,77,62,25,90,50
E184,67,94,68,85,84,37,96,33,44,61,100,89,93,61,98,44,87,31,76,85,65,35,77,89,93,82,83,62,75,11,23,33,100,63,58,82,88,34,16,14,50,49,67,61,45,31,46,89,44,49,28,81,32,79,21,75,34,29,53,56,20,30,58,60,86,18,71,92,78,33,66,30,87,68,33,24,40,65,88,98,12,81,60,64,12,31,26,85,61,39,19,62,55,16,24,33,45,17,47,95,11,96,36,49,22,71,63,10,95,96,88,72,24,35,73,71,71,89,37,76,58,48,12,43,69,13,44,29,15,94,79,64,61,48,73,77,63,34,56,99,85,97,44,41,11,99,99,19,29,26,59,87,48,25,51,41,94,51,42,35,25,74,70,11,92,92,54,15,89,80,30,28,18,62,27,57,89,38,32,33,45,11,100,76,47,91,12,93,73,47,83,35,77,41,43,20,62,27,41,28,51,92,27,75,73,45,49,13,27,82,24,35,36,27,29,71,64,12,36,85,33,25,82,23,62,51,74,14,59,43,37,90,75,57,52,18,27,88,84,74,64,61,99,40,24,76,97,13,51,75,41,11,88,67,60,84,13,94,47,58,35,50,12,73,70,39,23,80,78,53,89,40,69,68,56,40,37,54,86,95,98,42,91,15,82,50,93,93,41,34,31,92,44,96,90,41,35,51,12,60,83,77,47,48,41,37,76,89,12,30,51,44,73,21,94,32,70,79,10,60,58,42,49,80,56,92,62,71,80,98,58,75,86,31,60,74,55,50,24,28,71,16,22,23,77,36,63,17,60,38,73,11,99,93,51,53,49,55,62,100,53,23,52,44,90,21,45,32,38,99,78,63,19,49,50,12,87,49,25,38,91,93,81,31,29,55,75,18,44,14,20,91,11,23,95,25,83,13,54,14,94,48,49,31,95,79,23,63,49,50,74,98,14,93,77,23,14,91,60,99,38,52,55,22,84,72,28,61,34,47,100,44,55,50,63,57,80,30,47,73,63,81,27,98,50,78,42,55,85,73,27,29,16,57,15,25,97,20,59,12,12,27,64,76,48,96,84,65,70,68,73,65,25,84,32,16,26,84,69,61,41,66,67,53,54,56,94,66,89,48,39,23,97,97,86,34,59,58,66,21
E185,21,61,31,55,35,52,32,27,87,39,81,60,31,83,93,20,78,70,91,84,35,94,92,97,69,53,87,41,90,68,91,26,71,55,22,37,19,51,76,58,28,12,70,19,36,77,83,42,70,95,69,95,80,53,48,91,91,16,66,84,43,54,41,88,37,45,20,23,33,37,62,48,62,98,33,92,79,51,16,58,83,61,68,98,29,10,60,44,68,49,10,53,57,100,12,38,70,50,11,25,62,10,51,56,72,15,45,71,75,67,95,18,26,39,71,32,81,70,100,40,56,72,61,76,55,65,42,29,89,62,54,37,89,84,93,85,17,89,50,46,70,20,73,98,66,42,22,64,77,64,72,46,98,45,77,82,89,60,25,98,53,23,94,93,65,11,12,81,11,42,46,36,56,78,39,53,23,10,16,63,95,70,14,67,90,65,13,41,97,43,56,38,12,14,93,99,68,91,34,45,21,56,29,71,45,94,29,20,28,78,25,41,35,17,87,47,40,77,17,25,80,17,79,72,100,55,34,68,48,23,32,63,12,13,30,64,90,66,44,53,97,75,59,19,76,82,91,94,42,26,13,59,29,47,78,78,68,74,26,95,13,30,81,28,54,34,64,54,50,29,29,12,50,34,78,46,77,17,39,11,32,55,23,54,69,24,60,18,87,53,48,62,68,29,34,86,11,94,46,48,23,79,56,97,14,66,18,19,36,74,35,93,95,54,18,43,65,41,56,47,69,61,57,78,45,78,98,80,51,48,100,68,62,32,10,64,82,39,100,92,46,75,59,72,37,68,12,96,33,23,100,86,71,60,25,71,43,35,27,63,48,20,71,30,96,33,56,56,25,47,54,80,75,52,12,25,79,33,84,84,82,11,88,21,11,23,17,31,58,41,84,97,15,11,95,23,87,84,13,67,39,82,44,81,81,41,49,10,37,86,14,64,96,10,67,94,70,18,78,69,32,86,72,16,34,43,50,17,96,57,79,90,74,31,95,15,31,42,42,61,95,85,46,90,36,88,90,70,47,33,29,51,72,72,85,75,38,11,49,92,26,23,45,51,36,75,30,35,40,31,21,37,14,18,85,37,80,59,91,75,30,27,60,69,32,41,53,63,22,18,86,46,34,62,22,46,72,51,59,27
E186,85,67,81,79,29,41,55,53,36,19,78,92,91,42,47,49,100,59,86,15,48,75,77,35,52,60,35,46,72,22,65,80,92,77,17,23,70,68,21,17,79,65,86,60,56,43,15,60,56,13,16,28,35,57,61,48,20,48,14,70,68,24,42,28,20,100,12,50,49,41,52,20,34,66,22,74,39,100,43,85,90,72,99,84,83,29,29,88,23,17,79,15,66,67,79,57,95,74,51,88,90,86,20,96,88,32,75,85,96,96,29,25,69,65,85,64,17,39,78,40,43,72,77,65,29,62,45,64,20,60,25,52,93,92,16,18,78,62,12,53,11,40,51,14,89,11,93,73,78,61,18,22,99,42,12,97,69,65,67,12,39,48,94,69,12,14,74,26,60,34,71,48,96,62,46,58,29,27,94,54,15,92,67,43,68,65,31,21,82,80,83,41,79,37,97,50,83,39,11,19,60,74,42,82,66,17,66,18,85,85,26,56,71,51,25,23,68,19,42,47,98,13,34,46,32,78,68,50,90,61,66,35,98,24,23,16,25,69,59,59,10,33,66,88,21,97,26,63,19,54,45,14,89,75,94,56,61,87,20,10,39,85,35,48,81,25,17,17,41,34,49,91,53,36,83,34,24,91,70,49,26,28,21,65,56,84,74,22,20,56,71,82,21,35,59,96,66,95,76,93,86,53,41,66,87,28,79,17,59,40,89,58,95,79,27,43,76,19,73,91,33,88,73,23,37,18,21,97,51,75,31,51,16,78,47,37,45,95,33,21,25,30,22,98,79,33,78,77,31,85,22,43,54,49,69,15,92,94,50,46,41,36,32,21,29,51,85,99,55,93,47,34,28,99,45,47,100,37,88,33,32,17,69,75,93,92,24,13,52,13,80,84,81,98,94,86,100,44,16,79,98,20,61,90,69,30,41,37,61,84,41,57,22,15,69,37,75,57,18,50,37,46,90,37,56,64,71,85,46,19,54,46,95,10,88,48,63,22,66,45,57,50,62,35,72,81,14,25,76,72,22,51,21,39,11,10,60,34,47,14,85,63,22,32,92,85,83,31,58,29,97,39,59,24,79,24,56,66,85,69,66,62,46,26,35,69,77,74,50,14,67,82,100,13,92,91,49,68,57,54
E187,30,35,11,41,36,98,98,50,90,12,23,32,39,31,82,10,16,23,24,100,30,44,88,40,45,23,90,55,97,74,29,27,20,31,20,57,19,23,15,80,79,10,99,87,79,82,53,16,59,62,57,86,100,38,53,60,22,100,44,17,13,80,22,48,96,54,26,92,80,60,11,61,78,85,29,21,71,49,43,72,12,71,42,86,95,52,32,27,47,87,89,43,94,87,92,79,84,66,61,39,82,25,58,13,16,67,60,82,46,20,98,63,51,96,81,69,13,19,54,26,89,54,16,63,41,53,48,24,91,100,65,66,77,90,52,38,13,45,48,50,59,69,54,92,84,75,97,18,81,90,61,41,27,91,48,36,35,50,11,78,93,55,21,24,26,69,43,75,93,22,59,28,63,89,77,57,32,13,53,64,95,62,10,52,98,83,82,83,34,28,92,18,83,69,44,61,57,60,36,90,77,28,57,62,86,15,30,77,66,91,60,21,99,89,66,62,78,21,38,74,82,24,12,26,92,15,79,73,49,14,32,78,85,84,39,63,52,92,12,15,95,41,18,88,12,78,50,68,81,81,30,50,77,44,28,33,12,75,91,58,55,26,16,68,73,47,76,59,16,33,55,62,39,70,75,21,21,98,94,90,59,85,16,97,87,66,29,66,41,32,93,74,57,57,73,69,85,70,44,81,42,10,76,56,31,33,77,63,21,86,77,26,66,28,62,10,58,53,71,65,75,30,100,89,86,65,70,28,76,32,49,23,99,89,69,74,61,74,15,43,31,77,78,72,75,97,86,30,51,82,77,60,66,98,29,98,47,25,87,55,46,25,90,56,70,18,70,65,31,61,82,58,69,32,78,82,27,56,72,64,54,52,53,18,43,65,56,87,85,74,39,18,44,35,17,86,86,54,39,30,23,79,83,40,23,92,56,97,41,15,51,95,75,58,57,43,79,36,39,95,74,81,15,64,73,23,87,23,73,46,32,56,20,75,94,64,89,69,52,95,62,58,95,70,22,67,93,56,26,48,96,15,88,68,99,54,76,58,23,41,93,82,39,45,70,43,95,95,84,56,15,16,48,49,18,79,55,90,17,11,64,14,34,11,73,93,86,76,49,40,58,39,45,77,61,20,51,64,50,79
E188,75,70,87,34,47,13,90,42,80,60,87,41,79,100,43,19,35,70,12,66,76,70,13,39,94,34,16,21,45,18,24,74,29,59,90,17,65,98,15,59,77,31,20,70,89,66,63,44,92,61,73,12,53,73,48,31,10,54,14,92,17,78,14,11,14,18,77,93,29,63,10,98,61,33,17,25,25,88,87,11,59,78,81,71,10,87,15,84,16,49,30,41,29,62,91,62,38,100,45,54,61,49,53,14,91,90,43,14,100,71,85,97,47,28,92,54,86,28,26,11,31,18,39,89,92,51,26,13,70,62,43,97,41,53,82,37,29,56,63,25,92,75,35,98,70,15,25,53,68,71,49,49,20,91,63,64,29,24,46,99,51,82,75,49,96,93,76,99,90,44,71,92,20,64,91,92,83,98,38,63,22,73,96,51,58,80,31,96,91,61,78,18,43,95,24,56,52,94,13,21,91,47,52,68,11,11,46,96,12,22,72,34,92,39,68,52,84,21,23,91,31,77,90,63,99,19,39,25,76,76,36,88,53,52,67,14,21,63,13,22,64,21,94,88,89,57,83,48,31,54,98,41,51,27,56,40,67,11,88,48,29,13,100,59,55,89,84,85,51,93,94,45,45,10,80,11,84,84,50,81,87,29,93,94,76,27,24,92,52,49,84,92,98,64,34,11,74,40,87,99,98,71,71,27,94,53,24,79,74,39,34,81,90,85,52,41,48,85,20,14,32,59,38,86,79,63,46,85,38,57,47,43,85,89,92,72,11,67,53,50,47,56,34,78,79,31,29,40,92,44,13,82,25,67,14,74,98,82,51,72,49,37,77,28,64,73,77,29,81,30,66,55,84,76,67,58,77,15,69,83,80,18,15,55,25,98,39,23,49,65,84,30,84,89,38,36,90,74,58,96,37,43,55,74,72,31,38,59,41,93,58,29,77,52,100,74,46,92,85,79,19,23,91,43,57,72,56,77,68,38,78,62,79,77,13,56,16,98,68,48,50,22,25,52,32,47,69,19,77,66,20,12,93,14,13,35,10,16,41,53,94,27,94,70,51,22,69,91,32,77,60,38,26,45,89,49,80,73,99,74,40,64,14,96,15,28,87,74,48,92,99,57,92,55,79,33,74,19,47,61
E189,90,22,69,31,70,13,20,81,82,24,36,75,81,73,26,24,72,96,26,97,79,41,61,10,65,87,58,64,78,74,44,42,79,73,84,46,88,41,21,67,34,35,27,26,13,62,32,45,100,80,13,69,30,68,46,37,52,75,96,56,59,83,37,26,74,72,43,99,41,47,27,16,52,12,30,46,17,84,10,55,15,81,90,36,100,99,46,54,17,35,67,39,57,11,87,32,93,59,82,32,53,99,97,92,30,64,18,70,57,20,56,42,21,76,79,93,27,100,32,97,74,67,14,17,28,18,37,64,93,21,37,87,84,82,31,36,29,37,85,97,74,66,45,96,92,47,52,22,30,28,69,63,93,97,94,10,67,78,63,64,10,67,99,61,47,46,93,95,26,10,68,14,73,72,23,39,92,57,96,83,88,29,40,41,21,32,80,89,84,74,50,24,21,75,65,96,10,54,44,26,35,19,22,93,31,58,27,55,67,44,75,86,45,60,61,100,73,49,59,51,53,13,56,67,50,94,18,82,44,39,42,26,53,45,74,28,91,50,95,11,78,56,18,20,56,49,83,43,67,98,57,11,97,47,64,57,37,42,31,53,48,93,29,29,74,81,12,93,39,100,29,63,10,31,82,71,92,99,47,81,13,51,68,86,64,98,91,80,67,95,35,36,54,30,14,22,76,80,87,68,60,21,20,16,97,86,67,65,35,14,30,76,64,64,92,93,54,41,56,99,94,81,19,80,84,80,55,69,89,23,94,66,30,20,43,76,61,81,78,31,91,40,81,100,55,54,25,95,54,23,13,95,84,41,42,61,64,66,40,16,74,79,10,43,79,94,10,77,21,32,72,26,73,99,45,65,11,15,20,25,21,56,65,63,40,90,25,18,13,75,44,79,57,53,68,99,87,92,34,87,97,38,76,22,28,42,12,23,46,72,61,59,84,60,45,80,43,65,21,52,88,23,13,24,48,50,31,83,66,93,23,68,94,35,11,45,34,96,22,18,34,74,66,51,10,82,34,19,91,10,62,23,71,38,53,99,54,95,89,88,72,25,71,71,66,30,24,64,58,46,17,20,59,32,51,82,53,35,42,56,44,68,88,70,27,78,96,13,74,86,34,73,29,51,83,54,64,23,60,78
E190,86,81,35,73,95,50,12,23,49,80,25,96,15,31,73,13,97,40,60,45,61,55,99,70,60,18,90,15,56,27,73,32,34,97,73,54,49,35,51,49,70,71,81,97,17,25,50,32,65,94,11,72,47,78,59,82,89,37,53,75,76,34,83,72,80,44,67,86,24,97,61,61,51,83,92,20,46,48,43,55,12,38,32,100,35,25,29,43,91,75,92,82,24,42,30,72,43,26,97,52,74,82,23,56,86,58,51,48,52,96,79,29,71,37,68,99,33,12,43,24,65,74,85,35,87,98,44,31,44,25,77,50,12,47,77,85,17,11,59,12,60,73,11,77,100,73,61,26,44,13,75,26,81,37,37,90,16,13,96,83,33,70,37,39,76,51,29,81,86,32,50,73,13,28,61,96,73,30,18,79,31,55,72,19,56,67,72,39,25,71,52,40,61,39,87,66,78,58,93,86,15,38,60,24,77,45,40,88,62,78,31,30,84,75,93,34,36,62,84,19,85,53,66,23,70,80,36,11,16,98,34,13,90,57,58,49,42,20,51,80,86,61,80,84,97,72,49,76,29,94,79,68,50,92,78,36,97,97,34,22,79,93,41,95,89,12,26,21,51,100,72,40,91,29,10,78,36,99,62,22,58,99,33,28,74,70,85,46,70,39,21,18,11,85,74,26,17,47,76,24,62,22,18,34,41,64,32,81,80,97,57,71,92,17,23,57,79,87,62,70,23,82,63,54,30,92,65,93,40,100,11,31,95,62,63,88,77,15,36,27,92,96,66,36,82,82,62,65,59,32,83,12,83,18,36,68,46,18,30,79,36,85,97,19,94,66,54,95,58,72,37,53,15,97,78,32,26,98,11,45,73,94,96,98,38,12,22,85,26,43,83,96,13,67,45,75,77,32,45,22,80,37,92,37,55,63,69,28,13,70,96,97,18,92,85,12,23,44,100,71,38,45,27,69,32,32,16,76,83,57,78,97,11,88,13,94,23,56,19,69,46,94,79,85,74,62,26,26,12,62,78,63,71,41,62,45,40,90,78,86,44,18,57,30,41,55,85,76,33,92,17,27,83,91,15,18,60,61,57,23,56,18,69,43,72,66,30,41,95,46,36,97,65,60,90,63,46,66,89,77
E191,94,94,47,90,65,52,93,10,37,40,55,12,44,59,74,99,16,99,23,51,98,27,67,61,54,14,89,60,14,41,14,68,56,98,74,53,62,87,95,35,99,89,92,63,39,26,32,85,89,25,87,43,91,53,98,72,58,40,93,42,37,41,86,84,73,18,32,41,62,38,14,65,25,87,38,66,95,69,92,17,60,25,88,74,70,78,16,92,20,80,69,96,18,62,59,93,84,82,35,44,93,21,17,52,53,58,72,96,31,43,26,67,45,26,14,91,93,66,75,47,32,91,69,25,68,95,18,34,66,53,61,49,81,63,66,24,43,38,62,45,78,83,39,58,20,69,50,86,11,74,75,90,71,98,11,17,29,57,23,77,81,31,81,24,60,15,31,51,41,40,43,47,18,24,10,31,32,14,19,38,82,27,19,62,13,90,83,27,29,77,88,34,68,10,86,89,72,32,63,41,40,29,82,35,38,95,16,11,29,36,31,79,98,51,30,25,28,44,11,15,59,27,26,44,22,71,48,77,61,15,12,61,44,85,97,75,74,30,42,68,98,65,87,13,91,31,85,11,32,69,61,84,100,87,84,12,44,50,15,96,81,33,12,91,31,65,89,26,68,80,31,97,89,72,30,52,37,83,77,34,99,72,47,50,38,66,44,16,19,33,59,79,44,88,14,78,54,63,47,35,28,92,11,62,52,89,39,25,28,43,76,40,78,32,67,87,16,59,90,50,48,53,67,40,43,95,81,52,44,25,37,27,39,65,58,19,63,33,57,33,38,14,94,96,80,18,86,95,69,37,97,34,100,91,43,88,48,52,28,11,42,55,28,45,28,93,17,55,31,62,97,72,35,76,92,75,88,11,92,67,58,24,41,25,90,98,80,70,99,59,39,94,94,88,53,47,15,13,31,27,11,100,30,100,65,68,81,81,63,84,56,23,30,71,10,50,72,13,30,71,34,91,12,97,39,76,33,17,16,11,95,14,37,85,11,21,24,17,81,16,16,82,32,81,31,24,10,35,79,77,71,75,23,52,24,47,23,69,74,84,30,64,56,46,17,20,60,32,46,27,86,55,96,56,57,38,75,71,16,83,71,84,21,50,94,48,30,32,100,16,56,80,94,35,27,100,76,39,70,18
E192,99,57,77,71,52,49,42,88,61,37,33,43,29,47,60,61,17,49,72,33,86,42,75,44,29,33,13,88,12,11,23,47,38,22,15,18,65,92,17,87,66,13,65,68,93,15,42,41,11,30,44,23,88,37,54,14,74,100,11,57,44,32,36,38,54,73,46,19,55,25,80,25,40,42,32,97,79,91,75,24,56,20,94,45,66,40,82,83,11,51,38,69,84,93,91,84,82,23,54,94,52,73,29,80,71,59,80,48,92,22,76,23,64,26,81,33,59,24,100,35,60,28,43,39,91,47,94,25,83,20,69,95,90,35,99,83,50,82,39,29,85,56,49,44,13,52,50,44,90,59,40,97,27,21,80,33,66,12,11,60,27,64,80,63,22,15,81,48,48,70,63,14,91,72,73,86,75,84,77,82,59,97,30,76,62,73,47,37,39,35,89,92,80,87,76,53,29,50,81,75,17,49,83,93,60,98,30,55,31,55,51,81,13,41,100,24,51,38,87,52,37,18,34,19,37,55,26,18,48,74,52,94,71,53,19,67,44,40,18,87,33,90,62,26,20,85,67,98,41,23,48,56,67,33,64,93,57,48,33,51,75,94,64,60,10,25,82,97,43,61,98,23,25,64,10,78,24,12,72,48,95,53,30,55,48,91,79,61,25,92,52,15,77,56,51,24,21,16,91,78,12,34,11,61,97,24,54,47,71,21,17,50,69,78,69,17,41,90,69,23,36,24,21,84,49,91,27,98,68,19,15,17,35,63,59,65,11,65,36,29,81,99,70,89,77,81,18,54,84,44,95,53,64,17,60,83,91,53,51,93,85,82,23,52,32,44,33,70,98,50,95,17,87,13,23,58,91,23,53,35,90,97,60,42,45,38,18,58,31,38,11,13,41,10,13,49,96,54,93,31,15,77,30,35,50,10,89,58,75,78,75,97,80,39,18,21,47,85,61,35,98,75,62,73,62,79,42,43,45,18,94,29,24,86,18,71,16,58,28,28,90,24,73,79,84,49,26,62,10,35,29,11,10,37,94,83,12,30,89,24,52,49,27,55,87,49,99,29,74,41,84,99,81,23,24,28,24,14,52,85,73,11,20,33,97,43,96,45,29,99,35,60,10,99,28,50,63,72,40,32
E193,99,31,86,25,67,23,31,41,33,16,86,51,52,49,10,89,34,45,39,58,75,91,79,63,83,23,45,80,17,37,13,60,62,57,60,97,83,35,12,13,91,87,14,41,75,96,71,50,92,52,63,67,59,20,39,44,33,81,26,39,34,45,44,40,12,98,42,70,21,49,32,72,27,11,54,20,34,87,55,46,22,47,82,24,64,25,92,21,20,29,77,42,28,50,62,92,21,86,60,32,40,27,91,61,78,63,28,57,21,34,69,71,28,70,60,95,86,10,55,56,55,86,11,75,46,94,76,36,23,11,37,44,49,62,86,44,37,17,67,46,86,74,93,98,32,16,87,70,92,61,74,19,28,69,75,74,76,100,89,10,18,92,32,28,61,89,82,55,21,87,16,63,31,87,48,48,28,13,57,32,12,35,14,64,53,72,23,28,81,73,55,36,37,95,46,74,12,93,81,12,19,35,65,17,49,82,47,73,43,26,25,45,32,53,43,98,78,33,68,22,81,85,81,13,47,50,68,60,84,32,31,82,64,30,55,81,99,48,70,91,12,71,97,29,24,70,64,86,91,96,85,98,85,56,89,17,55,38,15,43,44,38,21,92,88,69,48,17,60,41,92,89,56,89,16,71,10,15,89,66,46,17,69,41,40,82,72,37,51,24,13,84,10,84,35,95,36,21,76,63,98,75,40,95,84,77,97,51,83,18,42,98,59,89,41,60,58,59,39,84,18,96,80,83,16,15,84,25,74,99,10,71,39,90,30,22,76,85,90,55,25,44,92,18,88,72,98,36,45,77,60,14,67,97,21,68,72,50,47,56,12,72,91,56,100,60,74,94,64,80,13,47,72,73,99,83,16,17,21,90,34,81,98,78,56,83,66,96,79,68,19,84,21,41,89,33,18,25,72,17,51,84,47,59,58,85,59,23,43,95,70,84,68,95,82,35,75,84,27,60,86,44,77,21,38,95,41,57,26,85,95,55,45,90,17,90,94,13,54,47,52,39,13,49,27,23,46,40,20,98,63,62,54,24,81,85,85,89,42,13,35,60,94,43,15,27,84,79,21,65,74,72,81,91,37,37,33,58,30,25,12,12,38,95,79,53,75,88,44,70,26,82,25,52,57,22,51,95,32,23
E194,85,77,34,62,99,28,37,100,13,78,20,91,69,28,100,60,12,71,65,21,26,45,26,16,49,43,19,52,60,79,97,27,93,17,70,29,71,96,86,82,89,91,82,47,83,98,88,45,90,17,25,76,89,76,83,32,59,64,33,83,39,100,92,58,67,42,17,74,93,63,57,62,14,13,31,32,84,53,100,72,13,38,48,85,34,54,57,37,44,25,70,59,17,71,86,98,76,72,60,70,86,87,41,63,80,88,25,86,55,33,15,85,77,49,58,99,41,46,72,66,69,42,23,54,48,64,35,90,37,48,97,48,25,88,14,21,32,80,13,32,84,18,48,35,83,43,28,16,66,43,74,17,18,52,56,87,68,31,17,54,59,50,27,31,68,20,87,27,63,90,80,12,69,57,14,93,16,83,59,68,10,75,40,36,76,77,100,77,11,64,82,68,40,35,77,26,74,71,75,97,88,91,89,96,20,97,66,29,35,53,33,81,78,23,55,22,34,65,86,87,31,74,73,22,100,13,13,32,36,84,70,67,12,44,38,18,36,47,55,98,57,18,62,36,77,75,74,41,32,74,88,88,66,96,24,15,57,69,51,43,98,88,79,19,24,19,78,11,88,81,21,62,65,97,11,79,82,80,93,87,23,25,29,75,24,48,71,22,44,40,80,96,47,14,23,21,53,90,46,13,97,35,35,53,88,64,84,17,17,68,15,52,50,36,12,89,64,27,72,67,20,80,63,84,76,62,78,35,17,24,66,73,64,32,61,16,88,96,42,89,28,71,96,49,57,41,70,86,57,92,61,89,63,80,31,60,98,17,100,61,87,28,81,12,49,25,67,88,90,57,81,78,96,37,15,40,38,53,16,13,37,66,59,60,15,14,33,76,50,51,17,36,81,45,96,66,20,10,63,76,93,89,73,34,19,69,41,65,67,29,41,99,20,17,96,25,13,89,47,55,83,69,55,94,23,41,13,23,31,11,73,38,12,79,19,58,35,46,74,24,20,12,53,12,27,69,31,52,92,66,68,32,65,20,87,50,78,49,41,59,24,99,30,73,34,54,81,55,79,94,28,47,34,48,77,29,28,77,10,75,52,67,58,31,94,37,59,31,40,83,20,62,23,41,53,10,28,49,78,94
E195,53,50,32,53,60,75,67,98,90,16,77,78,15,60,99,36,54,71,28,84,74,90,86,80,28,15,54,49,21,40,69,32,79,32,88,22,32,66,20,61,46,39,24,90,61,89,52,92,80,17,17,62,76,43,19,97,19,64,14,31,90,16,18,31,28,23,27,55,79,49,72,29,40,77,68,49,75,46,74,83,98,39,92,62,83,74,11,99,26,31,53,15,82,23,37,57,94,69,100,94,81,21,37,70,99,44,33,23,48,20,50,70,12,82,87,57,26,25,17,44,61,10,53,89,78,85,82,30,61,25,24,13,96,48,47,72,95,62,95,99,23,99,46,83,44,35,47,11,54,17,20,39,63,74,22,87,49,96,94,57,68,50,42,99,99,56,31,38,50,57,75,87,69,26,84,50,56,10,54,56,28,45,18,22,10,76,72,92,21,51,49,11,88,82,31,32,89,97,96,34,47,62,61,31,86,67,30,56,47,80,38,55,45,57,87,85,50,68,33,65,36,48,76,57,52,94,11,16,29,41,97,13,87,93,69,30,86,58,97,68,78,30,79,60,58,20,83,74,27,75,51,89,13,44,15,63,26,16,82,91,49,38,46,24,11,29,39,12,23,94,35,16,24,18,41,27,59,40,41,86,78,80,62,75,48,85,62,64,63,77,61,71,35,45,75,25,55,97,40,83,21,33,31,20,86,11,42,34,99,94,61,14,50,63,83,17,44,40,62,99,48,99,42,42,94,58,88,43,48,27,92,18,19,11,62,66,11,88,88,91,15,56,36,91,14,39,31,62,90,21,53,22,90,81,69,23,14,42,12,96,49,45,64,43,61,39,78,83,81,84,29,28,76,49,14,18,49,42,90,88,72,83,15,99,92,94,53,91,73,92,38,51,74,17,52,44,24,65,41,23,75,87,30,66,55,14,10,62,94,96,82,30,23,52,34,88,93,13,97,11,51,13,100,63,100,71,100,46,74,90,25,67,88,78,100,82,17,35,96,90,39,14,40,85,40,71,55,92,95,75,23,37,99,10,98,22,27,21,68,12,88,84,100,46,46,85,51,69,18,78,18,36,42,24,17,33,86,13,65,25,59,82,22,100,79,52,37,63,19,17,63,73,13,69,60,85,58,71,10,33
E196,51,100,77,89,25,26,70,23,70,71,41,30,60,78,93,51,92,73,78,19,17,54,26,74,85,47,18,62,94,98,80,64,39,19,74,55,57,26,94,50,63,68,58,100,72,79,66,88,94,10,51,48,25,20,64,95,58,86,21,21,55,36,46,12,91,50,28,48,27,64,87,89,62,94,84,65,82,67,62,76,64,88,83,11,16,69,81,32,74,25,61,11,43,24,41,73,85,100,92,64,44,95,15,47,82,71,15,36,80,40,49,22,10,40,18,22,19,57,55,72,91,71,16,18,78,38,11,97,94,70,74,49,88,12,74,33,42,54,58,11,97,100,89,47,39,29,13,25,35,15,29,26,35,82,91,41,93,54,44,16,41,57,67,20,39,35,81,43,42,72,30,90,69,80,19,26,24,86,59,93,50,91,99,71,39,57,20,51,94,46,82,58,16,96,59,65,17,67,100,65,62,44,72,21,28,44,36,47,61,92,81,38,43,77,51,47,85,68,53,23,97,52,72,86,76,15,13,50,75,39,28,64,92,84,70,91,40,61,16,65,39,17,19,66,87,76,90,29,21,15,88,53,89,32,73,80,41,39,32,78,52,89,99,58,81,39,43,50,24,19,64,99,19,99,17,59,54,21,50,93,22,37,75,29,31,31,63,29,88,35,58,53,75,80,39,45,88,88,59,16,52,29,14,48,79,79,28,50,28,58,96,69,97,86,19,34,74,74,57,21,55,74,61,83,46,14,88,48,75,69,19,77,77,27,86,88,20,91,69,78,10,73,60,63,22,56,42,55,100,76,11,94,90,64,23,76,66,16,13,20,37,62,50,18,28,33,11,18,63,35,56,67,60,87,23,40,61,49,92,67,33,97,52,85,80,55,58,79,44,32,22,31,26,75,87,77,50,36,51,42,23,43,41,14,22,91,83,42,32,60,69,39,61,34,29,51,23,55,40,21,15,100,43,92,38,12,79,13,47,51,38,21,14,14,31,51,88,15,47,67,57,47,99,71,65,86,21,69,23,38,54,82,51,18,92,74,45,62,84,98,23,70,29,75,48,70,20,28,67,24,88,86,29,72,31,48,20,87,79,100,72,78,35,40,39,37,17,64,56,54,94,89,67,60,18,40,55,53,26,100
E197,27,10,99,29,26,66,89,65,22,94,72,68,95,13,14,21,32,78,15,80,54,53,98,18,67,33,93,85,44,79,80,86,80,41,38,100,99,24,21,82,75,83,65,80,41,56,48,14,57,27,96,51,92,60,42,12,59,13,90,53,60,49,36,27,87,11,16,75,80,88,53,11,83,18,52,73,97,32,73,51,10,65,99,41,95,62,31,29,87,78,32,30,52,11,54,41,75,60,50,34,21,26,35,50,81,44,76,98,43,29,17,83,43,21,77,44,47,45,65,30,15,44,33,49,53,73,91,84,69,33,67,34,21,41,95,88,30,100,21,23,92,75,14,75,92,30,95,85,38,79,14,68,45,37,77,53,92,68,32,87,15,39,27,20,94,65,52,25,50,56,64,91,68,40,34,66,58,19,16,68,27,66,69,94,81,99,72,63,90,52,92,87,72,40,29,47,63,13,57,94,70,14,54,12,27,98,21,22,86,27,52,11,57,75,94,37,60,76,31,52,18,68,16,91,28,45,93,55,93,57,93,28,58,68,42,65,82,97,40,46,48,34,32,26,30,80,34,67,31,19,35,11,33,96,73,36,33,26,13,48,48,80,46,11,92,13,11,44,55,37,48,46,45,60,33,31,73,87,27,74,19,73,29,71,32,45,41,35,43,69,67,31,97,12,43,78,100,43,46,40,72,59,28,91,80,29,53,96,57,83,87,49,81,46,81,30,73,54,83,59,56,57,86,80,73,65,90,96,83,42,23,40,13,10,74,97,66,21,16,64,28,38,52,87,92,24,60,82,37,23,74,33,95,43,45,59,96,46,84,51,61,99,59,95,94,52,61,99,63,11,33,95,13,73,64,92,28,45,50,20,40,17,84,62,24,28,68,38,47,100,76,52,71,86,94,49,89,48,19,81,46,98,48,31,65,51,96,45,84,91,50,38,66,15,57,70,54,44,89,47,20,52,75,69,49,44,86,25,53,95,11,32,28,30,86,52,18,79,57,94,81,86,66,58,75,20,19,58,99,50,55,10,99,76,87,24,49,86,17,77,66,64,87,82,25,57,69,45,80,13,17,48,74,95,64,83,15,77,94,11,29,58,73,75,28,30,42,83,11,87,40,49,26,73,44,87,67,74,47,68
E198,51,31,31,74,18,57,53,19,50,61,33,91,48,88,88,39,72,27,85,86,50,98,99,27,14,44,36,14,22,61,17,46,27,63,39,73,57,89,86,91,71,98,33,83,74,49,59,90,76,56,75,53,68,62,13,57,12,94,51,70,56,86,83,70,56,35,89,30,82,96,20,78,77,90,93,95,23,89,42,15,54,45,74,42,62,55,32,84,20,99,78,84,34,56,76,16,56,79,35,16,66,59,79,27,96,10,50,42,27,61,13,28,45,45,26,100,25,21,71,39,74,46,88,59,29,67,43,41,98,62,81,49,79,56,14,66,12,18,40,99,48,27,32,39,51,50,13,45,49,99,13,57,73,100,24,16,94,65,26,14,75,92,14,29,10,24,93,23,16,42,21,28,56,75,74,62,98,15,47,86,93,60,10,27,92,30,50,15,89,31,97,13,25,23,88,79,74,51,53,30,60,20,72,27,76,98,27,72,15,26,58,25,26,57,82,26,66,84,72,61,10,42,15,33,67,24,78,98,37,11,24,11,16,75,95,44,84,54,28,53,43,14,11,37,56,95,24,94,80,75,92,88,37,45,50,73,59,46,82,48,66,74,94,85,68,89,29,59,99,95,84,90,19,20,61,93,98,20,62,98,95,43,59,58,60,95,90,37,33,65,65,38,95,100,20,75,79,27,86,66,74,92,68,58,79,99,29,47,57,76,91,48,74,50,21,60,65,33,64,38,53,66,51,47,98,75,47,52,32,48,13,54,44,24,62,78,35,35,25,43,32,24,95,49,69,32,93,40,76,14,34,30,67,16,51,52,48,45,11,31,72,47,21,32,42,38,29,10,52,77,85,90,30,13,70,88,11,92,43,93,29,59,96,65,22,96,41,58,93,69,63,34,49,90,76,56,26,78,51,97,28,87,50,75,10,36,99,97,22,29,13,24,39,31,71,87,60,75,53,57,82,61,51,90,30,19,21,70,72,80,12,11,31,74,24,17,50,82,37,87,12,41,16,58,49,25,58,73,95,12,31,20,48,82,33,90,89,17,69,75,34,45,10,22,12,69,68,95,27,54,96,11,26,25,15,84,79,53,84,37,17,91,65,98,10,75,44,35,75,91,28,89,21,41,57,34,85,44,21,97
E199,93,25,75,71,28,69,44,32,87,34,39,20,69,54,65,18,34,65,35,24,24,56,85,58,92,87,54,90,56,48,86,97,19,68,80,17,79,80,53,53,73,60,40,43,25,100,65,33,57,38,24,64,44,13,92,32,99,36,67,39,83,37,16,44,57,98,69,45,22,96,26,88,81,64,12,94,100,41,70,71,82,13,52,43,29,50,38,20,70,91,13,26,73,69,72,32,22,90,97,68,95,75,81,93,72,29,79,68,75,29,59,53,11,16,90,36,20,31,36,57,46,75,39,65,63,30,50,39,89,58,72,24,80,36,28,37,85,52,35,10,28,19,53,53,82,54,33,29,37,85,90,39,23,53,86,100,94,97,20,14,55,99,21,79,52,15,93,71,82,71,26,30,75,22,16,81,84,24,81,98,74,66,11,76,86,81,52,16,15,16,38,77,80,90,88,22,22,38,26,14,39,61,12,82,60,13,34,39,73,45,82,61,19,31,61,84,10,67,26,74,17,70,87,41,98,46,47,64,87,58,87,10,91,84,24,16,30,37,20,83,40,66,84,91,96,74,17,44,44,61,10,10,73,83,20,87,42,85,31,37,52,89,98,94,30,17,32,72,36,95,16,49,83,82,72,77,14,52,51,15,23,48,45,38,10,22,23,18,90,64,72,13,54,23,27,97,19,17,70,50,41,51,35,55,96,47,97,31,41,64,57,95,36,71,54,57,78,43,87,22,26,91,80,32,59,49,33,49,82,20,44,76,52,89,61,24,74,88,47,61,51,93,78,53,42,66,38,89,80,82,40,93,11,20,64,25,32,70,87,28,48,33,58,26,75,20,18,51,12,67,25,63,78,82,26,36,28,25,72,24,20,45,58,69,50,36,14,21,50,72,17,52,55,67,14,23,45,41,94,12,28,66,60,67,93,89,94,83,25,95,75,26,45,45,11,45,28,78,38,26,42,31,13,15,87,52,44,20,14,75,47,26,86,69,87,98,62,70,60,47,27,62,41,39,36,25,35,30,55,63,33,20,32,90,69,45,20,98,49,11,100,52,57,22,65,95,26,87,69,69,29,88,18,61,25,96,63,85,38,45,83,63,21,68,49,60,42,80,67,90,74,33,17,70,94,85,52,100,29,17
E200,73,53,70,12,44,90,59,45,78,96,35,95,69,20,50,36,17,34,72,63,34,96,24,72,45,74,23,62,68,42,38,23,28,25,79,33,68,29,54,82,63,68,38,47,95,73,50,34,92,23,71,81,47,99,20,64,93,42,69,53,58,12,87,23,52,69,98,57,45,23,57,68,88,64,25,94,43,29,81,33,39,45,27,99,80,31,17,89,66,77,74,64,26,29,41,96,51,39,45,32,29,25,38,92,29,100,81,63,78,73,98,84,94,73,37,31,51,82,81,91,85,59,16,88,83,100,41,86,46,73,55,79,57,89,74,87,41,48,43,40,29,75,15,22,86,42,96,11,89,46,56,19,66,68,85,12,99,23,72,19,54,46,74,84,43,82,50,16,57,41,97,59,26,40,65,95,11,66,63,81,30,65,39,66,46,99,12,58,74,51,82,65,42,62,56,27,18,52,71,28,46,78,88,52,58,60,51,45,64,46,37,86,75,82,84,70,97,86,37,10,66,10,10,45,60,62,63,17,98,56,97,30,27,99,62,23,27,48,72,24,35,12,52,30,10,60,44,100,13,82,18,89,92,20,67,11,60,65,82,39,50,47,75,87,23,100,93,12,30,21,25,43,13,85,21,50,50,78,23,61,72,34,76,37,39,86,98,84,68,10,47,88,76,34,50,62,40,33,70,70,16,37,61,18,84,38,29,74,74,92,73,53,27,50,69,64,79,70,54,94,33,61,44,41,66,86,96,73,100,85,72,53,27,53,48,26,22,68,21,87,25,63,77,44,87,99,52,82,81,31,58,37,49,98,84,47,93,50,88,15,51,99,37,69,56,92,96,92,44,82,87,17,45,87,90,53,100,25,18,100,42,24,11,20,10,80,88,78,69,92,31,58,83,97,12,54,89,49,67,22,35,73,34,85,26,58,98,58,64,85,57,97,88,75,19,93,77,35,70,10,34,84,44,73,38,100,23,33,90,52,45,89,73,15,73,54,22,47,82,90,73,63,73,49,17,17,29,78,61,72,42,22,63,13,68,40,21,84,76,56,15,44,70,78,81,27,53,56,59,97,63,23,33,79,90,31,48,16,76,29,81,95,67,26,66,91,47,14,58,49,73,15,78,77,67,14,42,47,83,20
E201,92,62,95,12,71,99,34,12,29,71,99,56,92,78,73,85,42,34,28,11,55,15,13,14,86,95,44,95,37,59,53,86,64,10,72,53,45,54,43,97,33,32,37,37,65,11,63,99,85,42,34,48,66,27,84,96,64,84,98,94,38,30,23,52,26,83,99,84,56,83,60,20,67,90,14,75,77,55,44,79,24,81,75,27,65,44,87,94,90,11,96,85,42,20,99,33,57,49,71,27,48,64,36,37,14,35,48,53,78,98,46,10,85,94,45,34,15,74,83,47,41,91,65,62,63,100,47,73,96,14,52,49,97,70,22,84,83,61,25,38,98,97,96,15,65,86,56,71,98,16,70,25,38,12,74,13,29,94,93,75,71,77,50,30,73,98,27,44,49,13,63,82,53,34,57,100,19,73,20,69,25,25,80,75,26,28,19,41,25,66,28,39,58,18,36,26,92,79,14,12,15,23,86,52,87,48,10,76,91,98,70,42,89,55,13,37,36,42,62,66,13,57,68,67,35,60,95,44,24,46,17,32,33,59,87,54,64,32,10,89,44,75,46,100,92,60,20,81,17,29,77,75,29,37,82,74,79,47,34,70,70,26,23,19,75,36,90,92,18,81,98,53,20,99,71,50,93,40,14,89,92,71,31,97,12,43,74,100,61,78,22,80,29,16,45,19,26,86,27,52,15,63,85,81,92,40,32,18,42,99,92,99,45,56,94,90,63,90,81,92,64,37,20,49,62,81,72,10,45,20,22,56,25,63,100,63,84,53,50,35,88,27,20,78,22,98,23,96,27,46,60,42,94,76,94,81,16,67,78,78,86,89,16,73,16,69,73,40,12,83,81,40,89,31,32,33,77,28,25,91,10,27,25,54,29,35,44,97,77,49,25,68,100,100,23,82,40,26,30,52,67,21,66,67,86,21,75,55,15,61,49,23,86,68,99,73,38,26,13,37,60,11,71,24,47,84,100,76,68,14,36,67,77,43,45,57,70,91,62,95,69,65,96,37,25,46,25,99,36,96,22,88,32,89,87,36,33,32,39,84,48,73,95,78,14,15,16,55,13,64,66,24,56,58,94,61,36,59,78,99,51,65,76,77,95,17,18,14,84,90,87,86,72,36,43,78,96,33,89,16
E202,45,56,11,56,73,37,26,62,91,60,35,17,55,63,29,97,55,85,66,28,26,36,71,13,84,22,44,49,30,94,93,78,76,42,53,79,37,21,97,64,10,46,86,59,94,15,89,23,34,36,11,73,69,31,60,27,86,28,74,68,54,16,47,55,39,100,97,28,98,77,27,48,79,57,96,75,17,27,51,68,61,89,84,98,80,57,75,84,34,87,71,29,54,23,13,78,86,63,65,48,21,69,31,79,99,80,51,97,57,21,78,82,57,93,51,39,86,45,54,35,45,54,31,36,77,56,31,24,47,62,25,19,20,17,57,54,86,69,82,45,33,31,41,45,23,41,28,49,30,62,98,31,75,88,78,87,37,58,50,24,88,54,62,51,45,55,98,62,10,38,54,61,58,25,89,73,34,83,89,58,43,18,71,60,94,90,95,53,69,10,71,67,86,43,84,22,32,10,16,34,26,57,75,93,58,58,34,71,13,32,20,62,82,76,70,13,82,18,29,100,65,63,99,69,24,70,37,80,27,37,36,70,87,72,22,37,13,30,91,71,19,95,55,21,37,37,28,65,84,15,21,79,72,90,34,63,41,73,58,32,71,48,30,16,79,61,16,14,32,23,89,24,29,97,48,19,61,92,46,44,92,68,89,62,76,78,30,42,79,86,40,26,35,91,20,67,90,43,79,100,48,97,74,70,43,24,57,28,11,36,22,48,69,57,49,96,76,76,13,58,20,70,48,72,41,75,40,60,64,89,46,72,24,75,36,46,45,88,88,77,55,58,47,69,29,55,56,41,64,50,97,97,57,50,60,10,53,85,32,34,35,76,84,27,50,23,63,84,25,39,100,90,13,63,79,38,23,90,33,86,27,77,53,14,40,42,20,34,52,88,14,73,15,60,69,21,55,21,50,30,56,100,100,80,59,33,24,72,14,11,74,70,74,18,34,32,88,84,20,22,24,24,78,98,32,92,68,87,79,48,17,57,92,74,27,72,39,45,56,87,88,76,59,55,100,89,80,84,78,84,32,96,17,80,55,77,33,44,50,52,11,34,90,22,65,40,15,71,40,36,54,86,85,79,51,68,90,54,19,26,32,54,35,73,63,92,85,76,49,76,28,80,28,96,43,21,17,99,44,26
E203,12,94,67,21,92,15,21,90,54,63,38,38,84,22,76,15,90,70,54,99,90,73,58,92,45,46,89,36,94,32,28,83,35,34,14,95,73,49,30,34,29,80,87,41,21,99,15,49,83,81,79,16,63,82,48,44,14,62,35,69,27,19,94,37,65,65,25,57,87,32,81,30,33,44,85,65,41,76,30,56,58,86,66,22,63,86,87,20,68,50,57,95,47,21,41,37,14,75,23,57,96,18,18,93,39,13,14,20,15,52,80,90,85,86,24,23,42,42,38,48,91,27,42,83,94,44,18,53,59,25,34,56,49,59,58,35,82,12,66,34,75,68,53,65,50,96,63,25,82,19,21,32,87,47,92,90,83,10,47,15,19,28,71,27,49,97,24,88,73,55,13,29,75,81,96,68,35,41,80,18,66,43,54,48,88,78,99,55,62,33,69,55,66,70,67,95,69,80,35,31,19,91,77,59,67,36,36,100,66,28,58,50,65,97,77,35,67,31,16,17,46,50,18,60,57,55,88,18,51,18,70,96,79,28,66,39,38,98,53,16,33,24,49,30,22,72,27,21,88,86,76,86,76,26,38,99,66,27,29,42,26,75,28,35,47,42,28,89,97,17,66,25,32,28,40,13,30,53,37,95,11,10,70,29,38,28,46,79,91,45,44,42,45,17,53,22,35,94,67,46,90,79,78,67,17,55,53,42,77,11,15,55,69,33,52,29,83,93,42,49,88,39,16,83,99,82,76,99,30,35,35,27,21,54,36,95,31,76,33,37,41,29,16,20,74,63,23,58,31,60,91,46,54,59,16,85,75,15,68,76,66,26,93,21,18,38,93,80,48,72,91,17,49,16,33,31,72,43,89,35,11,97,16,98,39,75,95,30,88,57,57,38,58,93,38,20,54,69,92,40,68,15,38,81,78,53,67,66,26,93,63,10,36,37,34,58,13,64,34,54,83,82,90,85,87,13,59,66,91,11,27,38,22,68,52,15,77,22,12,51,41,52,27,23,65,32,26,83,62,55,26,30,23,24,83,77,63,49,44,70,20,34,39,45,20,76,23,30,86,22,99,100,58,79,61,16,58,33,51,37,63,19,36,94,76,22,76,44,75,67,77,58,73,70,69,19,19,13,84,15
E204,97,84,41,35,93,30,11,67,90,60,33,56,71,37,21,59,87,57,65,29,80,51,82,94,99,20,61,88,18,55,79,93,29,13,89,21,12,11,40,64,65,69,51,78,15,91,79,33,71,39,38,72,68,86,88,67,97,91,88,36,19,100,54,76,88,34,61,51,70,46,92,76,53,75,61,76,53,79,70,99,39,93,33,56,70,47,49,39,38,78,69,99,29,34,42,23,42,28,85,37,83,88,95,23,20,83,63,74,63,33,24,22,40,72,56,87,64,46,74,79,67,32,14,58,73,87,69,94,31,35,81,46,29,75,20,75,32,60,97,85,92,56,96,46,84,12,17,19,13,38,77,11,22,32,22,82,27,42,90,47,61,36,35,17,31,83,67,39,83,84,53,85,83,90,99,29,72,49,15,35,39,87,30,19,39,29,77,36,87,96,15,62,99,78,43,15,17,50,21,51,59,36,83,38,56,25,40,10,39,87,87,49,82,27,15,99,18,34,34,93,16,36,49,29,31,79,83,83,52,99,22,80,94,30,47,38,26,57,59,53,11,100,83,46,99,80,47,62,99,95,47,56,56,63,85,85,10,37,34,61,54,45,50,41,25,91,53,71,49,41,48,69,85,71,57,63,47,91,41,29,70,36,35,29,84,88,86,58,17,45,40,32,17,92,64,25,21,29,25,68,11,44,37,70,83,63,54,13,81,46,35,34,69,26,42,23,93,67,49,85,15,88,66,80,30,71,62,87,79,22,71,97,24,94,63,46,28,16,93,72,42,38,69,50,97,19,95,68,70,72,75,49,26,56,25,15,99,81,21,65,53,93,74,79,71,81,66,19,18,83,60,71,43,95,72,68,53,37,20,59,28,94,69,88,71,15,65,58,82,88,86,57,54,20,53,46,17,41,29,80,89,29,65,29,47,68,52,40,62,62,61,81,96,11,30,81,89,49,62,22,98,46,56,50,44,57,19,24,72,53,50,84,57,75,37,83,95,77,29,21,54,66,12,85,56,91,63,49,58,27,100,87,55,61,66,33,37,10,74,51,51,45,92,47,38,62,48,45,84,38,71,49,71,84,11,98,81,74,70,64,79,80,36,75,95,44,84,22,64,84,72,25,56,66,99,60,99,28,81,85
E205,48,81,13,60,41,37,53,97,21,77,63,28,61,43,69,72,81,80,16,83,36,100,65,68,58,63,23,68,68,32,17,90,91,13,31,39,98,24,89,40,87,15,30,16,12,21,45,50,14,19,65,27,46,48,49,10,13,89,14,39,69,26,26,48,68,30,48,29,48,38,16,55,61,85,63,97,94,12,50,92,78,17,81,28,35,17,13,61,69,82,87,32,97,74,46,60,35,84,52,53,53,58,42,32,28,60,10,95,78,24,67,57,86,69,99,10,24,94,21,83,10,74,15,45,68,86,48,84,92,15,55,21,57,76,46,76,76,74,26,57,74,99,18,33,17,93,94,93,33,69,30,51,74,25,92,19,45,23,65,75,82,53,14,61,54,66,34,23,39,32,78,53,21,52,57,27,82,69,43,90,26,76,60,62,70,69,24,92,87,15,32,34,34,100,58,81,29,80,99,67,77,17,80,100,82,68,13,73,91,84,49,72,30,16,53,27,85,21,73,69,55,92,14,79,59,39,89,28,73,68,60,85,91,81,42,34,25,23,31,46,90,15,88,94,79,59,95,10,93,42,41,61,63,77,86,82,51,73,12,46,24,23,76,57,39,51,64,42,26,39,19,60,42,32,98,25,88,65,41,49,60,97,20,11,96,95,79,67,50,97,82,76,60,13,67,78,63,40,79,20,31,46,14,51,71,96,84,29,59,80,27,98,95,44,75,40,70,52,21,60,16,60,100,18,92,90,46,15,94,37,51,20,85,97,54,67,38,14,10,89,70,47,62,56,26,45,76,39,48,79,34,94,20,20,49,57,12,61,49,50,39,37,48,100,86,51,62,85,29,45,11,23,38,76,98,53,86,81,65,43,63,77,46,76,11,99,74,100,55,95,27,29,79,31,48,75,71,47,91,34,28,38,62,31,93,89,74,92,31,50,86,89,52,92,52,20,22,45,100,14,58,76,44,16,11,96,10,59,70,86,46,69,99,22,83,88,19,29,14,94,23,18,23,65,97,28,76,33,98,16,54,57,60,45,24,86,100,84,93,10,93,99,39,84,93,96,96,68,11,88,71,14,48,88,28,32,22,11,52,62,18,94,30,22,86,95,91,82,84,71,98,54,31,56,42,72,95,17,66,78
E206,79,36,56,89,85,47,44,68,26,95,57,22,26,99,25,26,12,80,62,90,56,99,51,10,84,82,11,71,14,23,88,48,37,10,57,90,79,48,66,20,61,37,45,43,25,50,23,39,59,22,98,29,49,14,35,64,13,25,33,70,92,77,33,68,10,86,23,72,64,15,31,97,42,11,26,98,61,40,98,51,64,80,79,68,85,57,53,30,83,85,22,14,17,61,27,86,18,64,86,65,71,15,78,34,28,39,79,68,80,26,55,10,80,34,96,47,14,16,20,70,15,49,67,61,46,15,11,41,93,81,21,58,16,58,13,34,28,62,21,33,42,43,34,38,67,49,82,54,63,74,75,82,65,74,31,71,38,42,71,15,66,27,46,65,33,52,89,87,84,72,84,76,82,64,77,63,26,17,53,94,52,13,58,71,27,75,26,39,59,11,76,40,53,31,34,37,85,20,86,87,76,63,27,93,97,71,100,71,13,27,81,73,42,80,84,99,32,78,100,33,41,23,34,20,96,84,68,82,88,99,22,27,40,17,65,90,54,54,34,35,55,23,67,48,84,58,99,47,59,79,49,90,65,72,23,87,46,68,23,48,39,94,94,88,57,21,94,63,24,93,72,31,44,10,50,41,83,42,68,67,28,91,34,18,38,39,35,58,22,46,37,47,92,50,64,48,78,59,73,19,92,21,53,34,85,57,71,38,99,11,36,36,42,18,58,11,48,59,31,84,16,90,71,14,87,53,14,19,45,27,71,50,56,92,31,61,40,56,43,16,52,73,13,20,41,62,41,31,43,86,38,79,90,94,44,99,52,69,21,57,84,64,62,98,82,87,20,47,85,80,26,53,17,43,62,20,61,23,71,19,37,33,72,24,45,72,23,20,79,50,59,40,11,63,82,16,62,96,99,65,92,20,34,22,33,24,26,84,81,76,68,42,63,91,58,76,40,51,23,58,20,27,34,46,64,24,19,83,27,60,36,36,86,34,14,84,14,65,93,54,76,92,28,29,81,39,10,10,83,44,59,38,48,77,20,80,63,84,55,50,84,93,94,64,21,65,96,80,97,85,91,20,44,82,15,98,80,80,86,89,26,18,31,13,35,90,11,80,100,32,97,68,37,64,35,93,58,53,62,70
E207,91,57,61,85,59,55,42,33,14,85,51,80,29,30,67,93,50,10,92,48,46,63,51,58,67,14,24,99,63,28,95,87,89,80,74,100,55,79,48,88,95,19,61,55,76,48,85,18,45,47,24,58,77,58,12,54,33,55,66,38,92,96,45,87,82,75,53,11,37,15,76,36,74,89,28,43,44,100,84,17,11,86,18,50,42,30,30,20,81,48,35,98,30,36,96,10,70,45,74,69,46,100,54,34,44,94,91,10,25,17,95,69,93,47,82,90,16,28,92,57,73,34,99,94,57,84,68,90,30,79,17,48,60,62,66,47,63,47,87,41,27,55,23,58,49,85,88,75,71,42,33,73,93,13,19,99,75,88,69,30,38,87,74,97,52,76,68,82,75,16,61,65,62,55,50,28,43,76,81,56,38,14,41,46,64,80,64,98,67,36,13,42,16,94,10,16,89,57,37,58,54,92,65,70,35,73,33,87,33,62,74,72,59,19,27,75,79,44,44,24,49,26,57,39,93,39,63,12,31,80,65,87,12,81,75,73,71,50,73,78,72,35,57,85,44,47,62,40,44,32,74,95,57,39,54,70,49,64,29,16,64,62,53,29,72,38,52,86,93,58,51,55,29,77,82,75,15,16,20,73,100,61,84,59,60,64,90,73,100,25,51,62,95,90,35,12,91,66,56,83,27,53,67,89,68,69,92,59,58,81,16,14,12,31,67,36,22,40,69,27,63,52,19,27,51,50,81,53,70,89,84,27,57,26,41,43,90,16,33,98,20,25,87,88,17,61,46,36,64,89,66,68,83,46,42,68,94,69,46,86,30,95,15,54,14,37,23,81,32,71,40,58,84,94,95,32,23,87,22,98,64,71,69,20,13,77,60,60,83,45,67,87,41,80,100,17,26,81,35,85,27,69,79,23,70,77,84,55,96,32,70,75,65,83,10,91,35,13,91,13,49,54,22,31,85,66,88,96,86,23,63,68,21,59,19,41,71,14,23,74,96,25,22,12,100,66,35,54,54,31,73,75,42,57,100,25,28,66,100,18,10,57,94,99,37,95,74,99,78,36,49,88,96,79,67,96,69,79,93,87,44,23,54,59,70,85,66,97,97,76,12,74,65,80,48,69,62,26,53,99
E208,83,83,61,67,31,41,35,49,59,93,19,98,69,75,82,22,72,71,20,17,96,92,30,17,36,72,78,65,43,24,25,79,88,97,47,67,44,70,19,68,82,83,35,77,77,61,75,42,78,72,78,62,41,81,30,44,59,86,79,66,21,90,62,78,54,54,18,38,20,30,72,91,97,70,37,20,52,26,78,21,55,87,10,45,34,61,91,22,27,85,23,100,51,98,25,96,59,37,87,99,46,53,20,96,30,79,53,99,76,82,19,34,10,74,86,76,20,73,89,22,25,99,51,87,95,75,67,28,43,77,36,47,40,16,90,62,70,47,18,60,72,24,26,40,85,77,80,88,23,37,100,87,90,85,73,88,59,77,78,71,75,88,87,73,32,45,35,73,26,49,98,91,98,37,65,69,53,26,35,56,63,40,69,22,12,94,91,98,75,97,82,66,34,35,53,63,19,34,91,95,11,78,52,28,47,73,19,83,57,39,54,36,15,68,67,26,25,75,69,23,58,94,35,47,50,92,72,75,43,75,39,82,82,100,70,47,25,37,56,39,25,26,34,97,43,62,91,86,31,82,72,75,38,66,16,19,26,45,72,25,17,21,16,38,75,40,92,37,38,20,20,30,85,67,87,69,92,42,42,53,32,72,91,64,95,87,62,58,97,33,93,48,29,75,32,35,72,65,61,38,67,75,79,41,21,38,14,64,63,71,23,28,91,36,98,72,78,62,80,82,42,38,35,81,34,64,100,43,95,55,94,49,99,79,29,66,41,90,86,56,43,80,95,93,22,63,60,22,45,82,76,70,99,22,13,75,30,89,65,74,91,28,89,26,49,93,54,86,17,85,44,70,29,23,53,54,58,40,28,99,53,28,57,75,97,74,75,56,92,75,26,18,28,94,46,17,28,37,74,24,42,12,95,42,89,16,86,78,69,40,21,39,35,23,94,29,95,52,63,99,80,10,85,59,40,93,42,74,87,40,63,53,83,47,57,90,99,95,54,70,10,20,94,69,31,70,75,55,37,83,77,69,43,53,98,73,37,65,44,25,42,86,27,78,61,46,94,10,24,81,20,12,20,94,31,84,13,16,33,96,20,13,66,82,63,93,41,58,60,87,10,27,10,52,22,11,86,90,35,33
E209,77,30,23,32,100,55,27,81,54,55,33,13,26,85,74,19,37,52,27,80,93,41,41,76,77,27,79,53,50,96,100,93,72,81,63,71,88,59,35,16,30,39,55,83,76,76,96,60,10,17,17,10,12,45,95,60,76,35,55,28,100,48,22,92,53,17,68,63,55,30,99,37,35,50,71,15,24,84,23,63,50,16,82,27,86,76,97,16,61,99,54,22,54,27,67,14,22,93,29,99,71,45,10,24,28,86,64,91,69,63,44,27,44,86,50,48,72,62,73,20,84,29,27,48,68,79,29,31,25,95,40,97,27,54,79,76,13,73,61,22,97,26,85,26,71,10,64,95,57,38,92,59,60,23,28,99,20,24,27,37,69,86,29,74,21,43,98,76,16,29,31,89,75,35,53,75,69,43,68,48,44,25,93,26,47,12,45,41,78,43,33,77,75,40,40,54,95,19,20,55,79,93,31,70,11,30,42,90,99,56,31,76,57,82,32,38,47,46,63,39,100,37,31,21,19,19,88,42,71,14,18,19,73,28,94,40,82,58,38,91,20,85,93,12,97,95,23,98,98,91,15,68,90,65,29,40,72,74,57,54,64,69,24,31,37,93,91,15,19,65,73,49,38,14,29,23,26,13,65,61,40,31,65,67,39,85,57,76,89,46,75,41,29,76,99,58,48,98,62,44,25,26,59,63,41,13,53,85,62,74,92,38,31,77,29,39,38,18,71,70,73,39,65,47,85,92,40,36,50,99,43,60,80,21,70,92,53,93,53,70,89,50,81,73,93,80,16,58,58,74,93,58,58,16,86,59,93,80,55,13,71,57,59,63,36,78,60,32,38,34,78,80,44,19,15,94,19,69,83,54,78,10,98,45,87,57,63,95,63,16,37,50,64,99,33,34,96,80,13,29,53,51,57,71,80,21,71,85,46,61,34,29,95,88,54,24,45,94,62,68,49,68,17,93,29,36,69,56,61,96,23,89,15,42,33,45,43,91,93,61,26,48,21,64,93,73,44,83,69,45,77,87,89,55,80,39,82,59,15,43,74,35,24,75,27,18,23,79,25,48,76,57,14,64,23,81,66,84,84,64,41,42,94,45,12,62,100,14,77,81,32,49,70,95,85,26,93,28,31,88
E210,73,78,36,12,90,84,89,20,67,83,32,97,33,88,35,96,84,79,86,17,75,55,54,38,30,71,73,97,69,70,14,55,57,94,16,36,69,21,78,19,96,90,86,58,28,49,98,70,64,62,97,50,100,85,10,53,35,44,86,93,71,55,66,42,47,51,19,17,23,90,96,55,82,81,42,53,56,54,42,52,63,27,37,32,18,68,82,22,45,98,96,11,23,76,92,59,42,34,54,70,19,62,19,73,11,28,86,70,32,73,27,17,27,83,42,55,53,97,46,65,83,70,32,65,21,43,28,44,49,76,37,89,42,22,67,56,73,30,37,16,81,88,60,18,97,27,92,62,85,46,45,59,54,56,21,69,37,70,27,41,46,27,96,39,74,28,35,79,88,29,52,62,53,80,42,65,58,35,71,100,62,99,74,29,77,70,45,92,29,91,50,88,45,35,71,41,57,82,91,24,78,18,54,74,10,74,42,85,97,96,91,85,45,72,64,90,59,90,30,71,38,79,69,26,43,80,79,62,34,50,95,85,28,33,24,62,83,39,38,73,56,95,91,34,61,20,44,36,31,60,86,88,57,37,70,64,75,79,97,29,47,16,88,97,21,87,44,90,24,31,30,84,51,46,68,12,41,42,90,80,87,87,34,21,85,33,61,98,49,88,87,31,80,83,74,30,21,68,42,46,89,43,55,88,92,75,60,71,37,83,26,22,23,27,24,83,60,18,76,69,33,13,17,19,11,27,86,33,69,24,78,27,27,98,89,11,84,48,43,58,72,54,12,72,56,13,44,61,19,100,27,96,26,42,73,23,45,20,19,61,73,36,88,90,98,64,49,53,15,60,73,65,20,49,61,98,24,22,68,69,58,83,58,84,36,89,20,24,13,88,81,91,99,86,98,79,35,98,90,87,68,34,82,53,29,68,37,62,71,48,22,34,15,44,55,10,43,68,42,45,27,43,34,77,39,66,40,84,10,11,72,25,94,36,63,98,50,96,84,24,90,17,65,23,77,36,52,54,43,87,65,84,100,43,45,69,24,10,70,93,87,100,94,30,40,55,87,52,51,25,16,68,31,52,100,42,93,57,68,10,31,73,96,81,87,33,98,94,85,28,24,49,68,58,26,30,76,89,94,76
E211,82,85,33,98,45,32,81,11,35,22,92,15,75,46,64,25,66,54,83,32,63,50,82,85,37,75,90,90,95,67,91,75,78,76,50,81,79,93,98,100,27,79,25,76,81,85,60,59,68,29,66,24,76,51,13,95,74,100,20,49,64,41,54,79,17,80,11,56,91,71,85,19,65,36,40,92,85,33,92,91,79,31,88,77,21,19,77,59,31,44,100,36,78,12,99,22,21,74,16,97,34,77,94,60,52,15,36,14,59,91,58,61,93,53,93,53,73,53,22,80,43,100,26,35,77,91,20,49,88,12,11,61,61,62,40,27,26,56,79,24,65,10,26,29,36,71,100,73,84,90,84,43,55,17,56,42,98,85,55,31,100,29,26,42,90,83,80,95,59,69,89,93,49,30,28,11,56,97,74,54,82,31,72,70,54,25,39,10,92,85,95,40,96,72,39,29,82,70,31,82,21,48,17,33,95,29,65,74,14,79,25,46,60,41,51,52,12,60,93,64,64,90,91,50,46,15,71,85,24,40,94,69,13,52,70,90,24,25,39,31,66,93,96,31,39,50,64,62,31,90,51,68,81,37,33,18,58,77,46,46,54,60,51,51,29,16,22,35,35,31,10,56,72,36,69,23,99,83,45,15,32,14,72,24,32,71,70,73,24,89,21,17,22,64,42,93,59,15,77,28,94,78,27,24,96,88,31,66,27,60,55,94,68,52,56,32,88,41,91,32,72,65,73,40,36,90,15,30,32,82,34,10,80,47,79,53,21,97,21,20,61,13,76,76,58,92,26,24,65,47,88,45,32,12,28,66,76,19,75,98,38,33,51,32,49,48,78,54,36,23,73,32,64,80,26,20,54,92,98,99,52,62,72,93,21,84,27,11,19,33,43,74,49,49,24,66,18,93,55,46,48,34,85,58,18,78,85,13,72,99,79,34,18,50,29,40,42,82,86,35,97,92,93,72,27,62,85,86,57,22,83,94,25,34,33,11,52,76,51,37,72,43,77,56,75,16,43,77,32,90,69,60,91,46,28,35,94,34,62,84,36,82,10,86,24,48,69,32,13,11,81,15,89,20,27,56,68,39,73,91,78,31,25,15,52,61,68,98,39,37,75,14,63,59,52,26,55,62,70,12
E212,53,57,35,47,34,50,41,56,61,53,17,27,64,71,20,50,41,45,50,52,71,44,10,47,42,83,89,30,71,20,18,15,94,75,35,71,82,17,77,67,83,97,81,14,43,18,94,76,62,56,64,68,35,80,56,65,48,95,76,80,17,13,25,95,27,51,40,88,14,53,37,33,24,55,86,59,35,63,13,47,10,98,26,46,54,100,20,71,20,85,48,82,45,50,26,74,40,19,52,39,40,74,86,62,11,23,95,14,57,32,80,26,33,66,95,51,35,45,82,98,51,76,95,71,55,63,69,49,94,49,91,37,61,36,30,33,51,100,12,38,28,98,47,60,67,71,75,25,73,90,94,38,100,26,26,60,57,71,20,20,47,20,75,71,36,47,98,73,68,69,75,49,29,58,50,84,69,87,76,49,39,58,32,14,18,71,22,96,24,19,42,33,41,17,81,18,81,39,92,67,28,58,17,93,39,48,61,35,25,67,75,88,10,33,41,61,72,41,90,85,64,38,65,84,84,64,87,25,66,80,67,14,12,23,68,44,52,35,78,77,41,26,29,21,89,70,49,10,29,75,28,41,19,61,44,41,13,38,55,98,83,17,19,80,19,75,19,12,30,25,90,16,54,17,33,51,41,81,18,31,97,98,11,49,46,63,90,82,66,87,55,91,52,89,41,98,60,99,94,60,53,43,55,51,31,18,77,97,11,80,50,84,53,47,43,76,65,40,48,79,71,18,75,38,33,85,52,14,60,94,13,78,99,23,16,88,84,74,49,51,32,99,71,63,21,87,100,79,100,78,11,32,43,29,71,44,37,45,20,77,43,26,44,37,51,12,43,75,24,47,79,54,39,86,97,60,75,35,20,80,56,85,31,45,89,91,40,45,69,38,72,26,50,67,66,35,12,65,39,80,57,56,91,58,18,95,85,15,79,17,59,40,90,49,30,53,80,70,87,70,66,30,58,32,53,92,72,63,29,26,82,73,74,30,45,75,87,21,80,27,48,51,56,39,66,31,45,29,14,17,87,31,97,86,86,62,90,92,94,87,54,29,78,10,73,14,71,94,68,18,76,77,21,53,77,50,79,100,98,100,31,28,68,85,99,36,56,60,28,52,55,85,21,63,52,49,34,43,88,62
E213,69,17,88,94,72,39,74,87,36,90,83,22,95,21,29,75,21,23,12,24,81,14,21,39,96,75,92,92,15,56,92,28,11,63,34,53,73,27,94,44,41,47,44,14,42,100,78,82,13,32,21,67,66,32,17,68,46,48,71,26,93,27,70,65,93,43,41,83,18,24,70,33,31,81,39,67,51,25,84,78,99,100,99,27,91,93,91,75,67,11,42,77,51,86,54,87,35,77,82,73,80,71,29,58,23,87,65,84,71,19,61,77,67,99,73,54,43,25,20,76,47,73,60,31,85,66,93,43,83,42,89,67,88,21,61,24,71,20,10,32,99,66,65,92,41,11,85,16,24,90,55,72,38,11,47,55,28,34,20,85,22,35,42,94,36,72,50,71,47,62,72,58,58,50,48,28,17,87,78,61,58,60,46,54,17,66,14,73,35,24,75,18,49,44,30,19,13,30,96,10,85,14,90,21,60,70,46,49,36,58,99,21,89,38,51,35,76,51,75,26,47,11,65,76,53,81,81,84,93,36,98,76,21,97,35,52,27,42,61,33,98,44,66,15,33,18,96,71,67,17,26,52,35,79,99,40,96,64,84,73,67,85,22,12,86,87,33,94,26,11,81,87,60,83,56,74,30,90,56,18,70,100,46,89,23,44,57,56,83,31,55,34,48,63,11,52,79,94,22,22,85,50,27,38,62,23,40,72,66,50,40,48,33,42,55,88,20,28,55,41,58,78,54,80,64,97,44,35,34,24,25,44,57,87,37,83,98,28,100,97,17,90,73,71,17,77,35,86,56,93,45,10,65,41,51,22,58,13,89,75,49,21,91,42,56,98,42,81,34,16,35,79,65,17,64,51,99,57,21,28,78,25,26,18,77,44,17,72,59,61,73,41,99,82,14,47,83,11,67,80,32,49,38,34,61,25,61,10,64,35,17,32,56,80,40,59,58,80,29,96,46,17,59,36,76,90,39,46,65,64,18,23,72,46,89,56,39,77,66,61,69,82,76,86,67,90,62,48,46,36,39,21,99,31,50,45,72,96,57,58,12,80,12,12,68,89,38,97,70,60,31,33,46,25,49,90,19,89,78,23,16,28,50,12,73,78,51,34,66,37,91,40,51,10,33,11,65,71,97,29
E214,35,95,80,26,68,77,23,42,63,86,59,72,58,70,20,48,82,77,41,80,60,49,80,79,70,76,98,92,74,97,92,71,100,35,74,18,29,82,44,58,57,72,63,94,14,92,27,44,85,22,26,49,62,82,12,30,56,86,94,58,78,21,65,64,48,11,20,72,44,80,85,17,85,99,15,24,100,38,13,97,33,81,71,98,75,38,35,30,92,17,64,93,94,66,100,21,49,64,98,71,90,17,34,21,26,75,62,86,20,97,41,28,25,45,73,53,31,54,33,98,75,48,38,78,64,34,33,28,31,19,71,17,95,54,16,66,52,68,80,11,44,71,82,92,85,44,18,30,58,44,26,81,76,66,82,67,16,57,40,28,63,75,59,63,69,86,17,24,63,76,99,59,98,23,79,22,100,44,69,58,27,27,31,21,43,68,96,20,23,83,55,26,62,60,54,34,35,13,60,66,67,38,89,51,46,42,70,52,55,64,76,95,27,51,43,30,69,95,72,25,81,52,93,50,19,65,78,95,69,72,15,12,18,81,44,79,45,55,65,47,90,76,98,14,38,57,61,66,64,24,19,54,63,46,17,50,78,73,37,49,32,30,98,33,55,34,78,60,24,95,77,25,66,41,25,42,39,16,89,14,32,16,61,75,19,80,37,64,87,25,26,42,76,89,96,68,22,95,41,73,37,81,79,72,98,29,42,90,15,98,14,27,48,40,29,42,10,53,14,98,44,83,21,22,41,78,16,79,19,92,81,20,39,70,83,69,97,92,29,45,90,18,67,42,33,26,95,62,50,42,81,78,53,24,16,23,10,26,18,93,24,38,95,35,44,15,67,74,18,43,32,64,96,60,41,32,72,50,82,34,43,75,70,51,56,97,40,51,94,53,89,73,79,67,90,98,84,84,65,41,30,40,76,65,64,48,32,83,68,94,43,90,29,29,45,49,21,66,54,36,86,99,64,71,69,56,38,62,27,25,10,28,72,39,52,80,18,17,66,98,85,17,29,47,72,57,62,71,90,10,99,70,94,71,14,33,18,43,71,43,56,50,14,20,93,44,80,91,27,36,45,94,67,87,82,38,25,78,44,52,95,98,66,51,46,34,21,67,17,64,73,81,35,59,72,64,12,97,60,83
E215,64,76,68,83,88,26,76,58,40,16,78,31,51,38,92,89,14,12,54,44,38,18,58,93,66,98,10,44,16,43,82,28,31,31,42,16,94,65,65,63,12,61,42,15,58,43,59,30,69,77,80,100,64,62,35,76,11,10,36,35,23,34,70,57,77,98,68,74,16,69,67,59,66,66,95,55,79,40,24,36,96,97,91,21,28,85,72,75,56,52,29,83,64,43,77,95,88,93,37,85,80,74,98,99,90,62,25,100,24,36,85,55,51,44,39,46,17,51,44,94,96,20,61,94,33,51,56,100,80,17,75,19,73,99,74,61,86,72,71,96,29,80,78,68,38,65,13,56,23,19,10,96,35,55,37,55,81,40,88,88,51,27,51,74,17,16,13,82,65,34,20,77,15,14,83,78,91,61,41,35,19,61,59,54,89,38,67,37,50,16,21,14,36,76,15,11,61,22,98,86,52,74,97,70,35,10,25,87,33,48,94,45,25,81,89,30,40,45,78,32,29,32,47,69,20,54,93,51,99,25,50,21,53,91,30,75,56,46,81,84,55,88,76,66,21,21,89,62,91,87,13,26,25,38,76,64,79,60,18,91,92,23,99,79,39,82,49,89,73,51,28,72,96,22,28,84,96,11,45,30,46,12,76,32,73,46,58,23,88,77,25,64,49,48,39,36,91,70,35,13,87,16,14,85,14,61,32,89,86,20,38,87,16,43,22,11,92,45,16,59,39,37,24,45,69,60,73,35,12,16,88,23,61,47,58,19,88,19,50,81,98,55,37,14,76,89,63,69,42,60,41,19,83,47,53,29,92,98,35,64,26,23,87,11,34,62,19,59,52,44,38,75,47,42,25,92,26,65,38,30,92,92,63,33,39,71,90,63,36,44,51,82,59,30,65,36,57,90,100,97,36,52,26,99,95,31,68,99,68,43,77,14,72,64,60,62,15,82,62,50,49,55,100,90,83,31,91,90,50,44,46,83,53,18,67,65,48,31,48,85,40,33,71,40,80,42,78,79,70,63,19,10,17,94,50,89,42,78,28,70,15,63,86,14,80,68,93,24,37,21,88,69,29,75,54,75,16,29,10,76,30,16,98,94,95,61,47,59,12,26,77,76,97,90,35,62,76,56,72,78
E216,62,14,21,54,76,11,42,41,89,37,88,78,80,97,20,93,75,65,84,63,70,52,10,48,48,63,44,90,98,36,100,16,73,73,33,16,69,94,75,16,33,79,30,99,68,38,82,78,15,84,88,78,75,95,83,52,38,71,68,49,67,59,89,36,13,46,100,53,19,14,56,78,37,72,80,49,86,75,64,15,17,57,48,27,56,19,77,75,65,93,76,88,16,97,54,54,12,72,70,75,79,43,39,84,83,57,93,94,12,87,22,78,20,47,88,77,94,37,52,15,31,64,55,29,77,71,83,14,51,88,67,38,10,95,99,67,66,72,81,24,16,78,80,23,41,15,57,66,53,44,22,12,11,35,22,62,84,87,59,29,19,36,83,32,35,78,25,61,56,20,43,26,90,42,37,28,87,45,30,91,89,29,76,98,49,11,64,47,52,36,39,79,49,56,30,48,67,87,88,91,43,23,87,69,35,52,67,23,78,79,33,76,57,36,40,27,35,23,88,54,25,30,22,98,52,44,91,77,66,79,94,87,72,15,77,66,49,59,72,43,17,89,11,96,58,23,44,37,50,58,96,90,41,18,13,78,29,40,33,91,19,24,25,52,11,76,33,47,97,92,75,63,92,21,91,22,48,20,62,37,55,52,54,71,74,77,44,21,46,54,68,46,71,40,54,54,81,68,77,92,92,50,73,59,71,19,59,38,48,44,73,68,82,80,67,40,35,20,20,83,66,54,67,57,41,17,93,47,51,35,69,16,73,44,95,73,22,37,19,42,37,84,62,82,29,62,20,82,94,26,77,31,97,94,69,91,87,39,14,66,95,57,15,43,66,52,69,17,82,91,66,49,97,25,43,25,73,49,51,13,22,96,92,94,97,22,97,52,86,55,88,41,19,80,57,71,98,19,86,66,50,21,61,44,42,67,78,51,80,83,48,42,35,88,69,58,30,20,12,75,82,99,72,43,80,55,100,49,31,15,74,48,81,97,25,39,83,99,93,52,23,87,11,45,72,66,25,75,65,99,70,39,10,76,55,90,59,32,58,32,38,88,91,33,44,21,55,21,40,46,95,15,20,69,45,87,95,96,69,23,36,91,99,65,43,19,26,51,44,25,76,85,53,12,76,24,96,61,44,80
E217,71,98,70,35,86,70,91,81,58,50,23,67,83,36,81,92,55,99,27,56,28,97,68,47,97,67,11,45,58,52,67,21,91,68,38,91,66,68,91,96,18,56,68,78,92,66,32,82,96,39,10,60,10,78,83,81,20,88,32,12,86,34,74,31,84,64,36,57,50,99,39,31,52,74,72,80,76,73,11,27,27,18,28,91,43,42,62,49,23,64,24,94,58,58,89,93,94,44,53,82,49,74,36,13,71,45,21,37,84,85,25,98,47,97,55,43,99,26,28,75,84,70,43,36,42,71,61,29,85,64,22,19,95,66,25,40,88,60,15,80,34,76,85,26,18,65,64,29,100,26,45,19,58,57,61,70,35,75,94,97,64,80,11,51,65,18,11,58,31,25,68,97,52,63,33,64,86,28,36,38,81,38,41,18,28,49,63,71,58,73,73,34,66,83,78,80,85,12,10,95,74,48,100,92,36,75,45,81,57,25,57,98,87,58,86,80,23,36,26,31,95,18,31,46,82,56,45,34,96,31,84,82,13,34,29,52,37,63,23,49,45,38,76,95,11,54,19,51,74,85,52,95,33,67,71,76,38,47,17,46,99,62,63,55,17,46,65,93,41,75,32,99,77,32,39,31,62,63,78,14,80,58,60,35,98,20,55,30,91,72,22,66,66,62,68,46,65,59,31,98,14,34,53,62,98,58,17,82,43,44,58,88,72,79,84,57,54,16,16,42,70,89,62,29,62,27,56,67,77,88,72,62,25,91,58,92,81,28,82,61,81,88,94,81,19,82,28,79,18,10,74,67,23,72,90,60,94,79,29,24,54,60,51,75,80,58,80,12,30,31,64,39,45,70,23,45,94,24,20,94,39,60,41,20,96,73,66,65,33,59,10,22,76,39,56,70,81,45,25,68,12,78,71,17,18,43,56,11,62,56,81,10,46,60,82,50,70,52,57,50,32,58,99,65,65,60,42,99,18,51,55,68,11,86,89,18,89,16,68,87,81,45,54,91,19,69,44,95,36,76,80,100,19,77,98,13,42,100,15,11,85,52,61,36,96,90,82,48,43,52,38,29,93,30,21,73,94,76,43,21,53,21,93,61,62,22,72,56,82,65,34,20,94,36,62,45,35,98,94,84
E218,60,33,23,91,87,73,58,43,16,34,87,39,28,69,98,26,66,99,91,57,18,46,28,22,42,52,46,66,76,18,64,77,85,61,97,55,54,28,15,78,60,32,14,67,58,65,83,44,27,19,67,13,11,95,16,22,79,77,82,45,69,100,54,67,81,60,30,18,74,93,13,77,23,91,62,40,60,14,31,10,83,62,26,80,64,80,95,100,64,16,42,45,10,87,95,86,85,73,54,67,17,65,24,81,57,22,58,75,74,90,63,32,16,49,37,91,67,75,75,21,94,50,77,22,47,18,12,78,98,80,33,59,51,28,56,67,55,94,64,86,14,66,80,96,31,35,82,43,48,77,97,16,91,42,77,71,37,44,11,50,68,18,69,88,100,77,53,68,53,36,85,43,61,35,46,35,18,57,32,11,80,92,33,56,75,16,92,26,85,80,27,52,21,63,31,78,20,60,68,93,33,95,66,89,58,61,45,19,10,16,19,27,74,39,100,43,44,89,31,17,94,72,90,39,18,12,75,37,98,72,12,78,88,10,53,36,73,73,89,83,100,78,50,18,88,60,55,29,79,47,49,52,46,17,58,45,99,88,72,69,65,79,87,70,85,83,17,37,28,38,99,77,48,81,24,84,51,11,12,11,22,56,99,92,82,98,59,86,36,96,55,44,20,85,74,83,36,32,15,86,81,83,86,41,64,51,85,51,50,31,39,58,63,32,62,43,35,67,99,67,19,50,68,98,78,85,82,39,73,99,15,34,77,71,27,60,27,25,69,74,76,31,87,36,96,19,44,49,81,67,98,87,49,69,59,86,94,40,28,52,70,33,58,16,46,46,88,13,89,27,55,96,29,93,26,77,15,39,84,14,82,81,80,10,29,53,92,40,57,28,41,49,80,46,66,95,22,28,43,48,84,71,71,79,73,90,32,65,75,55,62,50,56,11,55,98,27,76,45,40,11,48,47,41,93,48,29,45,63,43,56,30,30,15,39,88,46,81,15,55,41,41,23,93,78,57,47,41,72,78,33,91,64,91,31,51,93,82,48,53,78,95,34,78,90,92,52,33,21,47,87,54,68,99,96,89,52,71,60,73,61,13,32,46,46,16,19,23,46,34,32,16,50,44,77,75,10,38,71,31
E219,23,72,81,76,66,81,49,48,19,54,16,56,61,81,27,81,60,16,70,42,78,52,33,82,75,58,68,56,52,46,28,30,98,79,40,82,31,49,72,33,91,90,97,12,98,78,21,69,30,73,56,95,54,27,57,74,82,38,85,49,32,53,83,59,33,39,67,47,23,98,20,96,23,33,23,41,82,50,24,23,61,70,35,66,43,95,87,73,65,32,90,93,31,15,32,22,52,44,49,26,41,78,88,87,39,92,44,97,66,52,79,44,36,69,45,10,26,92,72,93,79,12,58,91,26,12,86,28,31,66,53,22,56,81,89,53,92,55,29,37,16,43,55,96,93,23,99,42,30,48,61,83,65,36,71,22,14,84,84,88,61,44,21,31,42,85,56,59,78,78,97,19,86,18,25,23,27,84,19,85,67,44,28,64,88,44,24,19,21,67,97,27,36,42,93,64,60,12,39,76,10,82,13,25,40,22,73,23,76,71,21,77,17,39,63,36,19,38,100,43,67,87,29,23,83,15,38,100,28,76,96,73,90,24,71,20,75,50,59,14,58,70,24,45,78,91,89,77,18,56,100,39,33,14,99,23,13,99,70,96,39,96,56,55,75,35,19,13,65,29,20,30,75,74,86,95,24,62,85,48,14,42,83,58,40,62,52,12,79,99,74,30,89,10,36,22,24,80,63,11,87,17,84,93,24,61,59,59,65,53,92,17,81,56,61,28,42,51,53,53,35,76,21,97,16,88,14,44,29,82,74,56,60,50,80,56,22,41,70,88,72,30,72,51,42,55,77,20,46,39,10,28,34,46,54,87,85,82,29,72,44,61,95,64,31,95,23,62,99,70,78,50,55,52,67,63,10,52,74,70,80,88,24,67,59,37,87,11,29,87,59,45,14,75,26,22,75,45,83,57,93,78,93,14,61,44,52,86,84,64,39,21,78,77,72,91,24,90,77,70,86,77,75,92,32,34,54,24,85,65,12,82,57,74,59,17,52,96,12,52,55,74,22,48,94,68,84,92,97,23,29,33,57,24,52,71,53,37,75,15,84,24,56,79,98,75,44,82,17,26,77,85,22,17,42,22,23,15,86,69,87,95,95,31,85,35,96,60,30,50,81,48,14,47,12,84,35,41,66,36
E220,32,59,14,81,11,75,32,78,66,33,35,78,81,57,61,97,98,52,61,63,57,47,96,77,64,27,17,26,98,94,58,37,58,87,53,76,15,11,11,92,42,80,94,86,21,62,81,55,80,95,99,49,18,63,54,93,24,20,65,94,35,89,89,35,23,82,69,41,38,16,94,94,74,61,75,89,40,89,71,73,66,98,16,48,33,54,93,25,82,85,53,32,84,16,40,13,63,87,56,63,88,47,99,57,86,73,49,92,24,49,51,23,77,72,37,60,56,23,57,75,54,46,40,47,53,84,32,11,29,23,41,47,81,29,17,32,45,63,37,35,74,40,33,75,17,33,80,90,69,97,37,51,39,93,86,42,25,23,66,40,66,19,69,79,49,56,76,72,53,80,59,93,32,81,51,70,44,34,36,22,24,63,45,67,78,85,61,18,17,52,34,64,12,72,46,100,34,40,83,79,84,82,78,14,89,10,69,54,16,48,40,38,22,56,82,83,89,80,93,74,70,10,44,61,26,78,18,52,87,41,37,58,74,74,99,38,15,24,95,23,62,10,62,45,20,59,59,75,20,94,41,53,72,96,64,40,19,24,82,66,85,31,25,74,41,21,99,62,14,75,78,69,48,56,40,54,20,76,67,80,64,37,76,53,78,46,68,69,100,27,96,61,67,84,54,15,37,51,54,75,81,89,15,92,53,37,34,30,50,52,73,54,87,71,95,49,79,95,79,72,60,86,66,15,49,33,32,15,30,48,45,52,94,76,88,16,31,38,72,14,100,26,44,13,28,43,92,24,75,71,83,78,71,74,51,85,29,77,99,97,59,81,65,73,97,24,42,83,20,65,84,60,81,99,11,21,56,93,92,83,81,81,51,22,10,19,91,23,78,44,96,29,56,90,33,64,45,12,50,19,72,88,52,76,82,27,18,88,22,90,70,56,84,55,28,23,46,60,29,16,87,73,53,90,87,23,66,70,62,63,49,98,14,16,66,26,13,36,31,100,29,53,78,100,57,67,29,78,30,75,50,93,88,72,23,28,24,53,70,77,55,57,16,91,49,77,60,80,16,47,88,79,68,100,53,13,87,47,26,99,23,59,98,84,32,19,68,70,59,67,87,66,72,20,71,52,87,40,14,96
E221,13,58,25,91,68,73,78,92,88,45,49,42,57,21,94,92,71,14,38,17,35,59,75,72,38,41,86,19,23,52,81,42,36,100,15,24,39,18,41,45,80,71,46,33,26,73,44,84,87,37,51,28,48,100,24,47,39,85,77,44,12,24,13,49,96,81,76,11,67,49,44,77,74,17,24,88,32,68,64,39,67,100,90,74,60,32,80,30,50,13,91,88,90,88,48,27,44,97,18,49,55,33,84,82,85,97,90,84,20,42,34,10,17,44,93,13,62,34,76,79,63,93,85,98,74,49,66,51,83,53,21,75,60,53,58,24,42,12,34,51,44,93,43,13,61,13,12,53,37,33,55,81,85,70,47,78,61,89,73,18,30,19,10,63,89,77,36,57,69,67,41,85,66,81,36,90,43,20,33,90,66,16,76,90,41,47,55,71,37,10,67,23,23,17,30,51,99,28,96,86,59,53,67,95,38,81,67,39,96,35,48,19,67,97,29,11,55,15,42,58,56,66,79,44,59,60,58,28,66,23,36,18,27,99,46,16,23,39,33,60,54,41,67,40,38,82,67,78,57,16,41,66,56,33,40,41,54,57,93,43,89,88,94,33,15,75,58,69,100,51,14,25,87,40,35,91,48,48,37,96,65,57,98,82,24,51,38,30,73,63,36,90,88,51,65,97,76,54,19,44,93,27,37,71,16,45,74,53,57,22,34,23,38,77,42,38,100,62,58,19,19,34,56,98,75,90,79,80,45,55,73,69,94,96,50,13,31,90,86,68,54,95,88,89,79,87,10,17,19,24,19,78,23,83,52,13,56,31,79,52,81,85,39,15,78,29,22,11,66,83,18,97,15,74,71,73,85,80,15,81,73,48,53,62,41,45,70,90,91,40,66,31,80,40,17,14,83,36,14,63,37,39,81,58,90,23,64,16,29,29,28,67,44,95,29,99,21,70,80,95,33,99,69,66,19,17,55,98,13,94,20,100,95,81,39,31,55,100,50,21,29,20,36,96,79,37,16,74,41,38,89,34,37,46,65,28,32,62,42,28,42,11,14,99,23,71,45,31,56,88,22,46,98,43,71,40,80,35,38,37,61,70,15,67,64,30,76,12,97,86,97,84,54,62,12,53,27,49,91,49
E222,11,81,90,47,73,66,99,23,12,14,28,66,53,73,81,87,78,62,79,71,96,73,79,25,25,65,45,89,16,26,49,79,34,75,82,65,58,52,34,92,60,93,70,61,37,16,67,31,79,67,26,69,55,68,91,37,23,81,32,96,89,23,35,19,38,41,81,58,17,67,82,30,72,46,61,27,30,31,27,51,44,48,58,93,41,89,61,94,35,95,88,99,27,58,62,82,23,86,71,59,82,60,35,35,10,33,46,21,50,99,89,81,43,44,85,65,68,98,85,42,78,94,49,67,23,61,73,57,59,83,95,46,75,56,91,64,49,93,81,41,12,86,74,74,86,16,80,20,51,50,16,95,58,47,17,35,37,94,55,93,59,97,30,64,46,96,92,16,78,55,99,82,53,50,21,48,86,56,68,27,91,97,30,81,22,58,14,51,89,63,15,51,27,59,67,20,63,85,68,68,80,19,86,73,59,68,97,38,25,48,80,21,29,43,72,85,57,64,15,51,95,12,98,29,15,60,53,18,50,67,27,13,33,42,92,96,24,89,13,54,37,58,29,65,35,85,59,41,81,51,65,86,15,56,92,37,58,29,54,62,97,60,57,46,76,23,85,16,23,92,23,71,16,70,78,26,96,23,23,71,63,44,40,94,98,85,85,65,14,60,69,55,27,43,69,98,99,56,12,71,93,18,32,88,67,94,31,55,79,79,70,23,41,27,93,32,75,70,55,42,29,93,76,84,13,12,57,60,69,48,18,76,28,92,82,48,95,36,15,51,14,45,44,79,36,82,18,70,34,15,12,81,60,51,96,71,79,69,83,72,16,45,22,50,70,42,26,89,83,43,36,28,19,55,87,63,63,91,78,28,82,33,71,37,16,90,71,41,89,40,67,14,71,36,46,81,51,63,71,52,78,49,93,82,86,10,91,17,100,95,85,71,42,85,85,38,66,54,67,82,29,72,17,74,57,57,34,19,58,60,54,17,47,39,48,44,79,47,61,65,24,91,23,66,69,21,62,29,40,17,33,45,75,29,83,74,21,37,98,33,15,26,73,28,55,71,53,31,33,62,32,50,50,47,77,38,25,50,32,27,82,37,14,24,22,72,86,59,78,56,22,48,54,17,80,55,43,89,93,19
E223,27,47,80,65,65,81,16,98,17,23,53,61,40,24,44,37,69,69,12,95,23,49,37,75,85,30,11,48,47,61,35,50,78,52,26,21,21,16,25,73,86,100,85,31,17,68,71,14,54,72,71,28,89,70,57,34,38,37,92,52,63,56,67,34,29,85,49,59,13,25,29,75,78,98,43,53,33,85,59,99,84,91,39,38,74,88,43,73,33,64,85,71,16,70,33,68,89,11,79,72,40,36,93,34,78,91,20,58,87,71,96,55,17,67,81,39,98,75,77,63,54,54,81,87,89,24,90,36,51,48,60,100,61,92,54,28,27,76,82,68,53,38,41,88,95,61,81,81,64,17,18,16,30,53,60,96,93,85,77,31,89,85,66,98,64,83,87,66,21,46,65,76,83,78,88,60,91,35,26,69,69,53,44,12,52,57,55,15,79,91,34,43,80,45,10,36,60,26,80,86,89,51,51,46,49,43,71,82,26,78,86,71,10,83,31,61,76,82,77,25,28,94,21,22,79,50,81,78,52,38,36,87,91,98,30,86,57,66,97,79,59,100,54,12,86,54,94,92,26,50,60,37,17,77,10,16,14,14,40,98,80,24,13,67,44,24,32,65,93,16,11,89,21,16,38,19,27,77,15,67,95,90,28,86,100,88,97,48,93,46,67,42,58,30,32,61,89,59,46,14,73,59,41,79,59,38,90,21,75,61,39,42,52,56,50,48,70,11,63,14,90,73,74,16,56,49,10,66,24,31,85,76,89,86,72,82,11,23,20,72,64,28,20,52,74,75,70,39,20,45,51,96,15,94,39,41,23,57,27,36,56,31,97,51,35,33,28,14,80,90,96,21,33,97,73,49,87,86,40,86,20,86,16,10,22,21,26,75,44,16,22,73,27,38,43,100,43,60,73,72,90,99,90,83,93,56,30,60,80,85,15,78,30,61,75,20,50,43,29,40,79,33,84,20,85,63,87,75,80,15,99,45,83,98,19,86,80,93,18,71,10,93,12,24,57,87,24,83,69,67,11,67,48,44,38,90,95,43,70,90,74,28,21,69,96,37,81,82,24,46,56,56,11,55,62,92,100,49,92,97,95,90,30,12,27,45,44,63,48,29,76,53,84,57,28,100,53,31,96,83
E224,33,46,27,98,16,91,82,11,47,29,94,91,54,78,47,39,32,91,86,83,21,34,71,81,14,71,73,27,29,45,42,23,45,61,38,34,33,69,76,80,100,46,51,89,38,13,51,11,65,88,94,85,80,72,57,77,50,29,54,72,31,44,86,29,57,82,74,70,63,43,12,15,99,60,83,64,42,65,88,13,24,62,47,45,95,27,40,67,11,20,92,47,18,53,56,18,15,54,24,66,72,52,70,75,58,20,93,29,40,57,92,97,74,67,58,58,30,60,88,16,84,20,20,88,65,40,31,39,59,30,57,34,66,77,65,37,14,67,17,25,90,90,36,95,25,96,60,81,80,87,67,77,16,41,41,94,27,39,22,64,49,83,53,78,61,42,83,19,73,14,51,80,11,37,17,71,22,47,63,15,24,14,89,88,54,75,70,31,44,47,18,21,90,20,41,83,71,39,11,37,19,17,57,22,83,59,78,20,49,64,84,98,24,11,66,59,43,40,28,61,36,23,46,33,43,38,78,28,91,29,42,45,33,83,52,23,57,40,79,48,22,15,32,49,13,86,71,50,33,60,13,98,60,62,57,98,44,37,25,22,38,91,100,10,89,62,40,66,71,47,17,95,90,20,87,43,32,30,75,55,26,32,14,49,35,39,100,11,91,10,59,32,39,17,50,13,44,66,79,27,70,72,35,49,54,69,99,35,91,46,64,96,50,28,65,71,93,95,49,89,86,80,76,41,53,21,89,86,25,67,66,41,69,65,61,11,64,31,57,86,36,68,72,30,46,50,67,46,43,25,54,36,88,58,60,14,77,62,15,49,75,86,83,42,10,91,19,81,56,21,47,84,64,79,68,34,60,79,99,87,47,50,58,21,76,87,95,18,40,46,89,35,21,58,70,57,51,99,13,92,36,94,23,10,88,35,77,79,75,33,89,56,58,34,68,89,70,39,61,72,77,82,95,76,81,12,22,84,62,30,32,36,22,43,26,23,22,94,32,52,40,44,11,45,43,44,90,47,10,68,26,21,19,25,32,50,85,58,60,67,83,100,55,62,22,25,37,88,34,54,40,15,19,84,37,61,37,37,84,52,85,72,56,70,70,74,86,71,97,73,59,23,31,66,63,56,24,42,98,86
E225,30,49,23,10,17,83,62,87,14,12,44,20,75,18,90,40,62,62,28,14,62,59,64,21,10,31,15,20,21,99,67,44,56,24,96,74,92,77,84,41,43,67,68,38,19,17,23,20,13,61,16,10,39,10,77,52,84,70,38,71,15,59,24,32,45,51,57,55,24,84,56,18,38,26,30,92,27,63,65,52,15,87,79,13,25,71,91,16,90,98,55,63,82,47,86,14,45,51,66,79,80,45,72,25,43,90,36,55,19,32,11,15,45,54,25,50,75,32,80,49,38,60,52,65,74,57,80,59,89,71,90,42,43,39,13,29,67,75,88,22,19,68,49,52,65,23,90,76,52,18,31,12,57,43,14,44,75,35,49,54,91,69,64,78,26,53,49,18,38,100,31,19,46,97,64,14,71,70,81,19,81,46,36,87,98,38,88,57,92,66,80,43,66,62,54,10,53,48,73,58,73,43,44,93,53,37,20,41,74,63,71,76,26,35,64,32,97,73,92,81,44,28,91,35,70,94,47,15,50,90,21,70,100,19,66,56,71,93,39,30,28,80,34,65,24,35,76,24,49,33,12,96,16,26,79,71,94,41,97,46,10,35,62,33,71,90,52,59,29,84,54,29,26,47,26,86,38,28,64,68,43,100,52,29,98,16,76,27,64,96,13,71,54,86,75,23,67,93,37,19,22,65,13,20,26,46,11,34,64,16,35,63,11,79,28,70,76,24,54,100,66,55,99,77,45,84,81,70,55,55,90,30,76,18,15,94,84,36,23,88,87,93,38,75,83,61,38,56,57,33,39,21,39,40,52,76,63,32,61,74,54,12,39,78,51,90,11,45,44,81,58,93,16,23,16,20,61,94,36,28,89,17,10,16,49,97,31,23,88,85,93,78,90,82,37,86,59,98,15,72,34,34,24,33,57,63,99,60,19,43,29,15,59,26,24,43,14,29,44,83,85,94,76,79,82,41,93,47,97,26,23,73,24,94,25,51,26,29,35,25,33,78,93,47,21,56,91,33,68,71,58,55,96,55,82,33,56,41,29,44,31,50,44,98,66,55,83,51,70,59,32,48,84,32,86,79,89,63,94,23,76,68,51,31,76,81,96,33,76,25,66,15,30,64,26,44,50,79,55,26
E226,29,47,95,38,20,65,67,26,16,80,39,80,76,76,48,98,94,64,21,95,12,76,62,31,33,62,93,51,87,20,86,46,11,63,65,89,42,27,51,14,57,52,58,94,29,84,67,53,57,85,39,35,80,42,24,84,98,65,31,24,87,75,54,97,90,25,53,57,90,99,34,81,75,46,65,83,93,67,54,95,40,76,47,69,37,59,53,82,31,73,65,65,18,25,98,35,23,71,59,25,52,90,98,74,63,56,99,10,44,100,74,70,17,81,67,30,76,91,46,15,25,11,65,69,100,60,45,90,95,54,94,45,14,55,64,15,31,17,95,18,77,66,36,29,78,52,60,51,81,90,17,91,87,17,54,90,40,75,11,54,96,38,44,63,52,13,35,29,47,100,13,36,13,70,11,99,38,15,80,74,97,53,92,45,91,33,39,91,49,76,86,77,37,70,92,62,40,74,85,52,90,63,16,76,88,72,90,34,94,60,53,47,72,66,42,62,17,20,95,20,92,14,81,44,34,89,100,84,16,20,64,90,91,41,55,76,73,55,23,42,60,12,16,27,50,35,12,11,89,56,100,91,75,92,46,15,40,92,44,49,89,83,18,82,56,42,10,24,67,69,47,88,55,12,34,50,44,42,88,98,26,50,38,16,50,76,100,21,34,51,57,24,33,94,63,94,45,10,13,81,86,35,81,94,67,54,51,89,80,90,60,79,17,60,97,61,64,45,35,13,64,67,34,76,72,50,15,29,71,79,66,92,34,59,30,22,80,47,75,19,67,68,42,52,50,77,47,81,85,25,20,63,58,23,71,40,93,45,99,73,47,32,33,19,84,87,18,46,35,22,55,10,96,83,66,15,71,23,91,15,29,91,15,29,92,37,46,87,32,56,15,88,98,61,20,80,39,12,39,75,63,32,80,84,81,25,81,88,88,87,39,30,79,42,15,17,69,75,27,63,95,91,87,36,19,96,37,31,43,23,85,22,17,91,16,97,32,26,54,85,98,22,63,38,37,99,43,53,37,48,33,91,24,12,57,57,79,99,86,23,19,88,78,39,25,15,39,16,97,55,29,67,12,35,42,42,18,78,91,45,49,17,100,48,36,75,100,10,73,55,55,44,14,52,90,91,56,95,90,50
E227,81,58,48,43,50,28,61,46,60,56,13,70,31,100,36,21,95,41,44,23,88,22,93,65,29,81,75,48,45,78,38,57,72,53,38,99,18,48,80,10,77,22,16,30,61,26,39,91,39,36,28,89,62,20,85,41,12,11,26,15,67,88,11,59,47,67,36,87,50,77,14,12,79,97,22,70,43,49,19,21,69,15,69,30,40,13,79,86,47,61,61,65,30,89,75,19,85,86,69,75,76,34,54,75,91,45,34,45,91,21,70,65,53,17,41,65,12,31,86,20,87,37,12,54,96,25,29,69,18,87,77,19,17,84,75,43,43,62,50,27,48,91,77,81,26,64,55,27,35,45,37,17,49,15,59,38,26,54,96,28,82,57,59,85,20,11,35,57,30,46,95,23,57,46,47,68,89,100,83,52,76,19,99,79,50,98,10,24,30,12,77,36,75,83,31,22,18,62,34,44,73,11,25,61,56,42,25,77,40,96,91,96,75,44,26,88,97,96,37,90,63,37,22,70,94,62,92,21,82,70,37,11,24,49,92,18,22,22,15,89,47,95,86,74,83,88,10,95,52,62,70,87,80,52,74,62,43,97,87,17,73,89,59,25,78,49,16,44,33,92,22,21,63,36,37,45,94,17,25,65,61,41,37,22,39,86,36,38,70,34,61,19,73,83,79,47,43,91,78,84,87,74,35,57,79,72,49,93,44,77,53,35,25,27,44,18,73,57,89,23,97,63,47,81,91,96,88,69,91,13,46,65,99,48,12,16,24,45,85,20,35,41,72,16,82,91,44,69,31,60,27,24,59,40,18,53,69,69,63,21,55,69,46,38,54,51,92,23,38,58,42,86,40,90,12,22,59,89,97,46,57,27,82,90,65,66,92,30,49,91,40,47,93,72,14,20,49,88,31,67,83,22,16,30,58,88,73,49,95,28,74,89,12,59,60,82,14,44,62,40,90,65,46,36,17,42,44,88,69,87,65,93,89,73,68,92,22,50,66,59,15,62,72,94,10,12,21,32,96,80,12,12,28,48,35,18,81,20,14,11,88,74,30,92,56,99,37,37,49,38,61,53,88,46,67,11,32,81,25,92,62,33,95,39,59,52,82,52,64,69,99,89,83,71,18,45,100,95,97,65
E228,75,57,67,44,83,48,53,30,76,79,91,30,50,16,79,38,36,90,60,69,76,15,94,82,29,31,69,34,56,54,78,68,84,70,67,28,89,75,88,74,66,29,53,62,84,34,95,99,71,48,62,79,94,58,41,84,100,74,45,91,14,56,50,36,72,33,74,57,77,37,82,40,95,19,37,49,10,41,99,60,15,70,95,35,92,72,69,20,53,16,59,19,41,92,77,16,59,44,86,15,16,33,75,77,90,10,73,35,34,79,39,100,16,46,16,47,73,87,48,21,64,24,29,39,62,57,30,79,89,35,88,34,39,95,51,73,50,67,42,47,57,79,30,55,93,92,68,44,31,38,73,67,33,13,43,40,82,37,45,52,36,12,38,88,91,57,23,83,45,59,78,70,77,69,98,24,40,88,54,13,41,96,96,76,56,44,37,35,64,60,55,76,91,19,88,41,31,10,87,59,65,68,92,33,22,64,31,50,96,65,80,53,67,78,78,42,36,48,68,52,81,55,10,80,16,75,93,64,18,14,50,95,69,29,63,93,99,51,28,74,97,42,60,100,20,51,84,60,51,48,39,83,25,12,55,20,10,64,56,63,92,76,79,58,90,66,41,76,91,27,31,59,52,55,95,82,86,94,87,36,36,23,27,88,92,89,41,25,55,32,41,11,94,12,53,20,64,62,91,55,28,36,47,39,18,82,45,58,53,68,47,89,88,76,18,63,47,97,75,48,60,33,44,38,99,25,47,35,52,65,11,40,42,19,18,45,64,33,55,83,52,45,23,29,74,13,96,87,45,88,35,11,53,96,50,37,45,17,93,13,85,49,62,68,46,77,12,45,23,21,48,50,68,57,37,38,85,52,96,18,55,92,68,44,64,12,63,69,74,13,79,34,21,33,42,65,93,55,35,10,72,29,32,85,83,56,52,28,18,50,67,31,100,39,22,43,81,80,84,66,90,53,56,56,82,63,74,43,25,34,80,82,26,77,80,81,69,52,59,85,100,88,88,11,80,50,100,60,87,26,16,29,78,91,34,53,27,74,67,58,95,71,52,58,65,70,37,92,22,57,90,79,44,25,69,22,45,69,88,58,81,51,20,86,86,10,69,60,56,25,57,28,13,37,52,14,74,38,60,77
E229,62,13,65,70,77,44,49,85,63,43,20,25,40,56,94,77,90,91,85,31,94,71,97,10,12,92,58,86,81,29,21,86,29,87,17,29,46,50,13,66,58,33,47,78,61,44,43,83,97,85,79,23,54,85,96,53,22,91,68,71,44,41,46,16,28,20,88,73,17,31,12,63,38,44,76,36,31,38,49,75,64,34,43,21,56,30,22,36,81,63,71,91,49,22,92,66,24,42,48,75,55,89,11,69,18,41,81,42,52,60,76,45,56,80,58,21,65,30,45,74,45,38,80,75,89,37,39,98,15,93,42,46,82,79,18,76,99,88,50,76,24,28,37,91,75,96,90,96,60,68,38,85,69,86,59,13,13,77,63,10,93,72,77,14,47,83,84,14,37,36,30,97,58,35,23,32,95,52,92,23,95,69,66,64,86,77,36,95,62,70,95,25,40,83,12,80,81,56,95,17,76,51,42,29,45,15,25,28,74,32,71,34,21,57,47,29,21,26,55,75,78,69,16,61,51,69,16,33,96,43,44,56,29,17,84,77,25,47,76,24,80,57,47,78,16,93,56,97,11,16,89,76,53,21,65,74,57,11,50,27,83,41,52,42,25,12,68,38,67,29,16,77,75,26,33,55,67,43,59,50,92,45,91,42,77,15,65,35,93,43,47,60,75,15,30,40,47,13,72,12,33,62,92,66,27,94,64,15,23,74,78,11,40,77,24,47,50,89,11,87,73,11,68,90,77,28,47,80,98,20,47,83,47,46,22,19,25,60,100,43,82,62,42,90,85,45,93,79,84,95,70,95,15,86,63,48,83,58,51,43,57,89,16,17,12,93,95,74,13,72,41,57,15,21,52,93,37,45,77,46,27,84,97,94,81,18,49,81,84,73,77,38,85,13,88,10,84,13,69,24,67,14,26,86,13,32,75,14,96,24,38,41,27,71,76,11,87,24,21,82,23,48,75,80,34,69,72,36,54,64,99,73,19,89,47,87,93,53,53,62,80,33,20,10,62,87,16,78,79,48,13,35,79,73,50,36,96,56,83,58,58,29,35,96,50,49,59,67,88,55,38,79,36,66,73,86,26,82,52,70,46,14,51,67,84,34,68,59,10,28,81,79,57,57,99,28,85,99,75,12
E230,15,26,42,60,18,47,19,28,26,53,81,10,42,95,75,43,82,56,24,24,10,56,56,84,60,72,27,99,76,71,78,43,19,77,56,59,69,97,77,75,61,37,32,23,59,31,37,84,27,63,55,92,72,33,42,42,42,97,34,75,16,66,66,46,43,33,20,47,86,52,15,49,96,67,87,43,100,69,95,62,46,49,93,22,54,16,99,72,89,96,52,76,51,35,28,65,59,26,54,32,81,70,21,64,87,98,47,43,42,31,93,91,42,86,81,71,83,63,40,52,72,76,46,59,18,23,35,77,43,50,21,100,34,10,27,87,95,88,83,13,40,13,36,99,95,71,27,13,87,56,63,30,54,13,54,73,56,91,28,24,43,82,71,43,27,18,16,64,94,64,45,59,69,64,39,66,60,14,69,59,12,65,99,88,47,27,17,98,27,29,33,93,54,78,77,57,26,90,39,81,45,25,58,100,46,82,67,83,80,93,49,71,91,42,13,24,81,17,71,62,76,24,39,12,98,18,10,39,51,59,96,20,43,86,90,92,91,96,42,87,31,34,61,25,25,93,64,68,72,43,67,69,36,19,38,91,37,44,22,23,71,15,28,69,27,82,41,52,54,83,70,41,29,97,74,60,80,71,18,70,93,73,50,17,33,44,74,34,86,85,24,28,14,61,95,19,96,53,53,87,76,84,33,77,36,68,69,55,33,29,34,54,58,55,54,20,50,25,82,28,73,92,52,98,45,22,10,63,72,55,75,55,76,77,39,45,58,28,51,98,78,16,47,24,84,19,18,24,61,74,81,10,33,74,24,32,52,84,55,44,31,56,16,44,90,41,48,47,27,64,95,26,12,44,73,21,46,78,82,14,75,15,42,84,48,68,85,56,35,48,39,40,16,58,60,64,61,15,45,53,29,39,63,83,27,37,78,30,31,14,57,11,33,55,78,17,29,81,89,43,64,80,34,13,52,39,70,78,89,49,12,85,77,64,64,74,24,87,78,59,45,98,76,64,45,94,65,65,50,82,35,56,30,41,76,56,71,22,30,25,92,29,30,95,72,10,25,22,83,27,92,91,38,53,66,40,72,94,36,86,39,33,57,97,14,19,87,32,30,70,94,22,83,64,70,92,11,38,25,11
E231,51,35,73,25,77,14,85,77,28,12,50,41,94,34,68,96,73,52,38,19,29,77,45,67,86,42,41,38,20,56,90,28,20,61,65,42,97,42,46,53,11,91,69,96,42,33,19,71,76,73,76,39,13,16,54,70,55,31,52,73,57,97,75,34,58,46,87,97,27,81,87,60,61,81,19,11,65,93,39,11,12,71,97,31,22,81,31,60,98,54,41,52,39,79,30,24,76,23,13,79,81,62,46,27,89,44,95,39,32,20,43,69,47,84,39,51,42,83,49,24,10,88,73,57,76,70,72,95,98,65,93,85,77,71,83,60,12,81,67,17,88,85,89,36,56,44,99,30,67,64,26,87,37,20,69,91,70,14,72,67,26,40,94,14,95,89,64,65,84,47,23,64,33,14,41,24,55,84,25,52,69,35,23,49,34,13,55,87,60,24,59,12,56,13,56,97,13,41,52,21,76,36,75,100,61,15,47,95,12,12,81,23,82,81,27,31,93,28,79,41,28,81,91,90,95,11,11,61,50,54,59,48,31,45,50,77,18,86,67,30,40,82,61,23,28,47,31,94,26,92,32,65,22,61,66,40,41,60,62,15,57,34,76,84,45,42,50,31,47,88,93,12,91,51,47,18,38,30,36,67,21,55,40,57,69,86,53,39,87,99,48,53,93,56,87,26,80,90,23,51,99,90,23,50,49,70,40,58,56,34,21,83,40,35,61,58,53,28,95,10,40,50,44,61,21,28,75,11,55,90,49,40,83,100,22,36,27,30,57,90,52,64,99,13,16,23,17,24,47,97,53,49,71,81,40,64,45,38,69,43,75,28,96,61,27,37,28,82,94,81,62,99,22,81,74,88,18,74,60,35,55,86,19,28,43,66,10,45,34,22,91,28,42,14,26,91,19,46,17,89,84,22,46,85,100,29,21,43,21,66,23,12,100,20,87,21,50,46,16,31,29,44,79,17,63,42,32,11,49,98,81,80,64,34,36,95,31,12,96,17,33,65,75,37,85,69,17,13,68,34,44,82,52,34,78,94,24,11,24,41,64,21,20,97,54,15,61,49,66,55,58,96,60,22,34,88,63,19,20,16,71,60,90,43,68,38,47,14,90,40,64,22,96,77,43,14,61,22,45,99
E232,78,92,50,44,65,14,16,75,22,18,74,47,61,50,10,36,26,13,67,72,32,61,21,52,65,79,44,88,39,96,41,24,92,46,66,61,77,45,61,39,79,79,39,47,79,63,93,36,97,13,19,77,80,47,49,52,98,97,10,98,30,56,29,81,44,38,24,29,82,57,44,39,25,39,14,40,57,32,85,49,67,32,91,35,83,12,11,58,67,33,75,96,30,51,31,46,42,33,36,40,95,21,93,21,36,33,67,71,36,45,27,25,66,65,84,68,82,71,16,87,88,95,81,92,44,56,31,27,13,52,83,71,86,77,97,78,45,95,56,50,48,30,99,70,38,10,54,76,24,62,39,90,11,74,19,91,76,39,32,76,25,55,83,51,68,32,65,67,64,95,76,71,82,80,69,61,14,53,87,21,27,92,67,82,73,27,74,80,28,42,64,35,54,81,95,54,99,87,37,28,19,17,89,81,52,54,59,51,71,59,79,11,24,73,78,27,86,91,31,64,74,79,88,76,57,20,55,54,90,22,85,60,52,66,94,81,19,62,92,88,24,69,29,34,24,42,99,13,43,25,52,41,54,48,76,22,34,70,15,33,64,75,84,93,32,17,12,53,80,31,16,88,40,54,67,47,46,18,77,23,46,62,85,94,53,97,91,15,70,18,100,48,19,57,74,16,42,63,54,68,26,19,22,80,67,28,74,100,78,43,36,52,89,69,89,95,16,34,57,58,54,24,18,63,86,87,74,64,10,73,73,92,76,100,48,13,39,24,96,13,57,87,96,52,41,32,56,99,11,74,96,56,76,13,43,95,27,58,67,28,65,85,63,59,81,27,48,85,45,68,44,58,89,33,51,88,66,63,82,26,42,62,93,51,77,45,17,36,52,28,62,27,19,31,17,46,11,70,80,49,44,40,70,24,16,13,39,21,50,39,88,21,29,17,43,14,80,15,61,35,67,60,38,19,53,74,63,86,12,49,56,20,40,30,89,37,25,21,41,68,23,81,97,41,46,80,94,40,14,75,58,40,71,17,23,29,65,73,90,72,12,66,87,44,18,45,26,76,32,43,78,78,40,21,49,45,97,64,78,33,97,97,17,44,12,20,79,11,94,72,88,45,86,75,11,96,11,91,62,54
E233,89,57,38,42,70,82,54,98,71,59,51,19,37,87,65,16,22,37,22,38,26,21,13,72,90,11,38,31,46,68,27,68,98,24,28,91,26,48,61,39,85,49,77,43,20,81,47,82,74,65,89,38,50,10,28,78,96,56,10,23,43,65,77,88,68,66,37,54,36,97,63,99,75,64,97,58,65,86,63,18,66,90,15,33,70,69,54,83,19,21,12,67,98,31,42,77,37,50,23,63,71,10,23,13,40,96,73,69,52,63,57,77,65,95,89,50,85,45,61,71,99,36,81,92,96,53,33,32,23,84,67,64,61,45,56,81,16,69,21,86,17,62,45,52,69,16,15,29,45,60,29,84,56,94,58,58,74,13,56,19,18,90,84,48,68,29,50,94,85,47,75,66,71,59,25,31,65,95,75,53,38,19,46,98,99,100,10,98,10,14,33,39,70,64,71,37,65,13,57,20,66,18,39,59,46,45,53,87,32,41,64,42,82,87,72,85,79,56,20,26,48,61,18,31,53,54,87,50,99,63,86,33,41,18,76,39,24,44,32,57,59,14,34,56,22,81,37,70,36,41,89,23,74,42,93,96,77,63,12,65,18,96,52,92,12,45,77,56,49,75,71,49,36,85,15,13,30,17,74,98,87,23,43,17,85,63,45,61,58,45,33,49,82,46,19,79,31,70,51,47,98,37,15,69,24,48,90,20,67,49,73,91,23,56,69,45,85,85,61,43,68,31,37,65,60,20,19,68,61,19,44,73,11,31,67,88,97,96,43,92,17,42,85,77,94,59,19,22,23,67,31,44,67,97,80,88,25,42,95,63,54,40,45,58,20,89,92,32,42,14,10,21,27,16,29,84,74,84,91,54,55,49,77,25,68,32,61,71,98,39,19,95,28,83,36,46,15,42,68,31,21,19,70,42,57,91,93,64,17,28,63,70,18,49,14,61,29,13,89,59,90,35,18,66,96,80,58,42,80,86,67,22,42,41,86,65,62,90,92,91,14,10,83,75,59,67,78,10,96,12,13,18,41,35,15,34,47,88,11,32,55,71,53,21,17,81,92,20,84,93,37,87,16,25,95,54,49,12,50,60,31,62,82,94,51,85,57,22,82,72,51,36,87,79,82,54,47,67,63,86
E234,92,11,83,44,21,53,76,59,38,23,83,57,83,16,41,53,73,98,84,17,62,33,94,30,44,80,19,40,83,97,27,85,95,43,33,76,71,26,72,63,51,18,99,25,48,14,30,15,12,73,93,98,34,25,90,13,58,95,56,31,58,71,72,61,68,64,40,83,24,69,19,13,47,96,41,42,18,14,100,60,26,74,61,99,42,73,90,87,32,35,20,71,59,20,96,22,43,66,91,76,75,26,49,42,79,22,51,65,45,26,61,47,35,88,95,64,88,44,55,86,23,54,24,95,19,58,21,41,23,47,75,89,66,98,19,83,52,52,24,43,58,33,41,12,24,90,37,73,24,80,86,34,28,69,60,64,57,27,62,74,56,41,11,66,47,49,15,22,98,45,100,34,61,64,95,42,42,64,82,11,30,45,90,64,61,63,45,90,55,15,26,83,82,68,19,74,83,39,41,25,86,43,66,93,26,40,52,31,42,77,77,15,71,92,22,88,96,95,61,39,21,48,28,82,18,77,52,19,59,75,59,29,24,29,48,39,82,16,91,76,24,55,87,95,69,92,34,29,44,81,95,98,92,34,97,24,88,20,51,85,43,33,83,60,79,86,46,55,73,26,85,89,75,66,31,61,12,72,23,76,73,12,86,66,53,27,80,51,18,98,35,26,88,12,82,69,24,40,66,91,37,80,79,45,87,50,76,34,97,42,40,51,81,47,87,73,94,99,32,71,69,83,21,37,49,55,16,83,46,81,41,28,59,19,60,71,58,43,53,62,78,71,89,49,60,80,57,66,59,69,99,75,60,41,44,14,55,78,28,98,88,14,88,93,69,16,48,91,64,76,36,33,29,69,37,97,56,84,46,73,20,49,94,55,53,40,91,49,94,14,24,16,83,83,81,97,60,63,93,43,66,83,87,95,94,11,68,34,70,12,98,66,97,44,35,44,74,66,54,97,15,12,32,82,75,16,86,62,51,53,82,14,46,32,18,97,59,75,51,20,65,35,54,72,73,29,10,76,84,69,89,23,92,74,79,41,62,20,65,48,57,95,60,86,95,38,87,79,26,19,60,20,25,86,83,53,76,76,30,45,27,99,95,66,93,78,18,14,78,41,17,17,13,71,56,40,71,21,46,31
E235,30,70,61,86,15,41,65,31,60,45,45,38,39,26,68,79,76,53,55,71,42,96,85,26,58,28,72,68,67,36,12,96,27,35,64,15,40,23,64,56,14,75,67,57,54,19,73,38,83,87,100,27,92,14,50,19,96,72,93,69,20,75,80,80,68,42,86,42,43,32,37,25,76,25,18,45,17,93,97,71,41,22,89,22,100,98,96,85,66,54,63,77,38,32,61,71,12,44,54,65,85,81,67,63,37,47,76,60,52,42,69,26,26,36,16,34,13,76,52,88,38,80,80,73,14,55,64,72,65,75,17,30,12,35,42,66,96,32,41,41,21,27,30,66,80,17,75,20,11,81,81,74,69,100,17,35,49,45,49,76,90,15,69,70,34,74,99,38,47,54,34,60,51,38,50,85,61,80,50,100,60,95,74,96,34,79,83,11,54,15,50,30,61,75,62,62,72,58,57,62,44,13,61,10,11,82,36,13,41,69,49,15,13,90,65,92,38,88,27,44,86,45,80,99,44,17,39,22,39,92,41,76,34,70,94,69,44,31,80,44,31,77,51,21,66,90,73,56,64,52,60,52,78,76,99,42,62,85,98,25,79,20,59,52,43,65,40,58,75,17,55,31,42,51,67,87,53,21,66,15,58,92,46,83,56,29,93,73,58,20,59,54,54,41,27,33,91,94,61,65,42,32,64,98,52,19,84,97,69,65,27,22,100,26,60,63,40,50,10,50,71,10,52,83,23,70,74,91,72,62,62,90,37,48,33,80,38,35,27,36,96,94,75,40,55,65,30,72,100,37,70,22,21,82,20,75,97,29,10,61,10,47,55,48,13,87,65,90,75,32,36,93,17,18,20,36,46,79,31,63,57,52,20,27,78,92,66,80,34,45,75,19,92,83,53,71,22,49,61,39,87,70,13,87,11,35,52,96,54,31,90,82,68,16,86,61,52,13,20,69,70,29,72,40,37,77,100,36,31,84,100,70,93,63,89,22,24,41,22,77,78,41,39,58,54,80,87,45,29,67,75,40,81,20,63,48,55,39,70,61,65,24,42,23,81,17,21,40,72,48,33,56,78,73,20,22,62,73,22,49,100,26,31,67,56,48,22,16,84,50,88,67,50,62,74,52,48,28,13,62
E236,58,66,23,33,44,88,44,44,39,48,75,51,43,28,13,82,80,90,94,64,12,83,72,74,42,99,96,75,34,77,82,35,83,33,98,48,30,94,93,75,18,21,27,93,34,90,63,30,84,37,79,29,74,77,68,67,72,79,73,35,25,38,50,11,39,54,71,43,41,41,84,99,53,13,93,34,85,66,77,75,61,38,10,43,13,69,47,23,86,74,74,74,77,60,61,40,22,77,36,60,70,47,62,96,35,41,95,97,16,41,47,85,44,59,69,15,26,94,72,58,81,11,91,63,70,14,43,81,16,35,78,36,47,34,11,65,89,13,41,50,55,58,44,19,59,67,33,16,89,11,65,82,25,28,31,23,81,88,77,12,37,94,28,65,37,18,11,20,41,75,81,16,81,97,62,30,87,92,98,58,91,62,31,87,29,34,25,83,23,91,31,32,61,63,66,55,57,54,38,79,34,70,93,36,51,71,86,100,89,74,73,96,40,48,60,78,100,89,40,88,22,80,53,27,24,98,42,68,82,50,87,83,35,80,63,85,37,80,36,96,14,41,81,57,43,68,29,76,83,57,88,95,42,27,25,25,44,53,75,54,58,25,82,72,75,13,47,81,22,74,85,92,11,29,85,15,22,77,20,78,20,42,14,68,92,27,82,44,80,78,36,18,77,18,10,14,72,95,13,56,97,72,41,73,71,41,35,83,93,74,67,22,45,15,85,92,60,19,85,77,46,41,99,33,32,13,35,30,56,48,46,14,79,25,41,73,31,100,72,100,70,65,41,22,22,97,50,18,41,62,60,56,23,98,40,12,65,70,86,20,36,39,81,42,39,100,46,60,38,94,19,76,46,66,59,24,31,49,14,59,97,28,86,95,36,67,74,85,52,97,47,16,44,72,94,72,71,85,41,31,17,74,26,79,98,48,23,76,91,81,83,45,62,84,51,80,95,44,73,25,36,61,93,76,63,42,91,34,62,81,24,28,76,18,20,71,37,95,19,10,50,30,97,20,52,62,33,73,81,36,19,26,39,45,28,88,97,91,87,31,59,42,71,59,93,87,63,51,16,41,11,18,77,53,12,67,91,72,34,13,89,57,53,95,88,73,67,90,24,43,37,90,92,98,65,82,22,66,18,51
E237,87,95,20,26,17,46,58,49,47,47,61,26,70,43,18,37,96,87,72,48,63,61,88,82,39,48,65,48,86,17,55,98,69,50,30,10,68,32,49,81,93,63,35,23,94,18,40,44,35,38,91,81,21,34,29,11,93,23,65,12,70,58,28,59,53,13,64,49,13,37,62,79,48,10,61,85,67,30,30,55,96,69,33,41,92,18,26,23,14,67,33,58,49,29,72,33,51,18,61,14,97,86,63,43,69,72,20,61,51,36,54,45,40,42,65,86,87,96,49,76,11,51,72,18,75,21,81,73,76,20,71,68,14,87,71,60,34,33,88,29,36,66,34,27,36,54,24,46,29,39,100,51,48,47,98,41,33,46,11,76,98,60,41,27,76,35,22,65,80,29,96,58,80,77,32,70,10,75,62,95,93,56,15,30,18,38,64,16,74,15,59,15,81,38,91,20,100,70,44,91,96,27,72,43,46,77,85,86,80,79,25,58,100,81,98,80,40,93,49,74,47,31,63,33,57,12,47,19,25,81,51,56,61,54,71,64,22,12,80,30,76,76,40,43,64,82,16,87,10,58,87,54,51,42,55,94,59,35,34,50,29,51,33,63,19,50,83,80,33,58,75,22,98,16,50,92,64,27,53,15,64,58,80,15,34,90,59,16,31,62,50,25,58,39,50,92,36,71,34,94,26,36,47,33,87,17,12,10,98,42,73,63,61,88,93,42,50,87,30,65,74,13,79,69,39,15,83,15,83,90,51,31,37,38,58,34,24,42,52,44,90,62,20,56,33,33,100,54,57,51,23,84,93,60,73,50,72,73,64,20,65,44,74,17,45,30,91,24,11,12,90,11,64,26,25,99,80,32,36,57,77,64,36,60,40,79,66,80,83,36,21,92,44,100,76,86,17,48,45,82,53,33,62,58,59,45,56,69,17,94,29,98,62,94,87,25,49,75,97,11,42,15,57,43,23,29,72,38,36,46,56,16,98,56,58,99,34,56,37,92,77,47,71,63,32,37,60,28,29,76,75,29,97,89,58,93,17,69,25,39,50,70,86,94,58,62,86,88,47,41,51,60,87,55,98,94,22,39,84,48,69,51,86,49,39,44,88,59,67,68,81,70,92,39,68,18,95,56,33,100
E238,73,35,38,17,93,16,64,27,71,66,28,91,68,21,18,90,41,51,91,61,85,45,72,99,18,31,65,72,38,63,52,17,70,36,41,25,96,42,13,70,42,87,11,10,64,74,41,95,30,65,28,15,32,94,23,31,38,12,84,11,77,64,24,30,12,74,79,53,81,37,17,59,52,60,95,40,39,99,56,35,58,77,56,99,35,15,92,27,95,43,19,99,99,78,65,50,72,27,38,65,47,10,35,13,59,72,51,17,89,86,22,82,99,67,52,50,50,93,49,98,95,89,11,47,72,59,91,65,38,85,15,55,98,65,54,27,84,52,32,60,34,57,86,16,45,35,45,26,13,69,54,66,70,60,59,19,41,10,38,12,62,93,10,23,85,50,59,66,72,34,21,78,80,45,28,28,44,73,78,86,35,17,59,82,96,28,88,12,53,57,47,95,35,76,19,30,81,55,99,79,33,85,44,37,79,14,11,33,49,22,100,31,61,14,36,52,49,33,51,91,90,99,81,55,97,89,50,75,14,19,34,26,59,44,48,72,37,84,80,42,71,13,89,70,93,46,77,99,62,90,99,56,37,22,32,98,94,80,92,57,57,31,67,86,87,35,58,60,33,54,48,74,92,95,92,10,24,90,98,17,39,20,68,97,42,93,74,72,13,46,21,77,96,69,66,79,58,41,12,68,74,18,77,13,58,53,85,68,39,37,90,77,21,48,94,40,50,94,86,67,35,99,36,54,20,20,53,56,28,42,21,54,71,67,86,31,91,52,79,90,100,50,37,13,83,28,30,65,58,56,92,76,26,90,93,40,94,74,24,44,46,86,34,33,80,87,54,53,67,87,24,76,96,17,52,34,36,70,81,50,92,24,31,29,32,83,56,91,89,37,52,93,65,44,62,17,11,56,65,24,47,21,15,44,81,74,58,74,84,61,53,66,18,97,43,63,74,45,95,72,33,74,85,60,38,10,79,25,26,97,96,20,85,65,67,91,41,90,87,71,25,28,90,58,37,71,96,66,33,71,35,11,92,23,47,13,76,56,13,92,73,15,75,53,20,68,61,66,53,99,20,94,95,61,19,13,26,72,91,66,84,81,75,53,40,38,90,85,65,21,88,35,97,75,20,15,71,80,28,75
E239,41,62,68,87,63,99,99,24,27,11,95,72,83,56,82,72,12,89,34,30,23,44,24,80,20,96,79,47,39,87,70,98,89,16,22,73,46,12,41,89,66,33,33,41,45,32,95,93,21,50,48,37,79,14,12,68,26,95,82,27,36,63,54,99,66,87,77,85,23,46,65,81,53,65,42,86,33,29,64,17,42,32,23,71,29,56,45,14,22,42,81,65,22,28,66,22,40,86,13,52,34,62,26,65,19,66,73,20,96,39,51,36,76,93,84,87,17,82,59,90,85,55,83,47,92,60,86,59,29,82,29,48,11,51,81,94,16,66,40,64,55,60,20,20,75,92,67,43,16,71,98,43,88,85,97,19,25,56,55,35,89,13,25,55,83,89,66,34,61,47,39,51,13,92,70,15,24,90,89,30,84,57,10,91,55,15,76,63,59,20,10,87,23,98,65,56,14,46,90,91,89,35,83,96,99,77,16,54,10,48,49,31,21,77,50,24,26,16,41,92,59,28,64,52,38,36,58,52,64,47,41,65,82,42,92,32,10,67,57,46,28,51,54,31,41,48,98,82,41,100,26,45,20,51,96,60,74,80,15,94,68,28,80,52,65,10,13,72,38,79,78,89,51,12,92,92,25,80,10,95,52,20,11,57,24,99,20,83,36,20,100,46,50,11,49,24,21,90,56,74,100,26,27,77,28,50,74,55,69,100,67,11,31,82,81,91,14,67,100,24,87,91,57,63,13,54,26,75,56,92,100,97,58,28,53,51,92,76,19,99,41,63,58,62,20,78,81,14,16,88,93,97,68,29,45,57,87,57,51,28,22,27,27,23,52,57,61,97,34,23,95,45,94,43,95,13,44,51,97,65,74,43,72,68,51,65,30,58,89,24,46,32,30,92,84,28,68,23,10,59,85,71,61,67,50,53,90,76,41,22,20,17,78,23,31,34,44,78,87,41,33,37,59,47,91,52,21,96,24,79,65,51,88,76,91,21,69,65,10,80,95,16,70,86,46,61,62,24,38,17,35,13,40,54,59,28,90,32,20,34,53,11,61,43,70,27,96,13,94,90,85,57,78,70,61,11,96,18,99,91,30,21,40,98,38,16,53,69,95,21,56,23,86,56,88,38,35,71,27,57
E240,20,36,38,78,65,37,83,88,67,54,46,65,79,29,99,34,74,53,70,35,25,26,57,67,37,38,44,14,50,34,41,82,84,92,11,94,31,63,53,87,29,65,61,52,12,82,40,71,35,15,17,22,62,35,80,79,19,70,72,26,95,29,11,21,11,90,34,32,75,38,20,20,18,10,34,88,69,47,70,29,86,57,65,99,46,64,93,83,91,47,72,99,19,41,99,15,68,28,12,63,23,10,33,74,40,45,83,64,91,10,61,90,94,23,59,45,99,80,37,24,33,35,14,60,75,19,32,50,74,70,77,24,92,90,20,96,17,26,53,32,72,15,64,91,22,27,27,59,14,96,63,98,22,46,32,42,50,80,65,44,20,47,53,75,33,38,18,35,99,78,48,31,81,69,35,39,35,12,66,67,36,69,57,37,49,73,44,69,45,58,48,11,29,34,11,55,55,92,49,98,20,26,24,30,49,28,76,37,52,91,86,90,42,60,18,17,94,62,11,90,25,45,16,40,39,59,73,64,85,24,27,38,54,96,67,83,23,13,11,91,34,35,22,60,67,57,100,88,11,60,32,14,72,11,83,77,59,67,97,83,52,20,47,35,18,61,57,99,74,56,50,73,97,66,54,48,45,81,25,90,58,15,95,66,21,72,31,20,55,62,62,34,85,64,32,68,86,56,44,93,89,35,17,47,16,95,64,46,81,67,19,11,28,70,10,44,88,36,95,83,58,96,44,23,22,70,70,93,43,47,88,45,14,25,40,58,20,62,15,68,50,82,89,24,22,13,17,100,12,18,28,78,37,93,66,14,29,54,62,32,14,28,99,78,39,56,61,26,91,16,48,38,100,74,84,91,54,16,17,52,45,18,38,18,59,50,77,69,25,29,15,55,16,24,26,28,94,36,27,71,20,39,29,12,86,17,49,59,59,98,25,27,89,61,41,19,19,56,60,83,70,22,70,99,19,63,26,63,73,81,26,20,44,55,93,59,69,46,67,51,14,31,61,25,94,55,76,63,23,80,90,58,19,40,49,67,18,73,61,90,21,94,34,67,83,80,79,63,69,47,42,84,55,86,71,37,66,81,64,94,31,61,55,98,85,25,25,71,87,89,59,34,82,20,18,72,86,32,92,37
E241,100,79,74,75,39,45,12,95,33,94,90,57,74,59,30,62,37,78,13,76,58,87,31,68,40,26,24,11,96,77,68,40,70,67,48,32,92,47,49,41,50,64,48,75,10,71,74,83,42,17,60,26,66,83,38,15,53,69,86,59,49,39,80,80,67,34,36,46,100,58,30,30,46,100,61,45,44,26,78,68,31,31,38,22,90,34,10,45,10,10,91,52,18,30,88,43,77,63,88,34,52,12,48,87,55,35,65,93,46,16,40,55,30,66,14,37,96,90,31,10,35,63,90,19,38,58,27,61,38,83,79,40,74,45,98,33,47,79,20,29,17,10,81,87,54,44,21,38,57,28,62,26,30,75,83,100,75,21,12,80,55,15,14,14,86,22,86,72,60,52,69,86,47,25,16,56,14,34,22,85,73,20,20,24,68,93,10,78,72,81,28,29,39,75,52,52,47,73,62,93,74,43,69,58,71,50,14,98,91,59,35,45,42,69,11,84,44,46,48,32,73,43,16,71,61,63,45,48,46,24,16,58,25,83,31,15,75,91,49,18,100,27,28,28,14,40,79,73,97,65,67,36,97,78,48,27,84,18,75,49,58,22,28,27,41,84,23,74,27,48,56,95,22,46,14,62,57,40,47,15,31,89,33,60,59,73,96,37,23,64,67,78,91,54,13,49,34,73,43,46,40,18,86,67,98,56,43,27,38,84,68,29,75,11,23,81,73,12,53,32,75,42,55,39,94,21,24,55,77,68,15,68,86,20,94,96,43,80,99,23,98,96,34,87,76,30,84,75,19,90,10,75,60,15,48,44,90,22,54,85,38,77,52,16,85,78,19,76,18,45,84,58,99,82,63,44,92,56,37,40,68,22,50,85,70,43,39,39,34,48,36,44,19,25,90,74,32,91,56,92,23,45,78,61,98,42,13,28,31,85,43,92,74,40,17,98,29,92,28,11,48,76,66,31,77,67,49,95,38,93,88,46,34,98,54,81,59,27,25,40,90,25,78,91,44,20,81,15,71,24,91,66,81,16,82,81,78,60,57,83,76,55,48,19,73,36,32,34,47,92,30,52,25,35,74,65,25,66,50,92,50,63,51,18,68,36,92,96,89,43,31,61,29,14,92,90,90,64,23,83
E242,47,38,43,76,57,31,13,55,77,43,68,98,91,10,79,53,46,19,97,26,46,44,72,76,81,46,37,16,12,97,95,53,98,12,69,91,34,51,34,51,34,32,42,49,42,88,29,84,97,53,94,70,86,68,80,59,91,24,27,81,61,10,17,37,42,27,31,93,31,57,59,26,45,61,73,70,51,19,60,60,62,39,10,41,19,73,94,29,24,22,64,30,98,48,45,31,18,63,96,83,58,18,96,66,65,15,10,10,90,48,17,99,78,34,82,34,65,96,60,96,62,59,60,27,60,14,74,88,53,98,52,80,74,99,35,90,70,25,15,36,52,90,52,81,44,55,36,73,73,90,82,71,40,46,25,69,49,11,42,73,20,54,86,27,82,24,27,99,25,41,99,54,74,78,73,13,42,36,28,14,79,12,100,43,63,76,82,88,17,16,84,74,78,90,65,51,65,71,35,35,44,93,57,85,74,97,42,15,99,71,23,99,69,51,99,31,47,67,64,86,39,80,87,52,12,29,10,11,51,33,85,53,60,45,30,60,93,30,47,96,53,79,65,24,34,45,68,58,19,50,47,10,10,23,33,74,75,10,21,47,40,48,25,78,96,32,46,55,34,80,76,10,61,69,71,29,30,48,35,39,83,11,60,82,50,49,90,30,31,38,22,12,21,32,50,18,26,80,38,38,70,12,100,66,88,17,14,36,17,30,32,45,90,31,69,82,100,37,22,60,60,40,98,28,45,20,74,12,75,21,45,71,96,81,49,18,55,27,40,55,74,80,29,74,10,99,35,19,26,42,36,77,70,17,20,67,60,87,36,24,46,13,29,69,78,42,87,20,87,28,85,34,37,71,31,84,67,48,55,96,86,39,54,54,12,100,93,65,28,85,48,26,14,44,90,72,62,36,39,11,21,19,31,13,50,25,45,43,100,95,91,99,83,76,45,26,69,73,80,81,57,66,19,13,25,26,67,37,83,71,78,62,43,52,25,61,72,80,76,57,12,57,96,24,76,10,88,66,16,20,38,91,20,57,13,95,79,14,64,30,67,31,83,70,48,19,30,71,99,77,29,33,31,34,46,33,39,31,28,98,36,14,84,91,68,90,17,99,21,100,33,59,80,27,23,40,35,44,26,34
E243,67,42,100,38,63,28,27,35,85,77,33,71,17,12,59,64,28,88,45,34,83,71,91,31,43,27,33,66,83,34,47,64,30,94,89,15,70,53,29,31,66,71,53,77,75,77,67,25,46,39,98,60,53,41,96,84,35,43,69,87,70,16,35,26,76,79,47,16,44,47,65,56,65,53,82,99,49,79,91,40,59,71,84,26,17,79,89,47,55,61,23,98,29,100,25,12,70,52,71,83,18,90,81,79,29,64,64,97,25,70,17,21,91,38,63,40,54,38,13,10,43,92,65,55,97,30,30,87,67,76,32,81,12,69,50,39,55,95,86,44,75,31,73,19,92,58,81,26,18,39,39,80,55,22,58,65,35,24,75,43,83,81,39,46,25,34,48,57,71,16,81,23,73,70,50,97,98,37,47,36,38,70,46,70,89,95,93,84,45,50,56,38,13,84,57,28,90,70,63,23,97,40,80,10,17,100,57,62,40,43,67,45,98,99,40,78,29,81,74,27,52,82,87,70,78,56,48,55,54,50,12,49,23,50,80,72,92,86,13,45,74,16,58,15,61,69,94,86,32,45,100,43,87,98,39,88,26,34,21,81,27,10,52,86,16,48,60,79,47,15,74,98,83,47,10,89,43,35,43,73,44,72,89,72,82,72,76,29,63,75,64,29,47,51,76,34,19,97,47,14,83,24,97,91,66,24,44,71,32,66,14,40,89,35,85,56,44,90,85,81,93,41,51,35,39,62,27,29,89,65,72,69,51,16,65,35,71,93,98,88,37,32,100,92,53,57,43,83,15,42,24,79,49,56,74,61,30,35,82,19,35,89,59,73,66,49,41,42,96,90,23,93,44,58,66,19,73,93,11,18,65,48,51,31,71,36,54,28,90,87,11,18,38,36,47,100,39,59,85,48,59,46,54,82,46,42,56,16,10,48,13,23,67,67,98,63,68,57,27,14,10,39,49,83,87,43,97,18,24,50,26,87,83,30,61,47,49,16,81,90,42,22,12,79,58,70,29,46,13,95,37,12,52,98,94,93,42,64,56,80,94,73,77,66,47,92,66,65,74,50,20,82,40,28,85,80,65,34,33,68,37,19,24,90,30,87,81,30,92,83,80,76,40,75,10,99,45,24,62,87
E244,89,36,68,62,88,66,10,74,65,39,31,83,55,60,73,52,81,44,84,38,25,84,72,100,46,41,59,29,73,22,42,25,90,90,72,32,28,29,80,40,12,48,75,63,68,77,28,77,74,52,36,71,90,80,41,77,91,23,48,84,98,61,32,40,90,47,91,11,93,30,19,58,42,100,63,64,92,67,22,88,41,45,94,29,87,78,63,26,48,78,26,89,96,33,33,82,42,38,26,30,98,69,23,19,50,26,36,54,72,76,19,46,80,24,80,17,33,14,57,99,46,11,52,75,26,73,96,88,88,18,45,11,43,24,80,97,62,98,85,17,54,61,40,74,12,47,13,12,49,56,56,33,57,29,62,50,45,59,17,61,72,87,32,62,74,80,75,39,41,47,99,57,77,11,83,65,88,62,40,10,83,50,61,70,56,51,16,93,35,66,61,94,48,72,75,84,24,39,39,88,11,10,71,48,65,30,76,61,83,23,25,17,52,10,63,92,78,37,56,74,98,71,73,59,60,34,23,65,19,94,87,80,98,65,42,92,16,57,41,72,63,66,14,98,42,20,50,24,11,61,21,32,93,97,52,28,17,61,17,50,67,86,86,38,44,100,25,98,32,18,99,47,74,79,50,21,44,53,72,99,82,51,61,15,54,63,14,71,40,69,66,20,25,74,79,33,92,42,30,13,50,25,33,57,100,40,30,27,11,61,91,24,83,42,97,23,67,39,70,23,46,93,42,98,33,24,46,12,30,15,86,31,18,99,17,26,92,74,41,43,75,63,34,97,97,57,50,66,97,92,73,50,43,34,90,68,32,86,100,50,47,18,94,31,51,32,22,20,25,98,60,84,66,34,60,61,57,44,10,92,77,14,15,45,35,75,60,52,33,62,76,46,20,80,65,13,50,35,88,15,15,89,10,56,81,45,77,21,41,62,97,92,85,54,63,50,62,53,62,60,60,40,35,15,98,80,11,30,52,42,37,69,36,23,60,67,63,88,74,69,50,25,96,49,60,43,60,12,99,60,33,50,95,19,14,44,79,32,74,16,19,95,68,46,54,48,65,87,61,61,32,64,47,78,83,91,71,35,92,10,23,33,36,18,100,88,96,82,56,90,60,59,30,60,83,70,86,53,55,36
E245,99,59,12,62,45,83,60,92,27,25,82,71,65,54,74,77,61,94,13,100,80,24,31,54,25,91,100,20,37,39,89,76,85,73,70,32,73,16,83,43,18,58,80,49,17,60,96,19,56,71,97,34,64,40,55,62,20,87,97,15,65,28,92,79,34,59,11,14,60,50,24,23,64,74,11,38,22,43,21,40,92,69,57,92,85,28,64,25,92,29,64,43,17,43,15,66,84,80,31,94,13,90,64,34,41,22,52,94,17,62,91,71,88,31,63,44,31,11,97,67,20,32,19,22,35,90,76,69,25,30,67,13,76,39,84,68,24,91,52,35,48,74,67,22,35,49,90,14,98,78,34,82,69,55,93,68,90,20,36,46,89,57,54,28,29,57,73,65,99,51,10,15,69,45,45,87,22,46,30,33,39,90,45,69,20,84,99,17,53,69,42,25,67,89,36,94,32,20,92,54,46,48,15,85,81,71,43,24,75,27,62,24,87,87,75,86,10,53,28,62,83,81,22,46,80,76,68,19,11,62,85,53,100,59,33,51,19,48,60,54,77,84,100,33,97,60,89,60,40,19,66,71,69,99,25,76,21,39,13,58,25,30,21,32,62,74,40,42,30,37,99,24,83,65,64,96,15,15,54,95,75,72,95,48,84,90,87,92,49,55,41,22,23,13,29,84,10,36,61,60,74,45,10,71,49,25,89,94,81,40,75,66,67,41,25,77,71,82,79,66,78,18,19,23,37,33,66,80,94,55,90,80,96,33,19,14,64,30,62,20,26,59,28,46,12,74,95,89,31,97,58,13,28,96,61,96,30,47,88,92,79,73,27,49,85,50,74,17,65,87,56,37,11,28,16,91,37,36,18,96,53,48,25,39,82,35,75,55,13,37,68,82,73,11,34,51,48,84,23,56,73,51,24,43,11,44,42,48,52,91,36,72,60,17,94,17,62,70,68,40,37,10,59,61,56,54,63,33,21,28,58,22,34,69,20,60,48,12,41,29,44,81,68,90,98,35,54,69,13,15,14,69,18,22,65,83,20,67,45,22,81,66,75,64,21,92,100,45,80,66,36,21,46,94,64,10,25,16,42,66,56,72,56,34,19,49,92,40,11,94,20,70,18,23,15,60,52,74,34,77
E246,54,27,67,68,95,28,79,33,75,82,72,53,74,90,57,52,22,27,30,44,46,87,45,76,98,74,72,17,99,85,37,45,61,67,47,91,44,74,46,99,65,86,10,86,35,93,58,95,41,59,61,32,17,56,67,98,12,44,31,67,79,67,66,25,18,33,69,75,18,58,24,35,23,59,74,78,91,81,23,37,86,82,15,24,97,66,75,57,51,64,59,52,68,30,14,12,67,100,21,90,30,15,74,18,39,41,97,32,46,24,29,50,46,82,64,10,22,36,40,49,78,56,96,34,60,77,22,82,17,84,78,72,68,64,70,46,82,62,67,20,82,99,43,73,21,28,56,15,98,83,41,70,17,14,87,23,20,24,62,50,35,70,71,52,46,63,32,81,48,15,60,23,59,94,36,33,100,74,36,83,62,72,66,57,97,73,33,87,78,55,42,12,69,94,24,48,83,100,85,20,81,87,96,22,65,30,21,56,29,86,40,77,96,29,38,95,22,49,18,10,46,92,59,79,67,23,54,63,21,28,33,10,64,64,67,19,51,57,97,57,60,53,11,43,95,59,66,59,56,53,14,54,65,16,53,99,69,27,37,58,91,46,71,49,81,41,10,88,26,82,11,71,64,71,20,99,48,99,65,30,35,51,23,24,92,100,75,30,93,99,31,31,44,79,80,49,53,78,25,86,50,96,33,66,68,24,19,40,19,54,25,67,65,71,74,80,29,40,55,56,19,38,55,35,32,68,55,85,27,38,54,20,95,89,85,46,15,38,74,17,88,70,81,69,75,50,18,94,48,94,56,41,95,74,81,50,32,75,37,77,58,58,42,92,69,12,91,84,75,62,40,63,69,83,42,37,34,82,51,93,82,53,58,45,29,28,39,19,48,47,84,15,78,18,69,32,27,56,76,17,34,84,72,26,71,74,24,88,62,33,37,97,62,47,83,53,59,86,21,69,50,71,74,43,99,14,20,36,59,64,27,29,17,64,37,35,61,13,61,61,14,33,70,53,86,45,54,43,28,54,39,41,91,73,84,81,13,50,41,14,90,80,94,96,21,65,86,50,71,90,80,67,29,36,12,68,46,49,53,94,95,87,74,35,16,98,54,22,97,27,33,13,61,34,78,66,17,67,94,78
E247,21,54,86,33,19,77,25,58,86,70,71,52,27,93,57,90,67,46,60,43,20,55,69,42,79,11,74,59,59,34,20,65,46,77,90,87,95,56,88,39,53,39,62,25,17,41,78,66,48,80,67,22,59,42,48,54,61,96,88,13,28,17,15,52,36,41,24,64,46,11,98,16,69,83,100,59,57,75,82,18,47,82,67,60,56,97,20,82,10,22,71,45,83,86,91,38,76,34,69,84,67,74,54,70,97,13,74,43,71,17,66,82,67,67,17,13,47,28,55,95,29,69,58,89,57,84,99,51,39,47,93,100,25,16,69,46,49,38,16,34,91,32,12,80,24,43,13,20,76,45,24,81,61,100,48,33,28,35,57,85,64,13,54,36,98,95,98,82,63,98,30,48,75,89,72,51,46,75,31,88,47,76,66,24,29,63,40,46,30,63,68,28,44,37,71,21,94,47,13,75,33,81,100,62,61,41,97,21,80,85,30,84,10,23,51,42,47,13,18,48,11,23,52,27,98,51,98,17,37,15,96,16,60,90,43,59,42,99,22,73,41,22,95,35,53,79,14,86,88,46,100,98,53,99,59,70,91,30,58,77,20,18,98,22,13,47,19,42,53,99,19,67,49,85,17,62,43,94,65,35,55,20,20,46,98,11,22,86,16,76,48,81,55,37,89,41,18,37,92,81,84,50,57,66,20,97,69,93,86,99,48,40,62,53,51,38,27,41,29,66,39,34,68,86,25,77,11,33,53,15,90,26,95,29,64,60,56,28,79,93,31,61,46,79,23,41,94,25,29,28,42,37,11,90,43,83,99,91,58,74,50,65,96,48,90,46,95,100,20,100,34,26,32,17,71,19,15,79,42,28,55,58,55,81,84,29,79,46,74,76,100,24,55,87,17,65,18,84,26,84,29,32,19,43,31,60,49,76,45,98,69,98,63,43,18,69,40,20,44,22,17,74,90,77,92,72,78,38,49,61,22,80,75,49,54,33,42,41,46,97,96,50,28,48,39,61,75,10,20,72,17,80,36,79,69,84,70,11,14,44,98,11,79,52,34,33,24,70,55,69,55,18,46,97,61,88,57,45,58,11,73,61,93,78,28,35,23,91,47,56,67,65,25,24,16,29,33,55,20,47
E248,47,61,45,79,48,21,38,31,64,87,67,92,18,71,94,95,89,40,32,78,57,75,61,44,33,72,18,93,51,67,14,24,58,93,40,87,47,38,60,61,50,23,20,26,95,26,70,49,67,36,18,87,77,71,46,13,61,27,23,54,27,97,73,41,79,21,79,56,53,61,82,52,49,57,67,22,73,56,31,61,21,44,30,33,15,66,86,74,32,72,38,14,69,29,28,14,68,12,55,35,42,32,10,98,29,64,39,46,90,88,58,15,72,12,97,76,92,52,22,85,48,91,20,31,21,14,38,25,50,51,36,80,34,24,58,25,55,40,82,15,76,35,16,30,30,36,66,98,71,87,62,49,44,35,89,97,90,21,32,10,85,92,26,39,96,67,24,72,16,38,56,46,75,10,71,19,84,89,85,40,25,89,60,42,17,71,59,13,19,50,96,15,12,49,93,38,77,56,100,33,76,63,84,21,43,24,36,27,98,97,71,13,48,41,86,23,66,84,80,34,14,34,26,36,23,25,16,89,36,75,70,78,81,21,33,100,83,56,59,50,98,59,35,56,84,72,29,84,37,97,19,33,94,34,64,74,85,33,89,71,93,52,65,84,76,79,61,46,72,19,91,46,92,86,42,87,66,45,60,82,31,41,68,60,13,21,73,88,49,41,43,38,36,73,78,11,44,78,84,10,67,97,28,86,36,23,28,29,74,59,81,37,50,21,28,10,92,42,96,30,57,63,41,48,48,34,18,33,25,100,64,100,84,13,85,17,69,84,35,84,95,59,82,92,13,60,98,91,79,94,29,80,68,12,12,98,71,60,32,52,83,88,62,32,23,45,86,33,59,20,98,46,30,55,18,87,46,93,75,62,98,73,53,58,96,79,37,60,36,35,41,20,86,99,97,41,35,40,79,32,95,48,58,59,13,87,34,72,41,27,80,30,17,94,24,50,54,98,16,65,73,55,93,31,12,25,77,63,14,40,93,28,24,49,49,61,50,42,46,87,86,77,100,60,85,14,98,60,53,31,31,70,30,17,48,41,77,95,19,47,21,29,18,45,56,52,63,63,47,45,56,70,95,68,29,16,10,81,12,57,12,95,75,15,43,55,78,89,55,45,29,74,52,33,37,21,51,78,85,87
E249,76,34,96,26,28,48,30,80,43,85,66,36,78,59,63,60,18,63,13,19,14,69,89,49,96,54,11,88,92,79,55,43,89,85,21,56,70,88,55,61,18,82,51,70,33,23,99,71,76,87,44,10,29,100,58,98,61,94,72,97,61,50,45,38,77,74,51,34,74,14,51,35,35,43,37,29,58,53,92,74,80,33,70,62,74,78,25,54,11,90,78,74,55,16,16,31,86,89,89,16,72,67,63,55,79,27,78,16,92,68,28,73,40,57,79,65,66,48,28,76,14,53,76,77,65,82,23,52,14,34,10,82,21,90,40,70,20,31,78,40,73,87,14,15,12,29,72,34,64,38,68,91,85,38,53,98,79,84,46,42,96,21,43,40,69,29,53,86,74,42,84,45,98,23,85,27,27,75,82,28,79,95,52,14,32,71,45,98,86,43,16,62,100,14,60,67,76,40,69,15,39,89,35,87,59,81,73,63,68,22,32,28,34,68,38,83,27,30,14,36,91,17,69,57,12,92,56,70,17,27,64,64,15,70,82,14,32,88,76,15,68,80,20,30,95,20,61,13,49,84,14,25,81,93,85,30,63,53,16,14,39,89,82,18,56,58,79,35,49,36,45,67,22,94,25,36,50,93,23,34,85,55,100,87,28,73,43,59,80,22,64,29,10,29,65,76,74,100,37,66,21,54,71,21,44,12,61,87,31,48,73,25,24,28,41,53,22,69,39,53,83,52,72,29,49,46,87,34,68,59,92,34,18,35,19,17,79,57,91,54,65,15,49,84,84,20,73,60,54,47,94,92,89,48,18,67,70,66,57,78,27,39,22,64,52,78,63,44,68,15,32,64,13,20,65,80,15,42,70,44,35,62,84,92,46,98,58,81,17,56,46,92,96,61,39,53,100,45,20,51,41,15,50,34,94,77,65,40,71,69,31,57,37,86,92,30,82,18,95,48,65,88,64,77,54,19,28,61,72,38,85,12,77,90,65,85,93,42,95,39,93,77,34,72,42,15,30,56,98,51,32,78,44,100,14,94,17,38,90,56,37,28,44,46,50,66,62,74,78,41,36,51,21,60,60,14,73,71,34,76,64,60,68,34,69,75,78,62,100,79,100,59,67,23,87,68,23,34,33,11
E250,87,93,28,39,33,62,72,70,32,30,71,96,61,73,28,38,30,37,31,83,91,10,69,53,96,65,77,24,81,81,19,82,55,51,70,67,46,43,66,59,99,87,62,22,89,14,23,63,87,32,19,13,88,92,78,40,17,86,28,47,55,15,10,49,89,61,78,72,92,16,76,83,39,65,98,22,60,26,30,31,67,91,16,15,32,61,21,65,65,83,54,37,48,38,33,89,53,17,59,94,43,60,13,13,21,57,55,25,60,65,10,70,32,78,82,94,78,92,59,51,75,39,16,85,75,38,65,63,93,48,21,63,57,12,70,59,56,60,71,40,78,54,68,57,18,67,21,46,55,31,31,49,18,44,95,85,24,92,17,83,12,90,51,37,83,12,46,15,17,44,47,43,23,80,24,69,64,82,39,53,17,80,37,100,70,91,14,16,60,50,75,64,98,75,97,92,85,33,36,38,72,87,28,12,61,35,78,13,71,60,84,62,89,73,29,86,14,17,58,44,40,96,91,81,95,49,29,76,29,41,85,64,39,85,25,61,40,79,75,74,91,75,66,12,50,26,71,60,74,35,67,90,41,52,43,76,92,59,61,83,22,46,27,50,52,49,28,51,93,51,54,96,86,84,29,98,76,53,96,40,35,96,81,73,61,51,91,71,57,81,28,42,13,80,39,43,22,55,75,98,53,81,36,84,34,59,61,16,52,57,94,91,34,66,75,30,83,23,51,82,55,12,69,22,64,26,68,74,57,47,72,44,28,83,15,57,71,77,84,55,93,76,93,43,29,89,52,32,46,88,62,68,30,58,84,59,21,86,90,22,32,34,79,11,52,15,76,96,100,41,38,50,12,49,31,54,77,97,55,99,36,90,94,80,60,74,34,53,25,18,89,17,36,93,55,82,35,67,100,56,61,40,75,80,54,59,79,54,40,96,21,87,98,40,54,55,93,64,93,48,31,89,27,70,94,68,78,32,35,61,80,18,40,20,44,41,49,26,10,42,31,49,88,38,87,68,65,77,43,95,94,76,42,88,13,15,11,58,96,15,90,34,28,33,88,58,84,81,88,36,24,98,49,51,58,99,64,29,51,33,77,32,91,55,23,90,58,48,58,52,38,92,10,21,88,34,78,48,96,42
E251,13,49,67,100,67,100,55,21,56,31,50,62,59,33,80,76,50,29,55,38,15,32,21,62,71,34,78,10,48,67,62,67,70,79,93,41,87,17,20,74,36,99,77,46,45,17,39,98,89,17,22,16,35,90,47,88,16,33,32,52,52,86,17,61,18,77,81,100,70,27,26,37,91,90,55,93,39,16,38,38,62,71,84,80,41,31,75,96,82,22,59,63,20,26,59,92,76,23,24,90,78,33,93,49,83,99,34,29,80,96,37,30,52,51,68,93,47,47,49,52,90,63,84,40,57,78,38,57,42,19,17,100,35,31,65,69,80,80,68,86,64,100,63,25,25,40,10,22,42,46,48,47,24,16,49,81,63,77,89,12,64,38,68,60,60,18,43,42,99,77,85,16,59,50,84,39,68,89,38,10,18,37,97,96,22,17,52,68,23,65,82,87,48,38,82,21,100,77,51,59,81,65,70,48,93,79,93,46,67,52,76,60,28,21,77,72,52,46,97,12,91,65,50,72,10,100,29,29,47,52,81,54,29,68,73,25,40,11,93,54,88,70,64,23,79,93,14,24,56,94,57,25,36,34,47,22,31,35,98,18,55,16,96,36,41,70,92,72,71,95,97,42,70,48,65,70,40,76,87,63,12,11,16,34,26,14,58,60,39,19,90,99,70,97,69,24,97,26,29,80,16,48,100,46,26,45,25,58,63,15,72,31,86,89,75,85,55,53,34,46,52,72,54,60,77,38,47,77,33,92,28,67,71,77,86,35,43,77,42,91,39,35,37,34,61,28,44,75,83,16,10,12,22,86,13,83,36,81,70,93,62,96,94,93,20,90,94,49,69,34,36,33,99,26,17,95,61,95,35,91,38,83,88,57,94,38,45,23,10,40,43,55,54,98,54,17,23,43,53,36,17,96,72,94,93,90,37,16,13,32,27,85,10,16,95,66,66,41,71,94,94,65,51,57,57,14,46,49,60,33,32,11,96,34,61,87,86,85,52,70,54,41,76,15,92,32,87,84,85,23,100,33,91,12,26,76,16,30,19,39,32,97,61,45,100,10,20,23,60,63,27,75,89,29,66,83,92,97,40,100,17,79,21,96,55,51,55,14,69,81,64,22,41,96,16,77,51,75,100,56
E252,12,96,16,24,97,67,64,83,31,14,98,84,89,15,69,30,68,79,10,89,11,92,75,56,28,53,82,46,62,35,14,77,83,64,49,65,83,58,33,46,34,45,24,40,43,89,82,87,28,52,55,47,85,55,83,57,32,81,88,29,21,65,72,27,26,99,41,48,13,32,80,68,85,94,56,68,34,64,40,91,68,50,87,82,51,38,27,44,58,59,80,85,61,73,58,98,19,37,62,20,68,39,62,82,100,62,53,42,17,90,35,51,65,75,68,48,27,88,19,27,84,35,12,47,35,21,20,96,98,39,14,21,28,19,55,56,15,14,24,70,90,83,30,27,51,64,62,93,44,19,77,71,43,29,87,45,80,80,14,58,45,91,96,15,60,76,51,79,11,94,90,59,98,86,81,44,40,48,91,85,56,87,71,86,55,76,31,96,40,29,48,70,18,21,44,65,26,90,67,70,28,10,79,96,16,68,92,85,48,79,35,50,57,34,79,20,11,60,65,60,21,32,80,23,58,45,25,38,33,98,13,82,99,97,60,36,91,50,79,98,68,83,29,19,28,89,52,88,21,64,11,39,82,86,80,86,95,79,86,13,56,92,31,22,53,27,57,70,47,24,88,33,29,84,20,50,35,44,90,65,20,88,21,86,78,67,77,68,52,81,26,67,34,52,97,62,32,36,32,59,24,14,11,33,70,14,35,25,98,49,48,30,54,100,24,17,24,96,21,15,86,11,10,56,36,90,66,16,94,82,75,95,58,96,94,25,71,26,87,32,79,76,37,27,26,93,84,77,41,72,47,63,19,32,31,13,69,16,67,36,19,89,72,18,71,51,100,69,60,33,75,37,66,87,58,73,56,58,61,38,99,68,60,40,67,35,34,52,42,69,28,45,13,18,77,86,18,56,89,100,89,22,11,81,97,53,63,91,78,76,58,24,52,57,57,34,50,19,40,51,96,83,30,17,68,60,63,72,86,76,98,76,89,85,62,75,42,27,73,52,81,47,96,90,59,60,91,26,35,48,44,86,60,33,27,68,79,70,59,20,76,99,71,10,54,71,13,77,25,17,84,19,36,48,35,48,28,84,63,63,49,37,22,29,24,74,91,79,51,24,77,29,21,94,61,43,28,16,11,16
E253,87,10,85,78,67,96,96,78,58,86,66,30,78,10,88,86,57,67,77,97,24,12,22,10,40,57,41,17,43,77,43,71,62,85,73,100,34,86,71,25,61,47,72,89,88,11,89,73,46,28,99,100,28,41,56,14,31,82,25,34,90,89,38,93,97,17,33,37,84,30,100,82,18,48,82,64,69,40,37,21,15,61,12,11,84,60,29,21,56,84,93,91,44,79,14,51,76,65,97,85,23,93,88,51,58,40,83,35,91,74,93,62,53,23,60,14,42,78,90,61,83,24,30,88,16,64,52,99,78,32,79,33,24,22,38,55,89,25,90,60,23,34,61,54,72,11,51,84,47,99,80,31,98,86,31,88,76,42,68,80,34,53,11,23,62,85,38,87,96,40,35,92,65,22,51,82,15,68,33,65,64,92,92,100,95,71,18,62,27,95,50,59,29,58,65,55,71,78,23,59,57,68,46,57,75,12,28,74,92,26,45,15,91,27,97,22,14,20,85,96,32,34,69,16,29,63,60,83,96,23,86,24,56,72,31,59,53,30,94,91,22,98,36,65,54,97,99,30,43,36,82,48,36,52,64,92,79,93,42,100,12,14,61,100,54,100,78,58,19,53,74,42,39,53,81,93,97,25,49,89,18,97,74,77,91,28,47,36,65,100,72,55,98,96,81,14,15,59,62,30,31,72,73,20,98,29,23,11,31,16,92,72,48,41,100,26,21,17,53,65,88,100,14,25,66,23,61,44,57,44,47,25,22,100,32,53,19,67,37,76,92,45,20,92,72,57,13,94,33,28,71,79,38,95,23,25,59,83,53,28,41,56,100,87,100,34,82,31,93,31,17,84,17,38,30,45,17,13,67,31,97,95,23,27,23,76,67,80,51,47,92,32,71,10,32,12,85,48,51,53,68,42,99,64,35,89,82,12,47,40,38,24,96,64,81,28,13,68,66,76,57,31,67,52,41,27,14,60,92,22,34,48,25,87,31,100,68,23,34,38,82,68,94,43,53,14,30,25,47,56,40,23,21,57,82,70,48,88,70,81,91,65,98,91,63,46,35,88,23,37,33,61,19,46,56,53,17,86,31,50,45,10,77,39,48,54,19,28,82,22,93,89,51,79,91,70,15,87,53,32
E254,65,36,58,92,33,66,44,32,27,51,81,50,37,83,63,40,53,13,29,84,83,77,37,97,95,53,52,71,10,90,77,95,67,43,67,62,51,27,77,61,81,36,97,79,43,35,30,45,71,92,64,21,18,49,38,43,38,75,38,40,57,13,62,77,82,71,96,93,45,47,96,42,64,81,95,68,25,67,45,87,10,88,95,51,50,30,88,79,10,67,21,72,89,64,100,56,36,33,18,66,91,10,85,24,23,73,70,92,79,62,95,46,87,98,60,49,58,51,76,94,75,88,48,87,28,19,96,49,73,57,78,51,66,17,42,13,83,86,95,30,60,45,91,36,60,88,93,14,26,57,76,50,52,33,54,18,62,25,28,84,51,46,13,21,67,87,100,57,56,82,76,91,87,81,40,42,34,71,15,31,46,18,15,54,31,74,40,56,88,62,41,35,17,16,39,66,43,25,73,32,71,19,42,71,68,80,13,89,60,11,33,99,16,19,55,81,23,33,90,76,70,16,47,67,83,100,96,34,26,12,98,12,26,45,29,64,91,99,36,60,41,33,60,19,76,45,68,65,11,58,86,94,40,73,23,98,95,31,23,80,38,50,36,79,45,24,32,66,38,25,13,63,34,81,22,52,25,76,10,100,45,85,96,65,37,70,71,15,95,31,73,16,13,90,32,25,10,13,94,53,80,13,84,87,77,31,59,30,64,62,50,63,81,14,46,28,79,55,11,35,78,79,57,38,65,70,19,68,59,50,36,44,70,39,76,41,56,32,93,23,47,91,18,77,92,14,93,43,98,69,23,75,79,39,13,39,100,98,23,14,23,20,31,69,43,73,14,94,50,47,17,95,87,77,51,90,60,68,15,58,33,20,57,42,42,60,47,71,87,69,61,23,79,50,71,90,47,40,74,65,62,26,55,16,31,74,45,51,21,79,92,20,74,53,40,75,18,93,32,43,41,81,97,35,21,23,44,23,10,15,86,98,54,69,77,30,84,44,96,21,98,99,89,87,70,61,50,98,40,16,94,43,77,30,68,98,27,21,53,54,15,34,85,91,65,99,74,13,25,18,62,81,28,19,79,68,42,14,59,42,82,29,31,15,67,41,57,94,90,57,60,26,14,26,97,93,26,84,42,83
E255,46,57,22,34,90,19,86,79,84,45,95,91,94,77,49,71,90,99,96,95,15,100,70,18,100,73,40,12,95,33,20,55,61,13,23,36,85,85,42,70,61,53,88,75,45,54,68,61,30,18,99,90,15,93,50,30,13,65,78,25,11,63,85,63,23,34,80,66,41,96,93,46,38,51,71,19,99,21,12,26,39,49,66,68,98,16,45,70,27,95,83,16,30,34,76,79,22,93,37,82,37,67,27,82,86,79,24,81,72,60,41,31,29,93,22,16,77,21,45,43,15,86,37,12,62,82,97,44,79,32,71,26,95,20,42,74,46,59,40,47,60,32,67,70,21,42,30,54,48,59,97,41,39,16,73,26,70,93,37,18,27,53,65,82,59,59,22,46,60,87,55,60,24,42,31,96,60,63,92,91,92,17,50,39,34,82,31,11,36,38,10,12,86,78,86,78,88,36,85,61,24,52,72,49,47,38,43,26,80,77,22,92,25,75,49,61,98,97,33,84,74,99,93,32,11,24,16,72,26,32,94,78,69,24,20,62,46,77,76,93,72,80,96,87,78,39,38,92,72,39,33,13,33,55,36,52,39,88,63,50,95,46,10,32,99,69,78,62,52,97,63,15,73,45,19,63,78,76,20,90,19,39,46,62,82,76,45,21,89,80,53,57,35,77,83,39,22,96,93,72,53,91,17,90,11,84,52,62,90,20,43,81,78,12,94,19,85,37,89,45,35,47,86,40,77,71,20,39,42,48,40,82,24,53,94,86,37,92,62,73,55,39,55,89,43,65,49,50,71,55,33,100,64,30,25,91,90,34,37,80,95,71,89,61,10,28,11,49,24,51,53,92,77,41,16,24,95,86,22,99,62,47,65,38,25,33,18,29,78,41,93,38,20,10,100,88,16,92,60,85,28,85,50,24,27,91,44,97,93,88,11,85,32,91,96,18,76,87,15,17,95,13,84,18,41,26,57,34,19,23,29,85,16,98,42,69,98,31,69,11,11,40,98,93,23,74,55,19,34,31,56,95,13,56,40,13,38,43,61,53,75,51,56,56,13,32,46,39,65,14,49,23,23,14,41,66,95,42,15,81,64,16,16,47,91,51,25,27,59,100,64,44,86,71,81,100,44,48,96,38
E256,71,59,24,14,84,29,56,82,45,46,57,30,78,66,85,96,91,23,44,76,76,19,94,36,48,22,57,72,85,22,88,27,85,20,32,64,81,44,72,99,24,59,90,72,23,19,14,15,67,88,81,55,19,83,32,92,23,78,17,44,40,84,85,65,84,30,90,72,25,67,65,84,35,42,37,24,71,57,28,38,14,35,57,95,29,63,99,11,33,45,74,65,87,58,62,40,94,54,73,35,49,63,28,39,33,96,21,60,77,31,46,22,84,66,52,41,37,27,81,45,14,84,38,87,42,28,41,56,13,36,39,34,64,51,62,45,21,79,25,59,29,36,10,86,31,67,15,73,75,91,96,93,59,78,86,20,15,97,11,81,69,30,87,33,42,27,84,83,84,16,58,35,83,63,72,67,38,86,32,93,38,93,33,91,52,25,25,31,63,74,96,37,40,21,66,99,46,39,15,21,72,19,82,86,18,15,62,51,18,99,70,48,53,80,15,88,87,70,48,20,64,46,88,32,67,39,13,53,54,84,36,24,88,46,26,62,17,91,28,23,80,22,32,85,85,56,93,69,75,55,80,88,10,14,97,19,63,67,81,12,66,36,87,53,61,91,28,38,79,22,31,70,97,73,79,44,16,24,60,81,74,99,88,71,28,97,67,49,78,55,58,20,38,59,59,30,62,32,81,66,34,47,46,79,69,60,26,21,82,96,76,26,19,20,96,29,22,73,74,53,85,11,95,99,22,27,61,94,11,28,50,37,30,44,80,47,12,54,84,85,25,42,73,13,85,29,60,57,17,58,45,79,29,35,96,73,87,58,22,98,38,57,72,76,33,62,20,98,81,34,30,83,46,20,19,21,62,77,64,59,91,88,77,87,13,82,49,86,54,100,19,65,75,16,48,12,54,15,100,88,31,100,30,72,67,31,78,60,65,41,46,55,91,39,14,11,45,73,15,38,25,83,46,98,23,58,48,44,43,34,39,51,80,48,33,48,65,66,17,80,45,100,50,11,45,40,72,35,71,18,94,26,51,60,83,79,20,22,11,100,42,70,91,47,78,53,40,23,75,26,48,99,63,99,70,17,23,68,74,81,22,39,55,90,43,37,27,20,78,19,26,63,47,24,54,15,68,88,52,62
E257,72,56,91,91,69,64,82,18,98,32,15,23,38,52,75,37,47,30,28,83,75,28,58,97,86,62,22,85,93,51,90,31,52,42,57,77,66,27,74,22,34,65,26,28,66,64,69,83,31,67,83,15,95,53,42,19,37,34,24,66,85,46,64,29,41,77,40,97,62,90,36,62,83,10,53,10,72,38,18,49,44,22,28,13,47,66,48,61,41,86,52,33,42,61,90,93,59,34,28,20,59,12,36,74,10,76,10,67,37,60,92,94,51,22,20,36,35,30,68,44,43,87,70,91,57,15,25,49,77,33,21,74,78,15,99,82,66,88,14,91,18,44,41,73,41,56,67,44,11,11,91,22,27,29,64,38,39,95,16,13,19,87,31,85,81,77,15,89,28,80,75,98,26,14,15,55,52,13,79,55,60,88,21,74,66,99,96,57,88,91,43,58,33,63,19,37,31,29,23,65,77,33,78,11,96,81,20,58,32,22,70,40,12,10,30,68,18,40,46,65,26,52,41,78,45,46,38,65,65,52,28,17,42,23,10,32,61,76,12,38,41,14,91,68,58,88,55,15,12,81,69,31,40,36,98,82,57,23,70,78,100,92,81,12,18,43,36,19,32,98,29,27,78,74,24,87,80,26,60,46,100,26,54,77,29,64,29,45,45,94,77,60,34,86,90,75,100,66,70,22,50,58,52,25,17,15,25,76,10,39,50,64,70,98,29,21,52,33,45,12,83,38,100,78,40,55,27,73,50,61,20,67,20,94,35,83,68,97,88,98,58,72,26,69,67,11,44,20,33,51,61,29,43,75,67,76,19,86,87,35,55,70,31,55,62,94,41,72,11,15,74,29,50,25,30,34,78,18,85,60,33,64,35,93,39,64,54,37,96,76,45,72,69,67,40,40,93,59,30,36,46,32,90,54,94,29,78,86,64,64,10,61,43,67,53,37,29,54,97,55,68,36,81,26,46,12,67,85,99,34,58,52,33,74,86,84,74,79,99,56,91,51,15,56,84,30,97,15,60,36,41,72,17,59,92,68,89,24,13,45,27,81,51,50,72,88,81,71,35,29,25,61,29,81,32,37,13,78,78,95,14,100,39,56,57,88,80,81,67,21,43,31,25,88,31,39,64,43,59,60
E258,61,17,46,98,57,80,86,42,52,41,29,79,44,38,56,67,75,99,77,43,68,24,57,98,45,24,56,87,73,10,93,55,42,20,38,49,54,39,14,48,55,92,39,40,99,50,65,63,100,57,68,28,64,97,33,55,62,31,60,55,78,52,83,59,28,94,52,60,94,15,75,21,10,81,51,66,80,74,16,11,49,55,85,74,75,84,35,45,20,86,86,60,18,67,95,62,46,44,40,26,87,10,70,62,51,81,26,42,100,46,78,85,75,72,69,44,82,81,53,42,78,55,17,61,69,95,75,18,42,47,65,44,96,84,47,92,55,85,86,29,43,80,92,54,86,95,95,25,15,65,20,54,94,39,45,38,39,61,59,70,23,95,32,80,77,20,16,97,66,83,19,12,76,42,75,27,48,23,73,82,46,58,97,57,33,33,54,59,60,31,88,56,32,96,36,10,98,56,38,10,54,20,39,32,73,11,74,72,33,51,96,97,48,61,60,29,31,39,15,79,75,59,24,52,76,82,30,52,16,70,21,34,34,35,86,53,86,97,69,50,26,37,56,68,84,59,57,84,36,20,49,87,21,68,16,69,70,55,92,69,45,14,89,38,59,100,10,33,48,28,14,19,21,85,66,96,14,27,50,59,28,37,58,49,15,62,36,75,62,36,64,11,57,71,48,70,15,66,62,70,16,41,20,15,15,99,52,25,24,20,95,31,72,68,65,23,35,75,61,68,28,84,38,91,81,93,35,97,95,55,80,65,53,56,78,100,18,26,74,44,78,95,51,52,14,51,65,41,57,100,38,10,98,62,66,76,66,38,81,47,19,19,13,91,66,35,94,49,28,85,45,58,46,19,21,72,24,39,82,34,79,60,37,17,74,96,56,74,27,54,83,28,89,76,28,76,25,30,28,76,18,64,24,96,78,31,94,37,36,31,82,42,94,24,83,45,59,10,99,10,71,80,93,52,23,76,23,51,68,72,56,14,44,21,23,89,11,51,10,73,76,37,24,31,60,87,31,27,35,83,64,62,79,71,95,26,84,36,62,41,25,71,75,65,79,17,80,94,74,99,76,81,26,93,37,88,17,16,55,28,30,40,75,83,30,47,19,30,91,57,63,34,68,42,71,61,28,65,63,18
E259,75,48,15,91,73,99,16,78,73,95,34,68,18,22,58,19,72,42,25,41,56,98,92,29,67,10,12,77,70,75,11,37,33,46,10,97,84,71,23,63,33,77,40,45,73,53,49,78,12,10,28,88,21,44,65,73,31,62,11,79,81,63,17,19,59,13,71,27,33,36,75,86,67,14,79,89,53,28,15,90,96,88,100,75,23,24,91,49,89,16,92,15,21,80,67,21,17,87,24,33,91,63,93,66,60,19,79,24,81,31,77,98,98,34,95,21,11,98,36,22,83,36,86,81,90,93,19,11,97,40,51,71,49,24,33,37,18,52,94,73,67,10,72,38,39,10,19,91,89,33,80,72,90,92,27,88,19,41,24,15,38,21,59,34,13,90,86,79,46,16,74,64,36,15,99,97,86,90,41,61,46,95,50,81,80,53,64,85,34,45,43,14,66,74,78,51,78,63,95,23,99,100,78,86,41,25,82,29,84,35,20,84,98,75,26,64,93,36,15,34,53,86,82,43,97,10,97,23,29,39,65,22,64,60,14,36,38,41,82,67,96,84,97,11,99,50,96,77,74,62,21,53,63,100,100,52,35,93,22,27,36,47,19,52,72,71,53,10,24,42,96,98,92,99,44,25,62,82,98,82,38,14,67,73,99,20,31,35,32,25,31,66,56,90,14,83,100,27,44,47,74,73,92,97,95,36,71,33,28,68,70,92,15,92,21,51,56,89,14,16,97,51,35,72,64,92,22,39,14,99,81,23,65,66,72,95,26,99,13,100,74,10,89,59,44,83,30,97,71,22,58,69,29,100,87,63,83,25,38,59,16,82,50,90,36,88,36,44,87,33,37,10,60,70,86,47,63,67,37,35,18,59,71,19,91,83,78,79,49,60,63,24,39,40,83,27,63,29,76,86,25,96,76,35,71,79,89,53,33,58,45,88,27,92,57,95,42,57,33,99,55,27,42,19,58,19,59,59,41,74,72,33,40,82,55,20,71,98,44,50,90,18,78,44,77,19,40,28,96,65,69,92,35,36,42,46,25,63,79,36,66,81,91,85,28,60,56,46,87,56,30,72,84,72,24,97,91,35,32,13,97,35,18,38,39,24,10,41,36,67,41,39,59,21,85,19,37,49,97,39
E260,25,65,86,24,71,37,34,84,78,78,40,31,54,51,16,22,19,80,95,57,29,79,68,72,59,96,40,74,27,52,35,14,70,69,97,100,64,10,22,39,31,63,78,44,39,23,20,90,45,86,11,63,15,44,58,69,89,41,32,34,62,70,12,57,41,63,91,23,98,12,52,24,92,90,57,21,35,43,88,17,68,28,77,31,55,52,96,20,49,59,91,82,15,62,21,52,95,40,34,89,89,60,24,34,39,22,68,33,52,35,36,88,73,91,24,82,17,29,99,27,93,37,35,34,45,79,43,92,65,12,17,64,15,36,10,11,78,59,38,75,63,43,85,91,88,84,31,73,88,28,43,26,92,77,97,87,99,80,23,74,57,97,59,16,87,23,97,79,87,44,43,32,13,60,82,27,91,56,59,56,26,87,23,84,35,10,57,99,58,71,97,52,23,43,68,32,64,97,73,79,82,17,45,42,31,29,11,89,66,60,81,81,42,75,22,84,99,12,34,37,18,69,99,23,76,15,34,97,56,23,64,43,56,42,60,51,38,38,88,96,92,93,85,19,60,13,37,69,92,98,36,98,23,11,32,57,94,25,20,98,67,36,50,35,70,73,71,100,20,33,49,88,26,14,75,51,50,53,49,55,88,56,11,47,20,81,21,15,94,95,72,57,45,41,78,92,69,98,11,84,74,94,35,73,80,37,29,21,83,79,12,12,87,38,66,38,75,95,90,17,40,41,81,94,39,70,25,35,33,72,82,15,36,99,97,39,31,31,53,97,37,90,15,48,87,18,14,12,78,87,24,46,95,56,75,98,30,35,13,95,95,80,59,12,59,48,98,29,67,71,28,57,83,45,72,33,19,47,23,33,72,13,31,90,28,82,96,54,94,94,69,92,27,79,58,52,52,88,13,31,67,100,60,67,24,93,62,74,51,76,17,81,46,98,76,87,24,70,28,75,60,44,57,54,20,75,76,18,46,96,36,98,18,35,40,30,80,29,89,21,99,90,19,90,70,19,17,67,34,17,50,53,94,57,48,23,91,41,84,81,20,72,22,44,64,44,31,21,34,87,68,48,27,42,54,74,78,96,76,28,26,66,96,17,95,73,38,43,35,38,32,72,96,29,26,26,14,41,88,16
E261,94,77,69,58,94,67,30,51,46,96,49,84,23,66,85,31,27,78,17,37,57,23,45,55,80,60,26,46,68,51,68,43,13,88,65,24,63,74,58,33,100,66,92,68,57,90,64,46,40,45,59,81,26,13,66,30,56,21,11,43,37,42,92,65,78,43,55,62,81,60,12,94,95,10,48,27,67,43,89,82,81,62,21,40,91,38,69,13,75,81,98,13,43,90,14,44,56,16,61,96,71,39,62,35,31,96,49,33,11,36,65,59,67,24,43,76,28,14,18,64,92,52,71,64,32,74,99,50,72,73,67,100,35,81,100,19,94,38,46,25,62,46,33,73,25,62,54,92,71,19,88,34,90,30,78,95,99,42,47,35,79,27,67,79,56,95,88,58,75,39,19,70,45,79,30,73,58,98,80,25,17,19,47,89,79,26,10,28,33,53,90,10,66,77,98,98,86,52,62,55,23,78,57,19,63,58,96,35,42,94,29,56,51,43,34,84,96,46,19,72,10,53,33,77,73,36,12,20,44,59,80,30,18,28,46,91,93,36,94,29,12,85,41,18,99,94,69,37,79,80,13,27,94,26,28,73,75,61,82,26,29,87,30,39,95,14,15,41,97,22,87,20,11,30,64,93,56,46,26,18,48,58,73,64,23,59,93,42,71,28,89,53,41,89,40,81,92,42,32,58,46,17,14,74,76,71,97,88,20,67,48,33,10,70,56,32,51,58,41,60,35,100,77,95,11,34,18,12,63,33,21,38,99,98,90,17,82,87,91,63,60,30,31,85,10,63,39,95,48,71,99,10,25,94,40,61,39,54,30,73,95,70,62,45,33,65,45,86,35,82,17,92,66,18,38,26,87,96,71,53,40,39,53,72,36,96,58,25,16,57,10,78,48,99,43,16,58,76,49,49,36,54,21,14,81,63,97,80,41,95,78,54,80,57,22,30,92,87,88,12,63,55,15,15,21,52,91,87,52,81,87,31,90,80,77,65,65,98,17,86,53,58,32,55,82,76,37,93,46,83,89,96,56,61,63,62,37,71,32,46,39,79,16,51,94,95,74,14,92,34,67,62,65,57,91,13,71,75,39,96,49,41,42,81,35,76,36,45,77,37,10,38,66,23,31,52,98,81,46,98
E262,55,47,40,19,99,37,72,45,33,17,26,95,92,79,26,75,20,90,14,75,97,80,91,49,40,78,41,32,97,90,21,100,34,28,20,41,93,21,83,18,12,91,69,56,33,98,71,81,89,60,28,77,79,46,71,74,97,25,99,53,77,85,61,81,54,87,42,29,21,72,99,90,30,63,100,90,14,75,30,22,36,90,50,87,20,31,82,30,98,39,25,11,68,74,46,62,65,99,87,91,53,58,100,23,66,21,78,30,37,31,73,36,80,81,26,93,70,100,82,70,45,20,41,82,93,94,66,39,19,90,73,73,10,58,66,51,64,23,49,83,96,14,46,96,75,50,79,47,56,94,27,24,18,30,89,49,45,36,54,44,13,17,65,30,100,21,91,98,73,45,78,77,21,86,12,88,59,13,72,60,17,47,93,55,63,55,17,24,59,41,80,95,54,70,41,18,88,90,62,78,47,68,98,12,80,23,44,97,55,14,74,27,95,37,67,79,40,74,56,31,58,36,98,56,99,35,30,54,65,53,79,82,83,37,96,25,66,36,14,85,10,19,100,89,19,38,48,65,79,96,11,16,97,39,62,89,21,56,53,45,28,64,17,30,65,72,60,90,96,18,53,21,81,94,18,84,41,41,21,95,16,44,39,42,68,45,59,51,89,21,37,21,63,34,75,21,32,80,94,79,62,19,45,85,78,10,84,29,48,80,86,76,53,43,55,73,49,83,85,81,89,44,68,40,80,74,17,94,33,55,48,43,44,12,79,63,89,86,21,87,71,66,54,56,95,50,58,71,70,87,42,27,13,44,82,13,84,11,89,57,83,47,92,47,42,49,17,56,65,57,56,97,54,18,88,73,24,72,22,78,27,39,25,34,95,12,15,72,78,25,56,99,27,72,66,94,79,72,16,31,26,58,92,77,93,55,45,17,26,72,70,26,39,44,75,99,88,17,99,28,58,95,29,23,81,19,86,81,85,30,48,13,93,70,73,79,64,51,96,37,80,59,92,40,63,49,50,78,95,89,50,44,89,64,70,24,61,12,77,89,12,61,45,70,29,48,94,28,26,98,100,20,38,25,99,50,52,13,98,82,16,30,34,10,67,55,10,43,98,87,24,62,80,47,28,64,16,42,10,78
E263,94,88,88,90,69,55,40,40,62,54,82,81,88,61,48,98,41,30,31,48,82,16,18,68,84,36,58,38,53,48,69,15,47,17,76,16,62,40,85,27,94,75,31,40,78,33,61,65,45,61,30,20,33,89,84,90,82,49,43,51,16,70,81,43,94,86,10,27,89,61,56,87,20,71,63,20,26,22,48,37,17,10,30,74,37,15,59,90,59,91,76,62,98,31,98,40,74,23,26,67,69,54,78,49,37,13,90,76,76,32,44,24,45,23,39,64,87,83,74,67,85,13,94,42,56,49,64,47,34,73,41,77,99,98,98,21,61,72,46,73,90,49,30,73,58,79,57,52,20,48,58,22,29,95,47,47,60,55,74,10,74,65,80,29,24,60,90,24,34,52,30,96,59,49,29,55,88,23,52,100,94,47,35,35,84,70,43,78,99,13,78,100,100,73,66,10,98,14,61,88,19,95,74,44,38,47,53,21,72,83,95,32,82,62,78,72,66,27,82,18,80,77,47,43,34,66,59,58,29,69,69,28,75,59,47,12,91,84,37,28,30,40,49,89,28,64,74,23,37,28,30,42,21,23,81,97,94,75,97,38,28,47,53,28,91,59,53,58,30,77,49,14,77,81,68,64,95,46,72,48,87,47,64,53,86,55,83,36,17,16,65,87,77,53,81,81,66,25,37,76,24,23,22,77,47,45,86,98,90,31,35,39,64,51,50,14,75,24,57,41,42,25,36,14,23,60,66,31,52,15,69,38,91,83,35,19,100,76,34,65,51,22,54,64,28,36,77,73,16,98,71,95,10,37,36,65,82,30,30,96,44,98,83,49,67,98,29,79,95,58,56,10,24,93,76,79,53,15,57,41,57,44,56,31,56,56,36,61,32,100,31,81,13,85,37,68,56,20,43,22,11,50,77,91,91,94,72,30,56,44,32,84,15,69,44,40,38,76,90,86,26,60,50,92,58,32,34,25,84,35,84,88,29,10,18,52,16,91,99,43,20,27,98,21,53,12,62,79,46,83,81,30,98,92,95,22,49,84,57,25,33,85,43,91,32,29,62,63,83,97,93,24,84,74,61,31,62,42,11,52,93,96,87,27,75,31,62,52,50,15,94,82,40,45,76,77,28,71,24,74
E264,49,61,90,73,17,73,94,28,67,29,87,72,49,93,47,17,19,32,95,18,65,18,11,60,12,96,65,53,53,78,85,97,77,75,45,10,59,83,93,45,29,31,19,78,20,38,42,18,11,51,86,72,13,77,77,19,31,37,91,62,33,95,47,56,26,67,65,18,12,60,93,52,13,96,76,73,27,76,17,10,81,77,99,36,85,89,34,47,100,94,47,98,71,33,86,98,83,89,29,35,35,52,35,59,43,40,76,62,21,14,100,40,30,33,51,62,47,76,100,36,61,77,45,37,71,19,98,64,46,14,60,93,19,26,83,42,54,24,10,55,53,22,69,71,92,52,72,52,28,55,24,52,65,57,90,64,18,77,29,29,31,96,79,22,11,72,38,34,64,73,34,39,34,86,19,27,32,32,48,58,30,70,25,79,25,23,10,17,91,70,22,98,73,85,21,68,13,71,88,57,91,99,39,100,64,81,66,12,26,77,78,85,72,69,71,87,71,91,61,70,56,16,52,64,73,51,99,39,91,87,57,26,72,47,53,10,34,59,37,100,53,35,33,47,35,81,43,50,68,24,22,59,34,70,93,17,92,41,83,54,42,74,35,32,91,49,83,29,36,64,67,83,11,78,30,22,19,33,66,29,85,36,83,42,25,48,58,28,67,62,15,31,80,10,97,48,35,12,60,61,40,75,18,73,68,79,18,70,12,36,97,21,42,56,19,74,91,84,21,64,79,63,71,97,88,58,72,21,39,26,99,55,61,31,89,28,98,77,85,27,40,94,72,18,93,15,60,10,38,87,92,98,47,86,30,50,80,37,83,25,76,13,72,39,27,16,86,87,81,13,92,94,69,20,42,77,78,94,49,97,62,64,12,64,21,30,44,100,13,53,61,74,69,58,13,88,42,70,49,30,36,95,10,58,54,42,97,95,62,38,82,58,11,97,89,70,83,53,29,92,56,55,33,19,49,31,68,75,56,25,29,50,87,10,15,71,24,15,86,91,73,30,75,42,20,73,39,59,28,74,16,53,37,97,98,28,48,34,75,15,16,47,61,90,11,71,54,90,73,22,85,60,100,79,63,24,67,63,100,67,14,45,39,88,90,22,37,27,47,99,64,73,61,51,74,20,69,84,83,46
E265,74,84,89,50,43,54,90,46,76,68,100,88,29,52,38,21,49,19,97,18,27,45,67,81,81,67,44,83,56,77,59,66,27,90,36,71,77,19,22,46,18,97,22,21,54,25,75,45,16,58,36,51,99,14,90,74,70,81,63,81,66,76,65,75,89,54,38,90,54,51,53,72,12,93,50,86,39,35,87,35,11,85,34,63,68,63,13,67,79,40,65,80,32,88,49,13,34,61,97,100,80,93,95,91,37,48,61,95,89,23,62,27,67,38,96,14,80,35,97,21,30,92,12,89,61,72,18,43,55,26,66,39,26,95,63,23,88,45,20,20,98,28,41,65,35,42,75,99,36,46,51,29,71,16,100,63,29,43,97,41,97,41,61,99,54,40,37,41,86,11,96,30,86,61,57,96,21,48,65,33,25,38,86,39,59,30,24,63,82,54,76,57,50,93,60,39,82,11,38,91,36,46,75,29,62,42,52,32,45,11,13,53,71,37,99,55,72,37,94,71,82,51,26,69,13,69,89,53,18,51,31,97,69,16,97,83,75,31,90,40,77,11,68,71,34,56,81,44,63,91,70,71,98,56,69,61,14,24,76,81,62,95,73,81,32,96,91,62,52,19,57,10,93,55,75,86,41,54,17,84,91,38,88,69,23,23,45,67,69,62,91,64,76,47,53,43,95,91,32,73,69,27,100,33,20,42,44,49,97,36,79,70,49,72,53,95,91,21,59,32,55,49,69,91,23,28,84,89,36,26,78,89,82,85,79,92,22,49,85,54,98,32,87,28,45,71,22,85,60,10,46,25,67,63,76,47,23,52,18,67,15,13,12,63,88,59,98,30,64,75,53,54,12,75,49,49,18,11,24,65,73,31,30,26,21,64,65,53,47,77,69,75,61,97,44,90,61,53,79,20,92,55,88,59,60,81,46,88,30,68,12,57,59,31,30,50,48,69,14,67,99,97,56,82,98,99,74,39,51,26,50,69,78,85,11,61,63,95,31,52,83,93,52,76,28,93,21,42,36,15,74,65,59,82,38,48,21,72,45,100,28,69,83,72,84,98,31,55,23,88,80,97,62,100,33,69,81,63,32,85,21,52,79,18,47,73,48,50,68,41,71,42,46,30,67,55,19,36,23,14
E266,22,11,24,17,11,70,24,63,38,20,39,19,24,35,54,63,68,68,70,18,19,39,38,94,26,17,43,29,81,66,11,39,83,59,93,58,41,39,29,61,62,28,12,57,28,56,58,29,26,83,60,52,20,53,40,93,88,72,28,75,17,63,93,21,55,83,23,59,81,64,63,24,97,26,78,54,95,57,97,17,30,82,47,14,62,29,90,74,87,97,77,27,43,14,44,29,57,23,49,87,72,43,62,36,44,83,68,50,39,52,41,68,46,82,52,26,57,33,93,53,65,11,75,75,47,72,97,94,10,72,93,21,24,69,60,36,36,65,58,22,80,94,93,18,57,18,53,85,47,71,28,80,43,21,33,82,50,76,56,52,96,36,12,12,19,82,80,36,61,34,66,60,13,14,53,75,86,48,57,54,19,62,13,83,18,20,69,100,88,45,88,36,77,32,34,30,100,80,67,22,54,87,54,55,42,71,24,72,53,78,48,94,66,16,19,84,72,77,80,23,21,14,84,13,100,86,11,95,49,35,41,73,17,58,19,88,67,79,67,33,81,98,32,92,22,68,46,72,71,89,40,100,38,60,66,65,21,24,96,73,85,99,63,24,62,100,66,65,58,70,98,23,55,70,23,76,68,25,81,28,15,25,66,78,75,39,72,53,80,72,51,48,50,85,58,20,96,82,16,30,31,73,86,41,48,100,64,70,48,76,98,77,51,24,79,75,54,21,34,59,38,63,30,19,37,72,89,60,88,35,22,22,72,71,35,50,53,54,63,39,58,82,36,42,71,100,83,96,44,42,16,99,34,36,41,63,68,15,31,59,23,99,35,73,60,18,17,38,51,33,34,90,37,20,86,11,73,99,32,85,69,10,24,14,41,95,40,75,82,48,80,12,40,70,35,61,18,10,20,79,16,24,87,99,64,28,29,62,11,96,80,20,99,84,53,98,100,85,80,56,23,76,65,67,59,61,72,48,83,91,52,24,37,44,87,81,53,89,78,27,68,91,38,27,36,68,67,63,96,99,80,38,31,98,61,78,80,61,32,25,83,45,59,25,18,12,59,53,11,92,100,78,32,54,100,68,31,96,60,88,64,69,70,46,52,63,51,96,74,85,82,62,10,41,93,36,54,65,35,42
E267,80,37,66,89,57,31,39,34,64,85,100,87,67,21,67,46,57,10,39,38,53,72,98,20,73,68,28,62,58,88,22,60,46,58,33,33,17,53,90,63,24,55,87,85,74,95,14,92,38,73,56,28,38,17,39,90,94,89,36,19,22,13,28,59,99,42,35,23,71,87,94,57,97,78,28,54,28,33,30,87,82,18,24,95,78,97,44,16,10,27,56,28,14,73,44,34,46,65,44,78,93,25,74,61,77,42,26,55,60,37,66,100,84,85,69,40,78,80,12,55,31,80,53,10,88,62,54,60,79,58,50,24,79,89,12,26,96,98,47,66,31,38,31,38,76,78,67,67,64,83,39,85,89,76,17,60,76,27,18,37,28,56,52,19,68,10,82,25,56,83,95,37,18,59,47,87,91,34,69,79,17,77,55,13,70,86,16,93,13,77,90,84,100,42,18,51,73,33,28,22,89,63,88,34,81,22,95,11,31,25,13,30,54,21,76,50,76,30,39,70,87,22,80,56,81,43,65,68,76,44,33,71,30,20,90,67,91,87,74,29,53,15,69,52,38,31,11,95,99,78,20,50,87,38,91,70,36,44,16,25,94,35,39,55,69,46,92,62,52,36,63,57,30,100,16,53,41,83,14,57,15,44,95,52,74,11,46,68,13,83,30,79,79,84,36,16,50,84,88,66,56,50,85,55,90,18,26,19,31,74,61,95,84,79,29,15,31,56,47,30,15,12,38,20,53,12,73,74,14,21,53,60,20,61,42,94,99,25,36,20,94,79,45,74,95,14,35,26,74,28,25,46,26,72,72,79,20,14,74,46,64,79,42,95,28,52,23,59,79,37,22,12,80,47,60,54,58,96,43,90,33,34,32,49,57,42,51,42,21,100,87,20,36,53,47,57,49,33,33,66,28,61,24,80,41,28,77,49,80,82,35,55,82,84,93,74,57,24,17,21,68,70,18,25,45,65,67,28,60,50,70,87,34,73,32,23,80,71,72,93,41,54,88,56,97,11,74,45,100,99,86,38,58,46,65,58,88,61,14,24,71,49,10,82,58,58,64,33,29,41,44,63,26,83,97,67,86,24,52,25,100,43,34,13,87,19,73,67,90,80,80,63,100,10,10,88,36,87,20,90
E268,64,25,73,79,64,23,14,63,42,85,55,48,44,20,64,82,33,35,94,76,18,27,86,97,97,16,43,27,22,46,17,77,12,22,68,49,75,36,77,37,64,21,29,98,76,25,38,27,68,92,46,90,96,76,17,73,37,97,10,46,63,100,38,71,49,68,54,34,43,95,35,51,73,62,10,57,43,17,21,57,12,36,56,41,86,42,98,34,34,76,95,45,25,84,48,84,51,62,37,72,80,17,68,46,56,18,54,90,89,81,61,95,52,94,66,39,20,69,85,82,79,56,22,47,66,64,28,22,31,32,81,59,61,53,19,65,22,62,62,17,21,91,86,99,34,17,99,59,40,60,12,34,16,45,77,26,18,11,27,38,58,77,91,85,86,21,78,83,31,90,70,97,72,55,66,85,11,93,58,10,34,28,12,82,87,21,53,30,20,52,83,53,58,43,58,14,97,84,28,40,77,50,55,34,33,79,97,30,33,74,58,42,43,100,94,24,43,22,80,35,82,43,61,65,83,52,97,13,74,46,23,79,49,92,38,59,100,15,58,48,34,80,14,86,34,26,66,49,36,56,13,79,36,47,12,11,39,13,79,41,11,17,47,16,87,79,86,53,64,27,52,77,89,42,43,48,99,53,51,35,21,89,15,57,54,88,97,89,78,20,74,74,55,41,49,42,47,81,57,87,13,13,69,26,70,91,45,83,54,82,19,62,84,65,11,92,74,49,22,19,23,48,45,93,16,97,70,49,13,52,32,29,55,66,26,55,85,19,40,12,11,12,36,94,69,52,32,99,83,87,47,51,52,77,28,67,51,39,28,64,30,38,91,68,18,33,69,50,25,87,84,89,97,40,65,88,55,74,98,46,22,64,36,50,83,62,71,84,57,61,19,54,20,15,87,11,18,14,28,27,81,42,81,66,88,40,13,71,45,78,37,71,95,68,59,80,24,14,40,33,45,71,21,67,38,50,61,51,78,63,14,76,80,33,28,37,52,24,62,73,16,85,30,55,92,66,66,39,49,73,50,77,86,21,60,25,87,73,30,35,92,73,20,75,38,36,50,33,77,12,82,78,70,63,85,25,66,43,86,67,11,59,57,32,66,86,65,23,29,42,91,94,31,28,11,35,87,27,21,17
E269,22,95,58,21,49,74,20,25,70,61,82,43,50,95,31,73,61,94,35,11,88,63,57,15,14,48,14,23,20,65,47,54,77,22,67,90,89,67,76,26,26,85,44,100,25,45,12,64,20,29,97,36,90,20,44,100,29,43,21,100,40,12,40,76,84,71,66,38,23,30,59,54,13,17,67,98,52,47,15,63,39,23,26,29,51,54,90,52,22,25,83,69,31,63,37,22,66,95,32,99,66,27,11,59,56,92,54,25,89,47,84,73,36,74,62,34,64,28,100,16,30,65,22,35,81,61,70,93,99,28,51,33,94,79,34,24,80,66,98,14,46,57,17,100,35,73,99,47,16,39,42,71,58,38,34,48,68,54,100,86,94,48,100,86,36,36,38,18,65,87,62,56,13,39,81,32,94,12,50,29,73,17,11,95,15,79,60,69,61,99,49,40,62,89,100,45,95,76,77,33,50,82,54,25,82,23,97,19,11,61,78,93,83,25,24,15,96,52,83,41,16,70,75,39,99,13,23,61,32,86,75,76,51,68,71,45,48,78,37,12,69,55,98,55,77,99,49,94,74,53,82,33,37,25,40,80,69,12,43,91,33,57,25,51,78,72,14,86,66,76,66,26,96,29,37,51,74,82,25,47,97,15,89,30,90,62,54,20,19,100,88,27,13,49,56,37,21,53,69,92,13,34,39,84,98,12,16,44,61,42,53,65,71,80,89,73,55,47,60,48,11,37,94,12,41,69,100,32,66,62,58,37,84,67,53,88,84,78,49,41,33,97,92,17,63,80,83,46,67,86,15,77,97,47,11,50,78,93,71,69,36,68,49,95,91,52,89,24,32,14,94,28,21,10,84,25,45,87,19,61,92,79,73,51,90,66,43,84,31,29,26,15,10,92,79,43,43,22,58,81,98,64,44,57,69,43,93,58,63,70,30,82,18,51,56,45,75,71,27,77,87,32,47,95,64,71,38,67,55,62,68,86,81,44,73,99,52,13,74,76,27,44,58,33,24,65,52,90,70,14,16,90,78,36,22,18,80,39,33,70,31,33,40,18,100,70,52,53,92,100,24,38,46,80,31,73,61,100,66,94,65,83,91,84,48,21,71,11,71,16,86,64,37,85,67,63,45,11,72,74
E270,27,96,82,85,40,60,61,69,18,40,91,49,15,89,57,15,28,63,45,97,19,79,66,33,38,78,86,58,99,83,64,95,77,62,19,54,86,31,13,62,49,31,34,30,25,81,16,80,24,92,24,61,64,78,13,88,65,92,49,96,76,61,11,40,88,96,37,29,29,34,48,83,67,100,31,67,83,11,75,41,42,96,72,15,77,11,46,33,88,79,58,15,33,14,41,43,86,41,47,33,41,37,15,51,59,74,28,25,91,25,17,33,36,18,14,40,97,79,10,74,92,59,87,18,87,35,64,46,84,25,39,34,58,48,16,98,26,30,17,74,30,53,72,88,21,15,16,92,30,63,32,40,21,26,60,73,99,51,91,40,61,27,49,77,97,66,74,44,75,56,60,25,30,81,66,47,84,87,21,70,60,15,65,65,34,50,55,43,32,13,22,24,70,95,36,79,86,87,26,21,45,63,25,21,84,25,83,75,35,83,24,37,47,31,94,39,25,51,37,14,64,22,10,77,44,90,35,30,41,94,24,95,30,16,20,48,77,69,39,54,47,46,59,28,57,88,67,95,45,12,25,98,50,23,72,91,25,47,99,37,55,60,29,74,30,54,18,56,45,12,81,40,53,65,37,15,25,46,90,91,54,23,61,43,88,78,95,72,63,68,44,65,75,45,68,93,86,88,16,61,26,57,19,47,56,86,37,13,89,19,75,46,96,78,75,30,42,29,18,19,12,73,14,27,79,76,40,63,25,84,50,59,35,38,99,58,44,51,90,43,89,50,12,82,27,47,36,22,49,78,20,80,65,43,52,90,92,96,21,94,60,33,57,18,13,43,18,30,28,69,70,49,22,48,46,10,31,31,24,23,97,17,75,23,25,25,84,27,98,24,56,29,14,10,11,85,24,82,65,54,64,100,75,51,43,58,77,35,49,45,70,75,86,70,25,33,71,66,92,60,69,33,71,18,100,14,90,64,67,75,74,53,35,66,62,79,34,61,19,59,77,74,49,61,29,33,15,70,92,62,85,36,70,69,43,50,47,28,13,85,83,94,70,32,38,95,63,50,74,67,79,45,61,69,78,61,85,23,41,43,14,79,90,30,28,48,22,13,83,12,27,20,19,39,65,96,14,17,53,100
E271,67,74,76,40,96,81,57,14,29,66,48,94,10,83,97,48,11,79,72,29,17,49,72,59,91,56,83,12,81,81,80,32,54,17,65,61,15,86,64,46,61,73,79,98,29,61,74,17,36,99,73,85,45,22,66,43,52,56,37,82,36,98,42,56,74,83,21,46,39,37,69,45,18,57,92,67,29,77,23,32,28,62,43,68,76,66,49,77,66,58,34,28,88,43,28,45,72,48,88,40,78,81,29,69,83,64,34,18,10,24,30,38,46,37,56,49,33,42,89,54,54,89,29,61,100,92,85,48,63,85,43,63,79,41,38,84,73,24,35,23,18,63,87,22,41,53,81,80,20,65,62,54,89,79,21,74,47,68,14,72,19,16,76,57,50,55,43,17,98,95,69,44,34,47,78,64,68,88,18,81,35,89,60,41,93,42,18,61,29,67,98,58,33,29,59,73,84,88,19,23,91,60,63,21,74,95,83,79,40,97,21,21,66,91,45,23,13,94,91,49,35,35,83,26,62,13,74,62,32,29,63,94,73,79,77,71,11,82,13,25,98,14,80,20,59,93,41,64,14,12,56,32,48,90,96,83,35,81,35,56,16,89,10,36,74,31,21,56,77,64,31,95,52,23,17,25,39,31,22,96,55,51,70,90,35,26,70,86,15,98,90,70,16,67,22,45,52,91,77,27,32,36,37,70,15,36,85,13,86,56,17,100,79,10,97,72,23,97,11,25,55,87,52,51,88,22,84,80,51,82,70,17,37,69,30,25,93,92,44,11,76,27,88,55,94,86,46,63,11,59,46,24,84,40,38,67,52,52,30,18,56,57,17,93,31,66,67,24,34,59,88,92,95,71,18,83,74,44,87,50,19,37,44,21,38,14,65,37,37,61,79,74,35,91,89,35,85,98,58,95,39,11,42,43,98,58,18,57,57,90,58,37,73,17,31,68,73,15,30,51,41,74,22,54,30,78,82,68,64,23,76,45,70,47,58,20,32,66,52,10,53,13,90,35,63,17,87,34,59,24,31,34,15,19,72,64,56,14,25,32,77,91,16,91,68,97,99,68,30,21,29,20,28,26,70,65,45,29,53,20,32,49,28,64,66,41,82,12,97,42,24,37,92,25,32,27,98,45,60,22
E272,70,46,61,88,98,64,70,21,63,11,36,98,52,64,84,63,61,20,53,47,60,26,31,76,78,53,98,25,49,22,31,87,29,69,56,58,57,66,22,20,89,87,55,78,68,95,85,16,20,36,35,90,54,91,17,61,70,74,99,60,45,97,95,33,34,54,88,19,35,56,61,66,80,70,72,19,48,26,69,86,72,38,16,71,18,50,70,44,26,63,86,96,59,87,35,43,48,54,94,35,59,20,13,50,20,34,79,20,13,23,52,54,24,59,40,49,19,90,52,54,52,25,26,35,46,31,33,83,99,63,45,30,79,86,31,25,63,52,18,64,12,53,10,67,43,21,56,10,69,32,38,76,93,93,85,53,47,31,79,66,51,74,27,82,41,12,97,98,46,98,29,92,14,73,100,20,11,41,25,44,29,25,14,59,54,38,89,14,39,86,19,51,86,52,89,61,16,91,40,78,46,46,54,72,94,14,100,50,50,77,94,89,90,41,55,19,65,69,53,12,16,46,55,62,20,58,58,45,81,68,37,97,44,37,27,95,47,87,33,41,79,76,94,86,31,55,11,12,99,11,11,48,62,37,62,98,69,20,97,44,53,93,73,75,90,84,60,39,30,16,64,68,71,22,56,12,45,19,63,27,60,87,26,31,30,50,51,34,88,75,38,18,96,54,11,15,70,90,70,100,98,59,37,22,30,13,42,33,58,31,77,54,68,40,67,50,60,75,99,44,62,87,61,27,55,20,33,18,76,92,17,28,47,10,50,93,97,19,64,30,97,46,40,28,69,22,86,57,87,35,26,80,25,83,13,44,60,62,98,16,29,74,100,94,70,84,12,28,39,25,43,83,86,57,22,100,69,70,55,98,59,57,70,13,26,40,20,60,30,79,38,96,33,89,78,94,39,23,99,32,41,53,80,97,55,27,16,79,94,18,18,85,69,88,70,53,12,72,50,80,12,74,57,87,97,86,71,40,56,81,76,95,27,100,45,91,47,92,23,65,71,26,85,92,74,98,18,39,89,44,14,52,39,55,69,33,26,51,67,46,28,35,60,66,56,98,74,94,12,55,50,31,14,93,97,42,100,22,84,68,84,73,50,69,63,11,24,19,93,11,74,56,29,79,18,83,46,59,91,50
E273,86,49,10,28,18,58,19,45,90,40,70,12,83,22,33,57,59,85,93,57,28,50,89,64,37,96,20,73,62,24,60,73,49,21,43,76,39,22,52,68,74,20,55,27,63,17,60,49,42,87,14,15,38,80,88,24,15,67,89,46,43,58,67,88,56,98,88,65,20,48,72,90,69,79,21,94,48,65,83,93,10,29,41,41,11,54,31,20,71,82,56,91,79,36,29,27,11,69,91,71,67,46,75,94,26,19,96,27,57,73,14,30,59,55,81,12,94,97,23,68,49,94,80,62,36,76,66,77,53,34,86,79,90,15,60,69,83,27,42,79,24,87,63,62,78,49,29,86,28,40,82,19,32,31,34,52,61,37,17,89,70,55,95,56,86,72,85,13,60,36,75,15,61,19,67,39,36,83,21,24,83,75,95,35,38,32,48,92,76,93,28,38,65,80,76,36,18,28,75,74,32,95,96,84,77,41,97,28,11,44,43,14,76,36,48,49,72,46,42,78,65,78,88,93,64,80,38,87,31,83,28,59,99,72,25,100,34,43,74,80,23,49,76,100,47,45,32,37,43,97,31,28,37,78,85,35,63,71,17,10,34,63,83,12,42,31,58,17,52,14,56,70,31,52,20,62,74,45,43,68,94,41,19,42,63,81,31,54,73,97,16,64,51,63,41,32,13,13,37,68,47,55,28,17,97,89,91,22,45,72,85,16,81,20,54,75,90,87,37,82,27,96,14,86,31,30,68,20,66,31,48,42,29,27,40,26,94,41,57,90,89,31,67,83,18,59,14,16,54,37,34,17,12,56,53,94,61,39,96,17,33,34,77,99,50,94,14,85,84,27,83,10,19,10,99,52,84,65,97,94,68,78,81,16,65,28,50,32,82,21,74,66,99,66,36,43,30,28,16,37,71,73,14,41,28,83,55,21,70,11,70,95,62,66,100,68,54,83,57,73,69,10,49,77,95,40,31,22,56,90,64,34,27,41,66,41,95,88,18,32,61,65,29,59,91,86,15,71,31,58,34,24,17,91,64,74,25,94,51,49,42,95,46,94,45,44,94,54,94,28,93,90,93,34,66,90,64,49,60,81,39,23,81,85,73,25,28,54,23,60,57,64,54,39,48,42,43,15,84,29
E274,36,11,25,39,31,100,95,72,11,74,84,91,37,14,15,67,20,46,28,47,49,94,68,60,22,68,69,12,42,50,78,63,57,89,91,32,42,90,42,59,16,28,61,13,85,36,10,44,77,31,21,34,36,42,70,10,79,46,71,45,81,41,48,82,24,75,81,70,42,67,45,69,44,83,32,65,99,67,24,92,41,32,89,16,77,83,79,43,25,56,71,19,75,38,49,31,49,21,18,15,57,80,77,79,78,32,75,80,70,28,43,81,12,62,95,54,60,94,62,72,62,80,47,97,13,82,38,79,11,19,96,33,65,62,11,24,74,37,43,48,17,88,35,30,55,18,46,56,93,100,13,27,17,86,13,96,56,46,33,42,40,24,11,68,17,23,43,24,26,93,67,74,13,83,71,30,75,22,14,87,16,59,33,10,41,30,71,37,16,65,40,42,45,41,64,29,82,84,15,34,84,47,79,24,22,94,20,30,83,71,64,42,10,69,26,15,93,53,23,52,78,57,39,37,18,96,50,46,21,82,42,46,62,80,79,20,35,14,23,11,15,77,38,16,77,63,79,86,95,82,17,40,62,36,91,68,13,37,97,62,21,65,29,28,39,53,83,41,65,60,29,83,36,83,88,95,90,80,73,44,11,91,78,12,26,100,15,75,52,93,32,57,47,50,64,77,47,68,86,86,22,71,30,69,76,100,13,32,97,68,31,42,19,84,77,98,68,57,58,28,29,53,65,70,41,49,27,20,44,29,59,71,73,46,100,77,94,66,23,19,94,13,50,71,66,40,12,74,92,56,80,31,44,38,15,50,56,97,74,20,76,60,34,74,26,57,46,35,60,55,82,71,57,24,10,71,57,59,27,60,88,31,26,59,81,49,29,13,86,28,32,92,21,39,64,17,53,70,95,88,68,88,97,30,71,16,26,39,73,90,27,89,51,35,43,37,99,30,28,13,43,69,62,38,88,45,45,57,68,29,81,30,59,24,74,62,70,84,61,73,89,31,72,26,54,82,82,74,46,87,80,58,10,20,73,70,54,93,100,56,65,29,30,25,99,67,19,47,64,73,43,93,25,79,79,12,50,13,53,77,35,79,86,25,45,61,30,22,93,75,89,46,22,71,82,54,73,57,77,21
E275,91,23,80,60,38,64,87,94,12,68,60,62,92,82,88,35,95,65,24,68,35,28,91,70,22,48,55,79,100,37,82,20,79,94,69,39,29,51,19,44,51,46,63,12,64,95,16,69,65,43,92,88,13,38,99,70,82,19,76,87,49,48,86,88,73,14,68,13,49,53,100,45,81,32,25,40,51,95,46,97,84,70,100,55,82,100,84,34,57,35,74,49,82,63,20,32,91,99,53,51,53,94,87,32,33,19,99,48,61,35,92,100,26,78,70,79,98,25,19,64,26,51,91,87,79,92,39,93,83,23,37,54,17,74,41,30,92,35,28,39,96,52,85,20,62,91,59,94,23,17,69,46,59,47,42,37,88,89,27,11,64,25,18,17,44,94,98,80,61,51,73,78,32,89,97,50,68,78,72,71,52,51,10,68,23,75,19,96,11,32,57,53,92,15,79,48,39,30,35,47,44,84,69,30,72,54,92,57,51,65,67,96,100,17,71,17,85,20,92,63,19,71,15,78,45,65,13,87,47,54,60,72,56,81,12,92,84,49,79,37,97,12,18,35,35,86,53,83,15,69,96,53,47,99,20,19,81,34,29,46,24,12,100,26,44,64,47,11,58,38,47,88,77,91,91,87,16,93,42,18,87,15,27,56,21,22,82,11,28,47,45,20,34,60,100,20,63,69,27,65,77,93,71,70,33,10,94,73,81,41,90,26,47,79,37,55,62,24,22,59,98,90,25,67,38,39,92,75,69,98,21,82,25,76,40,74,69,80,41,34,31,65,75,70,62,37,67,69,40,17,60,14,34,60,99,25,71,82,26,76,63,11,97,49,67,69,40,26,72,100,54,33,77,90,76,29,11,85,54,16,89,69,49,85,88,99,10,52,74,15,82,81,90,70,17,91,69,86,18,86,21,90,55,77,80,37,42,55,33,43,50,45,62,69,98,72,53,29,21,11,77,33,23,85,23,46,37,96,79,92,12,32,13,78,88,62,71,24,89,22,85,23,62,16,85,24,27,59,81,83,66,53,40,84,96,51,37,26,31,71,13,80,65,54,74,31,69,20,36,40,62,71,65,84,56,25,85,48,89,25,83,82,89,63,98,47,91,76,25,88,25,91,50,87,73,73,75,20,42,60
E276,57,81,88,68,36,68,55,15,68,12,10,71,100,76,32,76,24,85,73,52,86,84,26,91,34,11,42,62,53,78,74,65,37,83,41,21,33,49,79,67,94,13,89,70,33,14,61,77,78,18,95,47,69,86,74,47,34,23,93,32,60,47,71,41,81,96,65,76,75,10,81,23,26,62,96,21,76,95,10,68,82,14,15,66,66,48,76,54,23,93,14,19,67,96,51,23,65,68,59,94,80,41,47,26,58,88,10,41,56,83,20,19,16,21,45,21,51,31,10,38,75,74,29,82,30,62,52,66,25,61,28,19,37,11,43,46,17,46,75,80,91,66,47,60,86,65,22,10,93,51,85,89,18,32,41,72,62,70,70,27,73,14,51,68,76,65,54,53,98,29,10,51,44,81,37,68,49,61,87,96,15,64,48,73,62,42,17,57,88,10,91,98,46,43,11,99,80,41,34,59,84,28,19,52,96,27,62,15,93,61,48,49,95,22,64,27,33,11,34,43,58,78,91,46,39,76,95,85,53,42,73,67,19,92,59,14,43,77,13,57,69,40,51,79,74,43,43,54,43,81,25,26,49,61,22,95,51,68,15,84,78,26,70,26,82,10,77,82,31,85,13,37,25,80,78,23,34,56,56,79,93,22,12,97,96,38,82,17,83,78,77,10,39,31,91,55,47,31,74,64,48,91,97,43,42,88,47,71,61,94,95,92,65,93,21,47,33,52,77,52,72,88,40,48,68,16,83,66,54,21,28,42,19,92,66,87,49,32,46,52,15,85,27,15,40,17,21,89,54,31,27,79,53,10,98,28,48,68,22,56,31,73,58,41,100,59,58,77,71,13,84,80,84,11,46,55,15,79,35,89,42,70,33,16,69,63,83,56,35,61,79,88,29,33,31,77,83,97,74,69,76,34,33,59,84,71,15,38,61,69,55,92,74,77,18,37,56,32,80,96,54,89,13,71,63,55,86,55,50,82,17,17,85,55,37,84,100,75,47,92,87,71,11,47,70,17,38,46,10,52,27,97,84,44,18,84,24,46,52,78,89,32,89,67,13,92,78,31,92,100,14,62,81,14,76,61,37,60,64,30,92,25,39,100,23,39,15,68,19,62,86,55,30,19,55,60,97,13,54,58
E277,84,78,70,39,52,95,27,62,82,17,82,15,18,48,74,89,91,72,56,47,74,45,20,23,85,83,46,72,52,65,39,100,40,75,66,85,39,37,33,38,54,61,88,84,22,16,68,23,14,73,29,90,62,42,57,58,33,86,31,22,27,27,20,17,60,89,47,36,69,88,58,27,66,16,42,62,44,76,72,76,27,68,93,75,67,39,51,79,97,63,55,99,80,33,36,98,58,34,14,63,26,67,68,68,90,75,86,33,80,35,81,79,22,29,86,78,50,59,27,40,22,20,58,57,65,86,57,17,26,26,62,72,82,61,90,93,85,82,18,67,82,19,59,43,61,87,47,78,72,22,21,32,51,61,67,40,92,79,58,26,68,72,48,34,54,68,65,53,88,38,82,96,91,62,29,20,75,38,53,87,28,43,84,19,58,97,23,59,21,99,33,60,63,76,21,76,26,38,88,32,42,55,69,61,48,84,31,92,93,90,33,87,32,15,59,66,89,41,79,57,73,35,56,87,93,48,14,50,38,82,80,94,98,64,52,55,53,25,11,60,22,19,65,40,81,83,46,97,44,84,49,24,41,93,10,32,46,87,36,69,98,27,64,22,33,92,81,95,77,27,30,71,51,37,31,100,95,62,100,30,60,18,33,14,51,65,84,16,66,60,48,69,59,94,67,27,90,30,49,54,48,76,49,60,64,34,12,79,49,74,38,14,96,99,21,35,28,20,44,28,95,34,40,43,53,95,41,99,72,56,11,29,22,89,10,40,28,43,42,22,40,39,28,90,32,43,99,51,70,71,81,37,37,72,85,41,71,10,78,60,35,75,28,84,79,79,54,27,46,92,83,60,68,32,21,20,22,35,32,10,80,23,51,42,29,61,84,55,12,11,19,89,98,65,75,48,64,79,71,39,66,52,64,21,63,81,25,49,99,34,91,69,93,54,42,69,45,10,25,100,49,16,57,92,97,27,53,43,38,29,60,39,56,16,88,32,65,36,61,85,17,40,58,80,16,68,71,59,40,13,99,38,32,73,25,77,100,42,37,79,41,29,68,54,98,11,97,66,93,15,80,62,12,47,46,31,89,69,61,10,37,42,64,22,94,19,73,41,79,61,36,54,53,93,63,35,22,55,50,90
E278,88,34,13,48,19,76,59,21,13,71,93,92,58,69,32,75,17,88,92,52,16,45,81,39,67,18,18,96,28,85,14,100,58,40,25,44,92,68,82,18,49,39,84,43,28,52,71,73,93,54,21,37,76,91,32,96,46,46,48,30,89,39,42,51,43,62,30,63,96,62,57,70,50,46,11,21,69,31,15,87,49,46,10,40,16,29,12,51,55,87,46,27,24,49,23,11,63,70,97,84,42,38,34,27,17,38,25,90,11,12,60,92,51,29,34,29,18,22,39,30,41,11,46,31,49,49,19,45,83,23,67,24,73,84,33,90,35,40,93,86,38,88,85,26,57,35,57,80,23,60,22,85,31,12,34,63,56,81,45,24,17,68,55,26,76,89,20,94,18,92,65,28,61,24,24,71,21,95,38,27,31,100,34,35,20,64,74,79,76,56,25,96,25,61,35,28,69,22,56,48,96,89,27,71,62,90,50,24,60,15,37,55,13,17,75,100,61,83,70,49,48,65,27,57,65,51,34,27,99,14,37,76,45,37,95,53,44,12,82,66,44,40,46,48,21,68,79,74,93,11,16,72,18,87,33,18,12,67,23,42,89,19,79,29,36,78,63,94,15,43,29,97,17,18,83,16,12,63,87,51,48,73,40,86,49,17,58,21,65,48,76,24,75,75,84,74,68,45,38,23,50,70,68,94,91,30,35,80,55,27,20,35,32,86,18,14,61,61,88,86,48,70,52,89,41,67,70,93,70,54,68,34,17,56,84,59,28,19,98,11,42,71,71,23,64,96,72,31,62,39,40,27,48,79,30,72,26,25,14,52,76,60,79,34,16,74,26,60,100,14,22,54,54,56,14,21,56,99,51,37,75,50,36,24,90,88,34,48,75,58,94,49,72,95,58,89,61,97,41,45,100,25,66,33,23,87,19,52,78,66,99,87,33,10,11,80,65,74,67,30,60,42,25,86,43,25,84,68,100,49,37,65,94,32,67,20,29,19,40,70,23,48,57,86,21,88,35,28,33,68,84,74,50,84,46,19,61,61,93,18,31,18,100,52,95,62,85,23,15,90,81,52,22,97,20,89,66,64,93,62,98,45,88,61,71,25,20,83,63,19,47,14,16,48,50,58,74,21,53,66
E279,91,48,39,92,60,68,94,24,52,27,76,36,92,29,64,46,30,65,88,29,33,58,63,48,10,14,86,18,43,23,71,61,32,54,65,34,29,10,21,85,12,18,84,15,86,93,45,52,86,58,72,59,56,84,29,88,60,61,73,23,44,86,60,34,87,66,65,75,49,52,72,46,82,43,25,26,99,54,24,95,68,38,11,71,95,20,73,81,98,55,38,54,91,60,41,36,11,87,74,100,92,15,11,33,59,56,14,21,80,14,89,91,82,17,51,95,50,81,96,86,51,89,96,63,38,93,55,55,34,77,67,91,33,22,46,68,67,12,13,74,27,76,62,37,84,11,12,10,36,62,95,64,42,69,44,65,75,31,19,27,28,72,93,85,99,69,64,50,100,36,15,24,72,70,15,17,97,86,92,39,44,56,70,45,65,50,31,41,30,14,78,14,32,96,54,65,25,38,38,35,40,59,57,71,65,19,15,45,13,94,53,79,71,23,53,93,25,38,83,99,27,35,48,19,75,64,79,65,67,44,33,42,51,84,17,50,60,90,47,18,65,94,50,17,56,66,18,93,48,38,70,43,75,34,32,29,90,52,45,53,39,75,92,10,10,58,89,48,62,58,61,72,95,11,48,11,53,98,68,21,81,77,64,61,76,86,29,90,64,54,75,87,53,21,72,31,51,27,97,14,33,34,59,64,23,85,22,96,32,28,74,92,65,62,86,77,78,32,64,43,34,96,16,91,31,36,72,26,21,70,95,21,32,67,40,35,59,43,69,30,29,39,52,35,38,87,30,92,96,79,26,77,94,78,36,46,83,51,100,34,79,70,61,17,40,27,89,84,23,42,74,86,16,28,98,45,29,96,36,89,50,33,74,84,58,59,83,82,88,50,57,77,99,23,36,28,44,39,39,98,59,53,73,19,60,99,71,37,14,91,40,31,72,39,41,20,69,78,100,46,94,20,79,33,60,12,48,93,77,53,82,100,23,97,38,22,41,15,37,76,79,86,86,62,52,54,86,85,67,62,66,86,25,15,59,32,13,41,63,46,61,14,14,83,79,69,71,68,40,97,55,62,44,43,81,43,92,81,67,98,90,79,88,84,88,57,74,95,76,63,17,40,83,100,90,66,89,15,65,44
E280,96,57,93,43,61,60,11,83,65,42,77,42,71,45,50,25,57,62,63,17,100,17,85,73,99,100,73,50,90,34,68,92,41,78,84,34,55,97,17,99,98,51,68,80,58,94,43,78,25,13,71,36,73,95,79,62,39,80,58,85,18,12,14,53,68,87,65,47,79,39,43,49,19,24,45,39,40,70,65,63,64,82,100,84,21,64,67,27,27,45,34,88,71,62,30,97,40,86,70,81,41,20,93,19,24,51,12,27,41,76,20,75,49,47,99,58,67,56,40,36,42,14,47,45,17,22,25,31,96,81,51,15,72,82,90,61,85,21,44,67,63,13,92,46,94,82,33,94,79,97,47,58,18,72,78,100,81,13,49,23,40,36,70,80,16,24,43,34,56,52,52,17,85,94,52,44,48,53,48,82,85,52,28,93,51,84,78,59,47,84,99,97,26,45,43,86,81,35,97,87,26,99,26,84,37,70,43,61,62,43,80,98,66,50,98,14,35,33,56,82,49,24,43,15,54,70,54,88,84,54,100,50,86,60,54,23,34,25,32,77,14,22,54,24,22,50,36,77,56,34,60,15,35,79,47,63,70,57,93,67,45,91,25,84,32,43,58,55,88,43,18,51,19,74,19,28,28,100,31,27,100,83,17,87,53,73,57,17,31,30,67,19,87,72,52,63,92,11,89,36,34,67,67,41,32,74,62,49,66,76,90,58,32,82,92,66,19,32,74,43,12,51,57,53,43,29,40,26,70,30,87,70,11,33,70,78,61,44,84,24,39,94,39,24,60,19,46,55,35,78,93,66,43,72,24,50,52,74,88,84,33,55,45,16,33,65,46,28,68,97,21,74,64,43,24,46,56,41,72,34,38,65,77,58,16,30,14,98,42,10,26,54,18,40,44,54,69,99,84,58,45,79,75,75,69,23,89,87,23,88,43,24,22,13,21,44,50,11,65,20,61,93,19,52,15,73,33,100,82,23,87,63,17,92,63,23,44,47,87,47,99,75,27,28,11,29,70,68,56,42,44,23,14,84,83,40,53,77,56,29,26,67,45,25,61,42,71,18,82,86,32,20,27,75,18,90,96,77,96,52,73,21,59,39,19,15,38,12,22,15,37,34,93,82,93,85,72,10,38,52
E281,23,57,56,72,88,53,39,98,61,43,29,18,36,96,72,88,18,24,50,59,84,87,67,20,56,14,81,43,14,67,62,63,89,69,87,23,71,77,38,66,49,60,95,49,41,74,95,10,37,63,90,69,92,28,34,17,15,69,88,23,53,42,58,94,11,62,93,10,22,53,46,96,75,30,67,30,33,11,12,65,97,89,69,99,74,72,74,46,78,82,91,98,86,16,17,94,95,78,61,42,64,71,55,33,80,14,68,50,46,33,13,23,100,49,32,84,62,82,84,77,79,53,69,91,85,99,37,79,97,38,44,25,39,81,25,38,88,24,46,13,56,45,55,65,79,22,30,51,89,91,43,16,25,79,87,94,96,100,74,12,57,37,75,96,74,28,85,72,27,36,62,20,25,80,52,68,96,73,72,85,51,22,30,94,47,21,71,96,88,96,80,43,37,37,94,85,81,32,22,92,14,48,100,24,83,31,31,45,56,11,97,60,42,44,33,40,91,49,25,63,80,67,14,31,74,22,19,60,72,52,90,96,14,26,28,11,86,98,89,32,42,60,16,69,63,33,64,36,29,67,42,82,27,54,58,25,31,78,51,40,84,41,36,24,22,41,32,16,15,81,26,15,57,80,23,13,96,95,66,58,86,39,79,21,97,41,58,17,92,26,87,23,89,64,24,64,22,77,51,69,59,29,48,73,29,100,99,70,98,52,95,80,98,20,87,14,76,98,21,52,47,76,53,16,92,13,36,19,16,81,30,66,67,41,24,59,46,12,84,73,51,57,58,37,48,12,12,12,35,46,12,86,44,75,74,48,49,78,85,93,43,91,66,38,20,82,70,76,75,68,80,51,36,35,82,54,65,76,33,39,67,19,19,95,100,71,57,98,71,60,38,92,85,56,36,95,29,21,23,50,91,21,37,14,28,71,48,64,60,48,87,83,80,83,51,88,96,50,63,29,75,68,57,18,43,39,45,29,75,65,63,18,88,29,99,24,11,32,89,84,50,72,27,28,88,34,51,52,35,35,100,63,96,11,93,94,52,38,60,90,87,100,75,54,73,15,46,41,10,93,27,91,36,81,55,48,50,18,49,76,18,80,23,46,68,82,27,96,26,25,64,10,90,14,82,15,100,16,17,37
E282,69,73,41,100,12,80,66,18,20,44,18,33,56,93,40,78,36,84,96,73,45,64,83,56,86,65,26,41,73,51,56,77,27,31,14,45,34,49,40,58,43,80,38,12,94,29,47,41,87,15,83,95,37,12,57,92,28,99,66,38,43,67,88,22,74,83,13,32,26,47,81,47,83,39,72,13,68,98,73,45,44,27,95,13,79,45,44,47,44,14,94,35,68,20,17,99,38,73,82,93,53,90,68,20,94,31,79,29,18,70,36,56,34,43,56,77,20,18,59,63,52,68,89,32,72,16,78,25,13,58,48,39,82,50,88,52,23,26,39,62,65,98,31,39,72,44,17,42,14,61,83,92,49,51,70,53,91,68,19,55,92,78,93,69,69,12,91,97,14,58,84,36,54,22,68,42,22,32,61,79,41,18,75,90,33,28,40,96,86,82,53,25,31,78,98,37,55,36,20,81,50,53,73,66,56,19,52,47,67,36,74,93,94,26,42,81,44,36,55,77,95,14,73,28,39,20,93,73,54,11,42,15,95,23,96,92,28,76,16,89,48,71,84,38,97,91,42,28,10,54,18,92,72,67,77,50,32,59,35,69,40,17,28,38,52,53,34,34,73,27,34,20,50,73,15,33,86,74,42,20,51,10,83,22,27,62,22,25,41,36,72,39,84,88,28,10,23,65,12,23,42,12,48,38,16,43,42,54,97,67,58,95,27,36,99,26,36,30,59,99,13,87,18,66,40,24,17,77,16,85,46,57,17,26,57,44,81,31,82,93,70,92,47,65,90,21,57,50,92,99,39,66,49,25,17,39,11,25,92,94,100,22,94,37,50,84,87,29,28,69,91,18,57,87,54,72,100,60,87,63,35,52,46,94,95,10,38,61,33,47,14,78,87,64,100,30,39,12,33,68,21,100,45,41,23,14,14,75,27,29,45,55,13,32,53,87,21,33,84,76,70,37,77,44,47,53,20,44,86,41,23,79,74,53,64,21,59,86,94,71,22,97,90,32,49,43,46,39,38,81,27,75,52,46,56,80,32,94,61,33,69,19,53,79,81,29,97,87,97,62,24,21,76,54,13,33,24,69,73,17,99,38,16,54,44,42,54,93,82,46,12,61,46,57,25,27,51,80,23,90
E283,48,46,53,43,28,32,16,41,46,12,48,10,25,18,90,37,49,87,88,72,60,30,27,42,54,58,80,72,75,98,22,94,98,13,50,46,13,46,66,74,84,49,90,34,84,32,74,34,87,26,74,52,93,38,77,70,10,37,73,50,11,95,68,71,92,31,72,84,84,11,81,74,94,22,11,83,23,24,66,61,26,97,59,92,40,70,75,89,33,91,11,15,22,96,11,87,21,84,49,12,84,34,62,74,51,24,40,45,87,78,30,73,35,44,86,26,90,83,96,49,43,63,94,43,97,36,85,86,44,46,88,87,94,70,77,14,46,79,18,11,87,16,54,64,54,48,58,39,63,42,20,87,89,62,62,91,47,57,56,92,45,38,63,91,72,24,16,73,71,11,25,71,67,17,20,75,22,33,38,44,97,48,96,63,58,52,81,83,18,32,35,92,79,70,20,85,68,33,68,60,87,69,61,70,76,45,24,95,29,41,24,53,58,23,18,88,98,38,38,45,78,49,61,38,67,17,96,15,44,98,43,100,62,44,22,84,78,94,99,11,77,19,56,59,49,40,85,31,22,23,85,33,23,36,38,17,88,24,88,98,16,59,72,66,42,58,74,16,35,87,10,70,91,54,62,25,21,38,75,94,99,90,83,15,95,95,49,17,62,28,63,72,48,85,20,66,45,98,56,51,46,62,75,20,53,86,51,66,60,89,62,30,55,75,58,63,97,58,34,14,42,84,65,97,59,22,78,91,17,39,29,13,55,37,16,59,49,82,14,74,53,74,99,68,83,43,21,48,75,15,13,76,37,13,28,91,44,80,98,78,68,63,47,59,21,20,39,30,83,76,80,37,36,38,64,25,62,66,85,17,12,70,90,18,20,71,66,100,53,75,13,30,23,78,77,35,44,32,94,82,14,37,78,11,62,84,57,21,35,21,87,98,24,21,72,61,86,38,23,24,14,38,23,91,11,12,31,59,70,86,82,35,50,98,69,14,24,95,96,67,65,99,36,20,96,84,70,62,19,35,76,60,94,83,17,58,12,24,73,48,30,87,15,59,26,84,78,21,42,51,21,15,50,84,58,26,54,44,94,48,84,13,80,91,71,81,15,19,50,74,75,43,80,12,23,42,16,74,13,85
E284,85,18,27,95,52,11,38,69,52,48,52,17,57,80,15,95,81,17,23,52,57,95,50,53,91,21,42,89,16,91,35,42,72,82,47,70,68,58,45,61,38,73,71,28,27,73,46,50,20,93,69,67,60,40,15,46,87,40,18,53,34,24,20,42,23,27,92,41,40,24,70,97,37,78,91,37,60,90,47,26,90,75,51,51,20,50,38,93,17,64,34,34,70,73,40,23,80,11,83,35,96,35,29,78,20,90,38,74,97,48,13,37,81,37,64,49,30,55,94,18,21,67,90,87,11,77,96,68,51,72,69,73,91,69,48,49,59,31,93,10,59,10,92,85,15,20,10,17,89,85,55,79,57,10,83,21,100,23,51,95,35,29,100,28,71,59,92,94,93,15,36,49,80,44,67,77,74,16,11,43,68,32,95,42,57,71,19,32,90,60,73,69,31,77,10,66,31,16,16,86,16,18,54,45,65,58,100,80,14,72,86,68,79,43,32,90,56,50,36,84,98,60,21,20,61,80,46,66,100,75,15,49,10,55,70,33,46,91,53,76,85,73,48,22,86,60,90,44,52,35,70,50,72,35,87,42,27,58,58,18,15,86,87,56,78,38,97,40,10,56,96,40,85,80,21,94,99,84,35,67,25,71,55,89,83,29,96,72,18,19,48,67,85,34,47,49,30,99,36,60,62,56,100,94,84,49,30,38,27,40,59,18,93,96,67,75,89,58,91,21,42,20,85,45,46,65,65,46,49,52,35,91,68,13,93,72,57,31,27,24,78,54,15,83,38,33,12,58,52,59,68,13,92,30,73,41,73,61,20,43,87,87,76,92,21,30,82,21,71,87,85,84,80,85,15,96,74,75,40,95,91,88,17,63,98,72,100,91,65,66,32,73,15,62,31,19,84,81,67,97,93,21,59,18,15,26,15,18,44,50,90,96,11,56,21,100,45,87,87,31,26,98,78,82,96,26,20,44,20,56,55,74,48,94,24,55,35,23,96,68,44,71,11,95,55,82,94,12,75,99,54,62,49,19,66,54,12,46,65,56,78,45,68,51,21,49,26,26,11,27,22,32,94,83,83,96,17,71,100,50,63,22,62,31,62,56,99,68,71,19,29,31,86,15,70,93,13,17,33,76
E285,54,53,91,74,27,41,31,39,75,53,25,61,17,24,83,10,41,40,27,99,70,21,66,59,64,58,45,21,64,36,48,27,36,14,90,86,67,76,25,24,84,43,55,43,100,44,75,79,15,79,97,71,39,59,18,33,90,63,23,32,61,34,83,77,34,35,57,17,43,87,38,59,70,67,69,64,37,87,78,52,70,26,65,29,62,16,57,64,18,44,25,81,88,29,38,48,18,90,18,21,84,91,62,31,82,98,84,31,77,95,49,29,52,16,76,71,63,39,87,67,92,22,88,99,24,14,40,38,74,83,30,78,11,73,87,75,45,25,89,69,20,13,29,92,47,98,52,19,84,84,24,71,39,86,40,18,63,83,68,99,43,94,63,31,69,83,80,79,67,69,95,88,14,83,21,100,74,31,47,96,83,90,14,59,67,59,100,52,36,40,61,38,41,12,21,83,93,89,64,56,66,33,48,63,69,45,94,58,77,75,56,14,22,65,32,93,63,18,96,45,75,24,50,27,100,25,41,76,16,32,32,52,93,19,72,55,16,88,45,32,27,20,52,10,53,73,42,44,52,52,12,97,16,89,79,58,22,86,18,80,80,14,27,50,45,12,52,68,68,71,95,89,10,51,51,49,88,61,14,24,50,50,84,75,84,94,30,73,14,55,81,81,72,43,41,39,34,56,98,63,50,96,56,83,47,92,75,78,45,72,54,52,57,43,22,41,96,33,58,12,47,86,47,39,50,29,89,28,41,17,93,50,61,18,98,90,99,22,55,32,72,28,72,67,36,76,32,10,28,100,61,42,13,69,62,55,54,79,14,39,89,77,52,99,74,98,66,31,92,11,17,11,10,33,36,46,21,46,36,28,35,54,37,57,55,90,66,56,55,23,47,27,12,39,40,79,40,39,71,86,11,75,44,58,11,84,99,40,63,100,66,50,75,96,46,50,98,73,65,84,49,20,50,80,62,69,94,63,55,23,22,90,20,91,72,19,23,80,20,32,86,74,73,18,58,87,45,56,53,56,94,45,78,22,27,99,46,46,41,27,30,31,100,95,98,12,99,90,93,77,72,67,95,54,47,61,95,99,26,84,58,86,37,47,67,32,21,52,13,77,44,28,24,42,54,19,16,14,86,72
E286,36,51,32,11,14,14,59,34,35,41,81,94,79,70,11,17,15,72,85,16,20,37,24,89,81,57,17,45,57,27,12,54,98,95,62,22,79,69,90,96,46,21,79,55,25,89,55,47,73,49,59,77,43,72,41,41,73,54,13,89,76,71,95,92,18,17,49,27,75,94,77,36,26,31,32,69,46,68,93,69,100,29,16,39,38,49,74,32,76,88,89,18,22,98,96,78,30,72,65,89,69,32,31,45,63,12,24,94,85,41,12,81,42,43,96,69,99,11,83,48,57,27,29,51,39,63,24,95,100,100,45,73,62,79,46,31,78,37,78,80,80,34,12,19,57,47,40,38,46,69,10,50,27,48,38,42,52,95,31,98,84,31,70,81,59,38,29,18,18,75,52,18,94,40,92,40,92,87,37,82,80,34,43,35,97,71,76,44,50,41,71,48,77,37,47,47,74,35,47,53,100,86,85,91,62,22,89,49,10,41,76,66,40,17,69,29,23,16,30,64,88,77,87,42,57,10,58,70,57,50,99,13,52,68,64,79,51,41,44,47,36,48,59,70,42,80,77,92,15,29,33,29,54,86,58,92,30,53,60,21,48,70,60,75,59,94,28,42,83,78,33,63,72,71,57,36,84,35,83,35,11,11,37,96,48,45,60,44,73,88,24,90,22,90,47,29,45,96,65,42,69,90,42,14,17,12,57,62,22,61,23,77,46,58,47,77,66,11,95,66,90,16,69,80,75,83,62,15,77,57,30,29,38,26,88,64,93,33,91,38,43,91,17,97,89,24,11,43,61,31,36,78,76,56,13,59,54,15,87,47,40,18,13,59,14,45,78,61,82,34,54,71,33,40,49,68,83,94,61,46,61,84,11,10,88,43,73,80,51,82,83,24,22,37,60,84,64,61,27,62,95,11,85,35,92,34,37,23,66,34,61,25,33,37,72,67,75,73,43,63,20,90,77,73,27,31,91,43,83,66,84,53,81,47,33,91,40,76,32,35,64,53,61,72,95,92,51,46,40,10,12,50,97,35,58,77,55,42,56,22,33,96,84,100,70,67,26,47,74,38,15,36,71,53,82,71,50,54,37,90,45,20,28,21,34,32,100,86,20,43,15,37,67,32,32,85,18,99,44,60
E287,69,19,52,65,53,75,59,54,90,41,45,60,86,41,92,28,77,89,77,33,79,25,39,59,74,39,39,96,59,50,29,75,10,76,42,72,57,47,92,13,21,70,32,60,37,67,12,99,31,69,41,21,98,24,41,66,49,83,52,89,61,61,97,29,47,39,28,99,45,49,100,89,82,57,84,60,71,67,92,64,24,96,65,21,57,16,36,24,94,57,100,31,23,84,72,28,42,57,59,69,91,24,11,58,97,81,22,55,17,75,89,27,100,23,69,75,89,12,66,15,92,85,98,22,59,16,42,98,91,45,49,72,42,63,21,12,80,29,77,90,10,76,96,20,13,27,65,86,31,94,58,62,88,82,28,87,54,13,40,82,96,78,28,11,11,33,77,49,47,40,19,97,40,26,15,48,69,93,22,35,32,45,39,86,39,60,40,62,48,70,65,83,28,67,12,61,16,43,27,92,54,59,18,31,12,44,73,21,68,64,85,66,13,35,38,88,48,42,53,48,15,30,36,71,30,95,34,84,68,29,98,78,26,19,94,79,11,22,87,42,29,81,89,69,78,32,65,38,81,24,57,29,27,76,80,30,10,45,92,88,70,71,60,36,74,16,25,38,61,76,42,63,57,95,95,100,75,100,45,24,17,60,89,27,31,68,59,42,21,83,82,21,23,82,17,79,66,76,24,96,38,66,96,23,60,11,83,71,39,15,57,25,19,49,85,58,11,69,75,36,63,94,18,78,50,85,51,82,67,74,32,22,42,23,28,71,49,87,29,55,100,68,25,44,78,39,12,52,14,44,44,54,99,62,61,72,41,88,49,93,20,88,71,73,11,39,18,26,71,28,70,21,16,63,72,86,54,22,70,80,73,25,28,55,76,11,21,14,16,68,82,23,48,57,59,58,66,58,75,45,56,40,81,22,23,56,84,55,97,67,65,67,30,22,15,23,23,85,64,28,12,97,65,57,11,86,78,70,22,29,95,74,74,43,88,60,43,15,52,43,34,25,55,10,59,75,87,47,62,47,100,85,20,72,73,36,24,95,65,41,15,62,27,67,48,96,41,29,89,28,28,12,18,99,98,45,55,90,36,64,43,53,93,18,26,51,48,36,60,99,48,42,93,45,80,97,87,25,27,47
E288,67,80,55,41,14,27,11,83,95,27,60,48,42,87,69,59,11,20,23,10,48,64,42,72,27,13,31,11,71,86,51,53,89,22,43,82,76,68,37,32,33,87,25,99,60,51,29,17,13,86,14,43,87,17,68,90,65,64,72,12,42,29,59,45,71,16,57,64,75,10,59,60,45,90,12,15,30,93,22,97,81,61,46,32,37,63,46,57,56,59,29,55,43,27,30,60,55,13,62,38,14,48,42,21,61,69,93,32,76,47,84,49,53,37,56,92,27,90,52,62,92,95,22,14,39,58,86,22,100,61,96,26,75,80,66,54,14,94,77,65,55,96,15,62,32,85,75,51,93,84,27,36,90,27,88,72,57,11,27,85,90,24,10,60,87,72,43,41,62,47,83,59,69,72,36,20,53,89,63,79,35,29,49,14,78,28,19,80,20,34,25,51,21,56,24,82,45,73,49,27,77,76,25,15,99,15,62,41,84,39,86,88,31,16,21,31,93,70,71,62,17,28,36,43,41,97,21,54,68,53,89,45,54,18,20,39,44,36,58,16,100,58,11,72,70,100,91,25,36,18,39,20,42,35,70,65,37,26,52,65,38,38,67,28,93,52,88,32,94,60,64,68,55,10,36,20,51,20,11,38,14,10,72,62,66,29,16,15,12,69,34,28,73,32,40,44,26,98,13,36,11,89,53,91,20,27,46,69,42,21,94,33,71,53,99,43,40,61,57,90,45,32,61,85,88,84,74,42,53,10,81,37,69,41,91,91,94,66,64,89,80,82,54,64,12,83,33,47,73,43,15,23,12,17,45,33,31,10,28,25,53,75,57,40,62,52,43,42,36,52,83,30,88,58,55,40,89,66,63,47,28,27,95,38,45,23,96,72,43,34,82,68,25,25,65,97,19,23,48,35,36,100,86,41,93,18,42,95,37,46,37,84,97,75,37,90,75,80,51,35,47,29,63,34,14,21,56,66,69,84,44,13,83,11,51,91,82,62,86,12,38,92,68,18,37,84,10,70,58,74,41,79,49,22,27,98,34,61,24,93,20,24,36,64,88,92,71,83,36,81,13,60,19,88,15,22,57,54,27,52,63,49,86,79,70,65,71,48,75,75,55,44,42,29,19,35,18,68,16,56
E289,96,76,84,55,38,59,65,48,55,72,67,59,29,39,17,57,17,34,17,52,24,16,17,15,19,11,31,50,36,32,55,78,22,40,88,63,34,97,38,22,70,73,63,38,40,21,17,90,68,25,95,47,60,75,35,74,98,80,21,83,11,27,55,46,46,80,37,16,59,32,19,69,41,94,87,31,98,32,39,14,65,57,18,71,68,82,32,47,22,21,72,16,38,76,100,48,79,64,91,75,18,72,43,72,83,98,18,43,50,33,51,27,17,95,41,22,82,39,96,42,19,41,55,76,24,78,77,93,90,15,24,68,58,43,73,24,91,69,87,99,90,47,43,16,53,83,91,19,47,86,75,92,72,36,57,93,50,57,30,26,97,39,33,66,49,26,56,35,31,46,28,91,32,41,26,16,62,85,16,61,77,64,10,17,77,100,53,15,89,12,34,95,11,23,80,61,92,27,11,30,96,77,47,19,78,55,42,26,76,25,21,81,78,67,27,62,89,86,31,70,60,97,68,30,60,44,82,47,16,76,78,34,61,84,50,59,38,38,70,92,24,45,48,24,20,98,75,82,51,64,56,89,40,13,99,10,57,32,37,40,77,47,92,43,40,76,89,95,60,38,37,42,78,24,44,21,61,72,64,46,55,15,66,78,64,44,16,87,68,72,66,69,69,44,72,25,97,49,32,26,70,94,30,45,43,85,25,20,89,81,30,58,31,36,12,74,23,41,61,55,89,48,63,99,68,98,53,71,36,87,96,56,96,46,17,82,92,27,72,17,53,25,43,22,67,19,64,22,40,27,49,87,97,17,59,86,16,71,17,90,12,26,44,96,31,96,45,51,86,74,84,47,66,80,93,51,12,61,35,23,96,54,80,58,26,77,54,39,31,99,41,37,20,84,20,61,47,100,44,65,71,73,60,82,75,32,87,28,42,15,59,50,92,46,31,24,29,14,30,77,50,40,37,37,78,13,35,96,86,31,43,95,48,30,53,49,92,62,60,29,89,84,84,71,76,80,37,24,58,62,90,30,32,43,54,76,62,99,10,44,76,77,51,72,68,78,45,12,97,91,95,78,74,47,39,53,24,20,15,87,91,86,32,85,51,86,76,89,56,61,73,84,28,29,71,99,14,84,90,12
E290,80,63,64,10,16,54,44,10,70,56,67,64,33,71,82,63,93,22,24,31,79,65,85,31,27,32,30,13,73,47,28,84,27,51,72,71,80,84,79,33,97,71,63,90,69,72,15,67,46,15,64,77,19,73,42,13,59,39,78,51,93,53,27,49,50,32,48,23,45,22,92,18,69,66,97,93,96,14,50,85,18,40,63,25,79,51,59,99,32,11,21,78,62,22,22,48,91,50,24,59,70,26,58,98,27,63,55,89,58,24,64,35,50,16,32,38,28,37,18,43,30,29,35,54,48,78,15,92,94,18,44,88,61,14,85,22,97,48,42,69,76,55,37,76,11,50,94,68,89,45,18,19,39,39,26,81,38,44,81,46,24,10,84,35,64,19,78,49,77,33,12,25,78,56,63,53,42,55,37,49,30,64,29,93,57,73,10,34,91,49,58,29,93,79,99,29,44,47,58,58,79,36,19,27,90,22,21,94,37,61,83,39,25,44,97,28,73,70,34,96,47,85,22,10,53,41,48,33,21,36,33,83,84,68,27,65,97,69,85,35,46,63,80,20,45,97,53,88,41,23,15,12,29,33,88,78,39,97,85,61,13,60,53,25,79,20,41,38,76,33,33,90,44,45,86,26,45,49,32,46,91,85,21,82,76,43,58,38,65,41,70,91,51,62,30,62,93,19,33,24,41,62,29,90,18,20,72,79,62,47,91,37,48,45,70,68,29,80,90,69,96,82,98,51,90,28,100,28,80,69,38,58,35,100,66,84,27,96,38,11,25,37,67,65,79,79,56,81,26,29,31,55,39,46,28,35,60,49,47,63,13,92,96,94,19,20,41,90,27,41,51,12,32,21,37,54,22,27,48,77,95,54,88,87,16,32,68,90,39,94,62,67,63,73,13,78,91,62,82,93,48,32,14,59,79,17,27,92,75,28,76,71,21,12,51,39,10,36,21,59,52,41,89,34,95,41,20,32,21,63,97,85,18,37,93,75,77,94,98,55,35,33,12,74,76,76,44,56,73,89,46,73,16,59,66,10,54,10,11,59,80,60,99,32,67,38,73,52,96,97,27,10,85,16,63,43,19,40,93,58,72,92,82,91,71,52,48,17,55,34,20,88,44,14,88,58,69,85,44,87
E291,94,56,85,38,61,75,28,45,92,40,46,34,23,77,11,32,19,100,97,34,12,94,84,28,51,65,65,91,59,100,40,22,73,95,45,42,40,81,96,64,15,71,36,15,34,24,65,39,82,56,85,24,23,74,89,82,59,21,77,48,79,34,36,31,73,85,36,15,72,79,34,15,16,65,61,55,34,38,57,59,94,70,28,30,47,37,78,36,89,75,81,84,31,43,16,83,25,25,22,61,11,89,23,47,54,36,11,89,84,61,54,43,34,22,67,50,39,99,15,53,91,73,73,58,87,80,57,14,93,16,98,13,68,35,55,89,13,13,70,48,16,24,91,30,39,64,59,58,48,84,29,68,53,77,32,15,62,41,59,63,20,73,19,74,67,75,83,43,59,54,31,83,85,12,48,37,64,100,66,81,27,17,60,20,67,51,61,92,83,77,69,77,63,35,61,66,15,68,29,49,25,34,93,34,48,94,42,93,53,35,70,62,17,70,70,52,50,64,29,32,89,32,36,70,56,93,31,66,70,88,66,50,77,76,70,10,65,46,49,87,19,39,31,16,94,27,38,72,100,99,51,91,57,77,67,60,68,59,11,24,67,31,90,99,19,88,79,29,19,82,74,36,88,65,26,21,65,53,73,63,74,76,89,75,81,94,36,97,95,38,67,55,67,60,90,20,23,77,32,90,20,96,10,95,52,88,73,74,18,50,38,75,31,57,50,38,42,62,20,91,65,85,51,14,16,53,42,11,32,53,27,12,49,55,69,84,45,68,94,46,90,74,20,59,40,60,22,66,29,85,58,73,19,66,79,42,54,90,44,87,36,89,100,98,48,46,49,68,71,27,42,40,36,53,44,42,76,46,44,26,39,84,13,98,27,80,72,82,74,55,29,63,95,71,41,65,82,80,29,88,47,27,83,75,89,73,19,41,47,14,38,34,54,88,73,96,95,79,28,94,87,75,42,33,71,56,57,69,23,75,43,88,58,29,14,30,87,87,28,52,82,79,40,42,65,84,59,47,81,79,57,21,34,82,38,15,96,90,94,33,68,32,80,58,11,27,69,73,34,16,51,48,64,99,34,86,82,87,79,87,25,64,21,85,96,16,55,77,25,25,34,40,72,84,72,44,38,12,21,15
E292,42,38,23,75,98,87,18,28,17,98,11,84,12,78,91,79,38,70,54,82,69,13,32,61,35,54,92,37,71,19,68,69,50,16,23,36,84,64,36,94,73,70,26,44,79,65,51,16,95,66,38,64,37,63,24,91,42,10,68,31,51,29,42,91,13,90,78,30,43,21,62,82,86,51,22,53,39,54,39,38,98,80,49,47,71,49,24,41,81,90,42,21,71,93,71,44,22,21,81,45,33,96,76,68,70,41,79,32,46,77,66,67,51,36,30,13,88,16,11,66,24,88,69,79,21,97,47,71,25,95,78,90,56,14,71,66,34,49,85,16,27,97,50,16,63,30,73,97,35,69,16,59,77,56,46,12,52,90,42,49,99,43,55,56,36,67,34,21,36,35,90,26,27,76,88,43,20,30,88,78,72,62,57,90,41,52,49,73,45,75,78,49,99,68,13,94,80,27,21,97,93,72,70,63,26,32,94,71,91,21,56,74,18,94,19,93,22,33,71,72,18,13,71,17,85,56,68,23,46,58,32,74,23,94,95,19,20,80,67,96,95,82,60,23,89,26,10,78,97,51,12,18,15,31,90,99,62,96,47,36,87,25,52,65,100,54,16,75,71,17,68,84,72,73,49,95,74,50,48,53,11,23,68,15,66,92,92,52,83,36,47,95,88,49,93,59,76,29,67,66,61,56,43,54,99,22,75,38,14,68,86,39,58,54,22,33,98,71,96,83,87,43,76,52,49,47,65,95,28,98,97,56,55,65,94,36,54,65,51,55,78,29,46,37,12,56,32,11,89,60,92,70,41,40,67,38,34,76,76,59,28,20,23,19,53,57,63,87,21,53,36,48,43,43,45,68,12,98,40,35,96,73,34,11,51,28,30,27,51,29,40,48,81,18,40,52,13,94,50,62,94,81,33,62,93,34,28,80,26,16,68,11,60,69,33,16,95,17,12,68,80,22,59,96,25,20,95,97,13,87,93,48,81,37,70,11,28,83,50,30,24,26,32,92,22,55,87,33,20,45,59,51,57,77,33,63,62,30,86,86,45,67,12,38,18,39,28,80,27,91,37,86,26,44,12,85,75,52,24,42,40,21,59,43,83,18,41,100,47,45,11,48,86,58,35,42,24,74,61,85
E293,81,63,62,73,65,41,47,44,57,32,81,16,96,81,50,66,43,22,30,49,67,61,76,73,18,92,36,88,96,22,57,83,14,92,98,72,59,27,89,90,42,58,41,65,67,70,29,68,31,27,86,32,62,97,43,88,76,59,76,37,10,92,74,54,12,58,66,29,92,14,84,16,19,20,86,24,35,100,35,68,47,34,84,82,30,42,75,38,10,33,93,22,10,77,67,76,66,10,46,43,78,90,57,57,89,100,64,95,60,34,41,35,78,72,44,65,87,89,25,93,83,34,13,37,21,57,76,49,26,53,62,18,43,29,86,38,80,39,24,19,50,86,32,45,70,14,21,51,85,77,16,99,93,67,33,77,53,92,95,48,67,76,87,49,19,13,87,71,73,27,86,70,20,39,11,60,93,60,63,69,98,82,81,93,25,32,63,70,54,87,86,79,79,29,96,30,89,70,90,20,65,94,16,77,69,67,59,78,65,53,96,95,49,74,60,62,28,87,87,76,18,75,22,52,99,80,100,32,58,87,28,47,37,86,98,39,50,85,48,20,16,85,14,77,36,95,90,70,72,67,50,51,66,83,89,93,39,95,82,96,59,75,38,40,12,94,85,34,38,55,39,32,83,91,59,23,17,82,20,90,98,94,70,93,55,95,37,36,72,35,99,74,84,97,84,39,10,93,76,32,73,63,44,18,33,73,70,75,91,18,98,50,94,68,100,54,85,32,17,82,75,52,90,30,17,33,73,88,11,32,35,26,83,58,23,28,51,20,15,41,19,62,68,13,79,62,25,76,86,16,70,93,81,69,68,23,84,91,79,50,79,78,64,93,64,19,57,42,56,55,14,50,89,51,50,13,21,68,65,50,73,75,98,47,91,87,59,96,85,84,67,84,91,38,59,75,72,31,75,68,77,91,74,68,44,58,47,41,95,12,73,20,79,82,43,10,52,65,71,62,43,71,68,18,82,62,21,50,18,39,37,56,88,44,60,72,57,61,95,31,55,52,28,77,71,51,33,96,76,73,75,71,45,70,34,29,58,43,35,55,39,48,72,20,40,71,97,87,21,92,51,25,95,22,33,49,61,38,54,98,39,22,42,100,73,17,97,46,33,92,47,82,88,34,20,71,78,17,10,23
E294,38,36,75,20,56,87,19,13,64,63,79,49,46,99,78,19,25,66,88,18,67,26,14,32,85,27,72,90,96,55,84,62,15,26,46,56,17,39,90,74,87,55,33,15,66,75,18,26,63,45,39,35,56,71,17,51,22,81,88,20,51,69,83,31,41,25,84,40,70,33,85,12,68,15,57,81,19,14,94,13,64,90,48,19,80,57,98,83,11,97,38,98,97,37,30,15,33,35,70,77,64,41,10,24,47,32,19,90,22,71,71,100,37,44,98,78,90,74,93,43,89,52,44,12,87,75,10,72,23,53,31,45,18,11,57,16,42,66,92,44,47,92,24,10,68,98,53,11,82,94,26,11,62,75,58,16,67,57,29,66,69,91,90,59,27,13,17,82,14,17,41,59,64,79,94,16,33,70,43,91,59,45,47,83,19,77,73,64,28,69,56,65,22,100,91,81,37,76,42,43,58,40,70,63,58,79,78,59,37,89,25,20,32,25,42,93,92,47,68,68,57,30,94,17,46,69,94,48,68,16,39,33,46,26,64,46,96,45,76,73,92,64,96,82,100,58,45,71,62,80,37,60,27,63,48,20,49,18,32,43,65,67,58,96,53,41,54,78,85,36,77,85,89,11,100,29,57,100,45,17,45,36,72,80,99,83,49,33,10,66,61,15,43,89,68,76,95,35,61,28,59,71,44,91,56,56,97,35,59,41,98,25,74,28,96,43,27,54,77,94,16,56,52,28,64,19,21,42,35,38,86,70,31,50,57,31,94,88,14,61,12,59,89,70,96,92,98,27,51,78,28,69,39,42,13,15,88,57,54,19,57,17,86,22,37,23,79,26,11,77,19,34,78,91,13,52,45,59,53,45,28,33,64,86,54,69,51,65,97,51,71,52,82,59,45,84,50,15,19,78,52,41,77,71,36,71,59,37,68,88,73,51,75,68,36,55,30,69,87,47,17,87,72,93,13,88,12,79,37,58,31,72,57,47,35,47,56,41,87,68,30,67,72,89,82,56,79,78,41,40,97,66,31,60,21,83,44,60,85,70,80,22,47,58,41,67,15,68,95,38,18,57,13,61,23,74,27,11,85,17,78,85,26,42,29,68,73,69,80,93,20,23,69,34,98,73,19,99,99,97
E295,33,38,78,94,40,84,23,75,10,76,17,44,61,22,89,90,84,16,52,90,17,54,36,65,60,49,33,66,72,45,97,30,19,54,91,26,29,84,85,52,68,30,18,61,16,20,75,17,31,22,23,78,95,25,38,51,46,74,28,93,36,62,37,16,97,22,83,61,42,28,54,88,75,38,86,49,31,73,70,51,58,35,99,71,53,47,15,65,76,26,45,63,41,42,57,49,50,62,50,20,48,65,75,28,87,75,80,60,52,77,54,98,41,35,44,48,93,22,33,53,73,68,89,25,22,82,84,37,66,12,78,96,61,43,93,17,32,52,82,66,70,16,65,53,10,78,51,82,94,80,98,50,97,88,49,21,81,20,43,100,51,26,73,39,19,80,33,100,97,47,34,77,38,91,45,55,42,26,22,20,64,45,43,63,78,22,97,63,32,59,39,38,85,97,18,97,27,61,53,68,76,53,28,53,35,92,24,30,49,10,22,21,25,73,25,46,74,71,28,89,29,66,97,65,19,77,86,39,66,71,50,89,74,75,61,49,26,31,41,24,27,88,82,83,34,62,67,54,62,95,87,100,66,35,23,59,37,68,85,23,43,16,24,32,66,74,45,23,14,100,49,61,69,93,92,88,52,56,63,36,21,37,54,18,86,18,39,27,39,58,42,31,16,90,68,93,29,46,15,90,61,43,82,68,61,43,70,71,39,91,25,25,67,21,31,53,20,92,76,24,95,23,86,85,81,75,89,67,65,79,87,92,96,85,23,79,59,27,48,40,21,34,75,93,67,31,22,58,70,68,25,51,99,16,99,10,86,29,96,21,18,11,19,83,35,94,81,36,88,45,92,42,33,35,96,77,89,62,70,23,42,28,52,49,73,16,93,86,58,69,59,17,81,77,59,78,13,23,91,18,12,67,40,69,84,88,60,44,85,18,30,42,52,89,61,98,81,89,81,31,77,63,30,78,69,85,57,60,40,26,89,41,82,83,11,53,85,77,18,27,19,94,24,47,86,26,33,45,29,89,89,76,21,20,82,90,44,47,20,31,96,75,47,69,31,10,64,28,12,46,94,31,55,21,71,47,44,44,99,58,40,64,76,91,85,32,43,49,52,30,62,73,74,81,83,54,53,38,98,76
E296,38,39,49,33,30,53,40,32,17,44,18,72,78,75,21,11,56,33,48,83,10,44,37,94,84,47,71,86,82,78,31,80,81,58,78,92,49,54,72,74,70,44,32,90,85,79,12,24,97,42,80,22,35,70,29,89,36,98,29,82,15,15,93,71,27,23,36,66,75,73,14,95,34,25,35,87,94,74,25,61,73,38,43,41,54,100,91,20,81,15,47,99,44,76,73,43,25,77,65,97,50,30,14,74,95,36,53,80,20,94,88,33,26,33,60,96,81,76,13,76,43,78,45,10,53,58,12,60,76,59,43,32,39,49,90,75,86,96,28,40,35,50,76,60,60,94,63,46,43,35,25,46,19,75,22,83,51,80,86,65,59,72,58,61,96,63,45,24,39,62,70,72,27,63,99,78,30,82,38,92,38,72,26,44,15,92,97,58,51,98,54,88,61,72,26,67,61,83,20,85,32,26,85,87,55,43,32,81,14,85,75,76,40,69,85,73,76,53,44,54,97,56,12,87,30,30,35,14,91,58,41,63,14,48,22,98,47,48,84,91,31,15,14,48,39,55,71,39,82,30,91,52,38,99,64,92,92,37,85,32,30,76,64,33,80,79,51,78,52,38,44,87,100,48,75,45,21,34,50,28,85,65,63,45,93,20,46,58,69,49,23,22,79,19,96,55,59,80,61,24,51,94,36,49,93,42,93,98,25,48,40,87,88,66,26,88,37,50,58,66,65,79,45,15,36,95,71,20,44,20,99,100,92,73,82,98,12,73,34,43,74,60,28,38,35,97,79,76,78,73,15,48,17,65,18,12,98,30,87,79,32,18,72,66,71,96,65,88,51,65,45,42,98,71,95,87,34,85,66,13,59,39,57,59,62,15,62,93,42,16,43,24,54,37,64,55,91,86,13,47,89,12,70,89,94,23,56,48,30,51,18,74,86,66,24,47,86,66,69,98,71,85,27,85,88,58,19,40,21,40,73,20,16,82,25,17,70,51,58,91,29,44,32,69,54,14,30,47,85,78,71,14,29,10,75,50,77,90,96,26,66,86,37,44,63,50,96,94,65,49,20,29,32,21,61,54,35,39,62,35,16,89,52,72,74,52,42,23,41,76,76,70,14,36,15,50,97,38,91,35
E297,39,81,83,25,26,21,11,47,85,49,11,40,26,92,45,79,95,89,96,10,16,52,60,33,95,54,62,21,30,12,89,70,37,34,32,98,18,68,44,13,62,53,66,53,63,23,61,73,37,27,32,68,22,99,51,49,74,49,24,18,34,98,91,11,27,39,41,28,87,57,82,94,29,97,73,81,97,75,100,24,89,22,25,53,50,23,87,28,54,16,85,87,22,72,25,56,62,66,82,51,22,67,41,54,88,32,69,27,57,70,98,37,23,13,16,88,50,51,14,36,98,46,88,12,30,74,10,86,87,50,62,66,35,64,29,94,64,22,71,21,91,83,34,19,100,52,24,64,90,60,49,12,59,42,21,96,35,36,63,70,89,95,96,68,33,95,72,98,46,37,55,19,20,39,93,94,25,82,13,99,64,29,45,49,10,45,40,92,68,38,78,22,73,92,75,41,69,33,66,90,16,46,45,73,28,93,22,13,20,44,89,36,81,11,13,81,84,12,100,98,59,62,10,65,55,73,97,11,77,77,42,23,98,34,92,58,22,16,55,89,93,91,13,28,77,12,29,44,15,22,84,53,25,51,75,89,25,86,45,62,70,83,58,50,17,62,36,73,79,85,54,30,52,27,71,59,86,73,30,19,12,60,94,57,45,39,65,32,46,70,35,45,52,13,43,25,17,40,32,85,35,43,27,38,37,57,56,95,96,21,82,67,65,80,71,39,95,57,98,15,40,50,75,20,51,56,35,52,48,93,54,75,67,66,20,17,45,47,89,68,82,78,52,82,92,27,33,54,97,57,56,35,26,82,16,79,97,82,98,93,58,59,87,100,13,25,30,52,81,19,65,11,51,55,91,44,57,69,44,60,50,53,78,78,59,68,84,69,75,69,85,55,83,34,44,85,95,32,15,88,68,75,28,43,89,17,48,99,34,46,83,36,50,15,32,31,78,11,83,64,43,21,77,63,40,61,67,36,66,66,83,35,54,47,79,84,41,12,72,12,88,11,90,10,48,86,24,32,44,24,29,91,77,16,44,81,93,85,52,69,76,41,25,60,85,69,83,95,27,31,41,10,73,53,29,65,53,74,27,27,93,76,15,64,100,46,97,30,12,49,34,41,65,29,27,23,45,88,46,14
E298,65,85,80,76,38,54,26,11,13,97,69,79,58,76,71,33,14,38,31,22,45,41,96,56,90,52,53,19,88,81,27,26,18,97,90,64,73,32,61,34,95,29,51,17,34,31,50,13,72,32,72,19,77,14,85,77,42,63,93,86,97,85,72,86,35,88,78,28,77,15,31,52,63,27,61,26,39,66,60,30,83,96,58,51,50,77,20,73,46,99,29,44,43,24,61,56,74,58,41,49,44,72,79,41,33,61,95,31,43,87,86,18,49,42,34,17,19,49,34,80,73,63,38,61,48,68,63,49,40,83,11,52,72,49,90,90,45,54,82,91,32,34,97,37,39,65,98,42,93,20,85,14,87,36,68,10,41,10,54,11,20,95,15,60,19,22,32,78,88,52,22,58,83,68,76,22,65,75,62,46,69,27,15,79,19,68,26,27,31,36,21,56,58,76,70,48,26,35,27,79,24,26,76,34,23,74,43,47,50,58,82,46,28,56,74,33,26,95,58,49,87,69,98,97,99,19,10,96,67,20,48,32,24,69,91,25,75,93,23,56,29,17,99,87,46,19,98,80,18,75,42,68,81,64,28,23,75,13,36,55,35,16,62,79,32,57,71,53,38,36,65,53,79,78,82,94,58,94,62,99,29,24,86,13,21,25,42,30,72,47,70,88,88,88,65,39,72,60,10,94,32,46,82,37,98,94,26,79,28,76,89,89,17,79,53,72,42,45,36,14,46,83,21,56,58,17,75,66,32,52,72,57,55,13,43,42,20,92,15,44,53,32,48,28,68,77,47,81,25,82,31,75,57,93,55,46,52,39,100,43,98,88,83,67,32,82,27,71,66,85,88,56,46,27,14,28,57,82,43,88,54,55,69,30,41,30,51,55,10,93,83,69,53,36,29,49,31,47,90,82,47,28,10,91,87,63,30,51,69,73,90,41,52,30,42,20,36,93,91,21,56,84,81,61,58,63,66,42,65,89,18,82,63,60,35,94,73,38,27,75,75,74,99,60,29,55,74,49,26,94,10,32,34,42,26,49,49,27,30,100,83,87,22,68,26,47,46,13,18,44,73,29,92,28,27,32,48,83,38,90,11,49,50,86,80,22,78,22,57,17,47,93,85,70,94,78,22,41,44,59
E299,93,19,79,52,71,28,46,76,66,32,38,89,81,50,69,91,95,86,45,31,13,21,62,40,24,56,85,83,22,100,14,14,62,55,38,97,78,21,60,69,94,57,30,79,89,73,71,70,75,89,98,46,55,22,11,17,68,47,67,22,59,44,66,92,11,34,46,18,46,26,49,68,83,82,96,98,37,96,87,55,63,25,83,60,70,72,52,55,88,98,42,85,52,79,36,38,98,83,12,88,22,44,38,39,22,78,69,53,35,52,70,11,31,30,62,66,74,33,46,43,34,48,67,12,95,64,66,42,70,24,65,88,53,65,93,80,63,16,22,73,69,79,53,10,72,73,43,26,25,52,65,66,41,89,80,57,29,65,11,78,31,36,13,98,16,70,48,59,26,87,31,58,43,11,98,60,23,49,26,43,29,24,43,61,62,55,22,79,80,28,27,31,32,64,19,55,91,68,64,85,61,13,46,85,90,55,26,29,53,43,23,69,90,13,85,95,47,11,81,43,35,28,41,99,71,50,33,96,90,99,41,19,87,53,35,23,89,95,32,22,14,63,81,49,33,97,64,53,74,19,96,67,25,92,85,71,67,86,79,15,56,99,37,15,43,39,13,13,44,23,23,82,91,51,65,87,53,77,13,61,51,29,63,67,44,82,72,58,16,36,94,49,25,58,65,100,67,26,14,19,70,12,71,62,98,14,100,25,66,26,45,20,15,31,100,75,54,62,36,16,66,22,39,42,62,78,32,52,76,17,92,24,86,91,49,19,63,99,98,95,59,67,71,32,15,57,90,85,34,76,13,26,14,71,59,21,50,58,22,20,70,58,54,42,65,36,11,44,48,74,92,34,81,45,73,13,18,23,97,98,53,43,76,85,12,91,90,78,91,80,22,52,52,67,80,17,17,34,34,49,29,77,13,48,65,57,99,81,58,44,12,87,43,17,50,31,33,97,28,47,60,100,33,78,76,63,27,51,32,60,70,54,36,49,91,94,88,17,74,60,14,19,41,72,48,31,81,66,16,21,21,77,89,84,67,23,82,13,66,22,84,65,83,97,22,45,15,81,43,41,59,47,53,51,11,67,100,37,30,89,96,76,25,74,67,47,20,68,37,25,26,69,48,39,83,94,74,24,15,16
E300,49,17,44,14,89,71,37,22,16,18,22,44,80,76,49,31,43,59,84,15,19,35,17,36,89,34,37,50,95,35,48,21,32,15,95,71,42,24,22,34,92,26,76,44,30,97,79,96,63,42,27,16,10,84,55,26,89,58,87,27,13,61,84,27,70,51,40,43,81,24,36,48,11,47,75,51,43,56,54,13,96,30,57,69,18,70,60,13,22,45,58,28,18,48,47,56,58,99,85,62,85,18,52,90,83,20,46,95,10,48,85,33,81,61,91,69,97,82,52,15,17,58,30,55,45,54,27,55,39,18,31,18,79,39,19,84,89,90,60,42,35,31,70,80,80,20,32,74,22,58,85,17,49,56,47,57,87,99,31,11,76,75,25,80,44,58,98,94,67,47,49,82,81,50,87,78,42,25,10,71,60,80,62,15,76,86,63,77,17,59,58,95,65,64,93,39,31,15,60,59,50,85,55,61,86,11,58,56,94,30,71,52,38,74,37,58,40,50,56,83,88,79,10,59,99,59,100,95,90,83,64,90,86,35,58,100,21,11,13,21,69,18,26,52,11,58,58,10,72,26,74,71,52,73,54,46,95,80,38,97,91,12,49,42,34,86,63,46,100,20,95,50,19,44,26,52,60,27,23,85,16,86,41,46,49,28,59,97,20,72,42,96,43,26,81,74,32,72,61,93,19,41,20,68,99,53,14,91,85,97,93,10,78,11,11,90,61,14,11,52,14,16,90,33,99,65,89,42,36,41,21,34,33,33,53,53,68,12,59,55,15,82,47,95,10,89,49,93,77,87,53,49,72,87,32,93,94,60,49,46,92,76,96,39,81,39,16,34,38,60,21,93,86,32,54,20,85,22,72,50,61,43,96,39,91,23,62,26,88,45,76,32,36,77,94,29,46,38,13,79,38,63,38,88,26,46,59,48,83,37,41,88,88,38,49,86,30,52,78,74,68,100,97,96,12,25,42,10,69,40,81,99,67,75,93,10,84,66,19,40,98,25,67,44,72,98,82,19,49,76,59,83,88,65,14,12,70,19,84,48,62,22,66,35,29,58,89,80,66,84,61,62,94,97,98,43,84,24,97,32,58,90,16,95,48,42,41,33,92,54,63,83,96,43,47,70,12,28,75,79
E301,69,55,93,75,10,16,22,44,49,98,93,69,64,31,90,32,41,78,24,83,38,69,86,59,55,12,76,48,98,76,17,21,89,76,55,79,89,48,48,88,14,87,93,39,93,54,84,59,28,30,81,53,47,13,65,70,79,29,59,92,37,67,36,93,51,33,66,39,90,46,35,38,45,72,90,100,28,57,57,60,91,14,41,11,26,10,78,11,54,61,77,14,27,77,57,36,44,72,24,67,44,49,47,46,87,19,31,97,74,56,14,46,16,62,21,77,77,17,46,69,25,69,91,77,60,25,55,59,38,91,43,42,29,50,44,13,65,16,42,40,70,78,28,99,30,23,67,90,21,70,30,24,85,34,16,56,83,11,61,66,54,82,95,91,100,28,53,91,60,65,66,36,46,84,99,11,87,100,16,12,45,66,73,85,47,98,94,18,60,94,85,99,59,71,62,68,78,25,70,65,68,42,87,99,95,87,67,64,66,96,89,70,65,74,23,90,49,99,34,60,67,40,65,41,34,39,40,46,19,79,82,33,13,87,19,47,47,79,92,87,59,57,84,77,99,72,24,21,75,48,16,10,12,26,66,50,49,22,94,79,73,37,14,78,52,57,91,90,81,42,97,64,92,56,31,76,59,56,23,52,81,46,25,82,50,52,18,93,56,100,22,69,27,10,20,35,51,40,16,80,17,67,22,41,23,41,11,82,45,64,87,31,61,87,93,64,30,12,25,26,11,27,78,29,55,13,24,53,97,91,10,50,53,87,88,58,84,67,36,70,47,28,10,60,68,39,55,20,28,96,68,63,99,21,32,74,63,39,51,18,63,93,24,90,47,98,16,55,55,62,75,46,31,82,58,33,76,40,50,54,56,57,52,41,57,55,35,84,61,85,96,68,73,30,41,31,99,59,47,20,78,95,19,75,34,44,93,66,98,14,13,26,51,34,85,42,92,65,80,97,88,57,93,83,63,16,90,78,89,51,34,78,66,66,31,27,49,32,79,76,91,99,48,13,70,17,74,13,25,58,42,75,71,92,59,22,54,15,66,29,57,74,88,73,71,47,96,93,95,10,46,100,37,85,64,81,45,93,69,17,37,21,21,77,22,39,11,88,94,23,80,45,55,19,45,97,37,10,94,84
E302,18,31,97,77,61,88,31,76,71,59,94,25,42,57,39,52,86,16,56,92,95,52,97,17,45,28,45,99,60,20,72,81,97,76,30,61,94,96,88,61,14,32,59,89,69,60,38,64,61,69,29,35,71,43,68,76,45,96,34,27,70,28,60,73,11,24,56,89,75,82,10,31,10,24,35,92,62,52,47,79,77,34,92,96,56,85,18,97,53,83,93,92,62,41,15,77,84,51,66,80,69,18,37,99,56,95,92,14,52,51,31,11,71,14,35,12,12,94,90,54,45,80,37,99,15,40,99,16,98,52,28,93,34,29,59,35,55,60,47,48,40,34,61,72,24,17,23,87,54,97,20,47,19,79,45,76,21,29,45,40,20,26,67,51,56,93,68,57,61,66,98,100,84,40,66,98,71,16,61,94,60,65,22,32,89,80,66,83,94,81,66,82,86,43,35,37,78,56,42,55,83,98,90,97,89,88,88,51,51,69,86,64,53,91,19,47,82,47,100,65,78,14,21,11,43,65,67,49,57,69,73,19,87,25,93,84,38,36,74,35,18,95,78,40,46,76,78,47,80,58,59,39,91,98,92,77,81,76,19,50,10,36,68,79,52,80,51,72,39,77,44,57,47,37,22,16,56,64,65,62,30,48,28,28,69,43,18,90,72,61,98,33,13,79,18,82,100,30,12,96,50,73,75,56,49,28,31,26,46,32,55,12,20,93,38,49,89,78,71,62,98,99,37,30,27,79,58,53,26,15,49,24,41,92,79,73,66,84,52,16,41,93,11,51,93,25,13,50,14,85,49,97,82,71,66,29,57,48,17,28,85,88,78,31,88,40,76,97,31,41,31,14,46,24,46,53,87,22,12,27,67,43,78,90,96,89,71,57,26,49,36,63,22,58,88,58,65,26,78,89,13,62,86,65,74,39,20,41,13,94,84,83,77,66,78,63,27,99,67,98,86,26,30,18,34,13,19,70,32,37,70,92,40,88,45,39,47,90,31,23,31,17,64,30,91,50,54,32,74,12,23,80,33,26,68,20,99,17,84,99,12,50,53,99,44,46,95,85,25,44,24,34,99,70,82,76,38,68,49,27,68,89,24,52,38,38,50,41,17,37,37,43,88,84,64,65,12,100,79,72
E303,57,61,59,97,32,52,54,65,18,75,11,27,23,51,80,96,39,87,17,44,50,86,87,29,71,74,88,41,96,94,95,79,36,25,61,11,31,93,46,43,77,72,45,21,19,18,62,100,72,84,99,60,55,31,49,35,99,33,58,51,44,99,97,36,47,63,66,49,13,20,37,45,32,81,73,32,32,23,33,31,63,18,22,26,41,74,44,96,68,63,88,86,97,85,13,20,38,95,72,42,67,84,41,32,43,36,51,32,99,98,100,39,94,45,79,60,33,91,88,69,72,34,45,67,47,85,31,76,56,10,63,36,64,11,58,77,40,81,31,16,52,37,33,28,65,55,97,67,72,61,11,70,82,65,43,78,66,35,35,48,86,31,86,22,38,75,88,48,19,82,84,44,29,81,77,73,13,30,98,64,74,61,93,53,56,72,15,88,22,71,47,99,18,91,87,58,18,47,91,17,42,56,15,41,76,68,30,47,68,54,47,77,76,88,32,99,13,59,24,29,98,57,38,29,47,16,67,49,36,60,20,51,74,47,56,64,49,64,37,70,20,72,28,59,66,78,77,73,14,62,68,17,72,10,39,88,39,16,64,64,29,100,68,43,90,73,63,76,54,71,47,20,92,24,100,12,30,13,81,59,20,36,77,40,36,41,83,51,66,94,77,32,57,14,36,17,34,90,39,67,30,57,72,81,47,13,83,12,28,60,38,80,91,11,10,25,96,93,20,40,71,17,81,15,72,83,90,76,19,83,92,12,90,17,24,47,29,45,41,21,63,38,43,16,81,82,24,89,71,43,51,89,25,74,56,69,90,45,91,49,77,26,21,42,71,44,74,43,20,26,35,75,12,45,33,67,31,16,50,11,96,89,19,91,45,27,27,38,64,23,58,37,64,45,41,51,24,57,41,63,94,83,32,33,19,22,50,30,92,15,99,74,92,32,68,47,75,20,17,45,47,38,11,87,47,70,75,47,95,57,19,85,74,43,45,27,52,75,44,28,70,50,75,24,98,43,86,24,23,71,19,50,84,90,84,39,77,76,74,60,45,62,60,40,64,94,58,32,36,80,54,40,91,48,15,29,20,80,72,93,40,71,64,37,52,11,26,41,67,19,73,90,80,31,21,66,46,54,36,36
E304,22,45,55,41,33,21,55,78,15,78,21,47,79,36,32,16,28,83,58,88,70,74,49,32,62,12,86,14,60,30,10,21,39,35,98,55,66,67,51,17,97,97,21,60,46,83,41,62,84,40,83,32,60,79,52,94,93,31,35,48,41,96,17,11,79,68,41,19,93,26,75,15,69,28,71,21,65,79,41,55,16,29,89,84,69,18,64,73,21,46,100,42,49,93,90,51,93,99,56,12,97,57,61,25,70,11,56,97,90,96,63,42,10,61,74,93,31,74,100,58,68,14,17,58,28,63,98,35,56,59,16,22,41,11,82,100,65,48,61,67,81,96,75,70,47,29,28,46,31,44,32,54,38,42,75,60,64,84,91,67,80,20,23,81,71,55,16,79,24,90,61,70,68,86,94,55,22,34,34,32,43,51,37,89,51,35,37,99,30,21,31,88,24,91,86,86,79,90,21,41,79,53,27,55,57,19,18,64,96,98,15,67,62,42,71,20,67,34,40,26,41,60,74,56,24,52,20,62,47,86,95,28,10,25,16,45,89,96,24,96,28,18,17,44,44,73,58,98,79,35,77,53,80,16,51,83,16,84,100,39,39,48,27,71,19,12,56,16,85,15,78,87,66,25,68,18,35,94,52,62,100,95,29,72,52,47,30,42,94,36,19,61,41,28,51,43,17,46,35,90,59,57,22,22,92,31,41,74,68,14,18,55,13,32,42,38,47,14,62,67,67,89,97,18,81,50,43,41,79,97,100,21,90,19,94,54,13,70,47,33,15,85,19,42,21,81,84,63,57,26,34,64,87,58,40,12,93,47,67,60,38,90,41,89,78,50,79,40,99,42,12,70,52,58,59,24,39,97,22,34,70,76,48,40,33,61,16,16,37,45,27,82,33,79,60,20,43,85,31,84,19,92,66,55,30,89,79,84,65,85,60,20,91,74,56,100,99,17,33,77,80,66,11,34,35,73,37,63,35,62,50,28,55,87,46,64,89,65,15,41,35,22,43,16,87,100,90,97,44,90,46,14,40,58,92,95,76,45,23,82,32,39,47,35,79,54,64,94,91,40,96,83,14,69,52,90,29,50,10,97,38,71,73,73,62,52,79,51,10,93,39,41,58,64,61,50,36,78,45,45
E305,33,92,64,91,90,99,27,95,20,53,45,41,81,52,38,16,49,25,74,96,74,72,19,25,94,67,16,32,35,90,34,85,98,32,19,80,54,37,70,99,14,41,11,72,48,30,69,32,97,95,32,81,75,12,87,90,61,90,77,15,73,55,83,34,76,39,88,26,61,36,33,52,11,96,41,80,60,78,92,27,67,58,12,87,41,88,74,11,38,46,84,74,50,26,15,57,69,34,65,44,71,70,20,55,13,27,67,38,31,29,30,43,39,16,89,46,55,81,25,12,79,55,76,55,75,33,53,40,82,44,70,74,81,23,81,42,68,80,49,85,84,41,58,81,75,36,68,64,30,64,57,93,17,73,62,43,88,37,84,73,99,29,37,85,17,30,71,10,84,98,42,76,100,57,48,98,55,43,23,43,88,23,23,61,74,85,72,65,77,36,15,42,10,43,91,88,55,54,80,36,25,82,26,82,27,68,37,13,28,86,45,53,73,79,47,88,40,15,100,89,45,30,18,59,54,83,34,23,56,90,41,86,88,12,14,12,90,95,80,20,23,97,84,70,67,59,54,15,66,24,100,89,100,69,44,65,92,30,85,44,26,82,26,20,70,50,86,15,36,99,88,15,25,37,78,44,92,18,28,74,100,46,50,37,100,97,69,41,93,27,62,35,71,73,38,45,40,15,35,53,47,45,42,35,73,73,53,100,56,46,95,35,73,12,60,83,56,91,49,54,85,53,86,65,18,25,43,49,89,93,86,56,11,10,60,10,16,14,31,26,57,80,53,59,64,44,62,12,34,28,80,68,72,11,50,98,63,91,46,95,57,27,89,99,58,95,67,77,29,46,89,79,44,94,41,47,78,79,20,60,50,26,77,16,68,67,41,49,51,22,41,13,26,51,62,27,61,15,77,39,55,89,37,98,89,86,44,43,14,86,70,28,71,85,42,63,80,98,47,88,53,41,95,34,17,16,51,12,65,80,29,60,24,61,40,54,87,41,26,33,73,72,73,68,51,69,61,38,59,90,10,18,76,71,27,98,77,21,29,85,62,23,40,98,52,69,97,86,100,89,59,45,11,93,13,61,40,38,56,57,67,80,56,11,39,81,83,48,46,83,99,83,25,33,65,21,16,28,57,45
E306,78,95,77,56,69,51,29,27,67,20,78,54,24,98,92,77,59,99,22,85,57,91,72,24,98,43,24,49,69,84,43,50,41,48,39,22,26,35,12,27,28,23,57,24,68,54,24,40,57,84,27,93,48,61,79,23,29,17,84,51,26,13,52,85,97,21,92,67,74,46,32,81,88,93,42,74,72,84,65,50,51,57,81,47,72,25,40,41,59,24,38,89,97,98,21,18,56,57,70,58,37,11,59,53,69,11,36,33,94,96,64,21,82,74,86,15,60,66,39,74,90,98,98,58,59,84,38,33,62,86,98,26,77,13,73,28,31,28,89,81,91,24,30,99,46,100,98,91,76,86,47,48,15,57,39,53,41,96,64,16,42,93,75,52,54,62,72,41,86,56,38,81,67,44,96,58,42,43,18,18,34,34,88,66,35,65,84,19,23,96,69,90,57,57,69,97,43,26,18,68,38,91,14,80,10,63,77,62,46,14,41,51,63,99,95,36,15,90,71,73,34,83,29,49,66,61,57,30,50,34,74,64,34,12,62,37,20,57,39,90,83,26,90,25,13,23,88,83,68,41,69,83,24,57,95,68,46,77,92,76,98,28,51,97,89,40,61,100,36,32,81,11,57,95,29,54,91,66,29,31,35,74,50,24,41,28,78,87,85,49,40,38,66,82,58,26,74,72,69,99,24,31,93,71,93,73,97,28,35,29,35,32,23,58,71,79,72,69,61,88,84,97,16,31,18,94,11,72,44,50,46,22,47,41,82,57,25,99,66,98,47,65,37,98,71,26,88,13,85,94,84,31,97,17,93,20,61,56,74,32,58,19,11,51,98,96,61,60,29,80,41,13,67,37,39,76,43,69,57,77,43,90,96,15,63,20,78,26,55,27,80,30,96,96,26,51,32,75,29,90,25,51,24,81,34,99,23,14,43,49,29,40,81,55,86,38,23,44,75,43,14,71,52,91,86,14,35,43,46,65,67,31,18,95,32,48,78,93,83,77,69,83,10,22,73,23,47,34,78,54,86,73,19,55,75,94,58,83,78,49,91,47,96,78,24,28,12,49,35,21,87,80,12,84,84,41,70,57,94,79,76,52,56,27,40,94,69,93,35,60,24,91,80,16,28,93,45,27,86,87
E307,10,37,72,33,38,33,23,15,37,95,21,25,34,85,85,56,56,27,93,62,56,31,55,51,17,76,66,96,28,73,41,86,47,18,59,74,67,36,15,26,20,31,27,84,28,32,100,91,55,73,55,50,57,91,29,24,57,84,67,76,40,81,54,50,54,10,81,60,37,66,61,66,89,59,89,46,18,20,36,86,38,83,34,76,22,97,36,77,12,33,30,11,68,100,44,83,35,29,15,12,55,40,96,51,20,48,86,79,42,31,29,78,84,20,24,83,25,29,100,27,13,71,83,17,70,74,36,44,71,38,62,44,62,27,54,95,73,60,85,40,97,33,26,29,79,11,66,45,17,33,93,33,45,100,62,54,100,28,62,79,25,36,33,43,58,82,72,98,48,79,58,74,99,45,54,42,84,74,40,80,42,82,66,16,11,27,55,84,27,65,66,51,100,68,40,19,34,92,39,52,47,89,27,66,20,54,26,40,99,34,63,23,86,37,63,79,19,47,50,44,92,83,23,26,34,45,41,41,54,94,67,82,61,19,90,32,32,70,56,18,38,45,50,36,47,93,13,47,74,29,26,58,19,98,57,56,11,83,100,73,60,92,23,32,100,79,45,41,72,38,27,24,50,71,18,62,26,25,64,82,88,98,77,39,40,96,64,15,75,43,98,38,23,73,100,17,39,49,59,58,50,100,27,10,33,84,60,21,70,85,31,98,70,35,69,22,97,29,98,40,87,25,98,35,14,46,41,19,19,26,30,91,84,25,74,50,48,64,91,78,41,66,55,25,51,94,39,70,66,69,18,78,35,20,60,44,14,93,72,45,48,96,78,62,29,100,71,10,20,90,28,64,80,90,14,61,23,40,38,60,90,56,93,55,15,71,55,18,94,63,16,47,39,59,28,50,37,32,74,36,28,57,68,17,28,35,94,64,85,100,31,34,80,51,85,85,20,62,69,29,82,86,75,84,76,53,68,55,58,26,86,28,71,27,25,18,18,39,18,43,48,77,100,15,44,31,61,39,45,81,19,48,26,22,23,41,44,74,38,40,86,45,59,22,93,88,19,26,78,88,92,80,89,19,94,95,82,60,49,98,95,95,76,19,33,10,17,10,34,37,79,82,38,97,28,15,61,15,77,70
E308,52,32,38,39,24,49,15,75,27,83,16,19,83,74,95,24,46,61,94,59,98,51,47,76,21,85,72,90,57,83,88,37,76,51,22,64,32,75,58,24,52,23,21,28,31,54,23,14,52,57,80,100,52,75,72,79,40,38,55,30,77,10,44,58,56,100,95,68,55,29,24,88,97,98,89,70,36,78,44,25,41,25,84,66,57,30,89,16,65,70,80,73,13,24,76,21,72,77,78,85,57,35,15,12,77,19,48,97,61,36,61,57,53,81,87,57,14,69,28,48,59,63,37,41,76,84,35,65,41,39,100,40,49,44,37,81,54,49,96,99,35,81,89,41,80,43,49,81,29,98,36,56,65,56,63,30,53,49,37,45,14,15,99,10,59,74,26,49,92,96,14,51,86,21,33,53,91,74,19,16,70,17,61,26,67,94,51,99,33,45,42,13,10,72,97,82,72,82,89,23,30,19,57,35,46,30,21,52,19,85,89,64,33,93,46,47,61,28,60,28,73,71,90,96,44,81,45,41,54,10,87,24,32,64,23,90,18,95,21,11,80,65,76,13,95,63,68,85,37,32,77,85,18,96,35,59,81,99,34,93,14,58,97,10,38,65,46,81,38,91,62,99,62,79,55,97,61,29,27,95,15,74,96,30,14,85,81,54,54,68,83,46,64,74,83,96,82,97,64,10,42,55,63,66,33,33,88,28,48,87,73,74,88,85,55,33,47,75,10,16,25,90,19,53,25,81,11,32,94,36,61,59,23,50,43,15,16,72,61,16,23,35,96,24,29,48,73,95,85,68,57,37,79,37,73,52,78,29,84,72,91,98,63,11,29,32,87,46,13,57,77,39,31,25,51,33,74,48,94,93,51,48,55,61,99,88,58,57,21,98,26,11,21,63,40,37,96,87,40,56,88,76,60,34,91,42,52,75,98,91,100,19,27,62,94,84,25,68,94,49,19,11,70,46,57,13,14,53,19,98,90,20,86,14,92,48,74,27,80,51,98,71,13,44,97,45,31,18,68,13,79,53,24,75,42,56,14,61,16,57,39,11,16,17,98,35,14,22,49,90,51,33,95,27,94,47,47,20,49,32,53,56,20,55,39,74,58,56,72,21,37,63,54,64,66,59,61,63,62,13
E309,14,56,88,49,59,76,87,94,39,23,78,48,59,77,16,44,64,45,64,46,20,88,59,20,73,71,30,58,28,14,70,46,19,33,41,10,47,90,90,29,45,86,68,67,82,18,46,94,25,94,21,89,99,78,69,16,72,91,78,33,21,10,33,23,15,81,79,97,21,49,76,98,57,95,77,84,97,78,92,31,21,67,25,40,71,90,72,99,47,42,36,17,10,55,27,14,29,86,26,28,65,55,53,79,24,23,58,58,83,29,20,77,73,41,29,20,34,79,26,64,70,25,56,40,96,55,56,27,92,24,34,93,86,64,30,51,50,95,79,19,46,96,98,42,21,81,50,33,42,27,79,77,32,63,89,28,74,35,16,54,38,72,25,33,87,37,48,21,44,54,54,97,48,17,51,21,32,86,32,92,40,82,24,87,11,80,21,93,66,89,55,14,100,35,21,63,14,45,74,77,64,99,95,48,68,61,88,50,69,27,83,52,28,70,79,32,83,18,10,19,76,78,58,91,20,65,33,60,79,44,80,93,30,56,12,71,32,90,95,57,16,81,100,43,89,77,50,70,22,98,95,70,95,18,66,68,10,71,47,77,21,68,26,11,68,14,84,25,28,92,17,17,18,31,10,29,78,52,77,71,45,68,17,41,36,57,12,11,31,89,73,75,87,97,60,86,26,91,79,43,89,87,67,34,44,60,38,75,24,78,34,87,67,36,37,61,35,62,94,36,22,56,46,42,19,39,13,58,87,61,58,60,56,30,45,63,55,22,15,92,84,89,91,29,90,10,31,28,13,90,33,96,52,51,77,70,74,61,99,53,13,39,95,32,97,46,47,100,82,92,63,68,30,63,74,69,66,29,16,58,70,58,29,73,51,54,43,56,79,57,86,30,42,71,62,76,48,28,79,74,12,30,95,90,79,83,57,71,30,21,39,61,29,27,82,44,88,54,86,21,45,18,48,39,62,97,38,38,72,69,79,54,34,36,35,44,34,66,10,48,15,37,80,14,18,12,44,37,61,84,56,27,19,25,55,76,78,86,71,16,80,84,92,12,87,65,67,99,90,71,59,41,65,34,61,97,28,53,97,20,99,94,59,62,12,98,10,64,42,32,96,84,31,67,37,30,26,12,59,32
E310,95,69,79,42,32,12,96,66,59,89,55,31,83,12,12,83,17,23,82,41,47,36,42,91,67,58,71,58,73,33,96,74,69,35,93,82,43,98,42,71,15,47,42,80,37,80,12,92,73,41,64,31,27,78,82,15,23,46,51,48,71,42,99,36,30,83,78,91,63,31,18,30,91,12,76,41,10,37,69,12,15,90,92,50,60,99,99,43,34,39,28,77,42,27,30,93,30,18,63,31,88,23,93,11,49,18,10,28,37,95,20,38,93,55,63,100,79,17,78,69,39,91,90,92,14,53,36,80,27,91,86,17,41,32,67,89,85,43,97,65,31,90,62,66,36,34,99,40,65,51,83,29,40,82,79,24,76,31,24,97,80,10,68,48,22,16,12,99,31,16,83,44,33,56,79,44,75,68,28,12,53,73,32,47,71,12,80,26,72,59,98,78,64,26,21,49,17,41,100,80,91,17,89,19,95,70,65,34,52,57,53,74,85,43,72,84,63,70,46,24,47,51,73,23,19,28,65,16,97,76,72,67,15,30,85,77,92,90,83,22,75,55,10,39,36,61,42,66,83,10,73,18,71,24,56,14,10,29,77,17,51,69,41,18,95,28,81,90,53,16,18,79,91,33,79,45,71,20,27,23,86,71,47,29,49,44,98,29,13,57,69,12,27,38,72,51,62,26,17,20,13,41,75,56,21,74,38,73,74,86,18,64,53,97,57,90,20,65,44,43,38,44,67,44,82,42,98,21,55,63,70,41,79,47,47,32,68,70,40,41,32,55,39,28,12,34,68,33,96,44,80,76,48,25,44,64,88,43,60,88,27,58,98,42,98,26,61,90,26,80,85,92,42,38,74,100,27,17,38,29,100,78,27,42,34,47,40,53,75,22,64,51,33,26,76,87,47,83,29,67,32,41,88,82,60,70,27,42,43,61,11,14,46,15,49,54,74,89,86,84,63,49,68,11,87,80,21,70,14,40,66,45,88,11,24,100,51,14,95,98,64,98,27,21,59,25,19,67,56,19,58,98,38,38,11,70,37,47,28,26,54,40,65,42,27,13,68,35,65,40,75,51,64,63,85,71,96,74,44,74,36,62,41,10,15,12,53,85,20,75,60,75,97,13,50,88,93,62,87,60
E311,82,63,28,20,21,66,28,97,98,51,22,50,70,64,48,39,51,54,46,67,60,42,13,92,19,91,18,65,37,15,78,29,94,35,42,57,18,97,40,49,40,24,20,54,10,13,23,74,23,79,11,93,91,57,89,24,16,72,10,29,41,70,77,50,43,48,34,78,66,93,53,30,64,22,23,95,94,85,96,19,10,39,81,77,87,12,16,91,29,22,87,72,72,50,87,82,76,33,99,41,93,16,41,15,24,76,28,53,32,88,58,43,46,63,44,24,74,55,67,72,81,38,87,33,13,47,86,39,25,42,99,72,17,48,28,28,53,66,78,79,18,57,15,31,25,30,93,23,100,63,26,10,96,20,63,84,59,93,67,52,38,98,43,42,66,56,61,23,89,52,36,100,20,73,33,38,58,20,45,62,53,100,39,77,83,28,96,12,97,39,87,31,80,96,34,61,77,25,44,14,45,74,19,88,64,36,75,75,39,12,14,34,79,51,93,68,57,84,72,56,27,66,62,38,46,81,62,67,95,80,12,38,26,71,59,72,42,46,49,71,55,28,73,23,18,95,94,36,11,35,72,87,21,91,51,48,38,87,23,24,52,75,82,14,80,72,47,24,18,64,19,95,35,48,55,59,94,14,37,19,68,22,38,66,61,10,31,32,22,32,100,45,12,54,59,48,92,65,47,94,35,36,41,90,74,47,85,89,57,94,53,35,69,78,35,19,13,93,26,18,48,90,55,23,79,59,56,60,91,37,56,27,17,47,97,63,27,38,34,14,65,49,31,28,10,73,57,48,74,48,35,70,51,91,91,67,89,28,97,75,77,76,64,26,100,37,48,52,56,99,69,57,88,48,22,77,70,94,87,55,64,96,25,34,84,15,100,14,13,66,99,68,46,74,10,31,81,25,91,91,81,38,56,54,24,11,79,36,28,28,72,54,26,32,30,47,14,91,92,44,63,37,18,45,71,50,48,38,61,73,18,94,19,22,72,65,17,33,23,69,17,61,16,88,11,77,81,89,75,70,46,30,86,53,78,48,22,74,55,43,80,70,74,20,60,49,72,22,17,59,23,26,55,33,46,90,19,68,81,46,50,16,46,39,87,43,86,19,43,33,82,25,64,70,94,40,27,45,49,47
E312,30,77,53,11,87,51,89,59,62,20,64,88,94,13,81,46,64,68,18,31,74,43,44,98,60,21,11,65,14,51,27,61,26,17,61,86,77,57,23,33,96,48,65,80,46,66,36,67,13,95,55,90,78,23,72,34,23,38,32,41,63,96,10,74,32,22,24,88,13,19,26,11,81,73,49,21,61,67,76,78,59,35,78,24,32,18,88,75,28,15,18,92,62,83,40,83,95,91,64,67,89,11,30,14,38,52,95,96,58,39,99,90,71,82,14,55,28,85,59,81,100,67,73,15,25,67,92,83,93,34,24,99,42,65,29,17,68,24,71,46,51,61,41,66,77,100,76,34,88,60,45,59,39,56,100,47,98,92,96,73,87,97,13,87,38,39,87,37,93,19,83,10,14,46,95,38,64,83,61,52,53,44,12,11,90,64,69,13,18,100,83,63,85,60,58,44,81,54,33,55,64,72,34,39,89,18,23,87,68,63,90,82,85,47,99,53,94,82,83,70,97,59,33,99,96,57,27,85,29,15,21,81,39,62,32,71,30,10,66,33,20,73,85,93,56,68,48,29,51,53,83,91,11,28,44,77,36,10,32,37,39,37,50,40,59,77,27,76,97,50,91,40,44,26,45,93,46,51,57,24,33,69,96,44,76,91,60,22,88,23,64,94,19,39,99,65,61,43,20,17,37,61,94,95,10,15,41,25,56,42,76,90,47,25,46,50,49,81,18,79,79,99,48,66,44,54,23,66,60,88,79,43,74,54,73,16,79,70,14,73,52,71,86,28,73,17,35,10,79,44,48,85,12,83,70,58,11,79,91,53,16,82,33,98,59,39,65,61,97,98,37,35,47,62,74,74,94,36,82,38,57,49,56,28,34,55,60,50,44,73,55,94,84,100,100,68,99,77,45,77,75,46,40,94,58,87,70,34,76,28,96,62,78,73,71,59,78,85,28,51,43,29,82,26,55,68,68,38,46,21,11,86,44,61,57,45,27,48,67,38,90,16,48,24,93,70,45,82,70,73,38,54,62,58,81,21,70,79,10,37,84,87,96,82,72,77,71,57,52,58,34,81,10,48,22,61,45,18,12,91,23,92,46,78,48,46,42,99,82,84,41,23,78,84,97,62,79,41,17,28
E313,22,89,24,99,44,63,98,53,63,58,99,67,49,68,24,67,85,61,14,68,13,53,15,18,81,78,17,29,36,26,53,84,67,36,63,65,77,70,96,54,53,55,59,70,25,14,97,87,30,67,38,27,43,74,90,17,47,31,43,25,59,34,92,93,98,93,46,91,38,45,57,67,95,66,45,61,38,74,94,22,80,92,23,37,92,13,29,51,51,42,67,44,90,58,52,14,37,95,30,94,48,78,24,78,32,12,97,36,82,68,41,50,43,12,14,98,50,42,34,54,30,72,98,88,28,86,82,61,56,14,39,32,45,46,72,55,98,25,65,41,12,84,98,12,79,36,79,70,74,49,35,29,27,34,52,87,44,27,28,23,11,75,14,78,28,92,82,38,77,66,17,32,46,22,82,65,29,92,21,35,12,58,91,37,20,48,33,15,56,46,24,14,57,88,28,76,45,78,68,88,10,14,62,79,28,26,89,17,47,58,89,83,52,35,88,82,64,87,79,11,88,11,74,43,95,56,60,28,18,20,39,49,63,24,31,21,56,43,33,11,96,89,77,47,47,48,11,44,100,19,35,22,56,58,15,89,23,96,37,20,77,32,50,52,21,20,14,34,46,88,88,75,57,24,84,22,100,28,19,96,75,32,18,58,12,74,72,87,84,85,100,86,60,74,10,38,30,49,54,31,59,88,76,77,87,28,18,56,87,48,90,33,39,66,69,35,31,86,65,44,21,39,56,58,57,34,16,45,37,50,94,93,27,68,38,23,56,79,80,62,99,91,92,21,83,17,46,51,26,41,93,61,57,60,71,68,76,21,87,43,71,46,44,71,34,38,63,60,38,53,90,69,26,11,85,93,89,48,44,82,43,10,83,92,46,88,92,27,96,27,59,92,20,60,93,23,21,18,38,67,60,87,32,41,86,13,34,43,84,97,14,51,45,23,12,79,94,82,33,76,34,27,59,40,27,79,12,76,56,79,50,50,54,98,22,87,72,22,72,71,90,34,86,53,53,21,67,65,58,41,90,27,84,43,99,67,72,31,58,84,52,54,95,34,29,81,48,57,71,29,86,39,83,58,80,95,13,78,40,56,45,83,14,79,59,89,87,96,40,98,96,34,64,80,51,51,59,23,47,31
E314,15,51,39,40,46,17,80,60,74,37,84,41,96,80,37,86,81,100,36,51,11,96,54,95,53,55,11,90,12,36,96,34,34,13,91,28,72,38,87,43,85,64,79,54,51,100,66,19,26,98,60,43,38,15,25,99,57,13,41,92,96,38,44,38,23,49,37,87,55,65,25,88,56,87,75,73,35,43,50,28,64,28,33,91,95,23,15,62,35,21,71,20,45,95,57,48,75,71,65,29,60,44,90,49,97,68,65,76,97,66,46,66,55,58,73,27,62,85,65,79,85,15,17,44,36,41,95,72,42,82,96,67,36,70,80,22,49,17,35,99,81,95,17,35,18,100,82,90,100,72,68,79,42,46,46,64,42,98,61,85,20,38,66,28,73,57,60,48,64,24,46,91,94,15,45,60,91,63,11,46,53,56,24,43,74,25,56,46,87,65,25,17,37,97,62,88,66,70,98,60,81,27,60,78,83,99,55,93,97,54,34,32,91,88,29,77,60,20,39,73,18,40,48,41,63,35,77,54,60,44,86,34,22,59,36,73,15,71,49,86,50,78,35,53,92,78,96,21,22,51,54,32,48,14,64,85,82,35,91,21,18,72,63,92,64,50,45,50,13,50,33,28,80,76,74,93,22,55,66,42,45,45,39,19,35,77,16,17,52,24,38,49,44,76,37,77,49,27,97,42,70,26,48,29,66,11,20,19,69,20,36,54,86,45,79,94,63,74,64,21,42,10,88,59,48,82,89,56,90,15,56,42,35,99,45,86,49,18,17,93,95,35,52,56,78,64,26,52,57,32,85,30,63,33,61,20,58,43,89,71,75,96,53,88,65,92,35,99,82,16,58,68,63,64,26,71,14,30,32,60,99,14,58,70,29,80,40,37,78,19,51,52,22,29,40,49,45,26,65,41,15,14,81,32,75,31,86,52,81,22,97,34,11,70,50,10,91,47,10,98,68,35,94,21,22,78,59,37,25,43,69,23,56,78,88,27,100,65,65,14,97,83,13,17,13,33,40,73,35,91,79,53,69,78,95,11,31,97,77,16,21,32,80,87,100,23,33,49,59,38,87,79,99,75,78,51,78,73,96,36,66,76,30,39,73,76,16,95,98,25,59,24,80,25,62,27,90,98,20,21
E315,24,52,90,64,72,48,36,15,52,52,75,100,74,18,20,45,63,37,61,51,24,20,83,18,60,59,70,23,46,10,41,64,48,17,58,32,46,66,11,31,61,63,76,25,10,36,18,43,83,42,82,58,76,65,54,62,69,17,15,45,26,30,57,100,78,36,58,92,77,39,22,47,36,84,30,19,72,80,35,11,52,55,75,71,61,81,26,21,41,34,76,37,28,58,35,23,86,63,52,98,72,37,34,29,34,57,19,25,55,63,35,43,42,73,45,81,100,98,77,66,88,59,21,92,42,14,29,99,14,78,51,66,77,76,29,89,75,41,93,47,47,77,80,98,41,72,54,20,80,50,66,64,70,68,90,69,44,47,24,73,29,78,78,89,53,80,70,94,95,15,43,72,47,68,24,95,26,49,97,79,34,44,46,54,30,20,21,85,54,36,51,71,94,75,10,40,19,89,15,62,77,28,30,11,67,54,75,47,46,43,26,18,57,98,35,94,49,52,38,42,54,30,49,83,87,92,100,61,36,11,53,51,59,92,19,13,34,70,86,68,62,32,86,92,46,62,61,22,90,53,85,15,56,29,42,47,54,65,28,75,38,71,41,76,10,58,42,83,50,22,27,29,55,49,99,44,84,71,97,17,59,40,49,61,91,34,87,83,76,90,24,79,26,95,87,10,85,13,57,76,32,85,21,71,36,19,45,36,61,51,16,40,56,11,46,99,82,59,92,87,32,82,54,26,74,65,63,53,54,76,13,68,37,71,53,42,68,64,93,13,96,38,78,38,13,42,52,60,65,91,54,34,41,21,21,84,20,29,85,30,78,57,39,93,27,15,81,23,26,21,41,21,55,37,87,58,51,23,80,78,85,88,83,10,45,57,18,27,21,11,25,99,44,21,64,68,86,13,74,99,94,50,57,54,11,69,88,13,57,87,72,37,98,72,89,18,30,41,19,16,91,11,39,87,96,59,41,62,91,24,13,45,91,39,45,19,59,65,72,52,95,55,37,64,39,91,37,28,38,72,22,80,50,65,64,30,59,94,73,14,56,18,87,27,35,45,70,59,93,36,32,36,78,54,12,85,97,86,86,62,46,29,76,11,78,93,57,35,24,59,86,66,33,50,85,100,38,41,40,81
E316,20,60,75,16,77,40,52,50,94,71,86,16,37,20,15,71,39,81,55,27,11,37,74,37,45,22,70,36,52,73,81,27,10,29,72,79,11,90,82,65,79,95,39,39,95,82,68,74,67,57,69,72,28,40,55,23,99,92,52,59,68,47,61,65,43,77,87,62,12,21,71,12,59,35,16,87,40,59,13,47,64,21,25,13,97,27,21,93,67,49,76,47,88,92,73,86,56,89,47,91,90,95,13,50,22,33,90,37,10,38,41,50,30,50,18,20,94,48,94,50,51,10,40,35,85,74,56,94,76,30,48,46,76,52,60,48,11,11,18,47,25,79,100,52,80,73,18,50,66,11,91,85,20,25,37,25,89,84,77,41,16,78,26,69,67,26,28,36,40,99,25,41,51,66,35,33,46,63,85,60,88,50,72,56,36,13,49,74,15,94,16,45,25,93,93,46,61,98,71,17,23,10,82,16,25,58,14,86,40,55,23,79,53,32,72,78,70,56,17,45,34,86,24,49,81,75,91,43,64,73,30,72,90,91,63,17,15,31,28,14,89,59,54,35,82,39,83,66,32,49,26,56,93,63,33,77,48,30,68,81,68,90,49,70,67,54,55,59,65,92,78,23,48,62,20,67,10,49,80,51,48,37,95,56,22,21,100,56,77,71,87,24,63,26,71,50,30,92,10,44,30,97,55,79,45,56,28,22,96,47,85,71,61,73,92,27,63,35,96,29,61,20,89,83,71,11,21,99,39,51,44,20,65,27,69,34,24,23,43,80,79,12,38,43,14,18,80,53,57,31,83,71,84,56,48,53,57,96,96,16,90,69,98,54,79,77,41,66,59,37,11,81,50,92,96,22,15,92,70,86,76,10,42,34,25,45,53,48,85,48,56,99,57,14,21,69,19,28,57,69,88,41,78,81,90,52,87,69,23,99,30,15,37,67,64,34,61,68,96,14,41,96,67,87,64,36,43,66,34,72,93,69,45,33,85,55,11,62,65,78,96,12,64,61,58,88,76,80,23,84,80,13,79,79,49,51,23,55,54,37,67,97,44,11,14,90,67,60,94,92,56,81,37,46,24,36,92,62,97,94,37,43,95,95,84,24,28,15,82,81,70,62,87,95,45,20,76,90,32,50
E317,94,46,24,54,21,54,60,76,18,88,100,23,46,33,48,39,78,96,46,49,76,57,78,77,64,80,61,36,37,17,38,67,90,32,30,19,78,26,11,41,30,32,35,96,90,94,72,18,48,28,79,66,67,47,76,76,18,58,36,16,84,10,28,95,69,95,38,83,83,52,57,74,55,44,20,27,94,19,15,22,65,94,23,62,75,92,73,59,99,42,41,70,40,82,19,75,46,89,46,50,65,81,83,98,96,83,77,77,79,46,67,93,88,92,89,52,44,41,86,29,25,74,92,64,13,42,34,29,49,98,52,94,78,31,96,60,74,42,77,10,51,45,94,41,55,100,21,52,17,25,24,100,35,31,70,90,86,28,78,33,55,20,32,55,21,72,32,77,35,40,55,73,78,44,33,47,78,69,23,54,93,22,64,25,73,19,48,80,38,82,70,15,50,32,37,79,11,50,61,35,59,29,63,51,51,50,82,26,39,85,74,22,40,65,52,89,16,47,90,77,47,50,77,100,71,79,82,86,55,51,29,28,100,54,58,21,78,15,91,70,84,66,27,49,65,95,75,82,77,49,18,49,72,46,66,33,61,84,14,78,95,26,91,33,15,23,34,66,17,30,91,86,71,67,79,90,51,65,24,17,32,64,52,67,29,14,46,76,31,26,79,91,73,89,84,12,35,99,24,71,69,84,23,83,86,47,20,41,82,53,61,17,97,75,61,68,54,36,65,33,25,12,76,74,69,13,55,63,21,72,16,93,69,84,23,72,34,49,94,72,59,26,41,85,50,98,84,94,48,87,90,34,97,80,88,45,17,52,23,92,59,79,49,37,48,96,73,91,60,62,30,78,93,81,70,21,49,25,81,94,60,29,94,63,96,58,21,65,78,98,62,46,35,14,12,54,43,27,38,37,35,58,66,55,41,68,86,71,23,53,39,62,91,32,91,85,15,72,68,35,10,54,33,30,19,64,80,95,84,97,42,27,67,69,82,53,59,39,50,45,63,61,43,11,42,49,34,26,37,99,72,89,31,42,97,56,68,45,84,43,85,27,10,27,95,99,61,23,47,43,96,95,77,22,56,19,99,98,88,14,39,65,55,42,92,26,20,72,45,73,100,14,15,95,45,90,63,94,33,44
E318,91,40,88,33,97,84,73,74,72,91,94,70,83,34,84,25,32,69,27,93,82,84,76,41,38,60,23,50,64,68,38,94,87,68,81,73,81,65,23,53,15,12,89,23,78,26,50,60,21,30,77,26,87,55,51,55,18,29,23,60,85,85,17,93,62,69,40,67,22,87,66,57,46,57,97,60,88,73,66,94,73,13,86,40,80,30,17,26,15,68,22,80,28,54,40,45,54,81,86,82,42,72,95,89,71,78,99,35,64,10,75,33,53,58,11,12,92,61,96,30,10,18,14,44,60,59,36,68,86,84,22,96,58,99,57,11,53,49,22,61,25,60,74,48,21,12,38,34,70,81,78,14,21,44,17,17,46,73,61,94,44,81,32,31,13,30,67,53,28,36,67,73,77,14,25,25,82,69,74,84,60,51,74,100,76,70,29,19,26,13,57,91,93,71,34,66,84,99,15,87,14,50,84,63,25,78,14,76,91,84,38,66,11,99,42,63,53,93,38,75,69,39,62,43,70,48,79,89,20,67,17,62,72,51,52,37,77,37,48,98,68,89,80,37,81,17,90,13,50,96,62,48,10,17,33,87,72,26,66,68,100,84,89,16,21,89,31,84,69,58,21,59,50,48,64,40,45,55,17,35,76,42,33,53,69,99,85,64,55,30,59,12,69,78,24,39,31,79,71,73,100,56,67,63,86,33,23,42,64,65,15,45,52,15,88,63,95,44,60,64,37,97,64,91,76,60,54,22,81,65,99,37,74,24,74,71,39,92,11,25,37,75,61,14,40,72,87,92,43,44,36,70,63,65,29,59,87,76,86,65,67,32,31,89,61,50,12,96,45,76,78,50,81,62,80,58,59,28,48,21,32,18,34,49,16,43,55,43,48,54,43,55,73,20,49,13,77,94,40,65,78,46,93,34,67,26,30,81,81,25,19,61,42,84,41,51,13,32,43,21,43,69,64,37,48,20,84,15,94,79,28,63,95,77,30,78,14,54,43,87,26,10,97,65,29,51,97,87,26,24,44,78,95,94,99,24,16,16,90,43,40,95,37,30,80,97,73,53,37,23,74,89,58,77,84,52,69,19,91,98,55,48,81,19,82,37,50,62,30,80,10,98,96,75,19,95,18,43,29,52
E319,24,56,36,29,44,45,31,90,47,66,94,97,26,56,61,86,27,64,89,94,80,72,10,21,10,76,49,12,46,75,30,15,85,91,94,41,91,99,11,46,37,53,94,28,99,20,35,56,60,56,34,60,69,53,78,26,96,37,88,69,75,76,41,53,61,58,24,46,16,20,68,78,31,53,21,32,64,86,97,51,97,21,39,55,99,90,16,45,96,71,46,14,76,37,15,74,95,21,20,97,20,35,30,46,25,92,23,88,47,82,44,87,32,96,25,66,52,53,83,96,91,48,26,13,92,53,19,90,99,23,64,79,47,18,62,31,15,65,37,55,58,22,99,75,65,21,25,92,77,82,20,67,87,46,29,23,10,84,23,56,100,96,65,48,45,15,33,21,99,88,45,58,71,99,94,59,89,76,60,24,25,100,53,17,44,10,74,10,43,19,35,66,56,45,43,99,33,39,33,19,91,22,92,42,98,34,31,46,37,12,71,35,51,26,80,45,18,42,18,54,35,12,95,71,97,79,35,17,12,38,22,57,70,85,21,10,36,76,63,19,99,81,32,44,38,61,65,25,48,92,25,34,12,54,64,18,22,67,98,27,40,89,21,45,59,80,93,99,16,22,57,94,73,43,82,97,42,24,69,64,83,18,21,62,56,46,10,67,66,58,18,53,49,42,86,36,39,11,34,84,31,35,27,97,21,66,57,24,71,54,32,46,14,68,16,18,91,81,28,68,65,11,84,92,55,43,86,11,16,64,54,98,67,85,24,30,29,56,12,97,49,44,61,12,52,45,48,27,84,65,30,56,77,17,95,79,52,73,66,74,32,63,74,82,72,26,22,30,82,55,79,92,12,28,24,38,88,53,82,86,16,17,48,77,67,97,58,53,28,10,35,47,67,56,50,18,95,98,72,92,32,39,15,40,13,25,99,78,100,14,34,68,65,22,75,66,78,25,89,89,47,60,62,44,59,95,64,70,88,96,25,35,78,12,18,20,47,76,93,24,42,25,88,32,58,92,11,39,71,76,27,72,57,97,62,98,12,74,38,84,21,73,88,40,30,71,72,61,26,76,32,55,45,86,69,88,24,66,24,99,15,98,92,63,42,53,20,93,34,11,48,71,94,71,11,65,65,63,31,53
E320,76,40,40,94,85,94,36,15,41,66,98,56,37,56,54,27,51,52,66,54,12,86,41,61,89,28,58,99,89,96,44,11,80,80,23,29,55,92,18,48,100,39,39,74,41,19,18,21,15,84,25,51,72,25,14,36,15,14,10,17,25,74,16,71,58,45,91,28,52,14,77,91,13,51,93,94,22,26,14,78,80,24,84,13,70,66,60,16,32,75,55,13,57,57,55,94,74,15,84,21,94,74,59,27,32,38,27,85,47,64,73,61,61,95,77,69,48,84,60,97,97,18,55,42,13,55,73,26,35,71,48,80,54,36,18,32,11,94,75,12,92,35,35,42,75,91,39,41,34,76,97,87,34,20,73,70,95,19,40,66,88,46,86,76,25,16,99,61,40,49,30,31,97,36,74,44,76,63,10,81,84,24,26,66,19,62,16,14,37,11,42,75,70,45,35,85,24,75,38,70,12,61,69,26,56,52,42,96,81,20,48,81,18,10,15,22,32,85,79,23,55,90,75,14,32,85,84,74,13,44,26,86,48,56,58,30,100,93,77,24,81,97,33,67,59,28,46,39,97,48,12,45,54,81,40,48,49,63,23,18,30,95,71,74,82,52,60,71,54,39,80,51,82,24,85,23,26,76,16,81,22,65,11,13,36,49,66,43,62,46,88,91,33,92,83,92,10,41,52,17,55,84,66,40,74,43,79,13,34,98,95,32,20,63,27,24,56,99,99,83,72,50,83,13,35,35,13,28,42,33,37,82,18,12,89,93,83,87,30,70,44,96,76,71,23,11,95,43,74,56,62,17,61,95,48,59,61,70,36,21,77,78,25,87,20,29,64,32,26,10,43,54,29,42,54,36,28,48,44,48,24,89,15,74,93,60,51,63,54,67,44,41,41,25,82,14,64,86,12,23,60,25,48,41,76,13,60,22,18,92,75,44,66,25,12,70,16,56,49,96,32,38,11,37,66,97,44,99,38,32,70,53,38,22,69,23,69,18,54,37,67,23,49,76,73,46,28,70,13,91,58,53,51,22,16,95,80,60,98,50,47,72,20,54,40,93,89,84,52,29,62,43,82,39,38,21,60,59,18,72,95,48,18,45,88,94,89,28,48,62,47,66,18,27,22,28,36,90,41,64
E321,65,32,14,21,68,82,25,77,16,87,23,87,100,37,91,41,52,19,60,74,85,73,62,29,68,42,76,26,20,77,75,39,16,47,38,25,69,76,65,29,11,64,58,23,97,99,31,59,81,23,20,34,72,64,69,40,25,95,66,91,85,34,99,35,49,92,89,53,14,34,91,73,56,42,67,65,81,52,90,83,12,23,45,80,47,55,32,24,65,65,23,26,95,33,37,26,62,78,73,81,61,97,26,29,17,65,25,49,18,36,21,64,48,33,31,14,63,89,19,72,23,24,12,65,36,15,42,10,72,87,62,38,75,51,81,41,78,87,81,41,34,36,47,23,95,81,66,57,12,46,37,54,70,24,49,10,25,70,39,24,13,66,37,14,44,22,48,65,87,26,98,87,87,26,42,47,100,97,11,22,60,91,70,42,24,32,27,44,80,65,45,13,87,41,85,43,27,52,20,70,46,38,30,16,47,70,63,34,45,54,51,69,35,79,67,46,26,97,24,71,56,17,15,54,94,63,79,85,63,61,91,72,26,91,91,98,49,86,81,10,60,34,88,41,73,83,58,100,45,56,61,93,49,19,26,20,30,41,75,85,85,67,11,88,79,75,68,11,34,47,47,77,97,36,70,18,25,88,59,88,52,89,46,20,34,26,66,40,16,87,37,40,61,19,22,93,48,70,88,100,85,47,97,53,86,53,52,96,86,42,14,75,45,24,77,20,12,73,10,96,12,23,34,24,33,61,17,70,35,46,43,40,25,99,91,91,29,20,21,52,58,76,64,74,39,81,50,87,13,86,20,55,81,21,65,11,64,35,63,11,66,68,70,38,98,97,46,80,31,94,31,23,90,49,61,98,95,72,13,47,54,42,91,95,49,43,15,78,43,78,55,68,71,92,91,81,31,61,34,51,39,21,59,26,96,45,13,66,40,94,56,61,14,61,98,55,83,73,31,80,75,74,93,53,86,68,38,80,63,74,36,43,55,98,45,77,31,66,32,18,30,57,29,72,69,13,10,38,89,80,15,15,20,98,61,95,29,26,53,35,52,36,14,37,56,43,56,91,69,83,91,48,84,46,97,29,47,26,30,51,79,74,67,26,27,65,50,43,13,79,65,16,79,47,83,30,53,24,50,78
E322,88,80,12,58,29,34,79,47,79,38,23,35,33,20,63,15,75,30,67,56,100,63,81,20,36,56,22,87,13,61,88,40,14,69,72,74,89,11,54,67,13,25,26,95,72,10,74,74,18,73,83,61,43,19,86,26,16,79,50,24,47,15,66,12,21,57,91,14,32,75,40,54,68,21,11,11,20,67,74,71,29,30,93,68,33,80,87,86,79,70,40,54,97,24,84,89,70,70,44,68,36,72,83,23,49,82,27,11,96,31,70,39,33,34,99,86,29,41,85,48,60,92,41,97,10,78,35,75,93,59,19,42,30,86,11,17,79,98,22,61,49,66,75,58,12,44,56,55,37,51,40,11,30,43,36,31,44,33,84,50,78,20,69,50,86,71,48,56,56,41,76,38,41,86,10,81,77,73,90,70,92,35,24,47,25,33,45,86,16,46,26,48,87,72,46,40,98,12,67,70,93,16,78,99,66,25,57,56,87,88,48,39,78,37,77,50,92,85,95,13,16,80,62,19,21,51,18,62,47,51,26,13,75,34,53,82,90,11,77,72,89,93,76,57,95,96,16,30,19,25,16,87,15,83,82,40,88,27,26,49,60,35,43,11,15,99,17,95,59,14,85,48,36,63,36,99,27,50,26,80,10,88,44,94,98,86,79,29,34,73,35,46,94,31,71,69,62,31,71,16,93,73,59,70,70,90,48,31,65,75,43,76,73,25,42,80,69,12,38,46,74,79,43,29,28,45,22,49,14,94,36,98,19,39,48,56,38,76,80,74,86,82,84,11,44,91,66,90,39,93,40,68,68,65,71,44,99,68,64,68,32,69,38,54,25,17,67,21,96,80,43,15,92,96,86,50,31,50,65,89,13,91,32,43,45,74,60,19,100,49,65,54,32,25,32,19,74,25,94,65,78,52,93,66,37,28,42,28,72,81,65,84,25,95,59,39,34,59,50,57,90,31,59,81,98,38,41,67,42,68,27,20,89,40,23,62,55,38,73,17,90,82,40,93,17,78,71,64,57,91,100,90,29,90,63,49,57,62,15,16,18,53,99,30,59,42,64,53,24,46,89,74,83,74,50,12,30,36,46,81,87,50,23,50,14,42,45,32,81,76,64,17,29,11,73,95,65,11,29,18
E323,83,35,23,38,99,42,56,71,38,22,58,14,70,46,10,79,13,85,39,64,91,91,82,54,74,73,10,51,58,42,50,63,60,26,75,63,80,13,11,48,10,79,99,62,46,54,41,79,77,18,90,20,29,60,27,81,79,67,54,40,60,27,32,85,88,69,66,60,66,99,75,42,86,25,96,87,29,63,16,32,33,88,83,61,20,36,87,70,22,29,23,96,21,59,97,49,32,79,91,24,77,21,24,43,45,72,40,74,47,78,37,38,91,31,65,88,37,91,38,19,56,18,47,90,14,62,46,83,76,44,75,100,19,65,20,46,46,44,43,12,50,97,84,71,93,44,66,66,74,32,27,28,12,24,19,26,68,10,96,31,88,47,48,33,68,65,20,15,64,64,89,66,42,98,79,19,53,59,56,45,14,36,66,43,92,37,74,30,55,87,88,51,22,82,93,93,67,28,33,70,96,44,37,27,61,22,78,57,83,35,61,35,46,44,52,61,59,23,76,30,13,65,11,82,97,12,73,49,75,58,88,71,17,27,93,61,69,91,32,19,50,58,14,89,13,66,98,20,16,77,48,54,71,81,88,10,49,15,67,47,13,62,72,94,56,58,77,70,95,36,61,47,98,14,83,52,83,25,42,76,89,38,74,38,80,35,27,42,88,70,37,68,62,81,33,95,26,96,73,58,63,53,97,99,59,71,70,95,68,87,30,13,28,78,54,37,29,52,81,25,34,92,82,46,48,90,12,23,16,66,12,44,11,50,19,66,70,15,87,90,10,19,99,76,27,69,78,90,53,16,78,73,88,68,78,32,27,87,71,21,31,11,39,16,32,90,95,40,36,44,79,10,66,66,73,56,74,71,47,18,91,18,27,36,10,45,69,94,66,80,58,65,68,60,95,88,37,33,83,54,42,14,62,79,26,75,36,16,42,20,55,20,71,28,43,50,78,41,74,13,30,72,80,42,84,29,21,42,41,13,60,59,83,46,82,35,82,50,31,19,50,54,19,75,16,92,93,26,82,90,57,64,64,28,77,34,72,43,14,16,63,48,20,68,99,74,87,12,60,62,75,15,30,46,32,44,31,79,15,40,77,99,61,22,65,68,84,70,16,12,24,63,88,11,64,78,51,49,97,78
E324,62,68,22,33,94,60,72,82,31,73,91,11,46,39,88,73,22,60,31,40,46,67,40,18,15,22,40,94,77,41,91,56,29,47,31,13,87,99,75,63,98,28,28,88,58,71,18,58,67,50,85,14,38,58,76,72,76,50,91,59,13,83,55,21,82,73,36,79,33,28,55,84,75,48,36,97,61,34,29,79,59,85,88,88,83,35,85,47,47,12,25,30,68,84,30,11,54,48,51,16,32,34,65,23,44,71,70,35,51,47,51,68,21,50,41,86,85,52,50,74,28,96,23,28,83,17,62,40,11,70,29,26,80,10,96,50,58,82,28,31,92,40,24,14,34,57,46,54,53,24,26,34,14,12,61,57,25,23,75,21,20,12,35,37,76,86,78,32,78,31,32,35,66,51,90,35,37,48,40,21,34,96,31,19,62,26,85,40,60,92,33,44,50,89,74,16,91,23,12,27,69,19,45,95,19,64,42,68,98,55,21,59,23,74,32,67,97,80,90,50,73,37,26,89,49,77,79,56,83,81,45,53,94,36,99,78,25,28,98,93,13,51,90,75,11,94,99,75,13,60,48,17,16,27,98,15,82,59,11,37,21,14,81,83,77,18,11,11,64,38,96,46,53,77,100,16,42,48,100,31,53,78,31,34,28,52,96,57,55,58,94,98,94,30,46,49,13,66,52,75,47,48,73,77,32,22,95,38,73,16,39,87,28,13,32,99,45,93,81,33,20,25,88,23,63,17,99,13,49,70,95,13,44,82,58,39,63,81,49,21,54,18,85,99,21,94,50,11,48,59,81,100,81,37,99,73,59,50,90,39,48,49,66,90,35,58,40,87,20,74,16,51,36,69,44,89,69,38,77,86,73,74,19,61,56,66,29,66,91,39,93,21,25,48,85,38,64,48,75,69,66,82,45,63,66,40,91,57,60,22,97,29,76,51,78,22,25,36,73,98,41,42,99,22,81,19,58,29,54,14,43,96,98,92,37,14,85,11,83,86,68,49,77,38,37,62,61,23,99,32,58,57,23,58,93,55,100,50,35,26,17,32,18,59,84,96,41,43,53,55,60,43,76,63,70,66,26,41,75,64,95,61,28,98,56,46,55,92,29,31,83,88,93,72,15,19,30,81,90,93
E325,57,51,78,80,34,78,60,22,94,87,27,98,68,60,33,35,39,96,71,86,83,54,16,77,89,79,87,78,26,38,50,27,61,80,11,42,97,15,21,86,36,75,69,90,83,47,59,65,32,81,92,98,50,82,79,38,47,15,26,40,36,64,14,70,66,28,59,41,86,71,40,60,54,98,78,32,97,34,73,91,96,50,47,72,39,16,68,42,29,47,31,31,82,51,67,69,78,53,88,23,27,28,43,18,34,86,83,98,45,27,57,24,53,21,20,42,13,46,39,15,10,15,54,23,72,84,39,90,50,28,11,24,27,98,36,90,98,69,69,74,53,47,75,88,56,28,79,63,97,33,95,33,15,98,41,54,12,48,12,14,48,84,29,31,33,60,93,67,21,72,67,27,13,86,21,31,57,88,58,55,25,77,77,31,41,90,70,85,35,67,89,91,37,84,71,57,23,16,66,81,35,78,13,63,28,36,86,45,65,64,25,89,54,26,60,19,38,30,55,37,25,77,40,66,76,89,13,42,93,59,29,73,15,64,24,99,36,27,30,92,15,42,11,11,67,19,79,49,75,61,19,53,82,88,70,34,68,12,64,64,34,33,86,31,77,71,24,10,57,33,58,16,61,18,15,48,70,27,63,80,52,38,43,25,37,35,29,72,70,16,94,55,98,99,93,61,61,94,28,68,71,25,43,77,71,97,52,46,36,94,89,83,74,20,45,93,60,62,99,39,94,39,64,93,64,36,15,82,55,38,14,67,89,64,86,39,32,24,51,46,21,58,100,44,87,20,76,51,82,75,81,14,90,60,82,85,82,43,77,72,17,61,11,47,86,11,92,80,93,35,18,57,34,38,16,68,86,39,73,61,91,83,70,63,78,57,53,14,25,64,20,87,61,94,59,87,86,88,80,72,17,64,30,85,11,65,100,41,78,68,48,71,34,64,47,13,42,70,57,75,17,64,48,41,25,75,15,98,83,14,40,32,41,70,95,47,95,40,38,91,67,91,15,19,51,93,73,35,33,62,29,58,49,100,10,62,93,30,48,86,46,50,26,19,61,43,56,15,22,82,30,27,72,99,15,15,44,37,71,70,90,94,98,10,90,47,94,69,48,41,94,94,70,96,63,97,28,60,78,82
E326,57,72,97,19,50,85,30,88,95,52,27,65,82,12,36,16,14,10,74,44,88,97,44,45,53,97,28,28,45,25,49,38,85,51,43,91,14,53,51,63,18,71,90,74,77,48,56,87,31,22,96,26,36,91,41,83,42,25,79,75,49,65,45,39,97,94,24,19,13,22,82,59,98,75,40,76,13,91,88,19,48,29,34,70,98,43,35,27,30,34,41,14,80,93,73,27,45,67,30,24,45,56,16,62,22,70,96,43,70,82,58,51,36,35,80,81,14,78,76,92,99,32,75,36,18,11,40,62,62,23,41,92,60,84,81,33,76,71,75,41,70,82,84,57,74,92,95,35,100,71,80,17,87,38,23,86,100,36,48,30,31,17,56,13,84,45,64,17,19,94,69,62,26,68,73,58,57,99,67,12,95,33,45,39,11,13,29,89,28,34,29,23,49,51,34,35,74,56,55,11,89,49,88,88,41,51,66,26,94,71,68,61,37,42,71,22,61,82,64,100,14,99,37,17,49,32,64,10,70,34,56,88,41,80,42,25,65,38,84,90,95,53,44,31,55,14,85,31,70,43,91,41,24,12,60,97,39,83,71,15,78,22,75,50,11,65,95,77,12,27,16,76,22,57,23,56,73,34,90,100,26,53,55,43,77,22,78,11,85,36,69,96,59,87,92,70,61,66,75,58,56,18,77,54,20,92,100,88,18,61,95,23,96,62,31,86,44,15,50,35,34,90,85,77,60,71,66,48,78,81,66,57,61,10,24,37,64,49,14,23,58,24,62,27,57,11,31,23,69,49,80,93,62,18,15,85,37,16,15,42,69,23,69,53,53,76,17,61,18,25,57,10,40,96,74,53,75,49,59,76,43,39,81,24,18,10,10,57,37,55,23,23,17,59,54,59,99,64,66,54,88,77,69,73,95,84,55,76,77,55,40,11,82,62,28,16,84,73,29,31,66,16,75,46,28,15,50,30,60,10,45,99,78,35,76,10,65,97,22,81,23,42,86,37,65,35,19,28,55,79,79,60,76,38,38,21,100,65,65,40,54,100,89,12,89,100,97,70,31,96,56,82,33,43,98,46,43,29,73,10,82,62,75,88,62,95,97,75,91,85,32,30,33,73,37,21,26,73,82,22
E327,56,58,63,28,86,35,44,88,41,20,100,85,12,62,21,36,76,40,62,34,64,55,14,49,51,33,62,21,91,76,31,26,78,64,37,67,75,46,39,51,48,75,67,60,28,61,35,88,48,64,86,94,21,100,73,89,16,89,86,48,17,48,72,28,72,97,13,72,29,22,18,62,27,30,81,71,78,76,93,37,39,41,68,46,96,16,24,87,41,66,80,58,73,17,39,28,96,32,62,52,65,94,20,24,30,66,48,12,58,19,50,89,42,67,93,21,77,55,78,95,68,98,70,57,34,44,59,87,69,69,98,46,18,22,48,35,67,43,78,20,57,35,39,72,52,57,17,49,93,27,41,100,68,82,62,89,85,50,84,74,85,46,87,10,13,86,40,10,21,27,22,67,55,11,27,54,31,24,13,33,27,45,94,27,17,25,45,82,67,50,57,68,38,62,54,16,41,99,80,80,83,80,95,48,76,39,97,97,74,70,17,34,76,49,67,47,21,40,44,69,34,98,51,16,85,90,76,64,24,38,16,73,49,69,94,34,67,15,33,46,10,55,41,39,23,55,46,95,60,89,53,90,38,62,47,22,33,34,66,64,35,54,91,26,83,38,58,53,53,64,85,54,77,83,45,33,49,64,28,14,89,73,39,26,97,72,52,77,29,52,25,45,90,40,42,95,22,58,35,38,50,12,20,80,77,34,64,11,57,98,17,57,93,40,52,68,39,99,64,82,95,62,74,66,100,31,71,47,66,55,80,48,74,73,99,63,21,19,29,90,83,71,89,47,36,31,56,50,79,80,48,49,11,49,87,31,60,17,37,47,44,76,36,74,73,20,71,64,12,28,72,88,95,82,98,34,56,23,64,44,21,35,21,69,96,19,19,21,75,52,100,95,99,50,98,24,47,94,60,39,30,84,22,45,58,37,92,61,27,21,40,11,53,56,94,71,75,32,61,33,82,72,50,87,78,68,82,63,21,88,39,22,52,62,33,22,43,85,71,52,73,47,84,88,26,55,59,14,90,41,72,51,25,45,30,17,78,96,57,90,82,64,73,37,89,81,57,33,59,63,46,36,21,43,65,84,77,15,39,64,57,81,42,46,76,42,99,41,55,81,79,53,84,75,17,92,70,25,26,37
E328,63,13,83,77,56,75,21,41,41,40,43,82,98,34,32,26,88,15,64,12,77,10,87,20,86,62,49,83,56,44,63,99,41,75,31,31,23,92,38,62,20,19,82,86,79,94,14,16,90,47,25,48,89,83,89,17,71,70,79,58,15,34,83,89,81,34,34,70,64,19,40,63,70,87,24,51,12,76,39,32,25,46,36,100,20,99,10,66,52,38,82,52,70,90,67,45,81,66,57,52,95,76,52,75,31,55,87,75,93,33,37,92,67,67,26,23,45,83,12,29,17,37,80,28,79,76,86,63,96,20,30,49,26,22,63,52,56,18,24,63,31,78,15,15,83,92,51,59,71,49,16,94,49,29,46,46,93,34,22,41,46,68,85,56,92,53,23,37,92,21,31,25,13,17,13,75,30,11,73,45,91,93,48,14,67,70,60,26,25,66,61,57,24,72,47,69,74,92,87,46,70,57,21,98,84,66,71,40,54,30,93,29,52,28,78,85,24,41,53,19,34,37,90,17,12,55,52,19,60,44,25,27,66,41,34,36,45,58,79,79,12,36,94,59,88,87,30,83,31,84,13,60,57,50,67,90,91,91,19,10,70,65,86,90,19,54,47,82,37,20,71,46,93,81,88,60,77,91,46,17,90,51,30,65,43,17,14,51,55,31,87,54,17,97,36,18,16,85,65,50,19,99,71,26,51,97,68,28,81,37,64,97,84,44,85,72,94,62,53,32,48,95,100,11,39,45,97,72,37,70,50,78,39,61,74,40,91,70,29,10,56,26,56,25,18,74,28,77,97,99,14,90,82,20,11,50,68,29,92,48,19,78,66,69,96,88,49,63,42,99,23,24,87,71,73,21,39,48,48,80,37,55,24,79,39,45,71,26,13,89,10,14,96,30,80,33,30,47,12,56,22,63,44,85,68,96,58,46,32,97,16,41,70,30,31,55,48,11,73,82,51,50,91,73,24,66,55,62,78,67,76,91,67,72,83,87,18,38,88,45,22,25,51,79,93,27,47,27,100,23,30,29,88,70,51,13,52,87,85,25,36,18,56,38,87,66,88,97,31,86,49,47,76,35,36,39,66,93,69,43,72,29,95,56,62,25,43,78,19,59,38,72,24,23,35,44,54,42,44,77
E329,13,73,34,14,23,14,46,77,67,61,55,71,15,51,41,55,60,40,99,26,51,27,57,22,19,75,68,20,60,57,11,25,81,39,66,51,43,14,10,72,45,41,38,24,36,14,35,63,82,24,74,89,25,54,89,52,78,22,32,82,72,75,87,52,76,67,83,54,83,73,12,48,53,31,59,16,70,52,13,50,80,16,24,56,27,77,34,41,21,22,93,64,10,88,17,84,18,60,26,94,77,50,100,17,92,15,97,13,11,67,46,94,64,53,48,62,75,38,27,73,53,11,10,89,65,54,71,55,10,82,60,85,20,62,76,54,59,45,27,44,37,60,67,53,59,89,52,16,86,60,10,19,65,31,19,68,37,63,33,36,66,36,56,88,18,82,10,27,58,64,14,78,34,79,93,93,61,90,62,26,74,45,92,62,66,14,95,74,92,17,95,31,83,83,85,65,73,90,63,29,27,91,93,58,31,53,72,67,30,63,56,92,24,23,96,63,55,100,88,68,53,16,14,38,48,48,54,80,22,89,21,54,40,21,78,68,50,83,97,59,12,31,84,55,88,48,65,51,60,59,11,33,38,39,97,92,92,96,96,52,12,73,51,52,69,90,62,20,56,11,62,28,56,51,61,53,77,76,31,74,87,13,11,45,51,74,80,74,32,85,84,19,73,60,28,64,31,42,11,18,87,92,56,70,71,11,98,30,44,47,10,45,73,100,27,84,89,63,69,26,41,68,93,42,22,17,59,32,67,63,87,11,44,63,10,16,89,34,53,42,64,99,69,72,56,20,36,84,89,24,17,53,17,40,16,79,51,15,16,82,61,89,24,67,81,14,32,10,92,25,71,76,79,47,70,54,12,73,96,86,39,36,93,24,61,92,71,62,43,23,54,69,15,99,86,37,13,63,62,65,77,42,51,100,72,73,17,83,30,83,24,64,32,91,89,50,92,60,94,98,97,83,33,97,69,41,45,98,43,68,31,95,83,35,30,61,65,14,77,47,56,51,55,44,34,28,13,53,47,94,59,71,14,36,78,67,10,65,79,75,30,89,75,55,90,71,59,44,98,47,13,34,22,51,63,36,94,84,60,65,17,86,36,91,65,36,25,100,71,90,49,31,51,15,67,22,26,87,91,36
E330,96,58,94,65,91,71,34,26,72,21,47,57,96,83,14,25,20,44,87,32,44,72,63,82,39,11,85,69,89,13,14,70,38,82,99,32,76,86,70,86,95,30,32,66,97,11,11,81,70,48,18,67,31,60,18,89,44,11,64,82,84,15,91,100,55,99,28,56,82,68,83,42,50,47,38,70,46,62,60,69,100,80,64,40,22,30,13,90,97,97,43,77,82,70,65,74,73,51,45,69,41,40,88,98,10,35,68,80,45,45,20,23,63,25,24,40,16,63,71,50,24,28,21,78,88,45,34,80,92,43,85,69,12,27,42,59,14,23,37,57,38,48,100,57,96,32,87,44,88,73,51,82,38,17,13,41,100,61,41,75,14,31,83,27,94,73,72,63,18,11,17,26,65,13,93,44,87,71,58,85,43,44,58,56,58,98,53,41,67,23,12,81,69,45,94,96,32,48,46,40,50,100,52,99,74,97,57,67,18,61,89,45,51,28,74,74,28,100,19,16,80,51,34,84,41,24,63,59,25,19,18,23,13,36,77,27,33,56,98,74,64,54,14,61,75,16,19,40,85,21,52,98,98,23,18,25,16,100,93,25,67,52,76,42,59,26,62,36,83,68,11,33,43,56,78,67,53,79,75,57,70,58,90,92,84,92,29,66,24,80,53,42,49,17,16,24,82,30,68,21,21,62,49,80,43,21,44,20,67,71,22,95,97,72,34,81,55,32,89,32,58,96,13,94,53,62,24,12,84,69,49,96,28,87,23,85,30,39,64,45,51,10,59,21,31,52,90,79,80,22,15,59,65,97,84,86,21,68,17,12,65,30,79,31,25,93,88,68,68,31,83,49,50,13,76,97,99,88,36,63,97,83,79,87,75,80,37,51,31,82,28,73,41,25,37,38,51,89,79,80,82,73,34,49,27,98,99,81,54,79,21,10,23,85,23,44,71,69,82,62,32,78,89,37,80,17,90,49,37,15,74,41,26,74,59,48,27,18,42,99,78,34,63,91,38,84,52,25,67,53,98,59,34,91,12,28,27,26,47,40,85,43,67,21,93,73,30,78,65,27,89,90,55,23,46,19,95,44,20,14,99,79,40,62,30,77,87,79,81,21,24,58,73,14,16,71,87,60,79,46
E331,19,54,36,65,82,47,47,57,12,68,17,18,45,52,65,23,10,88,28,96,50,55,99,20,46,64,25,87,78,39,74,89,10,15,59,91,12,80,50,55,38,43,11,74,37,54,89,69,73,50,12,66,84,39,56,60,81,49,75,20,38,98,47,53,87,73,28,63,52,27,41,46,37,89,86,33,90,57,49,42,88,95,37,25,70,50,14,75,34,23,28,100,65,31,37,13,89,67,59,16,60,82,28,42,32,66,82,18,84,26,95,51,23,56,53,93,78,91,32,77,23,50,56,54,71,26,10,59,90,33,79,17,70,38,75,59,28,18,50,31,42,73,97,30,76,56,19,29,83,94,97,99,87,95,96,43,15,18,21,97,47,62,66,20,47,48,97,39,44,32,51,62,14,18,92,54,26,83,58,84,88,68,78,18,82,94,41,40,32,91,91,71,40,91,21,95,17,13,25,74,73,88,42,17,23,79,43,60,77,75,37,54,38,62,42,75,81,79,73,59,40,30,13,50,100,91,27,62,74,52,82,33,64,69,83,24,40,15,89,88,56,63,48,83,72,52,64,66,22,25,66,55,25,56,31,78,27,30,10,48,21,50,76,94,21,68,93,94,53,62,17,89,22,77,87,46,66,64,65,41,23,31,81,57,13,60,29,43,36,78,28,32,82,60,91,79,33,53,36,31,92,100,64,62,56,45,84,17,44,99,75,44,42,46,94,79,34,99,50,37,48,53,48,12,66,23,98,37,26,17,82,44,18,18,73,59,31,34,33,17,86,17,75,97,73,78,14,73,50,75,78,18,56,72,94,88,88,70,65,17,52,27,14,10,46,60,20,69,95,72,65,58,75,51,78,45,31,95,54,57,20,78,84,34,24,41,24,74,94,44,23,68,79,98,35,37,98,66,12,61,63,25,20,53,49,10,26,39,25,80,37,98,78,20,48,77,56,48,70,11,89,98,21,30,79,42,81,66,75,71,68,52,77,21,31,80,25,18,38,73,49,36,97,69,67,21,51,43,23,18,93,13,54,88,29,59,68,93,70,30,86,20,97,33,64,37,97,90,63,32,37,52,32,69,62,70,99,45,25,29,99,37,83,100,69,81,40,30,98,86,75,69,63,13,92,17,87,32,66,51
E332,55,84,98,45,61,72,33,62,90,66,69,15,81,52,72,14,73,42,67,80,95,10,70,70,30,84,54,45,56,33,45,21,75,89,12,59,57,74,99,46,22,79,23,66,46,37,93,42,26,41,90,83,49,47,56,36,28,43,32,78,71,19,88,58,12,55,31,79,77,26,55,18,84,95,25,22,99,15,65,19,97,92,97,69,16,91,38,61,54,36,95,47,10,99,28,68,94,48,26,18,72,87,56,98,54,29,53,33,31,18,74,27,75,31,12,10,34,58,81,99,95,29,75,78,72,86,54,21,100,40,92,49,39,61,56,17,37,71,62,85,22,67,100,97,65,75,93,71,32,34,78,55,63,19,41,30,92,54,13,25,45,18,14,77,87,77,22,58,90,30,96,19,86,70,19,77,88,41,90,75,41,77,98,28,82,79,28,67,44,39,39,90,34,34,96,10,69,11,10,53,33,15,42,98,70,67,69,30,25,65,88,41,98,20,11,28,75,55,71,35,97,77,60,46,39,22,100,42,82,10,80,36,63,41,23,73,75,29,38,23,36,33,99,81,74,59,90,94,38,89,27,66,79,19,51,30,50,65,66,83,31,56,70,79,99,70,49,85,19,53,85,92,86,41,84,11,57,29,12,58,16,22,11,62,90,45,92,82,36,51,49,59,85,90,34,64,38,91,61,93,19,88,67,86,91,95,17,74,37,94,66,40,18,94,63,10,76,48,15,41,42,55,88,86,77,77,62,54,62,45,48,47,82,83,53,77,34,45,12,56,86,68,69,83,12,28,17,86,28,39,35,49,62,81,44,26,67,31,13,60,94,87,51,66,10,23,20,19,92,24,62,51,99,43,15,90,68,45,54,59,40,98,74,20,65,35,71,96,62,91,37,30,54,59,61,19,85,74,77,42,73,87,79,19,29,99,11,73,65,61,53,81,89,49,55,60,30,25,66,47,94,76,24,89,58,87,26,72,13,100,54,91,59,60,65,92,85,72,18,31,72,63,43,58,79,57,95,25,88,24,100,66,70,70,66,89,63,11,66,78,20,48,21,35,55,72,32,92,35,100,85,72,29,52,77,68,87,91,72,17,90,72,28,43,72,62,80,67,85,35,76,37,75,24,15,69,66,37,24,92
E333,18,45,83,58,10,59,64,92,99,15,87,37,44,83,42,17,16,96,25,47,67,84,28,67,37,37,57,72,93,73,63,38,34,38,92,20,60,18,45,23,86,12,41,63,70,25,59,15,26,84,37,89,57,54,36,36,33,52,25,66,34,19,97,41,63,56,14,44,52,16,87,13,53,15,65,75,89,32,82,58,46,64,23,86,22,52,21,27,22,13,11,95,13,75,94,99,73,28,17,17,27,87,89,73,99,39,38,25,61,58,87,83,81,44,58,13,90,97,55,44,22,75,43,84,56,81,87,46,79,39,100,55,30,64,85,12,32,39,53,95,50,57,43,53,22,28,58,14,40,16,68,13,63,97,52,94,85,40,10,87,20,74,46,34,93,47,43,30,87,45,90,98,29,21,57,39,97,41,34,78,50,41,29,66,97,57,77,64,57,51,82,19,79,92,57,77,72,66,44,38,62,16,17,90,20,23,36,79,86,54,48,91,93,68,75,79,38,60,56,45,53,93,63,44,83,71,52,73,71,62,50,67,26,42,85,38,89,54,63,72,89,83,66,25,48,19,14,39,77,59,69,96,24,100,32,99,50,66,30,36,47,76,58,64,19,49,48,73,38,74,18,44,70,23,67,31,52,86,49,88,46,41,28,34,84,78,82,15,77,55,66,28,52,73,44,74,29,28,74,32,19,77,92,58,96,91,77,100,29,27,80,37,24,28,45,28,99,86,17,24,91,53,98,79,34,78,23,52,39,84,34,49,63,61,18,94,78,41,21,88,45,70,51,71,71,74,95,53,19,36,18,18,38,84,98,75,49,12,47,99,25,19,82,70,90,70,23,58,80,17,13,63,96,49,29,24,27,12,20,26,42,99,14,56,54,13,59,15,18,92,58,51,63,93,18,31,70,16,56,100,75,46,23,51,53,49,91,81,99,77,84,75,38,83,85,96,35,32,44,55,61,85,80,44,11,50,13,45,62,85,47,48,99,39,50,94,96,69,36,96,90,50,59,63,90,23,59,81,83,50,59,63,72,12,76,27,78,76,27,37,11,50,13,48,65,36,60,15,55,100,81,74,63,50,64,28,73,58,71,11,74,25,51,30,100,95,19,18,50,11,73,40,26,47,92,84,66,49,53,16
E334,46,56,26,90,58,51,75,16,33,85,13,36,37,97,26,61,78,96,55,68,57,81,44,89,66,15,44,49,44,10,100,41,52,33,89,50,79,86,100,67,71,44,52,72,13,80,57,36,34,14,25,78,30,80,56,92,91,98,83,50,79,62,74,83,89,57,84,75,42,72,31,36,14,10,83,97,80,59,99,71,62,75,97,62,89,25,17,29,70,45,48,12,59,55,13,37,41,35,72,54,18,46,52,35,93,21,41,71,20,49,46,33,60,77,42,10,29,69,74,62,80,20,28,59,42,82,12,60,62,12,41,18,99,73,53,27,39,95,99,46,30,70,71,68,98,40,37,71,82,28,28,41,26,51,20,31,78,56,42,57,87,95,99,54,31,19,76,85,28,100,69,32,22,91,17,73,26,36,22,88,88,51,89,47,84,65,84,90,10,87,90,40,17,11,94,33,32,98,88,16,90,84,100,82,72,86,43,83,88,15,14,12,73,45,87,35,11,82,40,49,47,41,41,65,34,30,40,47,95,51,75,23,25,70,14,80,21,37,29,76,23,52,67,24,79,58,24,17,84,61,34,46,32,95,77,56,21,63,90,21,33,59,86,84,81,93,84,70,40,33,69,68,64,83,61,99,38,35,66,89,53,34,46,15,58,59,80,25,59,42,81,46,77,25,73,40,18,57,79,50,26,52,31,14,81,71,97,56,98,87,34,95,84,22,16,28,98,90,88,18,27,22,34,92,70,89,56,12,90,47,73,73,30,89,98,18,12,84,57,87,64,55,64,71,14,30,35,97,87,55,66,54,49,60,27,23,61,33,46,44,78,40,51,85,13,48,97,15,45,49,49,78,90,16,28,36,38,86,58,87,99,45,21,35,16,11,53,92,93,66,75,73,70,67,61,20,48,84,96,85,67,18,58,50,19,63,34,18,98,99,19,50,95,50,55,40,16,83,48,59,81,17,17,46,14,95,16,44,27,42,80,99,23,94,29,16,12,70,90,77,61,55,50,14,36,48,48,51,35,61,56,55,20,62,62,50,52,61,28,52,22,54,54,95,67,67,67,63,30,60,75,54,97,43,12,52,74,43,80,99,85,81,18,44,31,90,15,47,64,98,50,25,24,81,14,97,72,69,26,54
E335,17,91,96,98,48,53,84,79,71,91,99,41,55,89,18,21,43,93,96,60,11,12,17,34,59,33,73,25,35,12,76,99,38,70,45,98,19,43,17,96,61,96,32,18,20,31,65,57,17,87,12,53,69,47,91,58,11,67,12,86,21,72,30,67,72,23,96,73,29,49,33,80,20,84,29,98,53,66,86,42,98,11,58,11,80,83,22,36,25,79,41,69,35,46,24,34,33,67,77,56,26,23,90,69,93,13,17,87,62,90,90,38,75,69,49,55,73,19,16,69,42,68,96,48,26,38,66,71,83,61,67,63,64,71,29,72,38,33,59,58,37,27,12,31,67,72,40,46,66,57,78,44,22,31,63,33,29,72,64,21,71,93,20,15,60,50,94,58,70,48,80,90,44,55,13,15,66,18,39,54,72,64,80,14,92,68,42,77,83,19,19,14,27,41,61,81,12,98,79,58,81,63,26,87,85,72,61,21,52,66,47,94,98,38,51,63,27,49,21,91,88,95,15,11,99,54,31,24,15,94,48,98,53,17,60,71,99,42,52,79,26,68,45,31,88,45,56,71,32,86,33,70,54,76,95,31,10,28,47,24,12,16,95,61,41,51,93,30,47,49,75,29,93,91,71,39,69,25,10,55,28,81,41,69,48,69,57,25,73,64,86,48,22,69,11,33,21,93,96,58,53,52,43,67,35,45,55,50,31,80,52,90,35,37,60,85,34,94,42,97,22,75,47,70,10,62,62,36,49,84,79,44,78,54,20,65,37,78,12,44,13,67,94,90,14,67,99,90,83,40,63,82,56,30,44,28,49,22,23,41,24,61,18,91,55,33,86,88,80,41,59,31,53,12,62,70,65,51,57,16,36,40,46,62,96,89,42,76,25,81,36,100,97,50,27,60,91,73,77,14,98,11,29,12,65,10,27,84,12,21,51,78,95,77,29,84,97,11,39,73,49,86,43,16,96,17,81,32,21,54,23,31,73,28,57,28,54,40,47,92,63,73,36,40,81,46,51,53,84,13,50,74,31,83,31,49,21,73,65,91,45,44,28,98,48,42,52,54,85,24,11,34,50,78,75,65,41,18,57,16,59,28,65,62,58,90,36,77,29,59,25,24,69,94,26,27,18,73,80,97
E336,58,92,41,24,24,39,94,16,18,24,27,65,16,34,33,32,14,60,35,78,68,94,90,37,72,27,16,55,63,48,96,73,55,85,32,35,22,88,64,19,11,91,68,63,80,11,100,21,27,34,53,54,87,32,63,14,50,22,24,38,71,39,18,69,66,14,18,50,69,71,26,91,79,32,70,29,22,12,49,83,31,17,78,88,77,64,19,53,87,51,21,67,19,97,72,66,25,96,74,20,90,65,48,40,53,81,81,85,22,24,73,50,91,75,15,33,68,49,43,62,80,79,29,14,98,51,84,17,73,81,36,100,32,90,89,82,84,47,39,45,89,64,53,19,52,77,33,36,67,27,66,23,37,31,91,66,21,42,66,67,77,69,70,25,17,40,69,50,96,19,93,96,63,87,89,65,94,100,22,82,39,97,81,16,68,80,40,65,43,89,63,91,22,32,81,18,71,75,50,82,67,55,42,36,43,75,98,10,89,29,84,20,81,62,45,56,63,55,46,28,52,28,92,63,74,96,32,10,29,22,81,65,40,99,13,83,84,13,61,56,98,71,58,98,29,94,30,42,36,18,48,69,59,65,73,11,87,61,53,91,84,71,54,80,40,54,76,65,72,71,31,85,73,41,10,85,62,47,45,89,23,69,24,42,88,59,19,76,51,45,95,17,98,98,52,47,65,85,22,20,100,76,79,38,96,30,92,40,96,69,52,42,47,77,45,16,50,76,62,51,56,92,72,57,37,32,72,26,50,80,73,82,56,70,88,100,29,13,45,56,30,28,30,70,91,69,89,44,74,69,50,82,74,88,45,48,30,95,97,63,61,97,45,30,51,27,24,44,55,93,45,18,36,82,99,44,81,83,59,77,74,29,89,90,47,40,62,22,16,65,41,69,94,95,50,95,75,72,38,79,59,38,79,28,56,81,33,58,23,88,63,79,70,90,44,76,84,72,56,94,66,40,24,26,34,34,80,45,97,41,73,73,46,82,46,87,14,59,77,97,49,86,31,18,13,20,93,57,88,70,63,40,89,39,36,70,32,78,56,39,57,73,63,80,76,33,51,54,81,68,83,86,16,57,69,71,86,39,14,95,71,61,15,94,27,82,51,88,28,91,69,53,13,28,12,22,65,19,98,15
E337,59,84,14,96,70,20,52,84,52,49,97,19,30,80,88,56,63,62,67,62,73,28,99,99,98,14,31,33,64,57,88,87,62,67,90,14,24,59,99,26,98,45,35,70,98,62,15,52,14,27,97,46,46,65,88,36,40,64,60,81,71,86,44,57,98,70,50,49,40,64,14,49,16,64,35,71,26,53,48,22,99,21,32,51,94,55,34,58,21,28,38,23,74,31,59,99,40,64,62,79,34,56,30,95,79,41,91,62,13,72,79,47,38,38,47,49,81,80,19,57,59,79,94,73,97,10,55,76,58,51,42,67,97,23,25,94,69,60,88,73,38,70,18,36,14,47,86,96,90,55,22,16,47,28,13,77,87,59,26,86,31,81,68,91,11,79,99,24,97,74,57,75,100,35,54,23,40,88,71,47,25,54,22,71,72,92,99,79,29,66,97,88,83,91,90,99,72,26,92,37,76,27,23,88,76,90,38,72,58,82,98,48,58,38,34,55,29,52,44,44,36,17,83,32,65,76,44,70,40,96,17,73,48,91,94,75,34,30,45,87,70,89,41,32,73,100,36,98,75,96,87,71,17,29,35,56,58,50,83,87,38,66,54,83,56,96,18,82,27,42,42,56,50,63,23,38,26,80,54,47,22,35,82,94,99,76,46,92,22,62,17,98,63,30,17,93,22,30,68,56,15,50,46,68,76,13,37,74,73,49,37,36,87,52,68,10,61,74,15,43,48,11,90,43,61,86,19,35,21,84,21,92,21,53,17,33,52,28,24,88,19,47,72,47,33,92,25,42,68,37,20,88,91,62,88,44,51,68,14,97,50,96,43,94,69,36,64,56,35,15,53,58,97,100,86,30,39,48,32,96,58,93,61,62,58,21,85,55,26,75,10,28,46,94,62,22,31,53,98,92,74,52,58,99,58,23,95,49,92,61,86,93,85,49,47,46,31,99,35,55,84,93,57,41,58,99,67,94,86,61,50,43,17,77,52,21,53,50,55,62,57,30,95,10,95,14,78,44,60,74,76,76,79,64,72,22,94,39,80,15,74,90,10,76,31,38,79,97,41,94,46,14,74,93,77,71,60,91,20,32,48,47,41,41,16,36,20,86,81,34,67,59,18,69,43,34,55,78,23,56
E338,67,73,79,45,54,90,51,34,79,97,24,85,82,48,50,97,71,60,83,24,22,20,54,70,88,96,59,29,38,52,16,20,40,78,17,39,89,16,98,62,76,62,32,49,95,57,84,32,79,48,66,40,90,24,39,45,99,91,48,58,18,45,11,72,78,62,71,96,30,58,71,13,91,92,71,57,53,17,94,92,24,12,57,48,23,93,20,11,46,82,93,17,36,83,98,42,59,91,15,50,71,33,96,91,85,45,11,10,23,27,52,44,38,74,59,56,56,10,72,54,14,88,70,67,42,35,32,64,46,95,68,86,89,44,39,68,51,36,99,97,11,13,57,51,61,69,27,98,71,42,59,27,47,22,33,57,36,13,45,87,65,65,16,28,22,33,98,69,92,51,69,90,42,36,23,12,16,98,11,31,78,77,38,52,47,13,88,31,83,66,52,34,90,69,93,61,20,37,36,29,42,80,71,60,65,76,18,71,15,13,73,45,94,15,70,66,43,63,40,42,69,19,60,99,58,64,27,100,53,11,72,75,61,91,30,28,75,99,36,10,71,63,93,35,69,56,19,33,20,71,61,19,60,55,76,78,87,56,42,26,14,18,24,60,62,15,81,17,43,37,82,50,56,71,23,33,13,90,25,13,15,25,66,43,74,38,41,20,83,14,65,94,88,59,25,77,82,52,47,87,35,25,78,20,18,15,62,56,60,91,75,59,29,19,56,38,57,50,27,50,56,33,86,10,65,93,89,34,64,20,39,90,100,41,63,20,43,39,86,20,36,68,29,93,88,56,47,19,58,11,80,47,29,10,46,25,14,97,68,82,48,31,55,84,81,61,51,46,24,95,72,76,51,60,91,18,45,78,53,55,76,64,59,82,28,87,19,35,75,51,88,32,11,45,95,38,76,53,40,14,88,61,17,71,35,31,80,55,88,23,70,64,54,35,32,87,34,89,52,41,13,38,31,22,92,11,65,91,89,79,78,14,14,10,85,10,22,72,94,24,53,16,35,55,87,69,66,69,79,100,96,25,15,59,12,92,49,32,65,59,69,61,19,68,18,84,36,48,10,12,32,92,90,89,98,33,41,48,26,50,97,94,38,27,30,42,44,79,39,79,68,64,18,63,48,56,71,13,20,50
E339,74,76,86,93,83,32,50,99,89,37,12,75,95,73,26,66,49,61,24,48,33,28,44,71,72,49,65,100,20,35,24,14,16,84,70,68,63,56,17,67,70,50,94,56,17,32,79,90,30,18,89,23,16,54,23,34,33,94,69,86,46,93,75,47,52,23,73,67,28,45,10,78,67,64,73,62,63,18,81,94,10,57,60,40,51,72,63,83,29,13,60,28,93,48,55,77,14,96,82,73,50,93,39,92,18,45,33,61,54,26,67,60,50,29,20,57,20,98,16,86,60,75,39,59,70,78,81,25,33,71,58,49,92,45,34,21,62,54,38,29,63,25,37,82,13,95,55,94,60,64,62,54,61,10,11,74,60,22,13,51,27,86,30,17,32,69,43,39,74,73,97,24,69,94,83,97,37,67,24,91,51,20,26,56,20,99,17,57,11,86,67,20,68,45,88,19,83,69,13,68,95,38,28,16,43,93,84,79,32,31,79,41,55,85,48,86,85,73,27,86,44,86,10,46,13,75,37,53,59,88,78,19,73,100,26,16,72,73,21,79,81,33,16,31,70,56,36,42,97,77,73,29,62,64,14,44,81,65,80,64,11,22,64,89,20,11,37,38,17,87,87,54,90,83,87,36,70,78,21,59,83,63,82,70,80,81,29,10,100,32,20,12,49,49,65,42,24,27,61,41,55,44,42,41,59,20,100,87,49,12,65,92,41,16,94,72,53,87,27,18,73,13,87,81,81,65,53,80,61,36,27,62,44,65,62,65,32,80,94,28,11,43,59,16,57,31,87,78,89,61,94,41,100,89,32,86,26,18,28,54,37,40,23,24,92,99,66,84,94,64,50,45,55,62,16,51,55,100,61,88,11,39,67,41,22,45,77,13,14,73,36,42,64,71,58,77,95,32,75,56,86,21,53,58,55,87,68,35,22,78,97,61,68,65,40,35,90,55,27,27,55,15,44,62,85,84,63,80,94,68,33,96,71,89,73,79,34,40,46,45,72,53,67,28,88,87,93,35,90,10,60,55,72,64,86,30,19,72,94,29,90,54,60,67,54,12,35,92,43,38,100,61,26,91,76,95,51,72,11,67,80,54,33,97,45,39,35,78,94,11,57,37,86,56,63,24,18,34,14,26
E340,51,86,19,56,53,94,92,49,30,100,17,20,31,20,65,87,56,98,63,66,35,55,15,72,74,98,67,41,83,17,39,73,75,88,66,30,80,75,69,74,98,27,31,80,41,28,18,88,71,64,62,65,31,85,46,21,73,43,91,26,31,78,97,34,12,29,44,54,65,36,30,68,34,92,34,62,32,60,86,22,55,79,57,48,43,11,91,83,68,71,82,91,44,89,22,93,20,63,96,33,14,44,91,64,92,34,49,96,86,71,51,16,16,69,21,23,32,52,55,22,28,17,43,85,91,86,57,64,49,92,16,17,56,15,70,95,17,26,14,31,28,50,28,48,37,36,80,31,71,31,13,70,30,44,22,81,60,41,41,87,18,30,36,80,87,45,79,86,94,25,57,13,26,23,82,23,56,80,13,52,88,60,13,95,18,93,54,85,97,39,52,71,58,87,46,41,80,55,65,98,25,79,13,65,24,95,92,66,34,41,15,69,29,17,62,72,11,83,68,55,47,18,29,100,32,35,11,34,86,47,65,16,66,58,35,43,90,55,87,55,51,80,67,29,10,18,22,35,14,52,26,90,48,46,17,68,97,61,46,65,81,83,26,58,98,29,79,15,95,18,90,50,52,61,42,61,21,42,93,73,51,50,76,43,52,86,99,79,39,90,85,71,75,29,87,90,93,16,76,92,59,47,87,79,53,16,12,88,41,58,99,69,25,99,37,16,60,24,58,96,23,50,27,41,96,64,62,42,38,65,27,76,82,46,81,48,16,93,90,28,34,42,11,41,41,96,39,29,42,32,73,52,45,59,21,90,28,56,100,70,89,95,55,37,90,40,53,23,73,11,81,61,57,43,47,53,35,14,42,31,28,19,50,60,61,89,66,89,73,55,14,23,29,23,22,35,89,20,57,85,79,66,36,22,55,92,15,17,100,89,14,49,43,26,56,57,67,29,50,92,24,56,80,83,30,70,21,33,55,88,73,27,90,93,65,76,12,49,98,21,12,16,21,68,56,100,30,24,60,15,57,11,100,57,54,24,64,13,10,40,55,32,90,26,77,26,56,80,65,32,74,86,10,99,16,62,91,70,26,18,57,64,58,33,75,67,20,73,16,93,95,33,93,82,89,40,91,95,83,69
E341,84,18,35,89,48,42,76,52,70,74,24,57,66,67,44,72,31,93,35,85,85,26,95,59,88,65,18,22,65,69,85,14,22,80,82,98,30,96,86,31,62,62,69,36,85,39,85,30,61,43,87,81,57,85,10,33,41,60,69,94,87,94,42,77,51,23,42,36,38,57,90,56,26,34,34,12,14,21,40,98,58,25,87,15,62,52,72,40,39,68,13,40,73,53,52,14,31,78,40,80,84,38,69,80,30,50,21,77,43,92,24,48,11,60,43,74,90,41,78,33,90,65,81,22,65,13,91,99,63,59,62,31,53,88,75,38,82,30,51,75,26,93,43,99,24,42,78,40,18,17,39,21,31,99,85,96,55,40,21,42,82,60,45,57,50,39,85,73,37,81,49,58,11,56,84,70,18,59,71,53,38,92,89,44,91,71,47,72,86,47,51,85,86,38,49,33,40,46,100,53,83,95,41,23,44,20,38,92,85,63,27,83,25,98,58,63,19,81,19,37,78,86,73,27,36,25,82,60,11,18,78,75,21,88,90,36,89,96,66,49,15,25,18,43,11,89,35,15,37,17,59,10,61,60,93,13,40,30,90,71,72,86,11,49,79,89,89,78,87,50,24,36,12,39,71,65,71,71,66,89,30,10,23,66,53,10,36,80,54,33,80,85,41,22,97,61,56,11,65,54,37,66,55,81,69,14,76,43,50,25,89,65,21,38,19,34,68,33,54,87,15,32,58,52,35,54,79,81,18,99,80,55,92,58,20,14,66,98,90,77,85,52,38,18,81,56,57,89,74,97,94,96,94,45,74,28,88,46,64,34,68,93,55,95,43,91,89,50,56,70,51,92,18,69,52,97,69,42,96,20,54,84,17,87,18,19,87,85,88,98,91,27,19,60,32,83,80,11,63,24,45,98,81,87,76,97,10,20,33,76,94,51,35,11,36,47,91,25,67,98,38,68,12,85,95,95,25,31,97,40,60,91,37,56,75,41,67,91,36,49,96,95,55,90,55,59,49,59,70,95,73,93,47,87,30,32,35,23,38,88,90,18,55,24,12,36,98,70,93,97,82,36,78,91,42,85,27,25,35,69,40,41,30,78,34,20,73,77,56,64,88,86,76,84,28,95,56,78,71,17
E342,91,25,55,49,57,93,75,45,20,27,69,41,65,53,47,90,69,46,99,100,82,95,60,53,70,80,24,59,79,30,17,94,52,45,37,64,29,11,56,77,80,90,14,23,88,10,95,24,93,34,77,62,38,11,11,62,50,19,31,46,73,90,80,54,41,95,72,31,44,84,27,77,54,18,25,23,73,19,14,92,83,23,33,39,60,91,25,62,38,44,10,65,60,22,67,64,24,81,32,24,43,98,53,94,87,86,16,44,89,74,37,89,56,45,57,46,20,60,40,26,37,33,43,72,58,46,79,92,87,43,52,52,75,21,68,97,80,87,64,36,88,73,59,40,29,77,67,54,27,37,80,13,19,87,91,64,52,63,100,22,18,55,57,66,12,26,18,46,20,61,100,61,26,54,97,81,53,37,87,79,100,66,88,46,52,58,77,66,97,100,77,99,10,66,69,56,39,37,28,19,22,53,68,21,49,45,16,35,36,15,79,36,88,27,24,34,51,83,26,74,73,21,55,59,63,40,18,92,22,59,13,80,83,73,90,14,89,51,68,23,89,33,87,50,70,42,70,14,76,13,11,52,20,49,61,43,26,42,11,61,11,16,54,80,14,19,11,16,91,12,18,52,41,22,48,81,95,39,43,21,15,37,82,28,75,29,83,30,87,22,65,99,82,39,93,56,97,72,54,97,70,61,13,33,44,33,75,32,39,14,37,27,47,97,94,71,59,48,26,30,58,36,41,82,39,23,32,16,81,86,71,37,37,67,69,79,17,91,51,20,68,26,53,97,61,10,50,22,84,56,66,58,93,20,99,20,28,86,34,28,87,56,53,92,83,72,30,82,19,71,14,38,91,56,37,89,74,24,50,99,20,99,59,80,82,100,85,71,64,60,98,78,27,49,96,85,74,50,10,41,36,70,23,49,44,69,22,37,22,61,80,69,55,30,75,60,92,94,64,50,98,26,45,39,44,90,100,31,39,26,75,78,20,56,66,96,33,27,32,61,41,48,19,92,67,74,70,80,43,99,76,96,61,17,89,51,48,45,49,85,69,57,57,53,36,13,66,50,85,31,69,66,94,52,81,11,88,19,77,95,18,83,23,57,81,26,90,25,42,45,99,97,57,25,21,43,12,48,76,41
E343,54,72,38,81,100,33,70,98,51,66,25,59,28,81,45,59,97,78,86,22,53,97,53,57,77,26,33,83,31,56,14,12,52,56,27,70,64,69,17,23,66,61,82,35,84,100,99,21,52,14,48,100,81,97,89,99,81,53,87,33,38,89,92,42,82,83,58,96,55,73,93,53,64,100,53,69,13,64,43,90,27,100,89,31,33,14,18,32,32,37,41,73,41,65,63,58,14,48,76,88,45,84,16,59,74,16,44,75,94,16,55,19,11,63,64,38,41,16,82,91,95,99,14,19,86,98,92,40,34,96,40,79,22,78,15,51,97,79,26,54,59,93,78,21,40,25,57,13,76,39,63,91,95,35,35,45,71,89,52,82,62,69,30,49,17,93,20,95,62,59,50,61,43,35,37,72,63,16,92,66,44,70,39,43,42,79,15,46,89,80,69,68,32,93,88,55,93,56,29,57,46,80,68,77,12,28,22,94,91,64,46,45,14,17,68,95,77,16,86,49,47,69,57,14,29,34,37,17,92,84,13,76,52,71,59,16,41,82,60,79,74,45,23,87,66,41,59,43,70,63,72,26,28,88,95,73,67,40,32,16,55,74,25,50,68,15,75,55,15,35,72,19,65,38,33,43,42,87,27,94,42,49,99,34,79,28,49,98,89,82,36,72,10,44,33,58,80,99,83,40,38,66,78,88,22,98,35,43,53,14,24,28,73,26,10,89,41,93,71,15,22,64,42,75,41,90,13,20,12,88,29,70,47,22,68,82,29,56,20,38,14,61,88,52,67,55,96,17,88,44,79,98,63,60,98,87,10,13,31,23,37,99,20,28,72,18,22,99,76,39,77,77,56,29,22,91,56,80,68,32,44,100,57,70,41,13,34,52,21,70,49,49,42,15,91,22,60,53,99,43,83,12,82,31,40,88,18,27,17,14,94,15,91,57,30,58,60,42,95,69,62,32,85,72,15,52,10,48,54,96,81,52,63,82,95,30,17,40,10,76,79,91,33,46,84,97,13,45,80,93,73,28,51,77,73,74,32,58,63,73,50,32,39,26,91,53,55,43,69,42,69,42,84,11,88,68,84,44,14,55,82,19,43,70,78,27,53,25,85,85,97,85,19,40,74,60,72,43,68,92
E344,23,64,56,39,78,10,74,52,87,16,45,18,85,52,56,66,37,62,83,73,19,76,16,21,97,100,78,59,10,97,95,72,22,37,95,77,53,100,26,12,46,67,95,69,31,30,83,70,54,98,69,89,60,30,33,48,50,94,95,98,57,99,80,40,87,85,79,52,65,46,21,84,19,36,39,84,28,58,43,31,60,78,65,11,43,27,39,89,76,97,92,88,85,24,45,41,46,77,10,83,53,43,52,99,25,52,62,52,98,76,49,38,75,81,46,19,10,56,51,49,93,14,80,69,64,72,45,55,83,88,85,13,30,69,16,27,46,91,54,60,28,29,99,53,85,93,29,63,41,48,89,72,21,51,52,98,19,35,44,51,21,75,10,72,63,20,73,72,86,63,74,93,14,17,12,27,53,29,26,28,65,62,43,85,72,89,75,63,49,82,29,48,64,51,89,97,63,46,53,63,16,10,18,50,55,79,23,57,50,63,13,15,71,85,11,65,61,89,82,100,95,58,99,86,55,66,93,74,30,83,55,23,34,38,43,85,20,62,98,78,51,35,79,79,28,74,15,75,32,22,42,25,65,76,74,92,56,78,78,38,67,65,37,62,68,30,98,40,50,37,22,72,29,19,91,40,19,18,11,67,67,16,20,40,87,20,17,18,41,42,97,28,42,77,98,42,65,17,33,99,90,35,74,29,42,50,30,27,39,62,81,65,89,11,95,92,95,16,52,55,52,57,100,35,91,71,90,89,96,49,74,95,89,65,86,83,39,10,50,64,77,75,29,21,65,76,11,78,22,95,46,58,51,81,19,10,18,62,69,80,31,30,28,84,71,34,69,36,65,72,47,39,92,62,59,51,23,33,26,57,14,61,63,78,46,42,57,67,41,94,42,48,97,96,46,31,22,35,60,71,25,71,13,23,74,90,41,58,60,58,59,91,14,97,85,64,74,40,85,16,22,42,94,73,11,62,100,78,75,40,87,15,37,27,15,34,67,42,97,35,53,36,89,45,75,27,97,42,60,61,67,81,73,26,92,26,84,68,73,44,25,81,35,54,33,56,90,44,36,87,50,75,69,10,84,86,80,22,13,88,26,88,69,24,26,76,98,93,10,88,45,54,55,20,73,33,41,56,38,97
E345,72,98,12,88,42,49,50,30,54,35,91,100,31,77,47,97,81,73,97,99,91,93,41,85,78,97,99,45,73,45,35,78,29,46,55,31,54,17,72,13,51,85,71,87,32,81,79,23,31,33,23,57,50,27,94,68,40,63,23,19,83,52,63,86,19,53,83,51,82,25,80,44,95,11,74,54,30,95,67,14,47,54,74,42,85,26,79,62,39,59,13,49,37,15,47,68,52,75,41,74,93,86,83,14,48,100,91,81,60,64,27,72,18,69,71,92,81,60,16,40,78,19,72,62,54,100,94,46,26,40,93,72,68,66,82,36,67,64,24,42,92,64,75,29,37,36,51,12,45,27,45,98,30,91,44,94,79,39,98,54,18,78,25,51,88,85,49,43,45,84,53,33,87,39,49,86,72,62,56,75,50,15,18,45,19,35,42,11,17,92,91,65,24,80,31,62,64,55,94,62,80,15,67,57,98,23,17,65,31,76,52,68,46,68,56,88,51,90,16,45,36,29,54,26,64,17,26,34,35,50,27,38,63,31,35,93,16,58,71,57,38,55,90,42,58,32,11,36,40,25,97,85,11,22,59,61,65,85,58,83,57,66,95,62,43,83,72,84,21,93,12,29,55,25,94,10,57,58,39,27,55,46,94,29,84,41,33,53,84,45,56,55,19,34,20,10,97,78,46,57,72,36,27,83,62,26,50,19,95,15,94,81,91,65,58,24,26,19,26,91,92,93,16,82,60,69,63,37,29,37,12,44,84,83,47,15,93,79,82,68,89,73,67,44,68,97,72,96,11,89,63,24,38,25,62,74,19,80,94,41,30,65,59,82,89,55,92,54,59,90,49,86,90,83,67,14,27,34,96,79,65,98,54,40,69,26,95,28,18,81,47,51,79,58,35,82,46,50,47,33,82,77,97,58,54,76,61,64,68,58,74,67,89,72,47,82,61,52,56,68,65,95,55,52,98,77,23,52,19,83,65,25,37,30,48,91,40,80,57,41,55,14,14,96,50,46,45,86,60,91,38,47,25,72,46,64,15,87,98,66,60,100,60,34,15,32,54,14,34,55,78,60,91,63,25,83,42,20,16,96,20,48,70,81,37,29,100,32,78,100,98,99,77,25,22,100,75,26,64,40
E346,44,35,65,34,89,40,62,51,78,85,77,16,42,39,66,38,58,66,84,21,76,100,99,23,22,14,13,25,52,92,75,44,99,76,76,48,72,68,84,62,33,86,60,83,12,59,80,53,77,68,92,80,60,19,78,96,97,20,53,47,58,39,100,28,87,35,32,53,76,95,77,43,70,60,14,72,82,90,89,78,94,91,95,36,66,47,57,82,70,97,47,59,74,41,41,40,59,78,96,30,74,54,11,20,12,17,51,98,33,45,70,46,19,43,24,77,82,19,20,70,79,97,32,36,81,47,16,63,30,21,97,86,37,38,52,83,65,25,72,19,55,34,62,36,92,86,75,44,82,29,56,28,29,23,11,48,12,67,78,90,43,36,31,12,95,61,68,15,99,14,47,17,12,56,26,94,83,66,14,93,70,66,77,57,81,68,50,34,39,44,59,97,68,96,72,98,14,49,67,82,74,10,88,95,77,38,94,63,80,95,82,27,11,94,97,87,66,41,12,48,70,59,42,68,47,57,78,11,91,35,41,50,55,66,39,68,37,33,67,43,67,45,65,25,33,15,16,36,30,17,87,42,49,62,69,77,88,54,17,16,32,77,75,14,37,34,42,51,47,89,24,65,46,30,51,64,94,69,34,65,10,20,34,57,76,39,59,99,37,17,62,94,11,43,19,56,16,16,28,48,19,40,57,13,53,60,97,88,25,19,85,21,40,59,10,74,18,94,29,59,28,70,38,90,97,12,21,61,62,95,69,41,76,94,30,26,56,90,36,13,57,56,51,28,81,48,16,52,90,80,46,16,46,73,34,70,41,19,69,92,65,12,41,91,65,48,76,24,25,23,79,11,40,14,53,76,12,29,37,85,90,99,90,32,36,56,58,12,34,50,62,74,30,57,52,83,25,75,82,79,53,38,86,89,33,39,37,69,71,24,61,43,36,95,69,52,19,38,69,26,20,14,23,41,89,51,41,93,77,96,96,45,74,58,48,99,31,12,31,98,89,13,79,43,32,87,18,36,42,97,76,29,56,12,47,14,65,56,75,42,49,40,61,12,15,80,28,40,95,71,41,35,98,38,25,12,17,32,56,73,74,21,72,49,28,47,84,64,37,32,34,35,59,34,48,85,53,27,30,36
E347,44,88,87,38,61,70,90,33,80,91,93,55,77,58,85,98,94,56,70,90,31,54,32,91,89,91,47,32,58,59,89,29,44,76,21,76,29,25,20,10,93,37,23,90,55,87,90,66,10,74,78,33,15,38,70,77,31,13,78,21,98,63,41,20,28,57,84,12,76,29,77,23,14,75,57,62,41,63,62,40,10,11,99,69,77,32,69,39,47,88,29,96,20,25,21,30,11,29,72,22,52,16,67,47,36,26,76,23,35,11,81,75,13,67,33,67,26,42,68,35,83,51,30,41,23,65,66,65,23,31,63,85,20,67,94,79,61,95,92,62,34,41,69,52,92,32,18,27,44,35,27,100,42,86,100,25,89,40,45,88,72,76,48,82,69,80,15,79,90,61,31,36,81,95,72,81,50,17,48,67,74,16,73,76,41,15,82,62,32,100,59,40,82,70,78,49,19,65,91,92,61,10,90,83,96,12,81,75,40,87,43,19,19,85,78,21,60,100,29,51,15,39,44,74,40,83,24,43,89,19,48,36,66,12,45,12,95,81,48,26,58,72,98,78,15,46,96,17,44,93,22,15,28,26,89,93,61,19,91,89,35,84,69,37,18,99,47,43,70,37,64,10,85,60,50,33,70,78,32,88,74,51,21,92,16,81,14,73,61,99,96,57,40,61,48,42,76,19,61,37,85,37,54,84,96,36,21,96,90,77,53,54,23,30,99,21,21,46,67,82,88,70,33,90,34,34,66,55,67,51,42,28,30,79,18,54,31,75,93,90,98,76,91,79,58,76,36,23,85,79,34,41,37,52,83,26,83,87,71,88,38,38,71,46,39,96,35,93,69,65,84,95,10,38,78,97,64,58,15,46,85,53,45,29,75,98,60,45,16,42,37,18,69,75,16,95,27,14,82,40,80,45,81,88,74,71,82,46,59,17,89,54,61,71,37,67,32,99,66,90,52,35,56,25,97,27,57,44,96,40,10,92,81,37,19,61,45,10,88,49,12,74,69,97,97,49,75,94,97,22,45,86,19,40,50,85,36,90,47,54,59,48,25,91,57,19,18,46,38,71,88,43,55,66,37,92,37,32,17,94,25,25,40,45,34,69,71,53,70,18,61,56,71,94,80,66,27,34,38,91
E348,57,99,84,75,94,72,64,43,37,12,70,14,63,19,19,95,69,11,33,69,37,19,44,62,56,66,56,49,86,100,32,20,77,32,65,53,56,38,87,68,83,47,60,21,85,99,33,21,36,19,69,90,53,35,90,15,24,65,23,28,38,99,57,24,12,72,50,11,80,59,17,42,55,81,92,78,75,98,59,98,19,31,77,35,84,80,87,23,78,51,80,99,19,26,42,80,39,43,75,78,46,82,11,35,14,57,98,14,40,100,51,87,87,62,99,55,10,92,79,50,17,52,81,42,46,94,86,51,81,56,49,80,86,61,76,96,20,19,68,75,90,11,73,44,71,20,61,44,92,63,92,60,63,100,65,90,38,91,16,95,21,10,59,76,35,81,30,18,30,55,42,54,61,82,34,80,96,77,50,48,52,66,16,90,22,46,29,96,54,92,92,50,44,89,26,95,40,92,16,21,38,52,57,53,57,95,89,73,92,95,50,72,76,76,62,79,48,42,68,29,13,71,88,49,82,73,12,60,60,29,97,24,52,63,82,26,32,24,55,47,92,57,66,74,46,76,59,14,26,54,47,11,90,28,83,99,10,99,18,60,77,52,96,26,85,86,95,20,87,47,33,33,73,93,80,73,91,79,29,37,16,22,70,36,97,72,53,40,20,42,96,60,99,94,24,77,19,17,95,72,68,66,68,75,34,90,46,30,64,11,90,37,61,54,48,64,18,98,81,40,65,41,69,64,62,71,34,56,58,36,88,56,24,62,65,27,64,100,58,26,40,98,51,99,25,54,13,99,65,99,47,93,58,11,34,95,35,35,95,80,71,19,93,99,53,44,57,93,96,25,97,61,56,14,67,68,70,76,96,22,63,97,28,40,34,72,49,73,51,31,54,95,64,26,75,57,82,95,61,39,42,34,80,32,16,71,29,69,52,61,54,33,90,28,67,27,26,54,61,98,89,84,94,27,34,74,89,47,26,76,69,72,74,94,100,53,83,17,11,18,28,52,26,98,59,17,69,86,32,58,32,10,60,72,69,24,14,26,17,93,25,22,87,35,49,91,84,18,61,100,97,12,90,63,99,84,26,84,74,52,20,73,54,27,63,35,81,72,59,14,100,67,36,67,13,62,77,52,26,76
E349,64,53,67,67,74,18,38,78,65,18,26,87,85,87,18,14,81,99,75,12,61,85,76,58,44,12,29,26,97,37,50,21,38,47,14,21,14,73,36,12,20,84,85,80,85,64,20,95,18,29,90,56,60,94,50,75,63,55,48,73,23,19,71,38,88,93,51,32,63,60,74,10,54,14,59,53,98,67,16,70,20,28,65,24,31,31,78,19,56,100,95,13,50,55,71,71,88,52,11,100,25,66,33,41,85,15,72,10,26,67,100,96,47,67,42,45,25,93,81,21,62,42,28,47,25,62,33,24,89,28,76,56,82,50,97,25,42,60,89,81,10,40,14,34,28,23,24,34,78,39,16,37,31,28,46,65,72,97,69,77,74,25,56,25,85,21,22,66,81,12,62,82,44,51,54,87,62,74,81,19,27,90,49,74,39,99,44,65,23,13,94,45,39,43,42,22,99,89,91,59,71,98,81,41,39,26,65,92,20,74,93,59,93,85,80,65,53,29,55,24,12,43,15,39,92,12,64,77,32,74,20,30,64,76,27,79,82,48,46,91,24,69,20,81,53,42,60,45,38,87,42,41,81,54,100,31,29,11,70,92,36,24,20,89,58,49,80,80,16,22,64,54,83,74,43,39,71,69,11,65,32,27,39,14,95,36,23,35,100,40,36,16,78,81,22,93,20,19,94,26,74,81,72,41,48,69,18,14,98,62,47,56,84,35,43,10,16,16,82,38,64,17,84,61,53,40,60,41,41,47,29,28,77,37,17,20,80,91,42,87,98,55,13,71,72,80,62,17,33,49,74,88,61,83,20,46,80,44,43,55,46,11,32,67,47,13,67,89,77,19,12,22,89,30,91,45,89,26,18,17,41,83,70,18,11,94,69,56,57,91,62,34,35,40,96,80,72,21,80,16,22,57,78,27,18,25,83,72,42,76,32,13,28,98,12,76,41,13,70,92,72,46,100,37,21,81,19,71,56,68,53,37,14,79,85,79,36,88,86,21,69,90,55,39,69,73,59,35,18,98,45,30,78,99,68,54,77,58,57,79,38,12,82,30,33,63,18,95,29,24,39,34,47,21,13,29,42,82,99,94,50,57,59,53,19,58,15,73,93,39,32,61,21,32,22,33,90,72,60,65
E350,66,66,44,26,34,83,14,47,97,47,24,26,98,34,94,12,95,67,78,94,53,34,19,78,51,37,77,90,54,53,63,97,13,84,86,100,58,100,45,64,53,48,87,59,32,71,37,21,75,69,32,22,30,35,34,73,13,89,68,49,42,65,63,99,32,58,82,55,25,55,45,95,56,78,20,40,67,94,36,42,42,81,54,64,37,80,94,56,60,30,25,57,13,96,99,53,70,41,36,78,13,71,24,57,92,57,80,41,65,68,72,80,46,42,39,92,21,57,84,82,53,91,81,87,53,94,69,44,76,16,100,25,12,34,63,31,22,14,34,62,52,13,68,14,55,100,74,39,54,69,62,92,49,83,35,19,22,16,100,43,27,99,23,49,51,97,67,89,33,76,49,98,98,49,83,88,36,99,88,68,24,28,95,100,65,69,79,76,21,58,57,32,49,66,34,57,76,34,96,40,26,69,100,99,45,48,77,69,70,24,16,29,29,74,20,74,36,48,33,96,25,39,35,99,97,40,72,50,23,80,66,92,84,95,40,31,38,11,71,26,14,30,22,77,19,10,66,25,75,84,74,42,30,46,94,89,69,34,21,80,29,90,25,91,27,24,49,30,100,70,75,81,20,71,37,27,93,66,41,50,78,63,23,80,20,87,59,95,59,94,66,87,88,74,12,97,98,32,87,48,39,100,30,75,39,89,51,16,62,39,56,17,33,59,46,53,67,86,46,81,77,34,32,56,15,50,31,94,15,76,40,76,57,30,53,56,50,41,48,97,47,85,13,26,77,45,17,87,63,43,95,32,41,84,26,100,71,66,78,36,96,27,92,11,37,46,31,66,21,99,51,64,76,53,29,34,94,13,22,63,58,78,10,10,39,59,52,23,64,78,90,27,57,65,92,39,25,47,46,95,98,94,82,66,38,45,19,94,64,19,37,75,30,100,70,81,67,18,75,67,41,25,90,13,74,99,78,94,39,85,62,74,26,81,65,88,81,93,62,70,93,88,29,10,98,60,94,71,10,84,68,45,82,53,33,23,97,14,19,12,83,60,69,30,84,22,43,32,78,63,40,62,47,33,92,38,77,68,18,67,60,43,68,28,53,15,32,33,67,27,36,10,77,45,17,50,25,11,79,12
E351,78,100,70,30,33,97,51,87,36,50,52,56,48,42,95,59,48,61,60,95,44,53,72,16,13,95,92,11,57,28,14,56,73,71,30,75,48,70,98,73,71,36,63,98,91,66,81,31,78,82,99,45,14,62,12,49,25,50,49,82,20,17,41,95,52,88,65,31,18,54,55,11,34,92,83,82,54,27,48,22,76,36,84,43,43,30,72,15,76,13,26,23,45,69,18,77,51,82,87,11,89,52,39,81,48,21,86,64,66,22,58,55,25,10,75,10,38,60,91,76,92,92,32,20,52,54,37,35,69,59,68,32,66,84,75,84,20,58,88,53,11,11,10,41,91,85,97,41,16,94,36,29,40,27,48,37,51,84,42,28,84,55,66,32,31,96,89,92,48,16,54,70,48,74,79,85,62,62,41,36,39,36,64,45,81,52,77,13,35,75,83,99,49,12,74,54,83,39,11,95,88,28,62,48,98,30,53,61,17,86,23,48,92,51,81,70,38,42,87,55,24,46,66,60,99,19,78,16,46,24,75,71,78,47,98,13,93,84,91,14,99,32,94,90,92,29,77,84,50,23,44,25,15,42,10,97,46,77,58,26,13,28,24,10,63,34,73,94,23,72,61,89,28,98,65,73,99,32,19,95,36,58,40,79,64,27,60,83,89,20,97,98,82,55,71,77,13,25,79,34,43,69,61,60,66,43,16,69,67,74,19,21,25,13,69,31,63,34,30,33,54,42,87,44,99,54,15,35,57,30,83,27,33,57,75,73,41,53,32,14,78,87,14,39,69,94,45,77,22,60,78,52,42,38,14,77,55,69,59,59,42,92,84,38,87,94,24,72,82,30,88,73,91,58,35,68,47,50,38,67,86,36,29,70,90,25,84,59,72,26,64,30,88,73,67,70,55,11,45,59,65,65,89,84,89,82,47,52,18,70,97,51,57,11,85,38,93,52,59,17,13,34,36,17,75,88,69,30,84,14,92,85,35,73,29,74,70,62,50,16,91,38,74,78,37,19,56,53,26,94,99,35,30,79,37,77,91,43,84,34,95,52,27,51,43,12,44,12,29,39,60,73,28,24,58,59,69,41,54,25,11,46,22,27,98,51,17,54,48,94,96,36,54,60,71,100,73,92,30,97
E352,88,85,74,90,50,46,93,67,33,37,42,40,12,33,93,24,47,17,98,40,27,16,84,52,67,63,63,18,17,86,12,60,89,60,72,18,18,92,41,59,43,18,92,85,56,51,60,28,79,43,20,100,59,66,31,90,19,90,69,63,26,69,45,70,91,74,32,23,86,49,70,55,26,12,31,84,20,12,12,25,75,18,23,85,61,70,77,28,67,26,40,75,79,32,86,96,90,21,24,40,43,91,61,84,36,57,25,94,65,77,57,31,14,11,50,62,46,57,38,58,31,79,25,32,94,27,63,41,19,23,56,43,96,86,70,38,17,38,88,57,99,55,29,82,62,44,23,96,69,24,36,49,21,73,61,98,16,76,34,28,53,90,39,20,35,39,78,98,22,32,40,45,35,21,55,26,21,39,89,48,14,79,89,25,97,30,95,92,61,27,57,18,95,42,90,15,37,39,16,25,24,82,21,71,20,79,31,68,11,30,22,26,52,78,43,16,10,98,19,15,85,31,52,75,85,39,83,83,57,16,94,50,17,13,38,81,33,69,74,93,90,70,47,27,64,16,73,72,56,47,78,42,79,70,29,75,18,42,98,57,35,74,51,80,35,16,85,19,75,30,25,75,83,90,67,30,29,80,68,40,60,88,31,21,27,33,83,31,81,83,33,92,46,16,72,18,11,99,18,59,64,41,85,33,84,86,55,46,81,26,38,32,10,37,30,46,83,75,29,60,94,34,77,53,55,35,75,23,85,20,18,69,62,72,55,29,55,48,58,67,99,53,49,64,45,32,54,46,77,58,49,69,72,56,87,50,23,13,28,91,67,66,61,86,89,28,79,13,70,85,14,66,19,33,95,16,28,21,50,13,86,36,15,46,79,10,11,18,32,64,63,100,58,18,69,83,98,32,73,89,99,66,65,14,74,19,71,19,32,19,24,46,84,26,70,94,61,65,48,78,69,76,64,46,59,87,45,34,32,60,22,78,21,16,32,28,88,98,40,93,85,79,47,69,90,36,33,62,23,57,92,61,79,38,79,19,14,100,97,59,63,92,66,80,50,46,100,97,60,65,20,100,50,57,93,70,25,54,79,46,75,82,34,37,45,85,82,67,59,42,87,20,42,54,44,58,46,50,61,39
E353,86,30,74,53,42,27,20,26,72,10,81,97,72,78,74,61,95,83,47,59,53,78,65,29,31,46,18,80,92,89,88,15,74,79,68,100,51,58,70,49,61,40,85,99,23,55,99,84,87,15,24,61,59,99,46,31,37,42,35,100,26,10,82,90,58,73,91,95,92,77,56,89,77,29,48,77,74,86,21,96,18,44,81,16,41,17,25,61,47,53,48,34,60,71,40,20,93,62,22,91,98,44,29,49,23,69,17,16,98,23,40,73,38,32,42,32,37,40,78,14,52,44,63,80,39,93,65,66,43,90,81,45,58,54,16,78,51,26,92,77,55,50,76,60,46,34,75,31,64,48,48,66,100,72,73,70,65,16,36,54,62,47,25,61,64,56,68,18,27,63,100,41,78,62,14,47,53,81,51,84,68,63,16,71,40,94,50,37,80,82,55,64,55,97,12,96,29,52,62,81,73,96,40,43,82,83,38,72,66,83,70,97,35,31,11,89,74,20,36,67,70,42,59,78,87,91,46,55,16,77,94,49,67,82,18,63,27,94,21,79,86,72,30,74,21,89,62,31,88,57,22,13,61,18,85,51,61,18,45,96,22,77,89,43,52,12,35,93,10,44,29,45,37,41,80,78,23,53,13,78,26,30,72,70,75,97,73,30,13,50,15,20,92,92,20,94,18,92,42,13,57,39,34,63,77,85,18,98,90,55,10,68,42,44,32,17,21,68,77,78,32,73,12,100,41,97,78,72,59,98,52,30,14,32,18,47,73,11,72,94,63,86,69,83,20,25,51,87,16,40,15,37,57,57,38,31,17,75,80,90,78,84,23,40,92,69,82,37,32,57,96,68,33,59,78,69,12,14,22,95,51,95,81,34,62,33,91,16,42,63,38,76,10,61,27,13,32,73,56,20,22,10,53,45,84,67,92,40,45,23,62,56,61,72,15,10,33,78,74,85,35,63,12,34,90,72,45,89,27,39,34,97,78,37,25,76,48,90,41,50,96,31,68,61,91,20,24,72,60,27,34,42,13,78,29,60,38,81,78,63,46,51,30,25,89,68,28,23,43,35,52,67,32,47,36,92,34,47,82,23,24,12,17,43,56,56,35,95,25,17,77,64,93,84,83,27,39,48,32,72
E354,38,48,74,25,13,68,70,26,52,83,99,58,55,99,32,26,88,26,45,43,54,13,57,18,89,49,85,10,10,15,32,51,39,63,64,51,71,47,46,100,86,40,30,79,97,99,52,57,42,51,64,98,85,70,84,28,48,98,42,63,78,23,22,87,28,44,41,66,17,64,88,38,51,71,10,27,89,15,36,65,85,52,31,33,16,55,96,67,61,71,34,32,68,50,35,97,12,85,67,54,71,84,10,23,84,25,96,79,33,19,37,43,15,20,92,30,14,71,72,99,60,76,36,46,82,80,73,26,50,95,35,72,78,97,28,31,57,83,63,37,54,76,68,34,14,22,19,58,10,98,63,86,29,27,14,51,71,27,62,36,13,36,29,81,27,37,21,18,24,69,53,86,94,56,39,31,96,38,39,24,71,96,27,54,56,93,60,43,43,75,23,67,74,29,15,13,66,90,21,51,31,66,20,25,56,88,34,81,66,57,69,81,20,10,73,23,27,55,85,23,10,31,22,36,88,53,89,12,71,45,83,33,61,38,56,21,56,72,48,74,53,60,37,61,62,92,67,77,80,63,24,89,15,98,52,30,24,96,73,48,76,99,71,63,92,24,52,26,13,86,41,29,24,71,18,33,32,65,46,98,51,91,36,85,34,52,12,28,82,22,66,92,61,65,26,81,12,53,46,11,47,10,60,72,54,25,53,90,24,56,12,91,82,15,89,54,70,62,31,39,26,20,91,11,89,49,95,73,23,31,74,32,32,55,61,68,34,10,76,47,13,89,65,71,98,28,18,75,19,95,12,61,89,67,17,78,96,13,85,95,83,96,92,14,74,25,34,46,67,71,41,55,33,83,13,25,96,56,60,27,84,88,36,81,11,11,86,18,56,13,57,22,69,84,74,82,25,32,41,13,14,39,13,55,61,12,79,45,74,44,98,45,88,41,12,78,70,44,100,50,11,65,33,10,91,58,69,41,56,35,11,87,78,12,87,96,49,91,43,27,64,22,53,40,18,41,17,34,15,83,74,93,49,72,71,99,74,37,79,13,24,79,79,97,76,42,79,36,25,92,77,60,73,16,35,26,51,62,79,41,97,68,45,82,86,46,88,32,97,71,54,50,36,43,26,73,94,30,32,53
E355,81,89,15,16,32,29,21,80,26,88,17,51,71,58,79,22,62,21,91,97,89,14,25,98,68,35,69,77,87,42,83,74,91,53,100,81,32,24,73,80,18,91,16,55,21,67,83,47,27,96,31,17,55,60,67,16,46,33,73,61,78,80,99,38,83,26,84,17,96,27,74,16,35,13,77,80,17,14,42,45,30,26,87,36,88,32,78,76,50,36,44,20,99,18,99,81,87,92,81,27,66,37,43,22,52,66,97,14,100,93,11,60,91,23,85,12,77,54,76,12,27,60,10,39,32,45,99,43,71,11,56,32,90,23,82,45,72,63,84,79,40,40,30,74,26,23,21,73,56,72,47,86,88,15,36,64,16,42,99,28,59,37,29,47,23,34,97,73,73,49,85,66,40,87,58,98,67,81,19,18,54,87,77,96,22,86,99,25,85,95,25,55,53,38,52,40,40,86,44,49,47,94,45,48,85,63,31,78,12,44,70,20,71,17,40,46,41,86,16,39,66,75,55,41,79,32,83,73,94,74,31,26,93,84,25,79,88,21,39,100,99,51,88,48,38,70,98,44,61,46,38,62,97,44,77,96,16,55,69,87,34,54,84,84,11,56,20,22,69,22,93,35,77,20,64,49,79,42,31,48,75,38,77,76,64,98,55,83,68,82,57,37,14,35,36,93,36,71,20,47,66,92,18,100,50,49,86,95,64,29,18,35,77,89,19,61,97,89,70,43,60,19,45,49,74,51,91,39,65,73,83,27,74,84,16,75,84,24,19,19,47,73,17,89,39,50,46,50,43,18,76,77,58,34,35,36,87,50,91,73,95,49,67,31,18,49,70,95,68,91,16,66,60,10,78,78,20,60,22,63,75,81,20,43,77,36,19,58,96,58,46,21,39,71,39,12,54,26,92,31,35,87,39,52,29,10,67,32,59,33,38,44,23,25,27,36,83,92,49,83,84,56,34,84,32,52,23,18,61,37,77,80,76,13,54,81,51,81,51,18,87,28,11,98,37,28,66,74,66,28,38,39,80,46,21,69,36,51,43,45,56,18,69,33,32,15,25,97,20,57,56,58,24,83,47,53,58,71,76,31,72,95,52,82,75,61,12,91,60,74,82,95,36,13,17,73,91,34,79,70
E356,27,29,40,73,43,17,32,78,11,46,76,26,47,29,10,15,24,99,55,65,71,57,98,38,89,52,66,50,21,53,32,97,94,18,85,56,83,53,45,91,52,45,68,10,80,18,64,14,59,27,79,70,74,76,59,57,53,60,66,20,67,35,100,49,96,41,19,32,30,16,15,71,36,84,41,71,100,74,93,18,53,14,60,72,64,69,79,54,67,21,77,47,43,14,86,32,61,57,59,45,46,36,36,15,66,30,58,86,58,38,12,68,93,83,43,61,14,57,31,24,16,27,23,68,98,75,48,69,88,16,14,94,75,80,88,93,97,76,73,62,66,40,87,98,74,25,70,71,92,79,22,47,86,58,64,58,23,63,84,62,24,79,70,55,87,95,48,84,47,36,57,95,93,37,41,92,96,18,34,62,62,38,74,22,91,12,75,72,46,96,40,44,89,90,91,86,75,93,53,79,20,56,94,27,19,72,60,12,95,10,92,82,90,33,61,82,81,38,16,16,50,58,45,17,26,100,41,85,98,32,76,89,18,84,25,42,86,100,61,67,63,90,42,72,59,52,52,40,78,38,19,30,26,56,43,75,42,97,91,60,90,86,56,31,34,19,40,63,100,33,94,96,76,22,46,91,95,93,95,95,19,55,83,92,40,18,61,36,81,81,91,12,88,76,89,88,18,71,62,19,22,51,88,76,64,32,54,74,35,16,74,94,61,87,54,82,94,65,34,37,98,55,12,48,82,19,52,42,60,90,38,65,22,77,96,89,12,28,51,79,33,51,72,30,100,97,19,31,80,63,36,33,96,98,84,66,20,84,90,80,14,80,52,17,48,91,29,41,55,80,63,54,90,71,63,94,31,46,97,82,15,92,64,36,63,50,84,12,87,34,13,100,99,11,32,77,23,82,13,60,27,34,38,77,94,34,100,78,96,38,79,63,86,62,98,22,71,45,88,49,10,63,57,55,79,35,26,44,70,54,100,34,88,68,40,79,67,29,10,86,15,34,71,44,17,24,43,46,38,65,29,95,38,50,64,44,22,43,58,57,33,43,80,91,97,61,79,44,91,58,83,20,35,74,90,17,42,68,54,92,40,76,44,65,72,74,81,61,98,66,46,48,61,65,45,40,57,92,90,51
E357,14,11,87,72,93,28,81,40,55,76,49,62,55,53,35,65,23,69,34,39,76,30,26,46,82,94,44,47,34,54,32,54,29,25,54,78,17,53,44,11,27,96,20,64,68,90,54,83,20,31,87,68,91,43,66,46,37,43,92,78,90,53,100,38,25,57,92,78,13,78,17,78,79,79,56,22,96,52,42,86,41,73,60,85,12,33,54,23,78,84,85,19,15,58,88,69,100,37,76,94,51,63,84,95,26,33,56,75,66,70,62,79,52,100,78,60,16,23,44,82,22,99,54,95,97,11,30,92,77,28,86,14,73,23,33,21,21,62,22,15,72,36,55,31,36,25,88,66,65,87,42,47,91,77,83,19,85,66,78,70,94,54,97,52,54,23,56,55,21,15,58,68,63,11,64,95,87,25,27,40,88,25,72,35,69,63,10,70,70,96,65,43,58,71,72,67,48,16,91,73,32,42,49,81,75,10,29,69,15,80,71,60,97,75,69,23,78,39,83,83,21,14,93,44,35,40,14,37,25,100,72,64,20,97,14,31,31,79,36,80,47,90,83,79,37,77,50,29,39,47,90,38,78,57,58,100,26,86,86,58,79,77,60,36,44,64,21,42,53,34,97,16,27,41,49,55,72,68,44,73,66,46,32,43,97,54,14,61,83,69,19,72,19,87,23,32,41,66,38,25,77,67,25,20,12,99,55,44,77,36,20,31,29,82,67,71,81,77,19,57,98,76,82,79,11,82,58,37,39,97,93,76,84,86,82,89,57,82,54,94,40,74,41,54,40,18,18,35,43,10,66,65,19,12,84,77,44,34,89,35,33,76,66,37,97,12,58,41,42,98,99,36,54,41,38,96,13,33,15,51,65,78,61,24,59,48,45,98,97,56,14,75,18,24,63,30,68,55,83,70,26,76,10,77,20,94,46,13,36,38,47,42,20,78,60,13,69,100,47,78,62,39,95,92,63,96,69,27,44,15,39,56,38,31,26,32,54,96,27,98,37,97,11,38,55,19,30,17,36,69,46,57,32,42,20,31,17,12,40,82,47,96,88,10,46,45,53,100,68,57,53,70,29,32,30,84,89,72,69,22,31,99,79,54,54,72,16,11,96,67,30,98,34,52,40,21,76,73,56,25
E358,100,61,40,59,91,69,11,79,36,85,45,58,86,96,46,46,82,85,45,84,67,20,67,67,20,11,47,32,17,51,40,93,34,36,49,34,52,60,18,39,54,66,95,23,64,91,13,62,31,89,13,98,13,77,74,52,25,89,94,73,94,48,95,58,34,52,14,32,58,33,21,93,85,95,60,61,94,91,15,66,66,77,57,17,17,57,12,31,91,44,43,32,85,83,68,84,50,79,97,29,53,36,10,28,95,19,48,59,59,81,96,40,13,36,42,68,92,75,64,55,52,63,47,74,25,56,84,62,35,55,98,17,34,18,97,98,42,100,22,13,84,76,97,39,41,50,23,48,11,19,38,13,53,10,90,91,99,47,59,68,32,67,91,49,31,83,39,20,25,90,25,13,23,63,79,34,68,75,14,75,11,14,41,18,46,59,81,46,58,27,55,14,87,36,87,56,61,91,72,52,88,27,91,44,39,19,95,18,43,28,20,93,22,83,100,52,65,34,69,59,26,63,57,98,17,74,64,23,64,18,94,12,27,84,36,72,95,74,93,20,83,70,86,74,16,93,12,55,100,33,93,27,63,55,99,41,86,66,45,100,62,91,26,45,88,87,94,86,51,26,36,79,92,16,41,64,73,23,42,92,61,69,94,97,51,69,74,22,45,81,88,37,65,39,63,23,69,33,96,31,71,69,40,26,33,77,17,85,61,66,27,46,14,79,86,13,57,90,28,15,67,78,22,89,23,25,54,35,37,99,12,34,55,64,99,87,35,95,24,54,48,96,71,33,43,100,82,26,64,46,16,87,29,70,63,91,33,79,95,73,70,58,36,85,100,50,38,89,75,31,19,89,61,36,99,56,33,56,70,28,12,36,36,72,55,21,49,23,16,15,71,24,98,31,44,92,28,25,94,11,19,51,15,46,99,48,98,70,83,63,93,65,55,100,68,16,41,50,81,81,87,50,26,32,54,19,29,81,50,14,48,64,56,10,26,92,29,15,81,66,59,48,94,34,18,38,10,65,18,13,71,53,38,59,40,53,38,21,86,16,87,50,59,51,98,41,46,28,84,77,73,55,64,42,94,26,49,71,58,36,36,75,67,87,56,56,27,28,82,78,95,94,97,68,71,78,42,30,26,55
E359,37,39,20,76,46,53,27,46,31,26,59,16,89,10,81,49,59,53,12,24,28,99,66,27,71,33,51,85,78,33,84,58,55,30,89,42,33,41,30,25,73,62,56,70,31,33,54,45,82,72,28,58,13,72,71,81,51,65,31,51,50,60,49,57,71,67,64,11,64,53,49,25,81,32,89,67,92,47,33,43,12,40,91,50,10,15,49,45,57,29,53,63,60,89,43,57,80,68,92,14,48,22,86,49,84,79,53,52,37,18,98,30,31,71,65,62,91,44,44,71,71,31,74,85,48,24,52,50,69,52,72,87,24,24,76,23,57,69,75,12,87,51,13,30,63,76,54,85,67,94,38,64,89,71,45,73,56,42,89,96,65,54,90,90,33,87,78,100,74,79,80,12,74,83,76,45,29,73,37,13,12,98,13,94,29,51,100,83,97,95,88,63,73,30,73,28,88,32,88,24,20,17,35,70,13,48,93,95,10,42,63,48,10,44,56,98,67,86,84,35,95,76,14,71,10,72,23,72,78,50,24,43,22,42,15,99,99,59,22,67,21,42,26,96,55,93,48,99,77,93,68,28,71,40,70,91,30,54,27,43,97,69,36,77,10,60,88,67,37,95,81,42,51,19,97,55,98,20,98,83,87,54,77,40,98,16,90,59,34,100,70,43,47,26,55,64,18,92,39,63,80,49,71,71,22,54,51,37,83,10,44,87,15,30,27,38,36,75,23,62,30,100,24,89,83,93,46,67,68,39,72,43,32,23,49,73,41,10,38,47,63,37,23,88,33,67,90,25,79,41,34,87,52,72,13,53,87,38,83,66,24,99,36,27,35,27,72,46,64,51,90,59,14,16,93,50,21,41,99,20,49,52,65,69,69,57,22,96,11,41,26,26,85,66,95,50,21,100,15,91,62,27,51,55,81,93,16,29,97,37,65,12,73,69,30,12,52,84,25,21,23,97,49,26,52,47,96,68,71,92,86,92,62,10,12,33,66,24,52,93,29,11,95,86,10,96,59,82,36,85,50,50,22,69,85,11,39,90,56,64,74,45,58,91,88,38,48,14,22,26,69,93,67,84,87,81,57,39,71,90,52,13,34,10,18,46,40,15,22,91,35,99,85,70,12,16,73,58,38,50
E360,72,11,28,78,61,25,70,90,89,38,24,91,59,86,80,76,64,91,73,80,84,68,12,83,11,67,92,11,22,19,51,66,96,66,69,63,59,17,65,14,64,22,46,54,70,34,78,12,58,84,53,35,75,25,67,51,16,17,87,48,26,64,58,34,74,49,93,52,41,20,63,88,82,55,12,75,33,99,36,16,97,19,83,99,60,52,25,93,58,29,100,16,72,75,95,28,88,39,75,60,71,39,82,57,27,78,47,24,55,82,82,62,74,99,59,34,88,46,10,88,23,80,63,44,27,66,50,39,100,68,62,21,70,51,10,78,41,21,45,74,71,28,44,34,24,56,50,81,61,69,70,55,26,93,45,83,82,74,21,10,40,35,92,99,85,91,58,41,40,28,57,16,88,70,28,56,59,68,30,60,76,27,62,12,67,18,60,88,26,16,95,69,49,52,24,33,80,94,67,81,64,28,62,35,98,36,64,50,60,94,52,58,59,61,41,92,95,85,29,33,94,82,90,25,60,51,77,70,64,23,24,86,36,57,84,89,73,31,46,75,29,23,88,43,99,36,65,96,75,24,52,40,39,81,25,34,11,11,85,53,61,98,93,80,77,63,63,56,73,25,76,83,39,66,31,33,11,92,89,14,14,10,24,62,50,21,13,97,76,33,77,45,14,76,20,59,82,79,26,75,96,58,11,68,91,56,17,64,45,31,36,83,45,52,82,42,16,98,65,17,85,18,61,25,82,61,93,50,56,53,71,81,93,76,82,62,72,85,26,68,67,27,92,53,62,95,88,98,31,62,66,25,77,69,31,12,48,59,50,89,46,86,64,89,13,34,89,59,48,11,60,98,38,12,22,64,51,63,93,39,77,90,54,47,65,89,29,99,32,16,83,63,62,48,13,78,66,67,25,35,52,26,57,24,39,37,73,36,28,13,82,44,29,32,61,31,59,26,83,69,60,78,27,67,46,48,29,92,42,66,29,26,22,53,51,31,33,41,54,87,24,64,47,94,25,94,83,56,49,35,86,33,20,62,68,49,30,47,80,44,77,91,93,54,70,98,43,100,90,79,84,37,24,27,77,33,74,95,44,69,75,36,10,16,71,37,34,30,48,81,100,40,70,22,82,47,42,91,18,66
E361,12,77,10,33,34,52,61,21,92,18,94,70,39,11,96,64,54,11,98,55,27,40,24,16,39,24,72,93,39,15,34,41,27,77,34,62,21,48,92,91,81,92,96,19,66,84,99,94,31,62,51,83,16,45,34,75,32,46,29,41,54,31,41,75,43,89,18,17,86,79,25,15,42,82,56,72,32,36,65,95,41,48,71,12,87,50,73,12,32,75,75,67,33,30,99,81,65,26,83,78,50,42,30,58,55,65,34,38,50,39,25,90,24,33,75,12,78,100,53,96,49,71,17,67,53,33,10,21,64,85,11,85,75,56,25,41,16,51,78,24,92,51,79,44,88,68,23,91,99,65,18,78,36,63,93,76,30,96,11,37,85,65,59,99,35,49,92,53,40,100,25,63,35,33,18,89,24,31,51,51,79,78,27,100,30,77,86,67,45,52,52,43,40,50,17,62,77,91,28,60,97,73,61,100,82,31,97,57,21,73,75,45,99,78,64,31,95,54,97,42,79,11,97,77,41,23,48,85,70,13,88,25,53,41,81,80,94,31,33,39,79,29,99,81,75,82,33,70,15,99,22,15,18,28,50,52,35,66,100,23,87,52,69,74,80,23,58,15,11,10,33,42,11,91,14,73,25,65,88,14,40,28,81,82,10,32,98,37,20,68,90,16,16,100,92,33,94,67,47,18,59,95,100,84,57,76,53,26,90,49,59,12,48,49,74,16,78,55,21,90,19,74,13,91,95,72,81,56,74,62,52,90,33,22,96,56,89,91,73,22,94,76,88,62,92,93,18,41,72,31,90,83,99,94,86,94,70,70,17,44,12,18,10,64,76,41,63,54,17,37,53,65,68,95,29,97,49,99,46,38,20,32,70,11,22,97,13,43,78,16,45,57,80,63,62,69,94,27,99,87,97,85,47,30,82,68,69,52,72,81,27,56,43,18,47,38,47,88,87,78,71,55,29,24,44,68,90,31,21,74,16,33,25,52,36,44,69,29,57,24,84,32,23,34,22,90,41,76,63,53,15,40,35,100,47,100,64,41,64,39,64,36,82,83,58,58,13,43,88,39,41,48,33,54,76,53,85,20,18,89,41,56,13,96,82,80,47,33,17,63,20,86,70,21,94,32,88,78,33,92
E362,10,97,16,42,82,72,12,15,48,11,15,37,88,36,63,56,64,56,48,22,58,77,25,44,44,10,97,62,21,57,57,67,69,55,40,81,13,19,54,73,20,91,77,54,32,20,85,76,18,15,41,83,15,64,76,69,51,33,47,51,93,31,71,62,54,59,93,49,65,50,36,99,20,90,42,10,12,70,42,81,62,33,90,10,52,22,49,95,65,22,13,53,34,94,90,100,28,70,99,65,53,49,86,59,35,30,69,84,35,57,19,13,78,99,12,64,99,38,33,70,28,18,78,55,31,36,80,12,13,36,61,93,37,58,23,74,81,33,11,71,97,37,94,14,52,40,90,84,72,68,64,31,93,69,97,28,61,14,34,79,12,67,38,76,44,31,46,36,28,25,69,38,52,18,77,61,24,69,38,49,61,24,39,24,58,36,83,42,77,32,78,17,93,13,73,41,79,16,76,92,76,94,42,95,98,75,90,67,39,74,32,76,79,68,97,55,75,72,88,55,99,56,86,19,21,10,72,95,90,32,12,14,39,71,21,71,55,91,34,67,83,68,51,77,89,62,22,62,88,18,12,43,39,76,47,62,26,44,92,87,82,96,31,22,73,67,88,23,32,82,79,51,28,31,50,82,70,94,45,57,46,84,87,35,64,49,50,68,71,62,73,74,71,44,20,44,39,16,71,86,72,41,75,85,94,88,25,76,66,59,58,72,20,19,18,52,42,85,44,69,13,29,77,25,57,56,85,30,79,35,58,85,44,100,44,80,53,28,86,15,96,12,78,12,45,48,38,21,63,29,33,39,55,60,72,77,14,29,75,92,83,13,99,71,26,36,43,52,89,72,35,94,80,58,79,34,37,11,67,23,49,89,46,55,17,29,68,13,39,18,46,28,73,46,13,45,15,14,13,56,18,10,48,64,96,24,32,49,45,81,21,66,24,64,71,38,90,31,19,59,70,77,40,26,38,93,90,37,92,69,92,36,80,25,10,14,51,72,68,69,24,78,99,83,54,96,58,45,17,67,39,60,65,56,51,87,44,31,84,89,90,55,70,78,21,23,19,100,81,69,44,96,100,62,33,62,68,10,18,47,29,93,99,10,95,28,87,22,96,97,63,96,10,60,32,26,49,13,11,67
E363,38,22,88,34,87,72,83,44,77,88,97,72,89,23,78,67,60,28,91,62,67,44,79,58,89,34,69,90,89,20,50,98,16,39,31,74,60,27,27,94,49,87,95,64,22,67,25,36,90,88,75,99,89,57,100,67,69,93,43,15,29,91,69,21,84,33,73,91,31,34,86,94,18,92,11,51,100,55,55,78,88,45,35,99,79,78,13,80,54,88,22,42,89,97,32,36,62,68,90,13,52,23,23,22,28,21,65,83,57,19,97,13,14,55,80,44,29,49,17,51,25,55,30,52,65,98,65,51,48,14,75,14,98,87,70,86,66,58,61,28,64,32,72,88,35,36,88,30,92,55,86,56,41,58,67,69,60,72,13,40,21,13,81,63,23,97,14,89,43,74,63,75,18,71,55,78,64,26,58,48,75,27,13,14,16,28,31,77,14,79,26,15,44,50,66,72,72,97,41,30,32,23,20,59,67,79,96,79,90,49,22,56,73,88,27,71,87,37,43,47,41,27,49,40,45,57,10,13,13,94,82,57,61,78,82,18,35,76,12,74,10,67,79,90,85,29,84,57,97,97,64,97,99,71,26,15,97,36,64,69,76,76,69,10,25,34,53,51,16,69,28,79,46,16,44,53,33,32,60,87,85,34,37,99,46,18,74,92,83,24,87,13,88,11,32,90,26,55,48,45,61,100,62,77,58,63,84,34,29,49,74,93,51,55,65,42,50,90,65,77,96,84,49,29,53,82,87,36,11,65,83,90,14,78,32,97,41,47,52,34,33,96,24,84,20,73,42,79,74,77,96,30,37,88,49,72,45,33,63,73,68,22,67,64,80,61,72,41,27,10,69,72,49,29,100,99,38,96,82,60,93,45,29,38,90,93,68,90,97,95,78,46,100,23,62,37,10,14,56,100,65,65,86,36,73,100,82,64,50,40,81,84,30,30,99,49,32,96,99,19,42,96,79,54,81,53,93,33,19,74,62,49,64,47,42,15,65,10,98,29,74,28,27,41,14,40,33,98,47,94,42,35,27,14,75,43,58,43,33,48,23,52,61,50,88,44,56,33,15,67,90,23,35,74,17,25,26,41,17,68,59,44,45,68,15,15,70,98,31,41,95,87,23,22,87,97,49,90,84,100
E364,49,88,30,59,73,39,96,82,73,93,41,17,10,33,85,95,80,58,83,23,88,19,65,24,99,26,95,53,40,32,79,91,64,50,24,30,93,35,77,64,82,16,21,41,89,15,20,83,80,93,71,37,79,71,54,26,45,38,47,87,96,16,91,78,72,76,44,55,61,25,37,52,51,76,15,25,100,91,33,81,13,47,41,26,66,12,58,99,45,64,98,94,85,42,41,10,40,86,20,84,62,12,95,34,17,30,46,96,67,94,32,25,48,56,11,93,99,23,44,13,59,54,14,12,18,67,70,48,73,35,67,34,27,67,76,94,29,40,28,65,89,71,89,60,36,41,13,37,58,78,34,53,23,10,54,17,54,43,78,24,13,50,48,81,27,48,64,87,90,71,42,22,77,20,66,76,20,16,58,88,79,78,10,66,64,20,15,34,91,26,84,41,100,56,41,97,48,68,27,53,45,31,73,18,42,51,65,48,65,94,80,98,25,44,67,26,44,80,98,73,68,69,66,93,47,36,68,33,100,37,83,36,73,33,74,72,71,89,75,80,53,66,49,17,74,60,71,92,23,91,39,68,11,84,24,12,11,46,87,57,53,88,80,52,41,25,35,19,28,60,32,84,61,77,13,58,31,49,16,12,40,88,70,17,21,30,69,85,29,90,66,54,45,31,79,94,76,42,100,71,28,71,62,41,25,73,40,66,14,45,95,54,66,79,76,38,52,46,15,56,74,66,89,94,13,38,55,10,44,53,16,59,54,55,90,21,12,68,11,83,20,15,82,41,77,53,35,32,20,92,46,10,90,69,70,62,45,95,86,71,68,76,83,55,34,65,14,30,55,59,69,47,99,80,58,55,53,89,74,98,57,43,15,48,89,99,61,16,66,90,25,47,24,17,94,91,32,11,34,96,80,66,98,45,92,57,88,39,17,78,53,12,37,45,100,64,18,18,95,96,97,89,92,60,84,54,34,96,95,85,97,74,55,40,44,96,71,16,80,85,69,93,33,12,16,66,66,34,13,81,34,46,98,100,12,61,96,79,43,53,17,27,68,20,26,80,56,33,88,65,19,44,42,16,52,80,33,17,54,68,79,71,100,90,94,59,86,30,85,42,33,77,93,75,95,32,97,16,35,46
E365,24,28,58,84,52,16,51,80,28,51,41,91,63,38,14,59,71,72,88,78,40,32,22,94,75,98,73,44,91,87,84,98,99,58,14,71,22,61,77,38,90,10,29,72,66,37,78,48,44,86,26,44,76,61,40,49,84,54,35,26,45,41,15,57,74,76,68,47,86,70,90,45,79,98,39,87,59,45,44,77,98,31,49,75,60,69,14,66,83,62,14,99,29,26,28,97,70,12,19,86,76,98,43,40,26,79,75,60,72,49,79,25,94,16,90,41,61,37,49,53,61,16,32,66,41,26,34,80,95,78,95,57,25,97,51,59,25,81,77,31,54,15,62,52,31,55,84,78,31,99,79,66,82,29,44,21,29,26,68,93,46,61,78,100,38,19,40,32,77,96,100,82,93,48,10,34,75,20,53,56,85,51,70,31,96,65,50,44,13,53,58,90,11,27,22,53,52,66,76,69,47,37,64,21,59,17,49,25,40,27,54,56,52,14,22,40,99,79,23,91,63,49,90,90,30,21,17,15,99,16,16,68,23,76,59,59,60,82,54,44,77,48,14,30,100,57,24,74,95,34,35,78,33,36,90,73,23,75,37,44,80,85,74,24,65,46,76,30,39,47,95,33,64,25,66,59,35,81,60,74,25,16,28,82,10,23,55,84,93,34,81,62,15,98,62,59,58,22,27,63,89,47,42,23,95,41,89,25,27,62,87,11,75,21,61,45,80,95,25,27,97,46,49,83,29,87,50,21,100,98,18,50,47,42,38,88,49,43,78,67,54,90,34,50,10,62,80,86,63,57,84,24,58,51,24,71,99,57,62,12,43,57,50,41,87,77,62,33,19,90,48,100,95,36,38,92,49,61,24,17,68,89,40,20,78,45,24,51,45,31,98,87,53,23,57,10,95,23,89,100,83,88,48,75,44,63,53,30,45,29,81,19,41,45,57,34,35,66,33,64,33,27,88,97,39,100,73,98,16,44,96,29,18,39,86,24,67,33,34,93,20,85,34,89,42,56,62,31,68,31,22,42,79,22,40,39,45,98,41,71,14,87,75,33,61,38,89,33,48,91,88,56,33,63,16,92,18,19,42,35,19,14,28,97,41,12,37,14,30,89,98,70,34,49,85,69,97,95,84,21
E366,44,50,90,53,66,57,19,73,76,72,87,51,16,98,21,61,17,94,99,95,43,20,44,47,15,21,71,36,98,33,93,60,98,27,22,28,17,36,88,38,50,55,91,35,15,76,32,11,21,77,23,92,91,34,59,90,30,19,16,14,95,69,84,95,94,86,44,76,14,81,67,10,71,85,76,87,32,26,36,72,65,78,86,14,15,42,60,97,97,30,12,92,39,32,62,85,58,34,36,56,23,12,95,13,61,94,99,42,68,98,81,54,55,27,16,68,71,27,83,71,25,61,75,77,65,32,16,71,90,57,12,59,48,44,65,87,64,61,25,48,61,67,45,10,60,99,16,13,78,62,100,29,41,75,79,87,80,12,72,49,65,91,76,22,68,86,46,23,49,83,22,86,93,55,26,51,67,18,97,52,42,49,13,17,76,28,86,21,57,57,68,34,76,53,96,54,54,19,70,41,69,94,29,81,75,35,28,26,73,69,26,18,91,68,81,83,70,60,98,66,67,87,62,91,43,47,62,52,88,43,17,74,69,100,16,81,14,78,18,36,34,25,68,64,32,15,17,45,70,26,17,34,82,71,88,74,79,43,82,34,69,88,59,84,62,72,55,60,11,18,50,41,52,23,39,55,51,48,45,70,63,100,81,82,11,70,33,17,61,45,61,25,34,91,94,85,19,98,100,92,65,55,87,51,39,16,72,88,50,40,54,29,58,62,14,85,71,100,92,39,57,17,63,96,84,89,94,38,24,39,32,26,20,39,64,43,49,11,87,88,12,44,40,83,98,76,26,49,69,22,22,88,29,47,79,56,88,26,35,83,47,14,32,77,92,28,58,89,99,74,45,71,31,96,80,21,23,65,78,23,67,81,62,52,74,68,35,100,69,81,22,46,92,90,77,38,30,53,99,58,53,68,83,65,30,74,44,54,49,42,61,52,99,87,56,46,100,68,72,91,54,53,11,77,60,30,65,23,49,15,48,48,79,51,10,30,18,50,42,53,15,38,15,81,85,28,98,36,39,23,98,89,71,22,11,57,20,11,78,64,90,97,12,36,38,24,98,52,70,43,74,98,31,78,13,25,92,13,97,51,53,42,43,92,42,94,71,22,68,22,44,66,42,29,60,56,95,60,91,16
E367,81,12,16,82,21,88,40,92,71,31,54,62,91,45,90,100,100,81,98,20,39,63,86,70,62,14,32,57,48,97,94,65,12,45,21,14,94,23,33,66,73,91,92,66,90,71,33,87,60,97,39,67,20,59,26,83,93,84,58,87,66,32,47,69,35,90,52,95,22,81,48,11,67,70,26,63,71,24,19,75,44,59,16,57,73,64,94,36,50,72,45,87,10,20,62,30,65,76,78,100,95,94,74,91,65,56,85,60,82,24,31,37,82,45,41,12,22,70,29,19,45,48,80,63,65,14,77,92,39,69,15,44,96,41,14,48,20,57,23,59,74,13,46,79,63,33,83,74,84,84,81,62,91,91,25,25,15,66,63,65,41,37,16,18,59,21,18,86,89,48,49,65,25,46,57,59,21,73,28,32,22,88,58,76,18,92,11,23,81,74,95,86,41,94,91,64,65,75,47,69,68,38,84,93,64,11,13,20,32,31,32,76,21,30,88,93,83,76,11,94,40,70,54,68,20,58,13,37,24,91,32,38,62,39,80,23,37,82,78,44,82,47,89,84,43,84,24,39,75,32,44,77,78,36,31,67,20,31,87,53,79,61,64,25,97,46,15,12,91,58,68,87,64,24,50,74,77,40,28,90,46,35,86,85,81,12,78,76,96,50,18,45,92,66,28,67,61,41,15,98,30,87,79,51,79,41,73,92,89,86,100,61,51,48,67,100,87,82,48,32,63,26,42,76,14,13,23,60,80,70,82,92,58,98,69,45,53,90,90,96,51,33,82,53,70,94,25,25,53,30,66,31,37,71,28,46,32,83,49,26,16,45,11,75,94,53,36,88,67,93,60,18,40,55,81,67,75,32,53,96,42,32,35,49,28,67,64,98,33,92,74,26,60,55,12,85,99,54,34,90,64,50,15,20,57,39,92,24,71,99,87,17,25,95,88,43,24,47,97,81,80,90,100,34,80,94,20,14,88,51,65,28,41,21,25,15,73,44,55,97,32,97,25,56,68,65,55,38,14,69,58,66,88,97,89,96,81,95,70,78,53,51,89,100,36,36,32,88,27,59,100,29,72,89,88,39,91,61,98,51,95,55,22,41,68,94,86,66,93,90,61,70,54,11,96,92,32,43,19,81
E368,51,21,85,29,78,76,10,32,63,15,93,10,57,36,33,65,51,70,98,49,95,96,55,86,22,61,86,46,50,45,89,24,64,33,39,43,41,26,25,72,98,71,45,29,88,59,52,97,57,53,58,76,72,44,80,96,59,80,10,37,49,55,17,77,42,96,52,90,100,72,35,39,58,67,66,64,87,82,60,96,34,35,98,84,46,86,51,33,10,73,89,28,64,13,23,53,71,29,39,40,84,75,12,25,39,45,13,19,19,57,23,30,17,95,19,62,48,59,21,35,42,49,95,68,73,90,22,57,16,62,45,15,67,45,23,53,49,54,46,70,82,54,29,53,95,92,19,13,18,67,92,23,92,12,23,29,33,50,28,45,92,20,38,63,98,17,18,97,42,94,56,65,88,32,68,62,44,16,15,64,36,44,10,50,13,93,84,56,70,61,19,13,63,54,34,54,10,66,88,64,15,89,40,58,69,39,13,35,90,41,36,96,63,99,47,31,43,84,57,83,31,99,34,80,39,56,77,16,62,15,49,92,85,40,55,31,34,100,47,46,66,69,80,47,17,36,25,70,56,57,32,89,35,62,84,26,22,81,88,79,46,13,53,12,43,37,49,50,11,70,57,52,83,12,30,43,49,81,44,34,46,50,96,92,68,24,60,75,54,13,88,47,82,40,85,86,42,17,88,60,100,71,86,36,49,49,54,99,67,34,95,55,74,75,48,81,67,55,12,71,39,81,65,46,29,53,89,92,48,56,95,49,100,81,83,45,58,96,52,11,34,57,60,63,82,58,21,73,21,73,39,41,94,63,71,65,69,45,70,48,28,33,52,43,38,40,55,68,71,43,56,41,84,100,66,65,76,60,49,76,83,29,20,85,17,85,98,18,43,19,41,51,79,34,61,53,66,87,89,14,88,99,19,62,13,51,63,22,88,49,53,72,88,54,23,16,68,83,19,57,76,11,89,38,99,52,78,53,36,77,21,58,22,32,68,67,97,82,28,18,52,69,67,53,83,81,24,10,81,47,93,79,78,68,94,75,84,74,69,11,75,54,29,80,99,88,60,41,70,49,61,47,25,58,86,20,61,31,50,46,57,44,41,60,91,11,60,79,41,73,24,99,88,76,94,37,67,54,56,33
E369,15,62,81,44,34,62,50,22,59,84,23,11,72,34,72,26,57,53,91,83,26,30,34,92,84,70,34,54,23,77,70,24,20,19,100,63,59,54,65,79,73,16,46,13,41,11,60,75,13,45,29,20,79,32,17,51,69,58,14,11,90,71,86,52,12,15,79,45,30,61,95,63,80,39,26,39,26,61,10,13,81,68,75,85,75,18,13,71,45,62,92,92,41,59,38,30,47,43,43,88,87,86,14,77,45,41,35,51,66,58,41,95,27,37,10,88,48,34,21,76,63,61,60,29,23,42,92,46,99,45,87,23,28,49,43,91,86,58,30,59,45,89,61,32,52,88,83,62,36,86,67,52,68,64,32,69,80,97,61,51,40,68,77,51,25,18,85,54,53,80,77,61,14,29,36,94,14,33,26,94,83,69,53,83,60,19,27,82,79,67,51,35,11,19,33,61,37,56,40,55,59,24,15,49,54,21,39,70,74,93,58,14,20,46,69,46,29,99,35,78,62,26,95,49,82,85,20,74,23,36,18,81,11,24,15,31,11,57,48,70,53,45,33,94,91,54,38,16,91,59,39,17,12,90,76,52,61,59,55,51,58,77,46,32,10,73,73,90,78,20,50,57,10,75,83,49,25,41,60,77,22,89,15,40,79,24,20,55,23,93,82,46,91,37,93,35,37,85,94,12,89,71,31,98,42,30,81,18,66,86,58,95,61,70,68,13,10,49,42,93,48,16,99,64,22,75,97,54,79,54,87,56,38,10,14,28,31,47,65,62,58,93,68,61,84,37,63,52,36,44,55,100,89,48,50,99,89,20,44,34,64,28,42,100,23,68,61,48,50,84,64,15,60,54,12,42,94,76,43,34,15,76,36,76,65,82,25,32,65,95,84,91,52,90,62,20,49,30,78,28,66,60,79,78,53,40,30,87,100,16,40,79,60,93,18,22,54,49,16,58,27,88,53,61,50,45,50,29,59,53,32,89,18,59,17,76,86,94,73,82,13,31,41,46,66,59,69,15,86,100,15,12,90,25,82,21,67,88,77,49,19,92,30,85,11,61,19,96,57,93,68,11,37,64,72,16,78,32,43,94,32,36,65,40,81,29,85,34,93,44,93,66,85,66,21,75,82,80,62,19
E370,12,95,46,28,52,51,93,77,93,63,74,75,41,48,17,46,31,60,90,61,50,73,67,97,36,37,40,100,72,11,64,86,20,56,40,76,100,46,30,38,77,61,32,60,89,79,91,52,93,18,84,51,78,57,99,92,63,54,72,25,14,40,55,47,85,36,59,40,53,43,82,51,69,81,74,80,72,39,27,95,65,93,98,10,70,80,87,82,89,59,37,43,46,50,52,17,37,47,32,43,77,97,99,84,75,30,83,45,19,22,34,30,28,76,57,55,37,53,84,78,94,43,65,94,18,85,93,54,64,86,73,30,71,17,87,25,29,44,70,51,20,38,42,43,17,80,76,41,14,72,15,40,91,66,26,35,87,83,79,23,95,52,84,72,39,25,87,52,41,44,79,55,62,21,68,39,72,77,83,89,60,44,30,22,65,96,14,52,47,91,75,74,93,29,37,61,11,30,29,90,84,83,81,35,31,71,58,17,93,25,75,62,63,27,12,11,27,86,68,86,97,37,44,79,86,45,58,61,94,14,18,15,97,88,54,35,25,72,30,74,53,36,84,74,81,86,14,56,90,73,85,37,14,41,41,61,33,28,13,74,77,87,75,12,32,76,72,66,56,48,11,43,69,12,61,53,72,23,34,58,66,49,34,35,76,61,72,52,89,21,30,17,63,38,48,88,86,13,48,68,92,32,58,80,34,55,95,70,21,93,52,15,73,62,40,71,20,49,87,87,70,61,97,50,74,21,31,19,34,12,100,66,20,87,70,76,39,95,66,13,54,23,82,60,48,33,26,20,20,20,72,29,76,64,14,34,65,73,51,86,14,44,20,91,46,67,23,96,46,63,58,27,48,38,42,91,44,18,28,12,37,28,78,77,64,29,76,42,97,11,42,95,14,19,26,89,92,53,78,32,16,27,37,78,100,19,67,50,94,50,19,57,87,22,54,68,88,90,73,44,75,11,67,30,58,93,24,24,73,68,82,60,58,49,15,90,48,82,67,72,48,22,48,65,46,95,75,83,94,82,51,25,57,70,24,62,61,26,85,85,89,86,22,53,64,56,84,100,57,67,98,56,59,24,45,65,95,71,88,91,33,63,19,49,77,81,13,92,80,57,22,76,81,30,94,68,15,10,17,90
E371,34,58,22,29,24,32,56,85,75,23,89,65,78,67,16,55,20,21,23,58,27,76,77,96,100,71,92,31,79,13,88,98,50,24,84,93,11,10,33,17,48,83,100,25,22,89,57,98,70,66,24,41,97,62,88,65,76,44,82,37,33,36,20,32,17,19,14,70,43,91,66,73,45,74,67,79,49,26,20,41,13,86,71,94,24,33,94,99,21,60,38,83,66,61,82,91,77,84,24,59,26,37,37,49,48,19,80,31,51,54,36,42,63,34,34,25,16,39,25,31,40,40,63,40,57,76,68,76,45,67,71,31,53,82,15,78,83,10,26,17,19,67,11,99,76,98,97,15,78,88,96,41,37,99,68,59,12,25,18,50,10,49,22,63,84,25,15,84,80,33,65,75,97,31,21,30,19,18,48,44,39,12,42,93,29,22,78,74,16,14,97,38,100,57,45,49,40,67,41,29,63,28,56,31,79,60,68,12,48,76,100,76,27,92,62,62,25,39,84,62,58,38,34,55,65,34,98,91,53,34,90,48,43,98,76,21,35,48,40,55,10,49,23,47,58,92,69,57,30,67,20,33,79,61,79,70,29,56,95,37,52,57,96,46,18,36,87,39,52,70,37,90,11,84,11,64,39,54,74,94,14,37,52,50,50,13,61,90,79,99,79,94,91,63,22,23,83,97,25,30,96,15,21,24,64,93,14,82,46,48,85,64,34,81,71,36,73,35,71,13,54,18,23,36,26,64,90,40,47,55,89,73,87,13,52,20,42,43,84,44,94,88,47,33,58,34,50,89,67,20,86,42,82,32,73,95,66,72,97,53,84,55,18,52,86,21,34,33,11,92,100,56,86,85,74,53,39,96,98,69,26,21,90,57,22,79,17,83,75,60,43,54,87,10,47,22,25,18,43,38,22,89,87,93,80,16,85,81,42,64,93,69,82,74,96,10,86,23,60,94,28,13,28,100,37,23,35,44,97,11,33,43,87,42,16,10,91,91,85,23,36,98,99,90,11,86,92,30,54,48,33,22,28,10,34,30,67,86,80,10,39,69,74,87,23,73,93,100,47,77,50,62,27,39,44,18,85,94,80,37,52,18,96,34,23,29,97,14,10,93,11,75,47,34,42,35,68,86,90,69
E372,48,70,56,68,18,43,58,19,78,100,31,96,45,24,77,12,10,33,76,27,44,29,41,50,13,32,92,35,26,94,67,69,100,26,55,55,52,24,28,60,100,35,66,64,55,81,33,67,42,16,95,64,83,46,37,54,68,83,52,40,64,33,42,67,86,43,84,90,52,77,12,95,95,76,20,87,49,46,67,54,73,58,57,14,21,79,12,75,46,70,37,81,69,17,98,83,80,44,77,37,50,80,44,20,31,80,45,16,85,75,18,89,90,45,46,45,48,70,29,26,96,31,88,58,42,81,75,80,34,92,11,19,90,36,82,34,51,94,10,38,27,67,54,35,50,17,74,28,13,31,18,48,14,88,99,97,63,93,55,77,45,53,65,46,92,52,54,21,10,96,40,79,17,68,95,34,66,10,31,46,70,32,73,82,42,78,55,86,53,63,68,59,66,62,75,67,34,32,28,42,46,71,78,74,46,44,65,82,60,72,38,12,94,90,79,33,17,37,95,100,23,34,99,15,62,46,97,41,46,26,73,26,94,31,96,38,54,90,52,63,47,61,13,51,25,16,74,47,50,40,69,63,52,55,41,89,32,70,56,38,90,72,55,97,98,18,53,45,60,35,79,95,12,34,69,35,94,41,27,80,76,12,10,38,39,30,71,95,44,27,22,81,12,12,87,14,77,13,45,35,50,20,60,87,52,27,92,26,71,68,80,83,74,79,99,12,14,75,54,97,86,15,84,84,39,33,26,41,74,93,40,17,62,98,83,51,57,41,22,67,19,44,87,70,60,59,84,12,34,10,42,24,18,26,29,64,41,64,31,32,82,62,61,67,34,78,42,77,72,61,97,26,24,41,73,79,72,28,70,48,10,84,36,33,59,24,22,20,36,32,71,81,98,50,57,26,85,98,22,27,41,64,87,32,72,77,87,57,61,76,27,66,40,44,57,79,60,87,28,88,74,56,38,25,19,18,80,12,21,73,69,76,74,50,96,48,23,10,57,45,53,19,61,94,22,100,11,17,87,38,20,73,75,52,31,67,80,82,27,14,44,85,12,56,71,49,97,47,47,77,80,77,13,89,75,10,33,85,41,33,12,51,19,72,63,31,85,29,73,78,41,10,92,47,42,74,81,13,41,59
E373,55,43,50,75,74,90,94,15,28,41,58,94,11,91,56,32,100,50,67,80,75,73,58,69,61,11,33,69,100,40,21,82,88,24,60,46,96,97,49,47,71,29,47,98,96,44,33,16,34,55,98,12,30,22,87,35,25,25,69,43,30,37,67,11,99,47,11,14,85,37,12,98,91,32,65,43,81,70,13,91,91,37,92,49,15,60,29,24,63,20,100,32,82,23,20,100,43,18,84,28,26,16,78,78,61,82,75,73,95,85,26,91,96,28,36,94,46,81,84,16,73,22,76,18,87,25,65,98,79,53,20,88,37,28,96,40,96,14,36,70,43,68,32,45,71,81,97,90,38,76,79,62,77,73,40,79,77,96,78,76,79,37,29,60,43,66,73,70,73,65,74,43,41,86,76,15,30,82,46,84,28,75,34,17,97,39,71,49,90,83,53,59,62,13,74,54,63,13,59,72,17,12,83,23,10,83,37,12,33,22,14,73,78,51,81,52,16,70,80,60,41,26,87,61,42,64,37,79,98,33,94,16,33,70,94,60,30,96,82,24,48,98,96,38,62,54,13,39,56,36,14,19,18,36,20,74,37,41,86,15,85,40,36,28,46,15,54,14,70,66,36,50,52,48,79,77,38,89,73,16,90,32,68,19,26,12,41,70,15,16,37,45,27,31,36,84,26,62,41,67,56,48,74,38,59,42,21,66,66,98,38,40,49,30,14,18,11,19,97,37,62,77,94,85,15,45,66,19,49,43,71,32,68,86,16,37,33,90,75,57,34,49,11,52,25,32,25,94,20,31,69,94,28,57,91,80,87,60,82,94,79,17,63,63,81,69,73,37,54,72,45,51,41,19,54,49,27,56,62,22,87,33,56,95,40,65,18,14,95,69,64,39,34,97,66,39,23,49,90,13,77,13,48,10,76,74,47,44,57,46,90,33,11,38,95,84,22,93,82,12,91,81,82,70,62,74,30,45,30,68,39,58,37,96,39,30,49,87,40,34,23,100,75,81,61,93,24,24,95,83,24,41,88,25,22,77,96,49,80,54,55,82,44,49,49,90,16,26,69,96,19,55,100,48,81,14,87,97,92,80,16,57,93,94,62,20,53,20,84,30,36,25,43,48,94,38,94,64,72,28
E374,64,38,90,18,66,40,33,66,47,100,49,88,66,20,84,44,55,63,30,82,74,68,65,38,65,29,64,62,34,19,56,75,61,43,49,50,83,55,12,67,100,94,52,21,50,21,54,93,35,63,12,22,12,48,23,81,46,11,60,61,85,50,45,48,50,12,50,21,79,86,99,60,57,88,19,41,27,72,75,44,97,57,27,35,12,36,86,11,58,76,10,30,65,95,43,86,12,92,58,15,47,82,62,53,15,59,64,88,58,94,24,82,74,25,13,21,60,81,32,37,37,42,72,27,15,43,33,31,59,96,54,39,22,64,55,79,24,56,90,100,36,27,26,26,89,21,55,39,26,54,99,42,39,82,83,51,78,99,22,85,45,57,28,83,40,27,60,18,44,94,75,31,41,62,38,92,24,12,78,93,10,80,92,82,92,10,83,67,22,93,20,59,95,11,48,19,22,44,30,53,20,51,96,15,24,88,30,15,19,25,78,40,21,62,59,20,62,87,12,70,17,13,97,34,82,71,79,98,53,56,19,21,58,89,57,20,29,33,79,63,19,24,24,96,28,45,53,64,52,79,10,74,99,79,11,97,17,33,31,27,16,93,17,59,81,77,71,46,83,50,92,95,21,84,33,59,29,43,94,40,71,67,62,40,16,44,70,81,57,55,85,49,16,46,92,66,46,73,46,18,81,62,25,77,84,23,41,48,47,68,18,91,19,74,90,46,92,58,54,10,34,20,100,76,90,64,25,75,26,39,63,61,62,91,98,47,60,32,31,80,64,94,65,52,57,71,91,95,55,70,68,28,66,85,18,83,10,28,87,87,15,47,14,98,54,66,17,36,98,29,57,89,93,44,31,54,84,84,16,78,98,19,35,11,45,16,12,92,66,68,99,61,35,58,54,67,41,98,25,61,80,97,38,96,88,59,39,18,54,18,44,13,54,56,42,89,87,32,100,79,70,50,88,35,39,71,29,11,13,57,35,87,65,34,89,40,100,75,81,15,61,33,40,53,95,40,95,88,56,74,73,31,91,52,14,15,62,99,100,60,27,84,88,45,57,34,28,74,62,99,44,47,52,85,26,50,75,31,32,36,72,36,27,92,73,77,42,57,20,19,74,20,39,50,45,18,21,72,96,84
E375,43,95,92,16,94,87,70,97,66,32,68,12,68,99,38,66,98,50,63,25,56,94,14,94,18,34,31,53,29,89,88,66,86,48,61,80,22,59,90,26,22,33,19,57,25,24,49,71,47,100,74,27,64,77,43,73,65,83,74,52,52,52,28,26,10,92,88,61,75,94,23,38,92,13,39,92,81,84,41,19,49,58,80,39,22,33,91,77,32,17,49,73,11,95,83,20,72,57,95,20,23,33,47,44,50,90,96,59,56,79,62,79,12,45,51,38,95,39,63,21,28,29,87,32,20,67,26,39,52,49,20,45,39,20,31,25,35,93,62,31,97,87,66,83,23,99,53,68,81,51,15,26,97,75,24,30,42,48,85,63,37,71,84,66,78,24,43,26,73,91,72,64,60,35,15,45,50,44,99,64,23,54,91,97,55,10,60,72,84,87,93,10,16,63,72,41,32,24,84,26,94,60,92,11,38,58,10,38,63,36,50,86,50,83,67,23,30,99,44,67,45,74,36,96,44,96,64,36,58,22,83,58,33,13,81,60,41,87,13,30,51,81,17,58,22,79,67,18,99,63,84,71,46,67,28,68,100,83,57,28,12,69,90,98,95,73,34,73,61,81,78,57,88,26,98,44,50,39,92,47,25,39,40,11,84,48,42,31,64,81,70,83,55,72,26,64,90,82,93,13,65,81,44,84,73,88,23,46,81,57,46,22,35,67,91,44,54,75,80,32,97,11,75,54,85,56,20,25,28,26,63,93,48,74,12,21,77,31,28,58,32,46,96,39,40,90,41,37,99,49,32,79,86,92,33,51,58,42,77,22,73,41,30,43,39,62,76,69,22,86,43,86,33,37,47,84,45,74,90,26,64,10,99,95,85,89,25,44,27,57,63,49,56,49,84,25,73,67,72,55,12,87,29,33,43,39,96,99,39,10,14,33,58,38,75,98,68,91,86,53,64,56,26,84,69,73,79,54,67,15,53,25,24,13,19,89,49,50,61,26,20,41,34,82,100,42,34,68,73,57,11,87,42,29,84,44,30,83,43,28,55,30,22,87,69,17,50,38,98,17,44,86,17,90,20,54,94,39,51,91,90,85,44,96,43,73,26,29,57,18,95,73,22,35,78,64,54,100,69,27
E376,73,45,81,53,67,62,70,54,47,77,31,79,51,100,64,15,26,62,97,30,75,64,69,63,13,18,49,13,65,87,58,78,61,27,95,67,54,13,62,30,19,92,54,14,30,14,56,56,24,21,49,35,67,21,87,89,29,84,44,77,30,47,31,56,43,99,46,86,69,46,51,17,81,29,43,84,55,98,64,11,73,30,34,19,33,42,71,78,72,91,84,35,65,73,90,65,61,12,96,28,61,100,16,33,90,93,87,48,75,90,30,55,16,19,44,68,77,92,22,36,87,31,39,41,32,15,87,38,71,98,10,53,72,23,64,34,50,58,87,65,77,65,60,86,95,57,28,73,12,43,12,53,26,37,87,39,30,96,64,51,90,36,59,53,49,70,44,56,92,51,65,40,45,19,59,98,62,42,26,27,97,12,41,24,27,78,11,11,16,76,54,40,15,92,12,45,62,99,81,31,94,67,94,73,58,31,83,18,66,85,72,46,35,76,63,87,62,31,47,29,46,81,30,95,28,10,21,70,50,83,96,77,48,70,57,21,14,90,93,74,46,64,33,53,81,39,23,17,19,68,14,19,49,29,34,90,46,40,19,77,37,68,17,41,43,44,71,40,61,71,96,71,65,31,52,28,79,79,23,95,61,28,22,14,41,69,75,66,49,28,49,90,95,77,41,88,93,87,66,11,45,34,74,90,56,83,97,49,11,61,40,87,100,33,75,45,89,12,63,28,51,96,24,89,94,54,79,46,73,58,62,64,61,51,51,47,47,23,95,40,15,15,78,52,60,14,48,92,99,96,97,52,45,46,73,70,78,27,39,72,44,21,19,34,53,72,87,65,72,35,63,40,70,34,86,88,82,98,38,52,54,97,98,89,50,44,93,43,97,61,16,34,26,16,49,49,41,17,46,39,36,17,51,34,98,63,84,28,33,11,12,33,52,81,28,30,19,50,31,69,17,19,12,76,20,57,56,80,65,63,19,48,17,20,49,72,46,15,48,30,63,25,14,37,44,24,84,30,79,52,11,97,50,22,10,40,79,18,38,97,37,59,80,51,23,38,22,79,43,32,84,51,96,60,96,30,81,89,84,22,96,23,64,95,43,32,58,10,65,27,54,18,72,92,92,72,62,88,88,75
E377,85,71,17,81,40,62,82,59,14,46,30,63,45,43,61,92,17,90,78,91,83,76,74,70,49,70,61,33,66,71,46,97,29,54,46,13,61,20,38,80,48,35,11,17,28,71,40,25,25,98,71,78,66,88,10,17,83,25,13,61,17,33,75,33,52,93,24,46,14,41,58,49,99,79,93,88,18,73,75,53,98,55,88,53,38,66,72,12,48,39,20,51,31,21,11,11,21,33,85,14,73,85,19,41,82,49,57,14,100,14,72,59,37,19,74,81,29,77,33,47,64,24,68,40,44,86,10,99,84,43,93,93,15,84,53,47,22,67,15,29,84,85,69,37,60,85,27,59,71,95,49,79,86,36,72,74,24,24,26,90,31,18,81,50,10,36,55,90,10,46,55,32,77,92,56,37,55,80,28,16,87,99,66,55,18,77,58,45,25,88,11,29,21,12,37,30,54,99,39,64,49,59,26,95,52,22,31,21,30,46,68,77,71,62,54,99,95,70,42,20,70,75,23,50,94,23,78,75,54,68,54,67,65,63,33,95,16,78,89,70,50,88,75,60,48,73,64,19,96,30,17,80,72,72,76,41,28,12,83,58,37,59,11,69,94,48,39,76,68,60,79,23,11,78,33,57,75,15,93,23,66,49,54,96,78,20,84,94,95,13,37,31,89,68,44,13,90,80,53,85,65,68,32,60,27,20,28,76,79,22,54,86,80,92,81,19,25,93,88,90,59,53,78,89,43,55,59,95,29,34,23,28,24,78,84,18,46,92,53,77,79,93,61,81,97,49,28,41,84,38,28,31,28,11,69,43,91,21,41,10,62,71,90,17,20,38,32,96,20,94,51,78,99,23,49,58,36,44,62,39,87,40,10,33,98,57,40,29,18,95,64,98,70,21,77,61,58,41,29,82,46,96,43,62,27,78,100,69,76,22,36,93,99,27,69,11,96,89,48,77,19,99,16,29,57,84,20,83,95,49,87,20,97,53,25,65,75,80,81,69,78,92,27,98,18,98,30,64,89,91,67,16,44,59,39,72,94,88,56,91,92,36,75,81,27,13,87,58,95,48,10,28,33,98,23,58,40,67,30,93,18,14,68,15,68,78,17,91,65,99,69,64,71,17,21,47,68,91,17,38
E378,86,73,14,64,88,40,12,99,51,23,92,40,48,36,13,73,76,29,73,88,84,24,38,39,94,37,43,60,35,39,17,61,92,18,40,75,95,41,35,46,31,71,17,87,74,13,73,70,44,77,56,44,20,88,27,39,30,79,20,74,25,56,23,14,40,79,73,81,96,62,80,81,100,77,20,43,21,10,22,51,11,61,36,23,86,42,31,58,58,76,82,57,54,69,100,75,93,99,63,43,89,49,96,97,55,12,20,84,68,82,86,70,32,55,70,25,10,89,92,87,69,49,94,68,76,88,53,52,69,20,62,40,66,11,40,88,31,68,59,60,98,54,62,42,26,40,87,76,72,63,44,43,75,56,33,29,42,58,23,13,73,80,46,28,49,82,92,14,88,37,31,71,69,74,69,88,69,17,97,71,80,28,53,48,92,84,53,80,49,35,28,54,35,97,28,56,17,40,39,78,57,76,62,17,20,47,86,82,65,40,69,50,100,17,81,71,19,77,70,96,18,39,97,59,44,97,39,21,85,44,28,88,16,82,87,77,19,93,98,50,26,72,17,57,28,46,66,95,88,97,48,100,35,67,20,61,50,55,27,46,43,93,31,56,10,89,20,16,12,85,54,90,85,59,73,35,20,25,96,34,59,46,86,57,93,35,60,59,96,16,15,18,43,75,33,63,94,94,81,65,45,51,48,10,63,14,68,97,34,62,11,89,53,61,67,75,22,41,65,88,35,83,85,24,44,71,78,83,95,39,74,17,22,50,56,100,43,42,27,29,77,25,83,85,21,78,17,85,44,83,18,52,37,96,78,83,82,23,81,11,30,15,91,19,95,65,27,26,90,88,22,77,89,39,78,85,22,32,17,10,36,10,34,89,79,89,64,50,34,31,81,96,62,50,94,39,86,34,22,29,49,21,22,90,45,81,74,77,82,84,79,76,84,85,37,41,24,41,81,65,46,36,43,89,12,76,39,92,37,24,95,44,87,95,77,55,52,66,22,51,21,80,95,66,23,38,70,15,81,76,80,76,92,62,87,87,31,14,33,99,70,54,11,92,51,37,36,62,17,66,36,26,99,62,27,86,79,64,62,99,87,87,63,52,87,96,79,13,98,79,50,42,95,69,27,64,65,27,99,46
E379,54,92,61,70,74,12,28,33,91,19,23,60,89,97,24,59,62,84,44,21,13,73,96,51,76,75,42,36,93,37,69,40,79,40,33,99,90,29,98,14,27,10,11,41,67,75,71,43,93,98,25,90,34,78,100,49,78,31,74,16,71,41,93,95,63,43,54,21,24,47,35,84,76,63,67,64,58,54,22,80,42,42,79,51,96,55,27,27,17,64,28,13,47,66,67,98,27,58,65,21,72,76,63,46,11,74,92,50,79,10,54,67,66,20,55,71,50,90,70,81,93,90,82,56,44,25,23,90,79,68,48,16,100,61,12,24,90,87,92,39,62,39,52,27,92,33,41,57,30,55,51,91,22,36,81,68,27,63,61,60,47,57,71,41,52,78,45,56,95,40,10,21,83,19,38,62,37,39,22,62,68,84,43,69,73,91,10,67,60,80,35,59,59,61,76,46,61,54,24,85,31,30,33,18,56,69,49,78,26,81,59,28,76,91,86,89,38,55,79,26,81,90,22,25,75,68,28,82,31,35,45,81,53,20,98,67,19,21,74,69,98,43,40,62,99,42,44,30,17,80,61,99,57,21,98,61,68,82,53,67,90,93,13,98,79,16,20,14,50,87,61,30,57,87,14,15,97,64,91,47,66,23,100,53,10,54,49,44,20,17,96,66,83,14,34,55,90,47,94,33,19,69,73,25,58,54,57,81,68,98,59,10,44,77,62,29,59,48,33,18,23,48,28,30,51,85,98,49,18,93,30,90,36,12,44,69,40,42,59,11,35,61,66,63,51,49,93,54,41,49,29,74,96,13,99,12,32,68,24,48,60,64,94,53,71,51,78,74,24,25,13,38,72,19,83,30,49,44,32,61,41,99,76,10,20,68,17,61,94,94,51,65,68,22,23,20,58,77,70,14,39,58,10,64,27,90,24,89,22,73,59,68,72,74,97,16,12,52,38,94,25,98,34,45,49,88,47,44,25,60,99,31,30,81,79,100,21,62,56,83,65,16,53,47,100,41,99,71,72,17,94,49,52,55,10,86,59,47,100,27,35,29,58,80,92,51,41,48,75,76,73,57,77,56,99,34,43,20,57,32,48,80,19,64,16,48,25,74,77,44,78,40,74,26,13,61,22,67,62,15
E380,50,99,34,100,34,57,11,75,93,31,33,100,92,23,27,46,57,98,33,88,60,52,44,43,49,28,12,52,61,73,14,63,98,29,49,97,63,51,22,44,64,72,36,80,97,79,53,100,63,79,60,66,86,91,18,42,80,59,39,56,62,100,31,39,14,10,43,32,39,52,24,95,29,15,61,92,32,68,49,82,57,67,77,30,11,31,68,89,21,21,41,43,33,64,39,19,36,63,29,17,74,31,76,63,11,53,43,90,97,84,69,26,30,29,68,69,73,30,58,37,47,79,32,71,72,58,49,12,44,91,89,65,90,82,57,100,88,57,68,23,47,60,37,75,43,96,95,96,80,37,11,89,67,55,67,100,76,10,63,36,20,71,80,87,71,77,38,98,52,65,35,83,31,47,27,84,92,18,100,38,76,73,95,48,22,22,60,56,60,12,75,88,15,53,25,11,48,84,19,38,25,33,59,69,65,19,31,84,73,54,100,44,41,62,26,10,38,61,36,55,64,52,43,100,28,27,45,82,14,50,11,84,62,94,17,16,28,60,90,55,22,28,22,31,36,15,79,15,95,95,21,87,63,82,98,74,79,21,35,90,65,58,50,90,28,29,80,39,93,68,83,61,82,92,30,94,99,90,95,71,13,27,85,66,23,20,63,79,100,98,71,26,87,94,61,17,37,38,28,80,69,47,62,27,25,70,96,31,66,18,94,46,11,20,59,76,16,23,94,35,80,12,96,66,60,71,100,15,24,64,72,25,13,16,71,16,94,86,56,49,35,76,100,30,78,56,84,47,22,33,100,32,68,14,83,54,98,68,78,66,34,42,60,91,56,55,50,46,38,99,45,21,55,24,56,73,83,42,34,74,84,40,78,99,62,46,59,51,26,46,78,68,16,34,89,51,43,94,33,38,80,29,31,21,73,26,18,78,35,86,58,11,86,78,69,75,36,61,80,35,37,49,77,97,52,15,17,16,44,75,37,91,53,13,52,57,82,40,62,43,51,69,16,26,88,25,16,82,51,78,30,14,41,15,62,90,26,100,11,15,92,29,53,70,38,30,83,25,31,51,64,29,83,76,94,60,14,50,76,63,17,41,30,80,18,67,11,87,44,29,97,82,85,23,60,100,86,42,44,82
E381,82,55,21,62,43,84,85,14,35,57,71,96,33,81,79,45,49,12,95,62,19,87,18,67,79,74,35,73,45,85,95,70,95,55,52,11,58,44,92,58,42,78,60,52,70,76,40,42,60,54,50,26,75,71,21,17,46,36,43,98,56,98,16,92,12,29,14,48,51,86,58,23,51,18,69,91,64,15,30,81,83,65,29,45,38,51,22,73,28,88,46,65,66,32,29,19,57,93,60,17,62,56,50,53,100,54,34,86,14,62,44,75,20,54,83,91,62,64,51,45,63,37,74,95,88,64,66,75,94,39,31,40,76,42,14,86,40,51,34,65,34,51,26,62,67,33,68,84,59,51,80,86,52,49,64,52,80,71,37,15,81,100,77,100,85,53,23,39,72,27,66,43,91,75,62,69,92,25,53,63,27,96,37,94,37,91,45,69,42,12,87,58,20,33,10,33,44,58,57,67,33,100,63,68,19,32,11,61,20,55,44,11,17,53,69,51,30,74,37,20,85,99,92,79,69,76,45,39,81,29,36,36,10,24,41,92,52,84,99,68,48,46,84,41,71,25,40,94,18,67,66,30,72,19,77,48,55,29,36,20,15,26,36,63,69,78,93,24,88,36,68,23,56,77,14,89,48,15,53,71,28,22,79,78,32,65,11,36,28,95,72,27,43,78,66,93,53,50,40,44,85,53,88,22,40,64,61,87,50,38,23,93,89,12,97,14,51,64,71,77,31,66,37,20,24,27,11,23,57,16,51,41,80,63,70,43,90,65,13,12,23,88,74,15,96,22,63,50,10,68,49,60,93,74,12,98,70,96,43,100,97,74,75,30,86,62,68,76,31,16,11,89,86,37,77,30,51,64,71,59,87,57,95,88,77,93,10,56,75,53,43,93,64,56,64,48,82,26,84,12,95,89,45,71,50,40,88,31,44,33,39,71,90,95,69,72,76,50,53,43,99,53,90,88,68,62,89,41,84,81,65,44,33,53,27,21,75,78,22,91,14,33,47,27,95,80,35,65,22,35,10,87,44,42,16,48,65,20,69,36,59,34,71,69,98,37,90,87,66,52,71,17,47,12,36,12,51,17,65,30,70,93,65,58,17,11,18,66,81,79,83,69,58,59,55,20,30,44,96,12
E382,88,34,49,91,26,26,18,41,70,21,44,75,50,28,75,20,67,27,18,33,13,56,100,94,13,77,38,40,12,32,51,95,42,79,65,35,52,53,69,37,93,98,11,66,48,43,24,24,64,59,43,93,94,76,14,49,97,76,85,67,53,65,80,77,19,19,10,86,64,32,28,73,37,37,65,38,42,67,38,68,21,19,46,51,20,94,94,89,30,88,42,94,88,61,32,21,40,71,77,37,59,83,16,66,44,50,67,16,84,27,58,59,30,13,63,34,30,98,48,61,38,43,23,96,52,71,98,56,23,71,67,65,83,28,93,39,35,16,64,72,27,71,18,43,10,70,69,29,49,64,78,42,10,81,44,83,48,53,57,20,64,96,68,52,37,96,10,96,94,47,49,40,88,27,80,90,56,47,32,75,62,54,40,78,37,81,19,80,30,69,85,54,42,92,69,52,60,19,71,58,85,34,89,81,79,11,97,52,74,71,80,21,17,94,36,22,82,96,78,96,34,62,35,64,87,16,99,29,92,74,15,47,81,44,55,78,39,36,85,55,73,61,82,37,68,44,85,95,51,86,61,17,90,39,83,84,67,45,92,70,62,83,33,98,15,83,61,37,42,66,42,31,92,73,29,14,23,24,55,38,61,20,13,18,13,36,84,52,96,99,65,30,77,62,93,71,66,21,54,48,86,24,28,74,61,50,65,97,94,70,37,77,56,34,36,19,38,66,72,32,30,62,38,10,34,86,40,42,11,69,37,72,37,96,53,75,39,81,90,96,57,33,44,11,64,29,43,50,24,49,80,14,64,79,28,94,54,57,99,27,46,74,62,26,40,57,88,38,88,16,76,55,97,35,51,72,22,47,12,14,82,58,47,70,47,39,99,44,23,67,24,37,69,68,35,26,57,22,38,50,53,79,65,42,61,56,65,70,90,73,82,36,92,76,67,58,32,51,15,70,14,65,19,38,94,67,80,49,30,68,61,33,88,10,92,92,74,31,36,69,29,39,57,87,84,65,66,68,54,37,46,36,61,34,82,47,96,32,82,24,14,59,65,89,84,92,93,10,94,11,86,26,60,10,15,94,53,39,49,88,16,63,15,26,100,10,88,42,66,32,38,20,18,61,91,64,29,73,90,23
E383,63,12,98,82,85,18,75,28,25,27,88,46,62,23,96,93,63,38,29,25,68,49,16,52,98,15,57,11,33,77,50,81,68,73,43,76,45,60,21,50,82,88,99,72,35,49,13,31,79,84,98,29,35,15,39,76,86,30,100,29,73,35,31,21,35,93,98,76,68,48,83,38,12,59,51,51,85,32,23,29,52,24,26,63,70,44,77,93,33,21,94,73,74,43,37,81,38,73,21,69,62,42,98,70,21,45,15,51,59,67,23,87,67,36,50,43,92,20,21,16,11,50,27,99,45,36,59,68,55,99,43,69,86,80,52,23,94,61,26,54,79,38,19,19,100,67,49,72,93,13,17,33,65,57,53,28,36,15,82,95,14,25,42,67,69,34,71,69,82,77,79,19,51,97,55,71,19,58,11,17,68,24,45,69,87,52,59,49,68,15,67,86,19,19,66,11,57,70,55,86,86,20,78,97,11,99,64,60,34,75,96,82,16,31,51,10,87,97,64,34,84,23,93,70,56,99,50,54,31,76,33,73,27,91,100,52,59,65,33,38,84,10,50,28,38,27,79,62,39,98,17,28,94,70,85,62,25,52,25,18,53,30,17,71,56,78,11,61,62,57,45,28,50,38,22,89,36,14,50,77,44,97,12,92,74,52,12,43,21,69,35,50,77,69,64,44,55,86,46,99,76,51,27,57,86,25,45,49,98,53,79,11,83,40,91,82,73,54,78,55,37,90,10,72,53,12,35,51,75,50,56,23,11,93,29,93,77,80,84,77,97,38,73,32,68,53,71,35,33,54,30,41,43,32,83,90,67,81,93,25,71,51,55,12,42,65,99,23,31,37,22,10,40,99,21,83,10,96,16,15,98,62,47,80,36,98,91,37,16,73,77,52,55,93,12,24,12,98,48,40,50,96,78,79,22,74,47,43,89,34,40,38,10,18,84,50,26,57,14,74,36,62,63,91,27,53,68,37,34,58,45,51,99,79,27,99,25,77,70,76,59,52,98,69,76,35,44,46,11,84,100,39,80,37,51,27,28,36,11,11,100,73,22,28,38,81,83,94,87,79,80,25,92,37,83,48,60,75,78,78,53,98,85,57,65,87,97,100,12,49,68,83,99,26,75,23,94,30,50,33
E384,10,13,88,22,14,77,43,55,49,37,50,43,23,32,80,88,97,57,13,70,65,65,82,45,25,99,25,63,11,52,12,61,94,21,83,86,18,45,24,79,42,69,82,61,18,87,81,60,92,20,45,43,34,13,20,73,67,64,26,59,82,69,38,29,28,82,27,87,89,34,17,18,33,34,85,92,68,16,44,29,89,66,93,42,53,41,98,95,88,58,97,21,65,23,22,41,64,44,23,94,14,15,75,11,27,86,86,94,91,83,97,82,70,33,46,71,88,98,12,97,77,85,23,24,21,62,32,27,38,74,22,51,22,22,25,40,95,94,15,38,81,40,17,40,95,11,79,44,72,35,28,22,62,59,47,92,38,25,62,47,100,49,76,33,25,30,66,76,81,54,48,22,45,22,41,71,95,52,46,52,98,97,37,95,68,14,10,92,36,72,30,96,32,69,52,57,38,69,35,48,99,12,27,91,44,83,11,98,42,24,91,81,32,26,99,32,22,39,13,62,10,41,85,65,30,22,12,32,22,86,94,100,13,14,12,24,47,18,78,11,54,98,38,69,27,14,57,84,58,67,25,84,26,27,13,93,54,40,36,12,19,54,33,79,83,82,10,76,59,70,79,49,39,73,39,56,47,58,14,31,36,34,51,35,38,74,41,78,68,47,29,18,48,34,58,97,68,43,76,94,63,55,79,72,42,81,51,69,44,62,32,57,67,99,83,83,87,71,62,25,16,88,16,47,97,80,84,68,76,77,36,97,10,41,48,99,68,79,41,15,87,21,19,33,22,81,25,44,34,92,67,92,73,33,89,21,62,38,100,95,31,99,98,38,12,17,93,10,41,20,81,81,87,12,67,79,24,94,27,50,96,26,74,69,58,11,81,45,68,27,91,32,38,29,85,38,96,40,41,76,96,30,60,55,41,64,34,98,30,65,38,91,34,79,67,53,29,37,73,63,61,60,18,47,34,99,11,28,63,70,15,80,21,98,42,12,61,90,49,21,28,20,61,52,28,57,95,69,74,97,47,90,17,79,24,12,71,29,96,17,87,59,13,57,63,90,63,76,78,68,93,77,28,100,55,26,45,19,77,57,29,98,94,41,58,84,87,76,84,28,40,79,100,40,79,32,15,39,61,75
E385,52,36,96,70,89,18,87,12,49,64,50,74,42,37,45,93,81,75,39,14,35,53,57,11,87,92,50,69,46,90,76,50,100,50,83,40,32,13,19,99,17,41,19,58,45,48,29,78,26,78,34,24,15,47,67,65,95,82,95,38,65,37,99,86,40,13,82,32,80,48,97,19,21,100,64,57,60,56,100,88,76,80,77,94,90,10,51,44,13,86,81,20,22,35,81,34,17,100,32,23,61,15,53,20,67,82,78,100,19,68,46,18,34,50,62,56,39,24,97,19,47,47,70,67,67,11,77,12,34,36,100,46,56,88,42,21,87,74,20,39,48,65,93,21,36,32,28,58,63,32,78,58,80,56,15,82,54,56,52,73,94,20,43,22,39,12,75,75,78,76,36,54,16,10,59,55,76,35,43,72,55,61,65,87,20,17,75,49,73,20,20,69,19,69,37,63,14,100,33,85,84,32,52,92,42,17,45,77,17,93,32,13,52,35,49,23,84,58,18,16,44,46,75,36,88,69,93,14,18,89,37,26,33,69,11,94,86,96,34,39,99,46,29,11,65,13,22,33,12,85,13,26,12,51,96,92,78,95,37,90,46,29,100,80,23,42,61,46,18,31,92,33,20,17,61,38,24,62,96,41,71,56,45,29,52,88,84,41,24,71,16,77,47,56,22,29,50,24,85,82,100,18,46,43,49,92,62,89,35,78,57,36,59,11,59,93,28,65,63,100,31,30,50,81,11,13,24,50,26,22,75,23,33,53,47,57,44,82,83,58,91,24,44,13,44,76,44,22,55,91,35,10,11,34,41,72,63,87,27,87,44,92,46,85,56,13,61,83,51,75,77,73,84,82,70,26,33,47,28,38,84,34,88,98,68,95,76,16,31,39,15,14,35,82,85,55,22,42,13,73,75,78,80,60,78,23,42,23,12,76,81,76,63,76,90,70,27,36,84,99,13,48,42,33,68,96,87,71,27,18,74,37,60,68,100,40,100,68,25,39,74,56,78,28,52,71,64,22,15,52,78,77,32,19,35,63,45,45,20,33,82,100,43,47,80,75,97,66,33,78,96,76,85,65,25,25,48,25,25,54,17,26,73,22,23,45,74,47,57,18,64,97,20,47,47,16,10,19,53,36
E386,82,20,20,69,21,35,34,13,11,24,32,87,91,89,29,85,32,93,64,35,79,75,14,18,90,69,37,47,82,41,75,26,68,36,76,41,71,59,53,51,29,28,42,32,88,50,31,56,83,93,16,59,84,39,63,53,32,62,71,66,71,53,36,28,17,100,84,28,31,58,58,83,24,45,23,86,89,30,73,25,79,16,50,74,89,30,66,58,77,36,43,79,74,46,83,88,17,91,80,43,91,29,27,43,31,15,33,60,96,85,48,97,71,51,51,32,17,100,94,60,59,10,82,77,52,51,76,17,25,96,28,78,82,27,25,100,39,84,95,56,81,28,48,78,46,51,88,30,50,43,60,80,79,66,28,31,62,80,61,32,59,19,79,65,62,53,32,23,13,34,11,51,46,22,70,69,43,13,17,91,45,72,34,33,87,56,18,41,81,75,94,77,69,55,62,56,35,90,25,25,75,29,89,39,77,68,36,36,78,15,58,74,37,14,24,78,23,89,73,47,92,28,44,52,38,73,57,85,99,30,87,41,87,46,13,63,18,31,79,36,91,74,99,64,95,12,12,79,60,27,85,66,52,82,59,66,17,87,61,68,79,83,42,95,82,16,46,89,46,14,63,79,45,84,20,32,79,89,13,55,34,76,72,76,10,71,82,30,24,36,20,46,51,73,39,21,42,86,17,32,44,67,79,27,94,68,56,50,64,44,59,72,86,11,50,52,56,79,77,52,13,65,55,16,17,24,35,63,50,55,70,98,81,40,70,56,38,25,13,67,22,98,52,18,94,33,55,28,15,75,66,54,92,24,11,92,33,71,27,64,60,18,83,32,29,32,81,40,23,17,75,66,29,11,18,20,76,35,98,18,57,47,22,32,15,63,54,37,31,79,77,44,59,89,74,88,82,35,42,27,10,97,81,74,76,48,26,10,51,42,67,82,50,36,94,72,85,62,54,34,89,19,48,47,89,50,21,17,66,46,32,45,97,68,20,54,73,96,67,23,83,24,49,60,54,98,90,22,28,15,40,75,70,94,26,55,29,79,61,53,36,52,98,48,19,74,75,63,24,92,96,64,22,60,90,65,29,74,93,27,55,27,14,68,66,18,39,89,63,57,55,42,75,79,66,49,46,76,18,62
E387,57,45,34,27,93,91,75,18,91,84,65,79,44,17,31,66,40,96,78,63,35,78,19,98,43,83,25,21,27,57,53,21,68,94,97,89,83,46,79,71,90,43,86,38,50,70,91,51,63,17,54,79,30,17,32,18,82,86,51,19,97,26,67,82,27,34,66,55,16,57,75,57,48,21,20,44,41,25,35,52,49,29,69,65,45,51,12,68,23,47,21,97,44,88,41,29,53,75,68,33,61,63,56,55,62,86,43,80,10,91,42,29,42,88,29,84,84,57,27,16,15,40,74,18,71,75,12,94,54,86,90,90,11,22,53,79,28,69,74,53,45,84,88,27,91,62,48,50,28,33,53,59,94,14,47,27,54,23,12,58,22,13,93,46,25,99,26,55,15,77,50,61,13,38,80,90,36,79,47,68,52,88,48,35,18,14,14,34,12,32,57,50,17,28,30,80,91,65,98,81,43,98,46,68,10,50,81,15,35,50,79,73,17,70,32,88,14,17,80,96,67,84,78,96,57,76,90,34,56,10,57,22,86,20,56,11,43,88,50,89,25,34,17,82,93,62,29,98,87,29,36,48,89,72,98,49,83,21,39,56,73,26,86,44,84,60,29,94,58,13,16,18,10,52,70,68,37,32,66,59,47,29,93,56,92,63,60,32,47,27,20,61,30,65,33,76,99,16,84,72,81,88,67,84,59,37,80,20,87,48,79,62,11,58,50,19,31,46,42,68,52,52,95,83,84,80,93,95,55,28,11,11,76,53,83,23,29,96,15,82,35,82,55,22,52,95,88,28,100,69,91,94,45,57,12,96,98,45,18,60,70,39,93,100,18,35,32,88,98,21,18,40,100,51,84,15,68,96,11,93,20,76,62,16,76,38,25,75,41,79,64,77,18,33,44,86,82,75,35,100,29,64,27,29,69,27,64,76,25,57,83,85,89,100,54,64,66,14,28,95,44,78,26,94,38,45,58,20,87,47,11,18,83,83,62,41,15,26,77,74,18,53,81,36,46,65,53,70,59,76,41,12,88,44,90,93,95,69,93,70,72,50,25,56,10,75,93,98,45,76,55,55,28,32,92,37,65,25,57,24,47,16,83,72,85,33,78,98,38,89,39,97,100,73,92,38,38,46,51,82
E388,50,62,67,74,28,84,56,33,31,36,37,67,72,20,94,15,65,33,94,81,68,86,51,53,99,12,58,73,34,30,12,69,70,79,78,35,86,64,70,66,51,89,73,77,44,32,55,17,11,82,44,46,14,96,44,82,18,92,84,17,43,87,23,62,74,68,75,13,54,80,41,42,58,85,32,85,84,100,16,49,39,62,100,12,44,51,52,25,14,47,57,87,88,86,85,78,72,28,76,10,26,54,23,32,88,63,16,25,40,31,48,64,70,60,80,17,61,91,82,30,49,71,83,86,76,56,76,49,10,60,42,16,30,21,35,67,46,39,89,53,52,16,13,97,72,23,53,71,84,91,62,69,25,28,76,18,61,23,17,42,63,16,96,21,100,87,67,77,24,96,41,47,82,22,51,20,96,96,61,58,49,49,61,31,92,31,68,25,93,63,80,82,26,33,83,34,10,63,77,93,26,26,12,25,47,80,48,94,90,94,26,49,23,37,83,57,22,73,95,57,23,99,47,70,99,65,16,72,70,23,80,25,41,87,10,60,67,31,78,80,94,30,58,71,12,43,15,68,72,99,60,58,77,70,31,32,81,90,92,96,86,41,53,32,30,50,85,95,24,10,15,61,69,82,47,75,86,38,49,12,97,38,33,60,65,76,29,12,45,13,53,33,92,85,76,32,65,23,64,68,56,88,10,41,29,98,80,76,96,58,74,36,41,35,92,48,71,61,16,85,63,50,61,37,95,31,36,58,66,93,71,82,80,24,66,10,22,100,85,20,96,60,42,45,16,83,40,75,39,15,72,58,46,11,42,34,65,89,58,82,86,54,33,19,100,39,96,42,71,85,77,77,60,73,53,84,62,74,13,47,35,79,17,42,23,21,45,67,87,49,51,86,84,44,56,16,66,63,70,98,49,49,75,55,25,47,12,43,50,15,22,100,38,38,78,86,68,89,17,46,94,80,44,51,66,82,25,59,65,70,12,54,11,40,51,93,98,40,37,54,99,42,38,14,74,98,76,37,63,46,24,93,96,49,88,29,80,37,52,50,79,32,65,36,61,12,72,24,41,68,36,30,64,11,92,36,95,22,88,73,18,69,99,29,19,33,75,41,25,84,11,64,39,70,87,85,64,60,19,69
E389,32,24,50,17,13,25,79,47,29,97,97,22,24,67,67,43,84,81,75,41,69,29,56,28,49,39,100,80,54,67,33,89,11,36,14,76,27,51,39,74,30,16,26,37,76,51,77,19,62,10,29,35,23,53,82,42,39,16,85,23,89,42,82,62,78,95,38,54,72,86,19,32,89,31,41,54,79,55,30,82,34,19,26,56,63,67,14,69,30,18,83,73,11,43,86,53,42,12,43,24,12,97,85,49,44,27,43,63,95,29,27,35,61,88,54,87,46,75,18,70,23,26,36,93,13,59,17,45,11,98,58,86,62,80,54,93,99,16,15,29,58,15,60,63,34,73,92,41,60,23,58,85,71,68,49,74,44,87,28,28,78,61,46,72,82,17,92,52,64,26,86,13,98,38,62,68,84,100,83,64,48,33,63,64,33,45,62,96,95,41,48,19,46,64,40,49,91,61,42,69,40,47,70,46,12,24,72,33,28,84,68,43,44,27,49,14,84,69,16,98,51,79,17,30,33,29,22,21,34,39,31,80,78,51,94,85,15,46,59,49,35,26,12,96,98,34,36,23,77,78,89,58,63,63,71,27,98,99,27,84,30,47,58,85,96,75,38,85,81,35,95,45,92,87,24,16,74,66,28,23,24,39,85,80,50,23,50,44,83,67,16,99,76,83,84,100,79,53,12,23,24,87,95,95,83,24,97,33,30,59,62,59,65,22,62,23,23,83,37,49,32,66,50,61,93,82,98,85,15,76,79,88,10,37,31,46,100,13,91,54,68,73,29,17,53,70,92,71,90,76,17,41,17,52,12,40,31,51,88,39,49,56,95,60,31,50,15,34,79,98,16,93,97,81,50,22,20,91,58,69,98,35,34,29,100,18,100,96,92,90,41,26,75,92,85,43,84,42,34,58,98,36,78,54,84,49,26,93,91,47,24,90,78,35,80,24,44,37,76,42,72,45,10,85,63,15,22,83,59,62,35,25,81,40,60,46,68,43,62,32,25,88,78,31,81,92,66,23,85,86,49,13,93,88,25,17,59,23,52,63,23,41,45,36,27,53,75,79,17,36,28,38,29,57,13,63,53,33,30,17,18,75,93,82,95,31,96,77,25,18,21,56,64,73,65,63,74,38,17,84
E390,89,27,51,73,87,87,66,29,70,26,61,33,39,96,27,23,85,90,51,39,74,15,81,87,31,10,43,39,37,74,96,27,49,73,58,85,78,86,68,48,25,35,85,61,49,39,86,68,70,22,70,13,14,37,19,20,84,48,11,44,18,57,91,17,40,99,78,25,33,94,50,25,21,60,49,16,49,74,85,64,25,76,95,84,36,45,91,83,80,20,80,46,56,39,57,27,41,58,99,15,55,72,41,59,23,18,74,92,21,82,98,25,12,48,67,59,90,41,95,56,77,74,47,31,94,63,20,74,68,94,70,93,57,27,44,58,72,45,98,62,72,97,44,90,14,80,49,89,60,50,91,75,97,58,44,70,52,76,13,15,93,30,58,94,51,86,99,65,99,78,47,85,16,20,14,16,93,57,56,76,26,92,40,91,77,56,23,65,37,79,51,27,61,21,83,36,71,97,15,91,53,64,97,60,19,82,54,13,14,77,20,23,54,47,27,74,51,35,86,100,10,91,61,51,91,59,51,88,17,51,58,73,21,91,98,60,81,50,11,92,49,20,45,82,32,77,68,61,21,10,44,60,46,23,58,40,89,92,54,26,87,46,14,50,53,44,44,96,69,33,16,89,76,20,90,13,91,30,40,84,70,92,50,32,58,93,56,30,39,11,60,52,44,36,44,18,19,18,22,83,61,81,34,79,70,65,98,97,25,36,47,36,68,36,87,58,95,61,58,34,57,89,14,62,65,68,85,98,86,81,39,19,70,23,41,52,49,44,14,77,19,100,88,88,61,53,53,57,37,47,58,47,48,69,36,32,39,75,31,67,29,31,38,84,57,80,86,50,29,25,75,33,58,40,96,72,70,54,66,34,89,83,23,19,38,35,88,47,79,32,28,48,46,78,43,37,17,23,29,51,63,13,15,96,91,16,25,69,32,17,18,60,79,59,69,83,71,29,32,72,63,50,79,51,33,19,80,15,76,38,30,45,92,80,85,78,65,81,27,60,34,47,83,47,83,61,71,62,19,74,88,82,92,34,11,25,62,39,60,69,80,100,59,57,30,71,98,47,44,98,31,73,81,14,63,34,55,75,76,87,77,40,65,25,33,57,90,59,89,68,45,65,91,92,59,29,74,30,93,98
E391,96,77,84,45,83,40,46,48,62,97,72,14,23,56,59,45,17,70,82,49,17,86,58,60,81,13,21,92,20,96,92,30,77,11,77,26,15,25,77,10,41,92,96,75,46,67,92,32,80,39,29,75,48,57,41,44,37,86,76,98,63,15,42,62,59,97,71,50,11,92,91,100,69,83,87,33,29,67,100,64,54,83,84,74,40,24,64,18,80,84,20,61,19,52,92,95,85,85,54,91,22,95,87,52,82,81,76,98,76,73,34,97,94,80,80,45,53,28,83,96,57,52,10,56,52,30,75,80,55,83,13,75,45,55,46,91,68,73,77,53,78,14,20,98,90,100,75,41,99,79,60,65,96,62,47,56,84,91,77,22,22,77,64,70,61,22,32,80,71,38,12,57,94,95,66,19,63,46,16,80,90,15,84,16,37,72,14,23,97,22,51,12,48,84,22,26,52,45,30,56,75,28,32,17,40,47,62,17,22,40,68,99,15,93,23,51,51,50,24,99,55,29,66,58,37,69,90,34,58,88,32,38,13,35,79,63,46,84,43,53,26,38,10,84,87,86,43,86,59,11,24,44,98,89,59,73,38,66,94,54,12,20,92,96,61,87,57,41,69,85,13,57,95,12,67,17,73,54,92,84,17,65,55,97,72,78,23,43,38,32,10,12,40,13,36,62,97,22,48,50,77,30,100,75,27,86,29,87,26,74,74,95,26,29,48,67,95,81,72,20,15,30,22,36,87,17,29,49,99,21,53,51,59,47,23,20,80,44,64,54,59,76,50,67,50,88,76,12,45,72,16,79,91,51,87,23,37,83,49,16,56,16,91,67,23,19,24,75,59,45,20,13,65,45,94,51,82,17,90,84,75,64,38,35,49,14,29,85,44,70,46,77,34,15,77,70,51,62,68,66,52,96,12,67,60,66,61,65,35,59,87,59,15,92,28,29,45,55,87,92,19,25,17,99,26,54,81,58,90,18,52,13,24,50,39,52,41,49,32,87,54,10,20,64,24,24,99,19,62,75,10,100,64,16,24,78,20,43,61,68,61,64,24,50,81,98,44,27,30,97,20,40,28,27,22,26,61,17,16,74,37,31,53,42,55,67,73,95,34,44,65,64,82,37,25,39,51,56,12,84
E392,73,84,72,23,20,38,42,11,98,23,64,96,27,75,77,46,86,52,99,72,72,88,11,64,66,75,22,85,38,30,69,12,40,75,62,92,87,29,29,31,20,78,34,11,73,24,59,76,53,66,22,17,16,83,17,31,52,80,28,91,11,21,91,42,75,35,22,68,19,72,63,17,26,45,79,66,61,35,98,28,52,90,47,24,57,72,29,13,39,31,32,60,27,50,100,48,28,82,73,10,78,68,43,68,26,41,80,98,10,55,21,17,75,61,44,37,92,67,85,49,48,68,52,36,36,84,78,24,70,25,41,96,23,15,20,84,73,53,55,76,68,35,59,15,55,44,56,74,33,78,48,43,26,96,77,74,63,62,41,49,36,70,88,23,63,77,19,45,27,96,38,51,90,24,91,62,18,84,36,51,46,27,76,98,83,36,16,10,73,90,32,25,71,83,81,93,59,37,73,64,71,33,10,99,92,76,98,39,91,17,27,47,43,41,57,19,61,76,95,97,70,54,84,58,98,80,23,67,38,92,55,79,13,56,56,90,56,41,53,42,45,44,23,33,33,92,92,90,87,98,12,62,10,42,93,36,52,28,15,96,80,79,22,83,33,49,64,34,13,65,75,100,87,92,89,59,24,72,95,15,64,96,92,24,97,42,62,49,30,77,43,75,49,22,98,39,71,62,72,64,87,77,100,48,83,68,86,15,45,49,47,72,64,15,22,60,100,60,65,55,85,76,45,18,88,79,21,20,46,78,99,39,78,67,46,13,65,100,78,52,45,100,77,77,73,78,97,19,93,96,59,12,97,10,97,71,79,20,66,37,90,14,23,86,26,41,94,75,39,93,85,71,39,14,60,76,14,82,46,75,94,12,35,15,98,91,41,67,100,20,72,49,50,53,24,30,96,48,87,60,38,50,50,73,20,37,87,57,82,28,25,97,90,21,34,30,53,17,98,94,77,83,62,80,14,95,99,16,96,23,83,84,53,95,76,55,31,58,26,78,46,39,68,22,35,27,55,44,47,40,18,24,32,94,23,40,31,29,40,70,45,18,89,42,96,33,67,76,40,21,97,81,60,82,80,100,46,21,50,79,76,39,86,76,11,34,61,60,26,45,65,28,70,39,85,44,11,12,34,56
E393,43,58,96,37,92,79,44,27,94,35,92,48,46,91,37,36,15,34,39,68,42,39,10,79,93,60,64,73,99,88,90,91,76,51,12,12,68,68,49,54,48,57,18,19,45,93,25,46,31,39,40,58,12,93,32,19,33,74,18,99,47,100,98,82,41,84,96,35,99,100,75,10,82,63,39,49,31,10,86,77,80,44,100,15,67,57,86,98,19,58,88,85,95,31,81,21,66,15,20,88,85,45,72,41,95,95,23,79,70,81,38,16,88,58,55,98,10,95,57,62,46,53,49,87,28,92,22,46,55,98,25,51,75,89,78,35,10,59,25,84,55,74,76,74,53,16,48,28,95,69,44,58,16,85,31,41,28,93,41,66,32,70,40,90,100,26,76,80,97,21,29,62,90,25,55,20,30,24,30,34,82,91,66,49,84,74,32,90,20,82,95,80,74,41,67,72,52,63,83,36,98,51,15,21,63,96,67,71,24,15,69,58,80,11,10,68,82,70,47,67,71,43,70,50,80,95,27,40,15,57,18,56,16,53,70,21,91,63,24,84,49,39,90,50,49,22,31,25,92,36,12,14,26,26,13,53,79,12,35,18,22,60,13,11,12,14,66,95,30,71,93,46,50,76,12,33,84,98,94,72,95,21,22,48,14,73,20,10,11,54,90,60,71,63,25,36,58,27,29,73,14,62,58,66,97,31,80,40,23,51,87,11,81,13,88,19,19,33,17,20,65,73,99,19,24,39,57,13,84,70,46,95,31,45,86,61,63,89,83,73,81,32,19,39,56,41,31,21,56,26,63,87,10,17,90,79,33,26,80,19,89,54,89,42,23,26,71,51,48,51,85,39,91,67,62,73,57,93,49,11,71,83,83,71,97,95,42,96,19,97,24,23,35,62,73,90,95,64,20,42,79,86,63,85,15,78,93,22,52,31,37,90,40,32,75,86,100,53,61,46,49,43,70,61,55,58,36,26,63,46,21,92,53,89,71,16,17,62,88,35,76,67,87,55,66,20,35,89,12,55,92,20,62,97,39,100,34,54,86,80,24,32,74,33,63,82,72,96,71,23,10,80,75,16,15,68,14,31,31,28,38,54,81,34,54,59,26,12,42,29,18,17,35,86,76,90,18,62,53,43
E394,86,92,85,78,14,71,72,75,59,53,98,39,87,40,52,43,91,27,37,46,24,34,72,71,36,76,73,84,55,30,57,92,64,54,61,10,85,24,89,53,78,37,68,36,19,46,72,98,100,24,82,25,18,33,79,23,68,64,27,60,65,85,70,29,92,40,35,37,97,99,65,38,89,32,10,36,79,93,45,70,72,37,85,66,11,58,96,92,27,51,43,26,80,24,54,15,83,72,42,99,23,70,73,16,17,40,83,55,38,31,55,28,70,46,10,79,45,99,26,65,20,78,94,97,61,39,40,34,62,58,95,62,76,56,100,92,54,59,22,91,25,94,57,66,73,79,60,33,51,55,40,97,96,98,41,63,72,11,87,31,100,81,91,23,33,86,91,64,76,52,72,51,92,85,79,75,62,91,68,55,57,71,13,22,69,17,35,60,99,67,34,19,16,76,13,84,89,49,99,73,78,72,97,98,35,30,27,39,55,42,64,25,37,49,90,28,22,32,94,74,19,10,44,10,48,31,94,94,61,77,36,99,98,71,73,31,54,64,96,66,31,42,99,88,28,87,27,75,95,57,92,54,96,21,95,94,100,57,16,73,56,59,20,98,26,11,46,69,59,79,58,59,49,82,50,75,84,14,99,24,36,73,69,61,84,59,42,14,47,85,84,36,30,81,89,32,64,30,47,65,11,18,93,90,27,37,49,17,13,86,87,20,51,17,33,80,27,61,63,31,25,74,20,45,96,45,39,96,48,96,75,29,56,58,42,82,83,73,24,12,35,90,44,40,13,61,10,97,79,51,31,84,98,28,36,86,84,81,56,26,86,22,18,58,60,72,85,27,69,25,83,54,99,85,22,46,24,33,89,60,79,10,90,76,35,43,28,45,49,19,13,19,90,23,52,42,48,81,40,40,32,12,30,96,10,48,71,72,15,70,21,10,61,73,98,89,17,40,89,81,53,41,67,66,83,93,74,92,41,28,18,34,68,12,64,10,40,65,32,94,20,80,76,49,71,89,96,77,12,51,33,88,26,29,89,54,46,83,56,72,37,91,91,35,99,52,63,31,92,36,89,36,96,31,44,51,35,98,58,58,36,78,70,32,33,25,25,73,45,17,85,74,36,15,96,72,53,78,41,39
E395,100,24,74,43,47,56,65,47,64,15,51,84,12,82,51,27,100,29,55,37,74,93,72,93,15,60,40,91,14,87,37,80,13,75,89,50,72,51,98,59,71,14,31,33,95,71,16,34,86,49,55,85,62,43,34,61,93,44,59,12,69,97,80,85,98,40,57,43,33,50,80,22,99,26,15,76,26,93,22,37,29,86,25,34,67,60,10,74,73,16,82,75,51,14,24,88,65,77,62,47,40,47,100,78,16,78,100,88,97,97,12,78,40,94,21,12,56,24,15,20,50,21,92,22,16,60,20,11,10,76,25,84,72,62,63,16,46,84,24,84,25,37,27,94,19,50,92,47,92,56,48,40,41,51,54,68,34,20,30,100,27,19,44,94,31,32,27,55,96,20,91,49,13,78,74,25,79,94,98,13,28,86,73,79,54,69,46,92,30,21,56,87,27,11,23,69,52,64,49,97,72,61,47,28,50,53,15,70,21,61,52,15,25,11,57,77,61,71,16,56,74,12,95,82,99,98,44,24,97,81,51,62,19,73,14,20,81,60,58,57,10,61,70,91,36,65,82,13,23,43,50,94,40,54,85,25,59,47,40,95,31,22,20,83,78,90,90,59,40,16,80,52,58,28,89,33,48,31,41,64,81,78,28,60,24,52,29,39,40,47,39,17,24,30,11,18,28,80,92,42,52,10,74,22,66,72,33,80,94,54,82,26,16,95,87,28,51,26,90,71,42,29,46,51,39,37,64,29,77,11,18,25,54,48,58,73,73,49,37,38,69,67,57,58,24,49,83,31,33,17,19,78,95,28,90,89,13,16,46,65,79,91,29,89,16,82,20,100,65,15,69,35,87,66,43,75,14,66,58,28,13,85,29,81,75,32,90,43,13,37,17,68,40,40,74,74,73,40,18,62,71,71,64,30,24,14,56,77,22,61,97,81,66,17,71,14,72,26,93,25,64,41,52,29,99,11,61,74,97,46,81,71,68,77,65,35,49,10,95,20,77,98,80,95,96,42,82,32,99,18,28,71,53,38,30,34,37,87,78,50,45,99,35,66,62,13,21,22,47,11,86,73,23,26,72,23,15,75,99,100,34,17,33,59,57,52,78,33,46,23,48,91,16,78,77,12,75,64,27,66
E396,73,15,83,43,90,82,35,100,100,38,10,65,22,50,37,19,19,33,46,68,49,49,38,42,40,10,90,100,32,58,24,94,45,31,25,77,51,98,90,25,49,44,43,21,82,21,43,73,81,68,36,56,37,12,43,32,33,95,79,28,93,42,42,76,73,33,51,11,27,94,87,42,65,28,43,63,60,23,13,76,10,67,62,21,52,61,14,38,100,76,37,42,20,45,53,16,48,41,65,13,36,17,38,13,73,42,50,86,67,98,77,17,13,38,66,96,71,65,49,39,21,67,23,56,17,54,26,83,28,74,57,14,50,46,66,30,58,91,15,88,67,22,90,10,78,71,81,46,18,47,73,66,17,65,100,31,63,19,52,76,25,95,24,29,37,32,27,39,65,44,42,53,44,89,90,67,67,77,33,36,11,23,29,40,52,37,86,55,31,45,86,26,21,42,85,52,18,42,76,91,98,91,27,93,71,54,93,13,62,45,19,14,77,79,60,44,34,10,45,82,65,69,28,95,85,74,87,45,31,27,10,17,26,27,56,56,86,22,87,49,63,28,67,90,83,43,48,48,46,58,74,56,20,92,70,52,43,83,55,85,60,62,62,70,49,39,39,44,39,40,77,88,66,61,13,86,74,19,29,89,69,72,52,93,29,20,68,56,26,65,64,93,63,80,55,78,55,83,28,65,55,80,66,97,30,95,21,77,21,97,68,28,21,64,13,29,68,61,60,48,21,14,12,56,79,56,27,62,77,34,79,89,50,15,98,69,23,23,10,89,86,77,39,73,89,55,37,37,68,76,73,53,61,31,48,71,85,42,98,52,92,78,77,36,16,77,49,29,47,18,68,43,94,24,82,92,16,85,84,35,93,59,36,73,64,20,36,35,41,78,25,88,91,75,10,11,95,68,70,77,54,23,50,64,16,10,78,66,69,71,14,86,97,94,27,16,45,82,59,12,86,28,47,45,97,10,24,19,26,74,100,93,26,80,32,74,57,90,42,30,51,37,91,28,74,40,52,62,94,69,52,58,86,45,55,29,23,12,100,74,15,55,94,44,26,99,73,69,12,42,56,88,65,71,56,25,100,59,14,16,42,95,53,84,51,32,69,25,15,54,10,93,16,28,65,96,52,83,44,84
E397,33,59,71,73,92,65,30,90,59,84,62,77,31,64,84,86,70,61,60,76,41,48,99,54,52,91,54,94,66,83,39,53,74,92,55,28,17,39,55,54,84,32,49,81,89,12,34,46,13,16,72,44,46,15,12,94,15,63,73,33,81,58,50,45,72,88,11,83,55,60,48,82,40,99,24,85,12,49,49,83,48,90,14,53,57,15,14,18,14,34,90,91,46,98,38,86,93,39,18,49,24,50,84,75,23,14,98,95,47,25,35,48,42,68,43,59,91,77,35,34,30,89,77,81,66,72,64,52,44,26,72,78,57,57,99,25,93,39,94,39,49,32,34,78,93,52,90,100,36,100,21,20,45,91,18,17,11,60,37,79,30,81,20,78,18,86,100,40,60,35,96,54,79,59,23,31,92,91,59,63,79,20,60,70,75,11,45,47,63,37,49,15,68,20,45,20,11,18,46,87,71,46,80,83,18,61,88,68,60,17,95,55,41,94,54,39,86,94,10,86,12,93,80,59,96,20,64,64,82,37,34,47,85,77,75,43,41,100,61,77,78,71,55,59,92,41,59,89,68,97,63,44,82,40,87,86,83,58,83,70,81,74,29,21,98,45,41,86,25,11,36,75,88,14,10,57,45,49,71,29,17,94,40,71,44,83,93,72,42,27,30,90,30,33,78,83,31,88,83,12,50,75,31,81,44,32,93,80,41,89,15,36,41,48,63,64,29,39,77,69,26,86,20,13,57,15,17,36,78,28,68,70,98,60,39,25,97,34,39,70,47,89,51,58,88,80,61,89,67,32,13,15,65,14,57,19,91,69,28,69,78,91,95,11,43,30,87,32,38,57,18,99,46,47,39,46,38,76,29,69,10,71,63,17,44,76,36,63,33,40,15,97,82,70,37,86,66,75,57,46,34,31,62,87,97,12,100,27,42,56,87,20,18,50,10,35,90,41,54,53,44,73,78,25,81,79,31,93,53,64,29,55,46,15,29,53,42,79,92,80,38,42,75,60,79,24,28,91,97,72,79,12,69,50,50,88,85,86,68,19,62,35,12,76,27,21,51,12,35,24,56,13,88,87,52,29,95,47,92,80,87,49,51,33,30,61,64,72,96,61,88,64,62,12,88,97,52,81,88,81
E398,57,54,13,29,91,64,77,96,96,68,15,71,58,29,11,25,29,55,83,56,74,20,92,12,68,25,26,77,33,60,20,20,39,96,63,96,47,26,20,28,18,85,73,63,15,89,22,52,85,56,36,21,30,67,70,56,72,73,87,42,57,36,21,79,10,34,98,24,88,83,32,96,22,32,10,26,83,57,100,90,35,83,56,33,78,13,63,48,34,100,77,81,54,59,43,53,84,45,59,68,36,15,21,17,55,63,22,22,99,69,74,56,28,88,58,64,42,36,91,62,83,23,22,75,77,76,64,36,65,10,33,90,91,86,93,81,14,60,32,89,59,70,31,22,19,82,28,74,86,93,50,32,70,67,42,73,43,74,92,47,89,59,43,40,23,95,25,39,51,13,22,23,94,69,96,43,68,39,38,73,40,84,100,18,26,69,46,69,79,89,52,61,85,34,23,39,27,16,40,61,26,51,26,35,71,76,81,94,29,20,17,28,36,85,73,31,85,87,84,20,94,80,98,80,15,62,88,53,81,85,25,36,23,67,66,55,16,38,74,37,33,61,47,63,71,97,91,14,47,94,25,78,98,41,90,46,86,15,10,58,64,95,60,87,58,96,61,90,31,65,72,30,13,60,42,26,63,13,26,28,35,87,44,18,91,44,72,85,20,25,37,28,61,71,34,17,11,80,69,74,26,91,69,43,43,68,37,76,38,23,41,85,11,90,24,63,16,22,92,13,50,81,21,96,75,69,39,12,64,92,27,91,70,30,90,23,41,11,44,55,29,31,18,44,54,20,98,13,41,10,92,92,19,26,70,88,82,86,60,53,25,53,38,30,53,47,73,14,16,18,54,74,83,91,76,18,59,32,89,68,19,42,63,69,85,79,27,92,27,18,84,45,43,83,72,90,93,64,39,33,31,93,79,13,19,17,29,18,51,91,93,88,28,50,97,39,59,17,69,26,15,60,73,36,70,20,70,72,81,40,57,25,98,10,81,74,88,54,81,40,70,23,22,30,81,48,63,69,51,25,80,57,31,52,62,67,21,26,86,58,96,55,30,49,54,17,57,85,10,70,70,85,95,56,72,54,41,53,23,22,30,59,57,52,63,90,11,36,15,39,57,92,66,61,88,28,100,46,88,52
E399,69,49,31,55,69,77,31,18,12,20,65,80,38,49,23,76,20,90,35,88,91,75,69,84,59,42,42,91,90,16,25,73,76,53,70,75,94,18,20,31,84,73,26,22,66,60,27,17,78,87,32,50,59,93,65,47,83,62,39,26,79,83,52,84,77,33,66,80,99,12,82,89,57,51,81,74,59,23,43,48,86,27,87,59,54,26,22,54,54,42,93,61,20,93,86,40,67,89,39,25,23,100,11,62,16,14,83,48,62,98,24,44,47,28,36,59,52,100,85,93,87,10,76,73,68,67,26,99,46,35,55,61,45,31,69,52,54,14,73,53,21,94,63,78,93,53,35,87,62,79,32,73,98,42,95,82,53,11,53,91,97,55,95,21,33,52,15,85,31,67,71,63,80,65,83,23,10,16,17,98,32,82,63,32,48,15,76,69,39,60,49,84,72,95,19,20,81,64,34,23,45,28,13,42,33,56,87,90,74,87,49,85,69,16,16,80,22,99,15,22,80,36,18,85,85,29,53,15,69,74,37,59,61,92,66,82,62,90,61,29,29,92,26,93,83,31,88,66,22,50,10,30,87,94,37,26,58,52,90,66,41,70,48,65,86,24,33,13,63,58,94,94,83,48,44,16,25,73,49,52,83,95,75,33,46,100,11,25,28,45,41,76,84,63,11,29,24,32,88,77,79,13,89,39,44,71,53,80,40,89,48,60,22,56,52,98,60,49,32,31,32,75,54,64,38,11,77,74,24,76,61,57,18,95,78,91,80,91,77,71,71,55,14,82,80,26,82,31,26,62,46,44,43,100,26,66,67,13,32,79,28,27,77,90,16,47,55,87,65,90,25,15,14,85,33,91,38,62,73,27,71,29,74,91,94,23,93,28,20,14,76,63,42,46,44,32,90,54,45,54,52,46,41,59,90,92,36,96,21,96,37,83,55,83,16,14,24,26,93,36,54,12,20,82,89,64,28,62,53,18,98,31,79,73,90,85,36,73,60,42,39,99,43,86,75,100,22,87,50,82,58,58,55,91,83,23,15,14,84,34,24,97,93,37,82,12,84,50,24,33,52,28,75,58,28,10,26,21,28,31,89,16,73,12,77,51,58,24,35,95,54,38,23,66,31,39,84,51,72,10
E400,20,65,47,44,16,66,32,52,28,76,92,74,26,79,94,100,64,11,27,51,34,53,71,72,77,18,42,60,11,34,12,80,36,86,45,70,75,84,32,69,37,72,73,44,21,16,70,65,97,39,23,17,12,79,54,98,43,24,67,63,78,62,83,25,86,95,80,49,96,56,86,42,53,100,84,72,52,32,86,73,70,18,51,17,24,72,33,71,21,67,41,10,14,63,39,77,87,38,85,56,25,46,83,39,83,98,88,78,98,67,52,40,69,27,41,24,62,35,63,73,10,49,58,11,99,14,91,43,56,47,30,66,71,90,73,20,84,15,76,19,17,94,66,29,29,85,49,49,44,93,38,81,72,73,35,15,53,51,78,31,98,12,60,92,60,82,43,52,100,63,73,41,88,90,70,22,21,59,22,31,17,34,58,46,79,72,59,92,27,48,66,71,63,31,71,15,42,100,51,79,92,24,60,92,95,37,48,31,100,79,12,53,35,45,53,44,99,49,33,62,17,32,25,16,72,22,100,31,32,14,19,45,51,96,48,12,98,58,71,49,53,99,28,66,16,59,82,21,57,66,97,18,31,93,67,49,45,21,69,24,60,63,48,78,98,35,60,85,100,52,56,51,17,88,51,33,51,23,32,22,37,10,19,80,84,66,92,45,39,46,25,92,19,41,33,91,52,12,10,88,58,88,35,23,53,85,71,31,14,68,88,45,90,34,21,38,90,31,90,72,29,77,75,13,71,62,49,31,95,53,92,31,33,10,86,46,82,66,55,40,36,95,35,67,50,16,55,64,94,48,72,50,68,71,40,67,17,60,78,19,23,50,72,38,35,29,24,23,62,85,57,75,36,21,26,78,60,77,67,47,23,43,66,88,56,67,28,56,56,71,22,56,86,28,11,85,41,35,40,32,48,21,61,32,23,41,73,63,35,76,80,21,10,25,25,41,55,74,29,67,20,36,58,75,84,22,55,72,18,97,88,83,59,30,18,97,94,36,72,69,17,74,53,29,65,61,99,48,84,57,78,95,36,85,81,65,95,40,68,19,25,14,90,49,12,55,25,42,77,41,64,72,75,61,69,12,13,23,72,62,64,98,25,86,19,39,98,32,44,18,57,91,15,42,84,16,62,22,36,87
E401,51,67,95,22,58,100,32,11,22,84,69,12,10,19,82,31,12,56,90,65,75,97,54,72,35,68,97,82,35,99,40,75,66,26,46,27,88,21,10,29,93,93,96,13,19,77,29,38,99,49,58,72,70,63,92,88,63,98,84,56,70,68,77,74,57,77,32,21,52,21,31,34,64,91,49,55,91,81,87,91,89,95,45,81,51,83,92,52,15,58,59,33,17,80,100,10,15,12,15,100,93,35,63,39,87,82,99,20,94,18,97,59,53,61,77,85,19,33,81,82,93,76,23,85,23,52,12,74,17,38,41,15,32,52,67,98,69,72,70,48,40,37,93,58,11,86,66,19,24,66,24,51,27,99,52,77,74,99,11,43,97,40,98,45,72,54,74,19,31,79,24,19,41,39,61,51,95,23,84,87,19,59,23,29,87,74,72,69,94,10,24,82,55,35,25,72,18,42,100,29,43,81,41,15,71,87,22,53,13,74,50,73,57,98,83,41,15,15,82,94,55,54,88,31,95,71,43,83,28,91,64,76,44,30,66,75,68,43,59,64,63,63,60,69,71,17,21,53,46,14,72,99,87,53,35,97,22,66,75,90,27,74,12,14,32,99,97,88,74,60,51,100,51,100,44,17,68,49,16,57,30,67,33,94,92,41,53,41,100,27,87,40,89,95,22,74,55,39,46,24,28,22,24,37,84,75,63,97,22,58,42,19,88,38,77,28,83,57,41,12,63,18,50,68,96,63,11,24,45,65,56,15,79,74,48,86,54,54,88,10,68,13,27,64,75,43,88,33,51,57,17,34,43,55,32,79,55,13,86,14,27,73,82,97,38,24,94,20,75,88,98,72,82,94,81,15,85,69,69,43,89,91,74,46,59,35,89,66,51,87,43,77,79,99,32,19,44,16,75,75,79,86,14,37,33,44,85,60,70,84,39,74,40,97,57,73,58,61,80,12,11,73,98,95,77,55,70,44,67,46,51,15,65,82,77,84,25,14,51,43,54,50,28,76,75,56,84,29,12,55,56,72,15,55,77,18,28,22,22,39,69,43,66,88,48,23,37,66,37,20,43,57,13,22,21,62,29,31,19,31,58,15,92,19,43,70,23,79,44,44,64,96,96,19,25,74,64,18,87,57
E402,56,91,82,46,10,87,87,54,84,77,66,58,16,96,96,72,37,79,33,99,63,37,42,10,18,63,89,77,43,61,52,73,77,40,62,61,78,77,93,29,19,64,98,37,15,94,83,85,28,48,31,18,55,57,56,45,81,74,61,68,89,80,89,18,22,58,56,96,30,99,70,55,49,38,29,71,41,68,41,80,99,32,81,68,23,10,29,87,73,33,31,85,22,37,23,54,36,10,85,82,46,40,86,64,88,33,23,95,28,40,86,40,17,93,38,56,25,74,42,37,83,25,61,36,79,12,80,32,34,18,97,95,22,30,39,29,39,17,13,87,95,79,21,49,21,62,82,75,68,77,94,23,77,48,54,52,58,67,28,79,99,82,62,73,94,34,10,79,70,65,82,33,32,68,84,98,75,93,14,58,70,60,27,81,62,95,96,98,21,23,28,32,87,26,23,82,32,63,83,94,45,56,54,20,54,65,76,80,94,17,13,22,70,53,66,97,65,78,15,87,65,97,96,31,67,50,69,53,31,67,97,88,14,39,26,96,86,99,24,92,83,86,21,65,86,75,16,69,13,18,34,94,77,50,65,15,24,50,79,64,86,68,62,46,30,86,16,83,56,82,12,30,35,10,51,72,39,90,21,63,52,73,93,56,46,34,34,56,44,69,13,53,40,45,68,57,10,76,78,39,77,64,28,48,89,90,62,44,90,33,22,41,15,68,83,56,30,78,18,80,51,24,41,68,85,55,77,61,97,76,71,71,10,50,64,50,85,82,40,80,17,88,52,46,67,16,42,36,83,62,84,28,28,86,85,52,27,59,88,40,26,28,97,79,11,35,10,54,18,34,36,91,83,18,57,41,18,66,56,49,43,19,60,56,45,73,18,25,50,48,17,29,98,36,23,56,61,54,44,42,71,68,28,73,23,81,13,51,52,30,29,86,16,62,15,36,71,43,84,28,79,26,82,62,89,35,10,34,68,59,39,59,98,10,47,79,34,60,74,100,33,23,42,17,16,100,34,65,46,14,90,25,62,15,14,70,49,31,25,86,35,26,31,32,24,25,42,20,66,54,48,61,30,40,46,23,79,72,66,94,55,20,65,26,69,65,67,94,97,34,51,48,56,48,48,15,88,71,29,75
E403,12,43,95,49,23,52,96,41,66,25,91,15,15,71,58,48,68,50,99,77,75,35,47,38,57,21,66,94,54,47,47,25,64,21,89,13,48,17,60,42,30,11,89,16,11,15,11,19,26,27,43,90,66,58,44,36,34,66,24,74,38,19,85,12,59,75,99,91,13,81,72,93,57,56,69,36,20,39,70,79,55,64,32,49,93,38,62,35,11,49,69,92,79,20,46,26,39,48,54,98,86,20,41,14,67,55,58,30,88,14,83,40,65,88,96,92,92,23,77,30,87,21,51,43,61,94,84,67,86,72,52,77,99,27,59,94,46,53,92,38,48,27,68,40,65,83,98,34,55,52,53,26,23,33,97,57,15,83,16,75,77,50,84,39,72,35,33,57,85,64,86,75,42,55,40,36,18,87,11,42,80,84,88,20,69,96,45,20,85,78,31,81,17,32,62,21,58,96,33,93,65,76,47,79,81,45,81,16,51,44,83,89,98,99,51,74,69,57,35,19,48,16,88,71,59,98,65,60,36,16,96,87,60,76,32,53,60,22,19,96,15,94,13,91,47,27,64,27,47,63,93,11,93,23,83,86,68,65,83,27,77,43,30,87,55,44,84,53,59,100,34,56,15,11,38,71,37,44,81,95,52,26,18,52,51,64,14,78,94,35,33,27,85,75,48,77,48,63,63,23,48,95,44,71,17,73,90,13,55,37,12,92,49,76,64,54,30,46,70,98,88,16,45,56,56,33,52,71,73,46,11,71,89,48,85,50,53,93,42,10,24,30,57,61,72,25,16,93,100,34,86,79,72,69,75,66,88,14,36,10,87,83,13,23,16,91,66,87,99,37,15,56,18,79,62,97,33,69,67,36,42,11,64,82,74,96,50,38,93,34,18,13,96,20,51,43,59,69,21,40,39,20,16,82,13,36,70,72,81,31,29,66,36,99,11,78,24,40,65,59,48,37,63,80,17,29,56,85,34,93,31,38,49,87,85,28,15,24,83,87,54,16,34,14,91,96,82,39,79,92,16,37,10,69,55,81,33,86,42,60,20,77,23,47,36,70,18,47,62,99,77,68,60,41,48,31,29,44,89,42,23,99,21,88,27,85,57,19,11,88,36,99,67,99,69,94,28,68,64,36
E404,33,46,75,53,67,80,47,43,39,33,40,69,87,84,88,49,46,17,26,98,19,80,19,46,97,44,86,98,22,69,74,81,20,31,18,24,35,87,29,21,18,17,23,76,44,69,95,84,62,18,61,91,85,37,55,23,43,85,20,89,34,89,54,100,54,34,92,19,78,83,64,24,18,29,13,49,97,81,84,13,70,82,86,97,90,15,71,15,82,70,10,64,38,27,34,29,62,62,66,48,86,11,17,73,39,76,95,45,26,66,15,36,39,34,88,21,66,82,99,78,60,56,34,33,93,87,56,81,64,44,43,29,31,86,56,23,77,72,68,93,13,75,22,55,94,38,69,60,14,48,80,26,87,65,54,33,74,44,68,21,36,41,35,95,93,24,93,58,36,97,27,57,17,46,14,87,87,99,97,37,11,99,61,70,37,90,80,12,86,72,47,57,35,28,38,20,49,54,58,95,40,84,94,97,90,69,93,13,77,77,24,79,95,34,28,20,99,92,61,86,85,40,68,99,27,85,75,23,86,47,45,24,16,99,100,54,84,82,54,12,47,38,100,57,34,31,13,80,70,62,33,12,62,40,18,90,66,83,26,26,59,20,97,26,46,69,13,94,70,68,99,30,38,57,68,13,57,50,45,73,25,99,46,36,40,54,85,93,70,74,16,95,42,40,30,45,43,68,76,73,15,90,73,89,42,74,92,87,97,94,59,13,51,61,72,46,61,30,83,84,12,80,37,34,94,93,41,48,43,81,15,64,94,90,91,47,42,58,78,74,36,79,61,59,31,89,18,59,42,89,79,71,66,31,33,28,74,40,59,42,90,52,33,10,36,31,35,24,80,91,41,28,99,31,58,57,49,18,96,47,55,91,100,59,82,21,91,66,49,29,31,11,53,54,63,19,19,41,70,91,89,92,25,39,66,96,87,86,41,18,68,30,62,28,39,76,29,27,84,23,98,44,72,95,95,56,58,77,65,35,49,27,24,92,69,99,29,38,40,73,97,35,46,66,50,43,51,55,96,37,78,69,98,16,98,72,76,21,53,68,54,35,39,100,96,97,15,24,23,57,100,52,82,61,72,47,44,28,79,35,31,10,93,30,45,71,46,32,20,21,55,36,75,55,35,21,16,68,45,11
E405,67,47,44,39,49,22,41,85,51,45,93,72,92,32,21,81,37,76,99,71,34,88,55,76,98,100,29,100,37,44,96,82,53,49,97,88,34,51,92,64,75,25,81,88,84,24,20,89,27,30,29,78,95,79,47,31,22,29,63,46,96,100,34,53,73,32,76,47,17,55,26,59,15,85,89,100,65,84,90,88,50,73,70,58,67,63,100,35,91,43,22,84,14,76,63,53,54,32,66,65,20,100,74,57,26,77,15,68,12,15,15,22,47,60,20,22,78,52,19,84,55,97,87,30,58,48,67,91,45,40,52,33,33,68,64,32,37,70,21,15,14,37,50,82,99,36,78,45,90,10,62,65,18,100,85,88,19,97,42,13,85,95,41,38,89,20,66,14,27,58,11,89,57,78,71,43,66,79,33,30,30,98,95,92,52,22,41,52,12,10,71,78,69,39,37,51,47,79,32,50,19,97,67,73,39,88,81,71,35,38,62,38,63,98,91,58,52,51,98,70,42,77,74,73,22,32,92,92,59,67,42,59,22,37,83,66,65,18,13,78,18,52,47,76,96,60,57,90,65,82,91,26,43,99,21,86,78,36,74,38,56,87,50,20,82,47,16,40,82,30,41,17,37,58,33,98,21,45,88,21,82,68,62,67,30,99,69,27,81,53,14,12,14,59,27,64,31,69,13,25,33,42,56,76,54,73,99,32,55,51,100,49,66,74,81,41,78,94,28,10,40,89,100,22,59,48,37,42,50,32,10,31,84,10,42,80,72,32,97,44,42,62,72,73,73,19,99,52,82,74,60,75,88,91,75,14,86,43,71,39,98,68,64,22,26,68,73,13,51,30,92,86,72,40,62,29,37,85,43,14,38,63,74,37,76,93,58,48,30,35,14,23,55,83,35,87,27,57,30,23,69,51,79,51,25,16,29,15,93,69,10,97,39,33,62,67,38,69,52,52,76,72,85,90,81,85,43,82,74,100,71,58,73,99,82,77,77,74,88,43,86,69,79,13,91,11,68,53,43,38,12,17,73,87,51,66,28,19,23,61,35,14,100,21,66,34,32,46,28,13,11,44,90,37,96,38,94,52,63,45,69,16,67,20,37,98,53,46,64,39,97,19,31,94,28,95,24,70,82,76
E406,79,35,65,28,70,30,47,40,21,54,40,74,20,91,53,16,91,47,54,56,45,81,43,44,72,58,35,52,15,83,57,33,69,54,54,23,14,35,76,77,17,41,43,68,42,58,56,89,41,96,20,68,28,75,28,78,78,69,52,88,56,79,85,56,96,44,18,31,40,78,88,47,40,62,78,29,65,11,48,77,40,93,60,31,46,73,14,67,31,77,60,63,64,12,49,18,46,33,69,52,32,33,73,68,25,24,99,34,89,31,74,99,48,82,73,82,71,75,73,48,46,62,19,27,60,81,88,21,50,54,81,91,76,38,39,16,55,16,82,14,41,63,82,91,97,30,14,55,81,88,88,94,20,95,35,93,60,93,15,39,74,79,22,58,25,70,64,66,83,49,26,31,17,100,12,47,56,73,45,14,46,49,31,17,27,47,64,10,100,72,91,47,60,23,37,13,41,71,50,26,55,92,33,87,23,43,16,48,98,46,37,67,71,43,83,19,65,86,46,71,41,42,80,84,37,12,99,78,77,15,88,45,43,10,78,97,37,42,19,14,44,87,28,87,64,32,95,65,80,89,24,91,100,19,20,82,97,19,79,51,60,73,69,51,96,20,100,49,94,13,60,27,38,33,56,64,68,89,81,86,58,23,78,44,92,20,89,57,31,55,76,75,19,99,24,26,70,100,26,55,68,64,66,80,50,87,85,69,65,33,75,89,45,46,25,31,40,52,83,16,90,59,67,96,78,90,71,53,64,41,74,75,27,38,85,97,32,23,43,63,45,59,81,100,44,96,93,31,83,70,60,13,16,62,51,14,55,68,92,77,92,29,89,22,39,24,84,38,15,10,84,20,38,32,86,98,70,25,73,38,60,36,22,64,52,48,12,88,76,69,32,41,22,81,33,39,55,72,20,53,23,11,64,88,66,48,32,36,42,83,88,79,83,31,39,50,26,64,61,65,65,29,54,59,13,54,39,58,73,97,76,63,84,72,39,58,25,42,50,81,68,53,18,78,90,48,39,66,99,46,85,19,94,87,21,55,98,94,70,100,83,17,41,97,92,89,21,56,76,74,30,91,69,20,18,46,37,20,55,23,37,25,11,22,45,15,52,67,44,66,59,26,86,27,48,10,82,52,92,51
E407,18,88,23,14,37,73,26,12,37,30,39,14,75,87,99,84,27,38,61,75,19,61,37,85,80,64,90,29,43,82,35,33,37,100,84,15,20,83,75,94,92,93,74,70,20,30,50,61,96,43,17,74,86,17,74,10,33,22,45,93,79,94,27,69,69,85,70,56,73,39,82,58,34,73,86,99,19,54,88,54,99,90,83,45,92,96,28,37,63,21,87,31,56,72,57,11,92,22,46,96,14,95,29,23,56,13,23,60,71,53,67,66,43,66,13,24,85,76,22,82,37,26,59,58,43,72,34,92,76,18,36,69,60,98,55,43,84,25,12,45,78,68,76,39,26,87,31,38,41,71,95,67,11,31,48,49,19,89,45,74,65,10,80,21,24,42,47,80,73,81,84,13,100,33,82,15,25,72,60,89,81,34,10,69,89,22,94,28,67,16,48,20,22,35,21,92,95,22,96,20,75,93,83,81,19,63,23,39,40,84,11,72,56,70,17,47,85,24,46,52,87,90,44,78,63,63,78,21,97,90,84,66,34,73,65,93,72,44,17,63,34,70,12,22,49,13,77,64,77,10,91,67,66,19,29,77,53,82,19,20,88,55,94,75,47,65,83,54,84,69,86,82,94,46,21,98,22,47,33,34,60,40,38,12,66,22,43,60,25,76,17,20,40,54,90,63,47,94,53,42,64,31,86,74,61,10,49,98,48,30,86,23,74,48,88,83,19,20,17,76,34,23,81,53,94,90,36,88,23,51,80,56,72,36,11,25,35,90,87,33,57,73,62,18,21,60,14,61,74,20,43,68,96,44,28,94,78,45,89,63,91,81,53,74,34,61,74,76,85,40,28,50,30,98,25,70,88,53,87,60,87,39,90,65,66,19,59,64,55,79,24,25,29,29,87,37,30,26,57,10,20,88,96,18,67,71,90,15,52,51,61,23,32,87,26,39,30,10,33,64,41,61,61,20,68,76,98,52,36,54,83,36,13,55,58,10,28,40,60,68,82,70,46,83,84,73,81,29,99,34,41,91,41,33,69,45,86,49,24,32,85,59,65,100,46,70,73,18,85,81,53,78,28,86,88,38,73,85,59,29,60,47,48,54,53,61,13,47,49,49,69,36,44,29,11,57,65,72,84,52
E408,94,53,92,32,99,79,20,10,18,20,45,42,35,27,31,74,33,15,42,39,66,30,46,60,43,88,79,73,48,68,31,19,39,72,27,46,70,63,29,64,81,90,13,60,73,85,99,85,48,49,27,38,20,19,39,27,47,11,86,46,32,25,50,15,53,18,74,10,66,46,61,37,23,82,25,59,58,59,24,32,74,67,69,64,79,89,28,22,20,89,97,14,10,64,63,66,15,54,75,76,54,58,44,92,87,37,92,14,86,90,48,27,76,78,90,87,36,35,12,53,77,70,57,64,34,75,78,59,61,19,99,63,24,92,75,58,44,90,43,13,79,33,89,89,80,16,51,71,26,56,33,30,18,53,83,70,99,92,97,83,61,54,38,46,59,44,54,79,19,57,70,16,57,78,13,27,61,29,60,50,75,96,49,85,97,42,75,70,59,82,37,20,68,17,84,75,80,46,48,93,51,35,28,34,42,75,69,38,39,51,12,49,59,59,45,98,17,48,80,82,79,58,89,84,16,40,77,55,33,64,67,10,94,71,14,91,83,20,94,96,79,52,91,90,68,69,23,49,18,98,20,14,27,50,45,20,79,95,36,72,68,48,40,81,61,87,72,53,24,79,34,78,13,89,75,39,94,55,17,97,72,72,49,44,96,51,81,23,75,40,55,94,86,77,53,29,55,17,11,51,55,94,71,41,49,58,11,77,40,25,71,99,73,55,90,17,57,44,60,81,60,75,11,100,93,11,41,12,37,35,66,63,99,41,34,11,40,53,60,64,34,84,70,47,24,12,32,41,92,54,16,48,38,48,38,30,94,20,58,94,54,90,93,53,31,87,68,37,54,48,36,35,93,26,95,40,46,71,66,92,61,50,52,40,50,31,69,48,65,15,54,38,14,46,47,36,38,73,58,19,84,73,52,50,48,17,74,26,60,68,78,56,66,36,56,16,33,95,89,83,11,49,55,53,76,92,67,29,59,21,79,58,26,12,47,13,70,65,84,43,68,26,95,40,29,97,23,95,11,28,55,27,83,15,94,72,17,62,91,97,94,31,60,99,54,64,92,74,28,72,46,24,62,21,25,18,68,51,40,18,34,41,100,13,32,15,69,12,61,11,22,66,30,45,53,54,59,29,96,71
E409,78,44,76,63,97,84,68,68,35,74,47,73,93,70,75,86,17,21,79,50,97,20,41,21,68,67,51,28,39,84,85,21,55,75,31,62,82,67,27,38,47,59,55,15,16,46,13,36,12,30,28,70,90,62,42,24,63,52,10,48,42,89,38,31,47,99,99,36,44,10,60,25,21,33,52,77,65,90,50,33,61,66,46,19,60,60,55,85,91,14,99,25,62,24,20,37,41,49,62,74,55,94,59,82,42,52,84,79,17,63,22,68,59,40,98,26,62,46,80,92,77,41,37,92,92,13,46,97,31,55,24,52,16,44,71,11,81,53,89,96,79,76,13,21,97,27,88,80,20,95,94,67,41,44,23,14,11,55,60,57,85,63,77,29,71,30,98,49,69,39,25,45,97,32,96,48,54,84,75,36,11,13,85,94,28,67,58,67,79,18,45,59,93,100,56,62,27,29,90,100,71,55,88,22,28,45,46,39,37,33,39,18,55,49,42,96,81,48,46,80,92,97,27,58,94,81,85,49,14,49,76,73,74,20,27,69,58,97,32,51,91,31,67,20,21,20,61,89,56,21,83,76,78,49,90,31,98,43,12,73,77,25,77,92,11,48,22,19,33,10,76,41,86,94,48,16,27,31,75,90,57,32,50,64,59,66,78,39,25,41,22,59,49,47,75,82,12,81,36,84,55,80,71,71,39,57,51,17,96,35,97,64,15,49,44,57,76,10,44,68,46,21,68,85,96,93,19,55,43,94,10,13,74,32,85,31,19,57,49,96,95,51,71,72,63,77,46,62,66,48,27,15,51,55,15,88,79,78,29,32,14,93,25,78,63,12,78,63,77,67,39,18,53,48,96,88,51,95,86,34,28,74,99,99,45,11,81,84,85,91,36,82,47,100,92,15,83,20,90,23,66,62,52,27,95,47,56,20,100,65,92,99,11,82,61,88,34,40,15,18,58,92,33,100,21,32,50,37,84,39,17,70,34,44,94,53,29,54,41,58,62,28,47,74,14,51,10,41,54,97,84,57,59,17,54,59,38,55,92,41,14,64,95,13,97,13,42,19,16,95,60,59,46,88,52,10,92,74,43,84,18,15,26,19,71,100,61,56,20,78,13,60,53,83,42,87,56,49,10,29
E410,90,83,24,50,67,52,38,43,68,96,11,30,90,10,51,44,84,68,99,47,86,51,47,73,96,58,66,58,51,77,13,56,35,82,75,24,75,52,55,68,47,36,75,79,28,94,68,95,91,41,48,43,30,46,35,19,38,88,80,68,19,87,81,75,61,84,82,80,13,71,48,19,58,68,55,32,29,58,61,27,58,70,55,82,58,46,34,48,83,87,40,41,57,48,11,96,31,14,75,55,45,95,65,47,63,71,95,99,55,20,38,76,55,39,93,48,37,87,65,16,45,82,15,11,73,82,22,73,63,66,40,95,49,34,52,29,86,10,84,80,20,48,55,77,13,71,100,79,61,89,16,24,100,62,41,57,78,37,51,49,83,40,70,42,53,82,64,67,60,71,49,32,92,57,52,48,82,18,60,23,54,56,81,53,76,32,66,29,20,75,23,95,17,100,21,73,50,60,92,14,86,87,27,57,30,96,51,10,19,94,14,86,11,50,18,100,50,14,72,27,99,69,31,13,16,71,93,44,57,13,99,97,60,43,52,47,28,54,85,49,65,56,49,96,84,76,95,95,63,58,35,75,48,48,60,86,18,48,95,17,99,24,32,72,10,96,30,99,32,76,27,61,66,60,27,61,12,12,27,29,90,85,98,93,12,46,16,32,27,33,49,23,85,95,53,79,98,64,63,45,38,27,60,53,44,37,81,74,58,16,38,30,87,53,17,73,75,95,38,61,77,62,66,41,17,67,29,56,77,96,67,59,94,97,36,92,16,87,69,49,29,72,34,57,95,13,10,38,49,27,56,15,87,82,22,77,69,69,55,18,33,28,16,10,14,39,35,87,28,44,13,25,68,77,46,56,39,78,54,38,52,39,83,30,100,61,84,29,78,52,30,10,61,56,94,22,29,18,92,45,14,13,16,84,99,70,35,10,63,55,93,19,15,28,39,96,73,60,20,85,10,92,79,84,20,100,73,67,55,75,64,81,94,65,84,35,33,36,97,80,20,26,29,25,16,24,80,74,57,48,28,70,69,93,87,65,89,73,20,62,100,42,30,23,100,83,19,59,87,76,36,28,42,12,14,32,60,75,25,13,62,40,97,98,46,49,92,21,16,19,27,18,25,33,53,69,79,70,78,73
E411,28,55,11,33,92,65,21,32,97,75,90,84,95,37,98,45,86,27,59,20,12,22,37,77,24,50,46,77,19,41,100,56,10,67,68,32,55,25,89,76,30,44,87,17,11,78,20,62,76,87,12,33,98,22,70,28,15,32,71,67,25,59,16,72,77,67,87,24,64,85,61,45,69,47,39,89,50,78,28,78,57,50,23,72,83,33,81,66,12,11,75,18,60,37,43,67,87,67,40,14,51,71,78,55,65,13,70,79,54,97,24,90,53,70,36,59,31,33,77,40,45,44,95,40,47,80,44,94,96,57,18,32,82,45,68,63,87,76,72,21,27,50,89,42,35,72,13,41,65,22,54,31,49,95,70,81,26,62,76,91,93,11,14,16,89,81,81,10,11,61,62,100,53,25,83,70,71,55,56,62,54,85,38,18,73,96,11,15,36,30,50,40,25,40,81,11,94,89,14,27,26,88,87,98,16,40,87,55,36,35,49,79,11,70,80,52,21,24,87,56,46,51,25,30,44,48,67,76,95,70,26,97,67,85,92,87,42,38,55,59,60,27,32,73,16,12,76,31,90,90,79,98,81,67,34,77,71,71,30,44,57,87,55,36,67,87,11,77,64,22,15,54,16,41,41,89,27,55,38,24,100,81,62,15,21,32,25,16,46,88,98,80,63,11,79,20,33,26,47,72,79,66,80,14,88,11,28,73,49,20,37,56,64,73,65,39,84,85,17,73,41,54,91,98,59,77,51,12,55,70,64,41,16,32,39,55,41,49,85,27,40,26,16,10,57,87,58,68,58,85,98,31,87,92,21,52,80,43,49,51,42,93,67,89,22,37,10,63,55,35,13,60,43,98,34,25,16,52,80,88,10,64,53,58,81,100,87,90,91,50,60,21,49,90,11,38,79,100,87,93,25,26,81,65,15,71,68,54,84,37,73,78,10,71,27,11,90,58,90,69,37,64,21,65,77,24,91,62,81,46,15,38,51,39,26,68,59,36,84,72,16,38,21,97,49,93,45,26,19,92,34,15,92,40,84,30,77,83,47,11,22,30,22,59,76,90,22,41,41,99,93,94,21,77,46,35,36,83,13,50,76,66,81,12,14,74,57,55,66,62,99,53,26,57,98,92,91,57,43,46
E412,65,33,97,59,95,39,45,26,95,26,43,15,40,72,85,28,93,70,52,95,93,39,43,28,47,56,22,36,88,38,28,76,16,81,61,71,29,60,55,28,54,99,41,30,96,40,81,57,75,74,31,17,11,61,13,68,72,29,28,38,36,14,85,72,77,75,62,33,66,78,91,19,81,42,39,39,21,60,89,19,23,41,76,40,19,16,69,99,54,95,55,48,27,82,50,56,57,69,90,32,95,36,89,99,87,29,24,42,49,13,26,16,11,70,86,50,30,79,74,62,18,46,23,50,28,63,94,95,97,44,99,49,38,58,15,50,18,24,42,48,54,99,13,85,45,28,72,47,80,17,85,49,97,49,15,33,56,88,36,49,65,17,66,19,44,64,61,71,15,31,24,72,49,26,52,13,49,79,21,36,34,87,43,60,36,56,37,90,94,10,56,14,100,55,64,82,62,44,28,53,22,44,90,22,22,72,56,20,34,30,100,55,54,50,22,79,14,66,41,20,73,18,52,49,90,41,17,90,85,16,49,58,24,22,74,54,54,91,75,67,29,79,76,10,68,66,53,43,21,77,70,11,14,18,78,16,60,57,29,61,61,18,75,83,13,25,64,63,73,94,20,54,53,60,20,44,19,58,43,53,73,42,30,51,70,21,72,30,95,58,21,36,44,74,89,63,44,42,64,19,39,98,82,12,73,62,98,46,41,34,10,70,25,35,76,21,54,59,69,32,36,53,93,58,22,85,33,53,91,25,27,88,99,96,68,15,96,62,73,28,99,25,69,15,69,59,96,39,72,40,19,69,60,61,95,64,53,57,32,16,74,79,36,33,34,39,58,23,64,93,45,50,80,13,54,84,87,31,62,50,34,13,95,56,38,60,26,36,29,20,84,83,17,41,46,13,45,45,95,90,85,25,47,70,51,45,20,42,11,65,44,15,30,60,33,65,52,59,60,10,41,11,67,57,13,48,80,76,11,15,47,36,18,16,57,26,61,81,95,68,98,13,64,87,18,90,99,46,23,80,22,18,33,21,88,96,10,80,18,26,52,35,47,63,88,47,81,53,78,11,69,98,18,35,58,86,24,57,41,78,64,76,69,28,74,68,31,19,22,57,65,72,35,83,50,67,70,75,24,31
E413,29,41,22,26,55,77,97,29,52,51,58,74,82,55,40,48,78,25,91,42,20,66,27,30,14,41,57,90,65,45,45,31,44,95,84,73,37,74,59,97,40,23,56,23,100,11,19,43,91,85,40,53,16,12,80,79,88,31,54,72,81,52,17,60,35,24,53,40,90,63,14,41,15,74,68,39,34,64,39,41,52,11,78,25,46,64,88,60,54,51,43,12,74,24,45,58,65,95,36,40,26,23,70,14,22,37,20,85,97,26,66,79,14,96,57,16,79,80,51,78,87,41,73,64,54,59,73,25,94,16,71,20,23,40,89,93,38,48,55,24,93,91,73,48,66,86,39,93,86,81,82,24,77,68,58,72,13,18,14,62,32,66,28,70,98,63,49,41,44,74,96,82,35,65,40,29,37,99,19,45,57,55,33,31,78,63,12,38,79,54,86,67,43,89,64,94,33,42,94,32,78,55,46,13,13,60,74,61,58,20,77,46,74,99,59,39,94,43,84,36,80,82,53,76,98,96,50,30,44,73,77,39,88,21,98,100,75,75,20,35,88,30,70,87,24,88,100,70,14,72,45,58,36,28,42,65,79,71,92,100,84,68,92,41,18,74,68,64,81,97,97,31,55,20,18,96,89,75,90,22,67,59,41,16,46,77,45,49,43,13,64,74,44,50,64,54,67,93,37,13,53,97,73,80,57,69,49,28,71,56,54,17,72,29,70,29,61,43,54,49,76,44,36,67,62,80,83,99,16,34,66,27,48,29,46,73,89,67,24,51,52,85,99,40,64,45,16,63,71,47,47,20,78,72,95,62,70,47,10,70,68,10,27,78,29,84,64,77,84,81,77,57,28,82,96,19,10,42,73,53,65,83,56,94,89,68,81,98,32,97,88,35,76,96,19,87,96,88,32,44,33,80,14,12,35,100,34,52,56,99,60,37,30,97,31,42,94,11,36,57,99,20,59,100,37,31,47,64,35,10,44,78,85,23,41,44,17,73,27,45,43,28,78,81,87,44,61,71,90,70,54,13,49,15,85,86,27,71,93,83,43,50,41,21,75,69,39,26,100,65,27,51,39,84,26,95,23,35,43,33,86,76,76,14,39,80,72,45,13,77,60,22,79,32,55,89,43,95,89,44
E414,87,41,86,96,15,15,96,56,31,60,60,83,14,37,12,83,50,99,14,20,81,68,45,43,64,15,68,62,78,75,87,86,86,18,62,18,75,95,100,44,65,82,61,90,48,90,57,85,31,84,24,62,97,31,76,21,95,92,20,19,64,76,36,46,45,67,49,62,35,98,95,16,23,41,18,100,50,78,51,55,63,92,53,37,22,20,24,49,44,81,36,36,56,15,46,45,94,37,77,97,63,97,38,91,78,47,70,63,45,89,28,29,85,95,47,58,89,82,33,53,21,10,79,56,26,12,11,86,86,34,30,82,53,38,92,89,63,98,74,31,88,19,92,39,61,77,97,14,84,77,91,69,87,46,99,83,96,26,58,95,76,90,91,63,71,45,36,55,73,59,18,67,50,52,10,48,54,24,85,81,54,19,35,76,33,72,73,54,91,46,29,53,29,79,10,34,81,19,80,87,81,94,97,54,85,33,80,71,69,18,18,17,86,53,55,18,94,12,25,42,51,38,39,50,77,75,10,88,88,44,28,99,59,18,15,57,33,43,34,99,43,27,54,90,33,25,38,77,25,26,57,75,24,80,46,13,21,29,79,11,77,67,61,19,25,62,71,62,65,64,46,99,77,94,91,96,97,88,20,29,59,61,32,92,18,49,51,99,75,23,42,89,52,35,33,51,81,52,38,40,38,81,87,28,22,77,25,65,57,49,93,64,16,27,85,41,24,47,48,96,31,43,86,98,53,67,66,42,17,51,89,55,26,10,36,56,24,27,48,67,30,95,12,87,92,41,75,40,22,69,15,34,58,17,12,90,93,26,35,37,30,38,87,96,15,26,60,30,89,76,22,34,97,14,70,40,26,18,94,46,45,93,62,72,17,45,72,59,99,53,26,37,53,89,32,41,83,100,42,77,89,27,17,35,15,100,91,59,58,70,44,85,58,78,42,56,97,33,100,78,56,88,61,60,33,100,85,65,17,11,21,37,66,52,47,76,37,10,24,61,34,100,90,96,77,39,80,63,33,20,84,26,27,52,50,63,70,51,28,32,48,64,68,57,86,41,88,88,99,59,55,55,86,81,20,55,36,37,20,79,10,96,76,94,100,95,83,16,65,39,96,13,73,47,82,38,49,16,78,21
E415,22,90,47,97,17,69,50,60,35,94,83,46,67,52,60,75,37,80,88,44,55,86,69,37,79,47,18,42,89,10,11,52,59,39,56,65,21,82,63,93,55,26,58,41,37,16,88,94,100,23,24,13,27,73,76,65,91,55,70,87,77,73,39,43,12,83,99,64,13,92,80,15,92,74,51,62,12,35,44,37,66,58,72,40,61,79,18,61,67,21,68,82,46,36,100,25,68,24,53,21,42,13,48,40,11,37,79,87,66,65,43,38,81,56,89,97,38,66,35,62,71,61,27,16,76,73,32,60,75,47,42,10,25,32,45,99,42,74,33,43,81,100,86,99,59,21,72,16,35,55,66,61,93,52,66,10,28,16,99,68,78,62,50,52,52,15,19,37,89,62,59,51,19,92,11,10,74,53,62,83,64,14,76,16,62,63,25,34,77,70,66,56,54,17,42,60,78,74,89,60,94,76,71,65,71,100,37,59,57,79,34,54,79,68,61,82,49,74,91,25,12,13,99,75,18,12,39,55,59,89,24,73,68,36,35,89,27,37,19,68,28,16,49,44,11,39,40,89,36,73,48,58,78,29,37,93,75,41,22,85,79,41,43,12,94,44,73,36,84,33,63,77,70,51,47,95,13,82,50,81,91,86,59,65,24,96,66,85,27,38,35,56,40,70,58,17,82,10,63,26,67,50,35,10,33,92,80,79,34,53,16,48,37,35,26,27,60,15,10,91,100,67,71,83,60,63,59,65,100,67,89,52,87,70,51,91,11,32,53,42,89,23,56,67,71,30,37,59,10,87,87,53,11,64,33,97,93,52,16,25,30,89,37,47,21,97,64,13,44,31,61,39,47,34,15,71,30,92,34,68,44,27,68,49,29,46,73,94,92,43,73,62,64,77,39,51,67,20,83,54,37,25,48,32,48,51,97,51,20,88,100,80,35,93,19,26,67,56,20,89,40,76,45,52,76,93,44,34,56,35,80,22,91,80,55,43,45,79,69,23,40,43,14,48,58,96,81,41,34,97,23,96,77,66,60,39,53,55,20,43,90,28,81,45,25,51,69,68,57,73,91,28,39,28,97,39,73,76,15,99,17,64,96,48,42,15,15,74,70,33,95,78,33,66,29,70,93,96,93,16
E416,99,30,89,43,39,83,76,11,89,22,99,88,35,91,84,48,49,25,22,89,15,47,27,51,61,12,26,49,24,74,28,73,100,18,50,54,62,94,98,47,82,27,86,41,80,16,95,57,35,48,42,34,54,30,72,23,27,15,100,91,25,29,57,78,98,76,24,40,78,38,16,73,77,57,27,89,99,92,14,56,64,55,51,95,17,45,15,58,52,55,22,75,16,98,35,39,60,39,24,40,23,61,53,98,18,89,47,85,36,41,65,50,84,94,100,33,16,36,61,19,81,57,49,83,69,77,64,47,96,53,55,16,57,60,73,80,42,42,82,24,40,60,28,53,70,66,39,36,72,50,31,99,24,74,35,25,87,100,28,65,33,74,25,74,40,41,96,51,63,66,49,20,66,10,31,87,11,22,66,50,36,11,80,36,85,55,19,35,90,17,56,27,66,13,76,14,14,67,92,16,23,65,34,44,67,28,100,94,84,17,57,36,21,55,52,24,76,29,31,51,31,84,63,49,34,53,42,28,71,34,50,53,60,69,62,54,72,38,23,83,28,58,29,13,61,67,94,31,53,23,70,31,62,44,20,78,79,51,96,60,33,50,99,95,91,69,66,23,27,50,98,16,54,85,51,97,15,87,58,66,70,20,94,96,93,34,41,36,53,51,34,54,47,36,24,70,96,25,83,50,38,44,71,32,47,64,97,36,19,81,46,21,77,10,52,48,77,72,23,37,36,51,12,70,57,67,34,96,19,36,14,15,55,24,98,11,34,86,73,39,43,10,87,10,31,49,52,87,41,70,44,89,99,17,38,91,71,16,68,75,54,31,28,24,16,32,38,99,42,31,80,56,57,22,86,12,56,37,95,11,75,60,81,58,98,60,17,49,93,66,62,80,83,40,61,64,28,84,67,43,77,77,26,25,65,87,100,49,59,10,94,79,81,15,88,91,81,16,42,65,35,71,83,90,83,86,94,50,100,39,100,90,83,39,100,95,36,85,90,45,65,57,74,54,99,14,46,26,11,93,45,15,62,95,38,59,65,15,72,25,90,30,95,66,96,80,96,96,24,37,73,93,13,39,64,15,56,42,45,63,36,52,59,63,39,41,95,79,53,62,17,62,92,56,34,62,83,31,34,23
E417,83,18,39,21,12,96,79,13,29,15,57,77,24,96,92,90,46,55,97,64,47,54,59,100,21,57,59,72,14,100,66,97,48,93,55,97,10,67,75,62,27,29,81,69,10,21,23,52,54,50,94,31,98,67,12,86,40,66,70,79,94,93,88,90,83,29,100,60,33,97,34,36,56,91,49,87,73,16,63,13,13,31,16,44,51,30,60,67,74,21,77,34,45,36,60,86,85,71,81,17,25,14,81,39,43,42,69,31,65,71,62,50,41,65,85,88,53,47,68,71,94,85,84,46,84,14,64,19,60,92,51,35,44,64,27,91,47,83,72,20,13,58,80,76,59,100,54,89,69,82,47,30,32,72,12,92,22,54,71,58,64,97,53,61,62,22,12,94,83,39,30,53,96,36,54,45,73,40,10,47,79,16,37,25,60,94,66,41,77,50,71,23,20,13,44,49,38,25,18,20,27,42,78,15,50,66,22,19,76,53,43,38,63,62,77,58,48,64,45,40,78,87,78,19,28,35,77,33,96,14,26,59,49,45,35,12,79,15,47,67,71,37,91,27,86,16,51,96,59,21,46,43,67,57,46,17,77,78,82,66,32,24,46,71,47,71,93,63,98,29,87,96,19,32,96,30,93,69,78,25,76,41,13,25,25,63,89,15,19,64,17,90,51,57,47,57,68,51,69,18,15,14,39,76,17,40,63,96,47,62,71,10,79,60,45,21,32,34,19,77,64,53,28,44,39,93,68,97,49,96,64,18,13,10,97,88,43,43,15,87,10,93,48,43,24,12,23,64,76,79,38,17,57,75,53,78,51,74,83,89,47,24,48,21,95,56,84,45,63,26,79,41,85,88,14,42,35,67,33,64,38,12,54,22,52,92,30,47,42,26,65,44,37,88,94,84,51,26,74,25,24,45,57,48,37,12,95,81,11,60,19,27,89,84,79,81,53,65,54,82,58,53,77,25,64,55,10,93,24,48,52,10,24,98,82,64,27,36,97,26,23,64,88,68,84,46,82,40,93,64,100,67,100,62,81,64,22,35,95,18,28,57,12,75,62,47,39,78,33,11,81,57,26,94,60,44,92,41,56,64,29,13,23,69,87,64,30,48,42,21,47,73,64,68,51,47,51,94,35,21
E418,82,62,78,73,27,74,85,74,19,75,31,77,100,65,47,39,11,17,63,37,27,87,96,97,39,44,28,54,81,20,35,62,71,57,32,21,33,96,46,21,11,18,12,11,33,12,26,60,55,40,98,90,16,72,81,74,13,70,37,23,63,23,17,26,70,11,35,100,68,82,41,100,52,35,68,92,19,26,76,11,13,85,28,10,66,71,84,28,52,38,56,64,53,13,82,25,13,35,61,79,78,10,81,74,33,50,88,54,22,58,24,74,37,32,36,15,17,43,15,12,94,34,26,32,10,63,26,34,72,26,45,12,74,61,81,99,82,90,94,14,72,58,60,47,66,53,93,47,29,74,41,98,84,95,80,28,34,20,10,27,28,44,92,31,53,79,95,90,38,88,97,30,69,98,74,99,50,68,46,83,84,22,11,86,67,22,81,90,44,59,96,24,17,86,86,46,18,28,39,46,29,90,26,56,52,45,77,37,26,53,25,47,31,28,83,67,45,69,44,57,26,64,23,45,67,56,65,77,32,26,38,89,62,75,13,51,20,64,98,19,78,44,75,41,76,60,55,14,82,89,95,78,24,63,95,37,19,100,75,95,14,55,82,55,60,44,69,25,75,53,66,36,49,48,91,15,49,12,19,95,15,82,68,18,79,11,12,33,52,76,11,87,60,65,81,43,46,91,83,68,77,97,96,77,91,67,85,84,52,76,18,45,11,46,94,51,78,82,35,18,68,94,32,63,83,39,54,31,15,24,18,86,54,54,41,10,97,50,62,18,73,100,49,57,86,91,82,48,34,44,31,92,69,60,83,43,76,19,58,17,89,92,54,87,16,76,99,40,87,37,28,67,75,85,23,18,25,90,91,83,61,83,71,55,39,17,47,39,11,34,82,30,77,92,99,55,71,32,21,50,66,63,83,39,94,76,53,90,40,21,26,24,71,10,35,55,52,95,69,76,28,17,21,72,48,16,55,99,52,82,47,38,11,63,49,46,82,99,53,56,11,71,83,97,71,39,23,85,36,36,60,52,44,20,93,79,27,79,79,96,57,77,13,68,17,80,28,58,72,14,73,12,64,22,94,85,77,94,72,33,43,30,62,19,64,23,54,51,73,26,79,94,25,23,66,89,31,47,75,14
E419,69,76,76,68,83,34,79,15,93,74,31,45,60,47,20,34,99,23,77,51,24,36,30,23,69,62,67,35,47,26,13,66,77,50,45,75,24,26,30,68,34,99,78,87,45,16,80,17,95,65,31,88,82,59,98,89,50,40,77,30,10,71,92,95,75,16,53,77,27,74,98,74,99,77,97,96,85,15,47,25,21,37,41,61,31,51,38,93,55,15,19,14,70,42,75,76,15,37,49,89,12,35,35,92,19,70,67,12,54,27,12,31,75,65,81,67,31,57,76,51,43,44,28,80,56,32,54,17,31,38,67,62,45,33,44,84,98,76,55,34,48,23,34,43,93,19,81,81,16,83,21,66,25,79,88,45,94,28,97,77,40,39,70,93,55,30,65,44,70,10,87,24,68,73,73,87,14,63,70,89,66,57,38,21,19,12,23,41,61,24,40,27,41,19,13,80,31,47,14,29,89,10,73,95,40,75,15,59,63,17,21,13,34,26,16,19,69,36,46,58,84,14,44,42,51,14,79,53,92,90,33,72,34,23,97,67,56,21,64,12,72,98,60,63,91,88,42,84,97,92,62,83,59,19,43,40,88,32,29,95,27,34,91,67,40,19,69,95,99,89,68,100,100,61,47,98,36,70,65,59,24,15,40,47,60,93,41,45,62,64,21,39,54,79,11,35,96,73,89,73,51,38,40,87,20,69,90,12,37,81,63,19,59,72,77,20,66,62,100,62,42,69,23,50,70,18,43,86,86,38,24,33,98,86,51,76,25,31,89,93,27,100,86,30,97,39,19,19,15,84,28,64,56,45,70,87,15,28,98,73,98,63,90,69,75,28,38,47,69,63,39,11,42,20,26,37,39,98,53,68,10,81,94,33,37,32,27,60,40,53,69,47,81,89,66,62,56,81,32,75,75,56,87,64,34,16,47,58,32,31,70,69,65,78,46,21,39,29,61,13,29,55,56,29,63,95,62,19,25,100,16,98,77,54,51,41,13,64,38,67,14,38,31,56,78,63,94,64,59,91,14,65,48,58,41,13,40,57,51,19,12,35,96,58,77,84,82,25,65,31,17,25,33,84,31,100,51,36,14,57,70,35,62,21,16,87,10,19,87,12,11,34,18,92,75,59,88,54,47,82
E420,52,98,98,98,60,18,47,15,36,77,83,57,96,25,97,56,24,13,48,82,14,40,97,48,59,38,74,57,35,42,94,86,71,47,97,75,96,47,83,32,44,41,64,45,40,10,10,81,28,35,66,19,60,64,50,51,28,70,95,47,23,40,91,63,54,12,37,69,25,83,56,31,91,100,78,86,48,28,30,17,44,80,12,47,66,16,65,11,56,75,71,41,42,78,72,55,46,18,38,98,34,13,80,57,12,68,17,83,69,82,27,79,99,16,87,96,16,69,78,74,83,84,88,16,45,30,90,27,71,91,97,18,63,47,11,73,56,20,62,11,11,50,24,69,98,85,30,95,87,64,63,60,78,65,29,32,22,79,74,45,65,50,40,92,17,92,50,71,80,65,43,23,82,72,15,18,100,20,92,79,91,90,40,45,92,19,81,31,72,59,31,23,59,66,65,45,51,84,25,20,12,86,67,24,36,37,34,98,22,92,47,97,38,91,16,66,87,60,68,87,52,43,80,18,10,26,44,35,84,20,31,24,63,95,55,61,30,85,67,87,87,46,33,55,59,56,93,32,92,93,84,81,62,14,11,53,42,23,72,66,81,10,46,36,10,35,29,50,98,27,39,96,97,55,81,36,93,88,10,27,42,12,78,77,81,23,96,53,27,40,86,38,94,85,16,89,14,26,37,94,41,77,12,72,53,50,58,39,57,14,84,87,30,54,34,83,37,36,54,26,23,18,25,18,73,23,57,59,33,59,41,33,30,97,33,88,97,80,36,91,37,83,65,96,76,39,19,83,20,57,85,75,72,31,46,60,32,48,28,45,11,60,72,78,35,54,77,42,70,21,77,30,29,100,72,33,58,38,18,43,19,100,42,49,85,41,78,85,70,51,88,67,42,47,65,79,28,70,33,11,23,28,56,48,26,22,65,86,94,29,46,45,77,93,78,25,86,33,88,21,69,66,56,44,48,56,70,82,45,48,86,46,11,23,61,69,33,27,39,83,32,41,74,12,21,62,26,73,87,50,87,29,43,17,76,82,66,54,67,41,80,78,53,19,41,22,22,42,60,63,35,45,43,57,55,12,75,54,89,49,56,29,30,79,80,80,55,17,67,53,95,40,25,33,35,94,48,26,79,29
E421,59,14,49,50,12,13,69,20,78,51,89,30,18,87,13,61,27,21,21,59,96,89,70,44,40,18,96,90,93,84,30,14,51,21,51,98,75,35,22,81,80,92,59,22,98,51,46,32,10,59,11,63,65,93,72,77,79,15,72,31,85,30,41,30,35,68,82,83,46,75,12,23,23,33,45,74,67,19,56,52,58,41,76,94,97,99,95,13,20,50,18,63,61,72,38,95,24,63,77,30,25,22,89,48,93,20,87,31,75,21,97,98,93,76,35,86,87,90,59,10,12,47,48,89,100,69,100,26,22,23,11,72,33,55,69,11,64,33,23,16,46,51,36,61,36,87,92,50,94,29,47,64,78,71,60,52,45,54,40,12,73,13,67,42,49,87,83,34,28,52,25,65,23,64,43,27,63,58,10,34,15,47,18,93,43,88,96,52,10,98,17,89,39,21,73,61,75,45,60,68,87,67,26,69,46,91,43,14,90,34,89,30,56,38,91,39,64,80,95,80,72,52,75,14,54,42,53,80,92,14,31,65,48,94,91,34,93,47,81,30,55,38,24,16,95,49,20,84,15,60,94,83,31,59,92,54,44,89,71,79,72,83,91,22,31,30,75,84,34,20,81,46,55,84,36,23,85,46,58,37,36,11,98,16,61,55,24,47,49,77,67,21,81,73,86,90,45,24,14,99,100,63,67,44,63,32,24,13,80,14,41,64,69,91,42,53,75,72,77,18,55,57,72,88,53,70,68,80,34,20,99,18,58,11,47,18,74,67,57,50,32,69,87,27,53,82,98,14,74,86,58,71,87,14,16,49,66,77,78,33,15,22,47,42,38,49,67,86,49,58,39,23,88,10,96,81,35,90,51,22,68,43,74,58,46,60,30,64,67,37,37,47,91,77,53,39,56,38,36,27,62,21,61,70,11,33,25,93,22,40,16,25,16,56,18,35,10,29,21,66,36,33,55,53,22,49,84,26,40,90,83,40,65,69,91,48,100,87,64,81,21,13,91,25,14,65,83,65,15,52,14,64,25,97,26,31,57,50,99,80,42,45,56,25,85,71,32,49,85,57,87,16,41,74,49,40,95,52,39,70,74,99,91,98,54,53,85,23,73,30,89,72,46,15,99,70,16,63,79,64
E422,57,15,98,12,16,22,71,25,71,50,47,85,88,72,82,35,82,97,13,60,54,95,49,90,55,31,63,17,70,81,33,46,15,23,22,89,99,78,100,79,77,76,46,32,82,97,52,62,16,18,72,34,20,82,94,30,81,34,44,11,64,28,25,41,27,23,14,49,31,20,58,41,44,12,46,86,28,62,37,12,91,68,45,66,67,92,48,59,49,11,61,90,61,33,34,76,82,81,46,36,58,92,37,84,65,33,57,99,98,52,85,38,81,51,73,60,77,43,61,36,54,44,57,27,41,74,55,70,85,92,18,78,58,78,36,60,33,79,28,14,63,95,20,92,94,68,30,16,67,29,16,38,54,70,16,46,93,58,39,42,44,90,23,36,92,37,70,46,25,37,13,61,43,50,59,50,43,95,82,36,44,47,21,70,36,19,55,99,63,22,22,27,29,40,53,29,18,27,33,12,46,75,94,62,12,90,46,27,45,82,28,30,43,54,47,72,69,89,20,66,47,80,43,18,31,72,49,34,35,80,33,38,45,85,78,75,99,58,23,72,89,94,92,46,89,28,93,99,26,65,77,43,56,90,70,30,87,85,69,71,25,17,55,44,13,10,43,56,58,94,95,95,88,27,96,78,99,24,64,67,83,79,44,59,40,64,58,54,94,93,26,26,56,97,52,25,35,96,24,35,40,26,31,59,14,47,35,100,93,29,49,74,89,45,77,34,91,59,35,36,50,82,66,94,16,84,72,23,58,83,81,28,51,12,68,35,35,66,61,21,40,74,71,47,58,91,54,93,88,100,46,48,56,64,74,21,62,46,33,13,62,44,53,32,31,83,91,72,25,31,51,45,33,39,88,99,95,70,85,81,60,38,81,42,68,88,79,50,59,74,44,82,18,78,53,13,50,69,37,85,39,82,68,63,21,34,95,17,71,12,63,50,51,85,33,51,28,92,58,69,17,96,45,86,47,38,79,80,14,47,59,22,60,46,18,70,31,71,28,14,34,100,10,94,70,88,35,17,86,42,40,94,13,29,82,85,70,25,60,83,88,36,15,45,30,16,82,89,34,32,89,71,95,83,92,43,45,52,53,78,71,17,93,18,94,45,79,22,62,45,19,54,64,45,73,16,62,59,39,31
E423,94,56,24,60,58,69,58,81,93,28,74,90,12,28,80,61,99,95,84,56,28,34,60,80,96,55,38,79,32,78,24,68,54,29,29,25,26,31,28,95,10,81,64,97,45,12,46,59,29,80,55,19,16,25,26,22,53,27,30,31,11,36,42,12,94,58,22,35,83,96,100,93,56,78,93,75,30,51,67,23,33,78,87,81,65,41,12,47,17,53,19,88,87,48,72,76,67,61,43,31,43,84,52,89,14,87,74,64,88,86,39,34,37,69,85,13,51,61,68,78,47,90,89,90,34,92,71,33,10,85,26,55,75,19,54,60,40,98,92,54,81,33,15,45,75,53,14,23,68,44,67,13,100,57,31,23,63,34,63,29,21,74,79,25,11,31,36,73,48,70,77,75,60,13,33,44,21,60,61,88,77,12,92,52,32,68,73,27,74,12,52,30,10,83,49,74,74,56,31,40,41,83,76,95,67,84,43,85,12,63,60,86,29,78,81,88,54,49,39,13,52,51,56,34,49,11,59,68,56,42,65,83,81,92,63,77,26,35,19,77,93,13,20,49,33,23,65,22,17,28,61,70,16,74,59,46,47,14,21,70,32,81,87,49,28,30,57,47,47,26,33,54,10,16,81,59,42,40,50,78,28,79,33,38,66,19,29,10,60,46,31,57,58,55,62,61,41,75,99,92,33,66,80,28,25,33,91,40,15,36,79,62,47,85,24,44,60,98,54,13,86,40,96,84,54,29,10,11,40,29,49,92,90,47,63,78,83,16,40,56,64,22,79,91,77,49,45,86,43,21,80,10,31,85,97,60,40,26,16,92,100,42,10,50,61,37,56,97,63,27,21,79,40,70,83,43,66,14,85,13,95,15,43,35,78,59,31,96,27,15,10,99,58,98,57,75,25,87,69,91,31,50,84,62,91,16,73,28,77,33,32,63,86,13,89,64,61,86,55,31,24,99,90,78,18,93,12,44,74,71,28,79,84,100,77,84,88,39,92,68,69,92,39,80,54,70,83,42,35,93,52,56,81,59,35,88,57,62,38,96,54,18,70,16,58,15,25,99,62,57,28,97,81,52,86,28,87,91,46,17,80,93,25,98,57,72,81,11,50,21,42,10,68,43,83,74,77,90,65,17
E424,77,19,25,24,81,45,22,55,87,91,28,44,89,62,88,21,68,11,82,32,15,23,100,70,72,65,39,76,32,94,39,41,99,54,10,70,49,12,74,69,44,82,28,38,46,92,83,35,20,16,99,64,66,43,68,78,59,76,82,16,40,29,61,32,74,60,14,96,43,28,37,96,62,33,53,18,31,62,85,97,73,74,96,40,47,60,80,51,14,19,69,74,98,24,21,10,33,99,61,65,50,83,47,76,19,40,85,72,70,67,34,78,97,30,49,64,16,78,23,44,43,85,59,78,21,84,84,96,24,59,93,53,19,26,84,46,90,26,11,18,12,29,56,49,56,31,28,23,96,18,20,30,44,99,53,42,38,76,27,88,66,67,86,85,97,25,94,19,53,82,62,70,25,29,18,29,41,27,50,96,61,29,15,87,75,65,85,70,92,16,16,81,95,69,26,12,49,94,59,40,11,90,62,90,75,27,72,31,68,34,27,34,46,25,21,34,38,100,27,34,72,73,40,26,87,88,21,50,50,79,70,19,81,70,26,49,40,34,77,71,90,92,86,15,82,61,17,53,32,81,84,23,75,81,72,94,11,13,39,58,20,88,25,95,98,91,37,56,41,14,52,96,68,74,49,10,64,90,33,17,23,15,21,56,29,48,52,56,39,40,56,28,46,71,47,54,96,60,70,45,94,44,18,60,37,88,15,84,27,57,13,12,29,48,66,25,49,32,91,30,35,50,71,64,82,84,98,42,84,90,10,65,81,11,65,23,88,29,76,69,39,73,37,46,23,61,88,42,51,35,32,25,28,69,55,41,75,16,97,62,93,83,33,84,100,80,25,53,24,96,75,55,59,36,46,56,56,42,62,58,16,42,94,23,82,45,68,33,87,90,20,44,13,80,96,68,14,67,82,62,52,90,32,11,64,23,68,56,56,99,11,43,94,71,59,36,84,64,41,19,77,58,32,32,43,54,86,63,36,66,94,81,31,11,58,99,59,62,96,73,30,53,53,100,21,88,33,99,24,20,82,27,18,17,14,14,77,45,11,39,17,50,22,48,63,61,25,95,98,78,83,15,79,49,52,55,52,35,21,70,74,90,89,23,72,49,53,53,40,30,45,18,100,100,83,81,72,10,48,67
E425,87,50,15,42,59,38,21,86,40,22,53,16,46,83,38,45,55,10,63,50,12,28,43,77,28,79,43,38,75,59,63,51,17,31,80,59,46,51,73,13,95,35,90,58,61,50,36,25,68,12,94,66,40,25,87,86,98,68,82,84,39,55,10,50,100,69,13,16,61,83,95,35,51,34,39,33,17,36,79,36,59,100,15,62,10,78,28,31,54,16,31,82,56,10,62,56,97,79,58,68,69,97,74,36,94,79,86,75,56,17,75,42,26,54,78,42,69,35,46,21,81,35,74,85,27,74,16,10,73,75,15,60,49,37,73,15,36,45,36,33,74,61,55,24,57,27,48,27,30,27,31,15,40,50,22,32,46,10,20,57,45,25,47,48,64,60,30,66,40,43,17,81,44,12,27,29,26,100,53,13,57,35,84,95,53,53,58,34,12,83,42,47,52,18,18,43,100,20,11,75,61,97,19,76,85,94,11,26,40,58,79,63,64,98,49,49,62,13,64,75,20,98,86,74,89,37,92,64,99,53,18,33,100,86,63,78,59,17,71,35,71,35,100,70,51,16,85,17,14,32,98,53,40,15,40,42,80,94,28,78,39,23,16,70,60,23,43,56,73,63,40,26,12,43,10,66,42,86,11,37,86,46,31,29,87,71,77,56,53,46,92,41,80,61,43,72,86,52,46,62,28,30,54,69,35,82,58,29,63,34,59,69,54,93,64,56,57,99,87,11,71,12,63,62,72,42,91,78,67,18,34,37,72,56,96,91,57,54,77,46,85,80,42,57,47,82,81,68,94,19,20,41,60,70,51,30,53,53,23,80,24,76,20,52,47,29,70,86,46,59,97,36,11,74,46,65,26,68,33,73,89,82,51,16,36,66,68,20,30,16,92,29,32,77,39,87,20,61,53,25,16,37,37,18,91,48,95,14,51,85,55,37,22,97,55,90,71,18,46,53,86,18,55,98,25,22,55,11,20,86,80,14,88,66,85,66,62,52,88,50,57,78,79,60,86,21,31,39,73,10,87,29,24,80,87,28,93,70,98,91,20,24,42,24,80,86,91,20,78,86,52,50,28,91,64,32,74,41,39,35,64,93,72,26,57,40,13,65,21,23,11,17,27,42,67,21,12,66,84,72
E426,24,24,22,97,35,60,69,36,74,93,78,39,65,13,41,69,23,69,45,55,27,56,84,92,50,100,22,18,18,61,51,84,91,87,13,60,20,21,28,93,46,61,71,10,44,37,54,83,84,71,83,72,26,37,10,50,92,93,10,98,89,80,72,95,28,40,23,30,20,53,50,42,23,44,90,76,58,98,96,44,47,41,89,93,69,60,10,94,43,48,60,54,47,24,43,75,17,65,34,76,69,73,40,60,80,72,77,57,57,24,53,99,82,90,64,79,24,100,18,41,13,73,83,28,97,77,85,75,55,81,37,92,43,31,46,50,72,47,63,37,14,83,96,60,67,19,23,26,12,79,59,99,61,53,86,32,57,42,10,100,69,19,66,42,29,79,48,29,77,24,91,100,51,45,43,39,18,64,74,16,40,30,77,72,70,34,18,97,42,14,38,18,29,60,90,62,64,72,45,41,55,15,14,55,65,96,13,17,89,58,58,61,89,87,25,35,100,97,44,40,42,45,100,67,75,82,43,50,40,66,76,18,79,67,20,65,92,49,95,65,10,62,67,72,93,79,86,76,78,75,95,84,85,33,83,100,10,51,83,92,68,74,49,61,99,21,36,26,12,21,24,58,28,38,18,96,58,76,77,22,13,16,79,43,73,79,68,84,64,23,33,60,80,40,12,43,10,90,58,72,87,70,48,27,54,14,17,24,86,34,17,46,85,16,38,32,44,55,81,45,18,25,68,84,33,12,59,84,44,55,98,99,19,82,57,56,59,67,47,51,72,51,45,98,74,95,95,88,46,66,10,52,12,71,84,40,89,35,84,85,84,92,88,60,37,68,49,81,100,42,44,74,83,27,23,35,11,65,56,93,63,10,43,68,47,97,78,30,77,18,47,14,19,35,18,99,34,10,40,20,53,96,27,28,100,64,24,31,74,90,27,66,67,26,79,61,61,62,40,45,37,73,55,30,96,31,89,86,82,87,36,88,87,23,59,75,89,65,87,99,89,88,28,23,16,45,100,35,81,97,33,94,95,38,77,93,78,98,62,64,37,83,77,22,43,20,11,71,98,12,43,52,99,74,46,43,32,24,74,57,37,77,49,92,54,93,49,77,82,10,20,56,45,77,99,47,13,65,59,42
E427,91,19,26,56,64,17,18,66,87,77,61,12,10,92,27,77,90,90,97,89,54,14,42,85,33,90,33,35,41,38,80,93,79,87,55,55,26,43,19,93,92,25,12,97,15,51,48,84,65,44,18,30,80,99,69,53,16,33,51,77,16,70,54,45,52,61,33,56,16,98,30,46,29,92,13,88,29,92,60,56,36,18,82,54,11,44,48,31,56,38,11,72,60,79,59,41,22,18,32,87,52,36,74,72,17,80,58,89,75,67,33,35,59,29,55,61,86,28,17,98,99,44,92,18,26,14,42,31,72,57,40,11,53,20,91,49,58,14,96,31,24,26,68,72,10,15,97,86,64,81,49,70,71,21,17,63,12,60,42,45,25,30,58,98,91,72,46,19,17,19,34,30,34,77,66,88,10,34,42,43,35,78,76,63,92,42,54,69,77,17,24,19,24,43,91,32,99,52,82,35,58,97,88,76,16,73,29,86,71,80,62,33,10,59,61,59,69,33,12,46,42,31,16,65,16,34,23,57,93,58,46,93,43,84,28,33,63,80,43,77,24,60,21,76,31,55,15,100,18,77,22,28,27,97,95,87,77,37,85,23,24,22,62,28,44,83,68,87,56,29,46,98,36,17,45,34,11,38,81,17,79,12,98,54,98,18,33,93,25,61,37,53,39,38,91,45,32,73,90,23,59,80,73,18,40,18,83,90,98,87,64,25,84,56,14,27,38,51,46,93,19,93,24,43,36,91,61,12,72,35,37,98,14,11,54,63,16,64,61,32,70,19,59,12,87,54,12,82,26,92,26,14,78,78,28,67,83,38,90,47,15,13,69,92,14,38,73,91,19,41,94,62,85,65,73,16,25,76,38,99,25,58,98,60,42,61,15,49,32,36,63,93,18,20,88,26,73,99,49,21,24,95,86,95,81,58,97,60,44,88,45,87,85,48,35,42,16,74,48,24,74,37,99,95,47,87,87,12,66,98,42,89,94,16,30,62,37,91,46,16,89,60,40,31,79,39,36,50,20,42,84,84,73,47,61,46,33,25,77,33,85,42,100,88,68,28,31,31,41,46,91,89,40,72,91,97,51,51,41,45,34,94,97,37,98,62,13,16,39,26,95,41,79,33,29,34,44,93,41,91
E428,56,30,46,14,83,64,49,65,49,60,73,88,20,42,60,82,50,49,30,57,68,92,18,96,67,56,71,28,59,13,17,53,62,41,99,14,72,12,61,74,15,33,32,46,10,86,56,23,97,31,10,98,51,76,66,59,10,28,19,85,30,77,38,91,54,25,84,90,81,77,34,80,37,48,95,41,69,48,87,67,89,17,65,84,27,46,75,28,26,94,35,12,77,21,52,34,78,59,44,77,12,15,44,75,43,11,29,91,93,77,21,38,49,14,23,98,81,26,92,46,87,60,84,53,85,73,75,45,66,99,22,20,11,28,53,87,54,59,79,30,62,45,46,92,12,12,39,99,38,22,90,24,17,51,77,29,74,48,53,45,59,81,68,24,49,36,85,75,48,83,19,66,96,48,99,60,90,37,71,28,73,25,54,42,75,36,72,57,41,92,76,38,50,61,85,24,87,62,34,72,42,40,46,19,44,33,75,77,43,93,84,79,91,48,34,30,77,55,90,96,62,37,91,45,86,72,27,60,97,78,57,27,70,88,23,60,69,36,84,14,92,62,59,50,14,17,75,43,85,60,58,61,16,17,44,44,89,56,35,60,91,31,34,79,68,95,10,73,44,92,79,12,24,63,68,85,82,55,56,52,37,100,11,79,87,34,40,79,13,44,13,71,66,33,77,10,51,63,34,25,86,40,67,39,83,50,53,51,58,95,84,65,44,80,36,82,89,93,55,74,92,47,76,37,15,11,45,12,39,72,17,82,96,82,58,80,96,81,22,81,57,23,79,70,24,56,40,47,65,72,43,26,71,38,65,30,77,28,31,73,77,14,17,82,71,70,37,22,75,60,22,52,51,29,85,66,17,39,53,30,52,45,69,23,26,20,79,83,25,30,91,66,92,32,60,95,100,21,33,86,13,61,33,20,32,75,100,17,13,31,45,87,58,99,69,81,24,77,65,35,16,35,77,27,71,63,87,16,65,71,45,80,91,97,78,91,36,33,59,19,97,47,52,27,95,21,79,85,24,82,69,41,80,60,16,40,39,61,37,73,65,52,64,96,29,38,40,14,46,86,43,74,11,14,44,44,100,88,42,42,43,34,23,26,19,50,49,32,82,38,63,82,61,76,19,61,72,50,43,82
E429,91,28,94,67,21,71,80,21,41,78,90,41,49,58,54,50,67,50,30,45,96,30,99,95,72,53,80,63,35,49,40,51,14,94,84,80,72,50,61,75,64,65,91,33,35,40,34,51,30,52,52,84,70,56,93,22,76,33,22,86,84,71,32,43,87,93,14,89,51,82,58,13,30,76,14,80,63,71,43,13,13,24,57,73,52,11,47,29,33,92,45,94,45,72,53,46,93,76,89,53,30,66,46,63,69,46,13,13,42,31,47,19,48,32,85,67,96,99,68,16,31,91,43,23,25,50,95,62,39,27,45,13,79,54,21,12,88,17,46,68,18,56,65,70,38,30,74,99,83,74,93,26,78,60,79,49,36,86,43,64,91,16,92,79,96,81,31,88,19,89,46,39,86,49,76,58,13,74,73,56,81,85,71,30,50,13,35,17,74,53,14,36,53,34,84,44,18,48,23,14,43,67,83,62,25,97,15,27,55,36,85,69,43,25,50,47,46,79,51,33,12,91,61,78,50,14,13,30,24,15,78,88,28,100,42,83,51,10,66,96,61,31,32,40,50,80,100,70,43,89,34,64,24,50,94,52,23,46,33,30,55,95,20,36,55,26,81,48,89,59,12,54,50,70,76,28,87,24,60,19,19,70,74,70,64,82,30,64,28,85,58,75,92,69,42,20,65,73,18,80,48,80,64,33,56,82,93,33,89,32,43,67,96,33,44,91,31,10,13,63,86,88,20,13,75,85,39,46,52,86,68,74,72,74,58,28,28,51,91,74,60,53,58,12,77,62,93,14,83,46,98,14,36,60,22,12,52,23,33,60,67,30,38,71,79,24,99,13,35,79,17,63,51,70,37,36,67,25,41,90,50,11,97,52,29,83,44,66,60,93,42,76,38,20,40,10,62,59,92,10,68,53,95,11,50,43,67,13,83,61,23,82,53,79,31,42,87,70,52,29,88,81,73,10,17,17,83,82,12,57,28,35,32,75,71,59,75,35,25,47,62,48,84,26,61,56,92,19,46,31,33,10,76,12,69,40,88,68,73,63,76,46,70,73,58,21,16,91,90,16,14,40,100,12,70,83,24,27,95,54,62,76,45,96,12,36,31,22,100,92,89,33,22,35,54,85,32,24,79,91
E430,57,41,48,60,45,62,64,36,16,22,48,24,37,49,11,44,70,89,91,47,16,43,50,48,59,50,11,67,59,25,96,75,78,93,21,80,82,55,69,23,72,30,38,39,61,58,22,43,37,88,80,87,91,19,69,77,52,67,91,74,99,55,16,24,50,19,48,11,28,85,64,16,28,92,73,57,56,44,79,95,84,67,36,56,71,91,61,88,82,22,84,40,78,33,99,78,18,55,100,87,14,91,44,69,34,66,49,19,38,85,33,11,79,79,73,58,29,65,81,75,96,59,14,90,77,78,78,91,82,99,76,76,79,77,55,48,62,44,65,89,83,39,49,41,21,88,73,48,100,71,42,60,58,75,46,75,45,31,21,16,53,98,77,77,57,56,46,65,19,95,72,10,14,77,55,15,86,45,14,44,86,40,25,10,15,16,61,29,31,86,56,87,42,76,74,85,48,49,62,21,16,34,17,41,72,97,12,61,36,26,72,65,21,57,12,72,34,83,30,58,80,57,43,14,39,51,69,34,52,99,74,70,88,28,28,74,20,59,53,10,76,65,36,22,38,14,10,73,62,40,39,95,40,63,23,95,22,78,71,57,68,91,68,85,35,30,99,24,65,75,21,64,49,65,27,64,91,52,92,44,63,55,96,89,76,86,72,27,88,66,16,31,60,84,40,40,79,34,34,28,100,87,81,80,63,58,82,17,57,63,60,77,26,68,52,11,52,37,20,45,20,66,42,43,93,31,66,87,63,88,53,34,65,90,98,71,28,60,56,21,14,84,70,92,99,89,78,77,97,16,41,81,70,57,13,99,18,34,93,27,71,95,49,82,81,45,69,52,36,79,43,34,37,40,43,21,60,12,31,55,25,92,80,54,21,16,55,84,30,71,87,21,30,30,64,75,62,25,94,75,63,47,99,68,20,82,27,37,79,83,32,76,99,44,75,95,67,30,56,56,23,57,57,57,62,32,31,41,88,51,29,66,31,92,18,58,67,69,27,94,64,10,52,74,20,44,49,62,12,33,83,27,25,12,95,31,37,18,43,15,47,75,79,33,12,15,39,46,45,18,40,33,45,65,95,45,32,10,76,98,95,64,96,18,59,70,40,98,38,26,53,85,34,66,52,36,61,93,17,53
E431,69,100,73,84,34,73,64,39,30,15,22,52,91,50,89,87,70,62,14,50,98,91,83,24,66,35,33,52,47,40,30,14,55,85,45,55,62,70,14,100,10,91,73,80,58,31,25,20,61,26,31,95,22,25,100,23,54,19,51,18,100,77,68,35,31,49,38,76,31,21,94,28,94,52,15,17,19,77,84,39,91,23,71,24,66,19,23,21,33,15,81,51,81,79,56,90,57,61,40,73,87,59,57,18,63,28,36,92,33,47,16,57,61,20,14,43,39,38,24,69,47,36,44,35,24,28,75,70,10,11,27,36,62,85,77,100,81,86,29,65,82,28,10,35,64,30,22,41,29,98,89,64,67,11,74,63,71,35,58,21,91,83,12,11,87,14,62,46,36,78,72,43,77,11,79,91,42,21,54,35,67,78,49,24,61,63,34,54,78,82,71,70,41,35,72,73,28,47,43,33,69,93,35,25,74,28,17,26,22,41,19,68,56,85,78,55,39,25,61,43,35,42,89,15,57,67,48,37,31,78,50,88,58,20,93,49,31,23,79,72,76,73,82,46,47,90,99,58,86,61,82,64,18,83,55,68,16,31,93,57,68,82,36,61,78,64,99,56,32,90,91,67,43,81,70,48,91,43,85,93,48,91,25,57,28,23,49,74,92,23,57,84,15,45,66,85,16,15,61,43,33,10,65,38,51,83,34,74,60,69,65,72,14,85,63,81,61,29,99,84,89,80,72,58,72,65,32,54,90,13,93,52,81,55,17,26,82,29,27,86,82,87,71,40,84,32,43,86,50,62,27,15,77,90,65,58,24,90,49,25,33,82,45,94,95,74,58,52,51,100,77,21,24,52,98,90,26,10,27,73,43,14,60,61,100,73,74,66,51,26,99,33,93,68,39,34,52,90,27,82,44,78,55,17,83,45,13,26,36,86,85,67,26,16,28,53,18,29,26,45,95,30,15,85,89,37,30,14,28,22,71,35,68,25,90,80,81,62,96,32,89,59,60,14,86,94,17,56,20,43,60,72,64,65,87,72,90,74,47,63,86,33,95,35,86,21,98,93,100,91,21,30,25,74,99,13,55,25,25,68,95,47,55,84,84,21,37,71,58,33,73,92,71,40,35,85,82,60,34,92
E432,23,52,71,69,27,83,24,36,96,85,40,99,57,45,42,74,25,83,43,47,27,88,50,24,33,17,98,92,33,94,82,79,35,92,99,49,18,28,33,72,49,62,40,39,51,58,10,100,95,27,68,26,36,77,44,19,23,92,99,24,28,90,89,26,50,38,12,27,100,24,39,56,53,74,33,56,48,90,76,10,45,71,85,91,81,22,66,34,48,18,99,32,36,95,23,89,44,83,55,86,29,49,94,66,42,28,90,13,97,26,93,43,13,46,66,15,91,27,97,54,81,64,17,18,100,20,99,61,36,89,52,61,95,89,81,79,26,83,14,26,86,72,70,97,68,94,51,69,59,24,23,66,49,17,54,89,19,92,46,35,33,45,100,91,23,10,22,33,66,77,19,61,52,26,20,50,95,89,29,27,94,79,75,86,93,19,21,41,19,73,86,66,81,20,77,20,42,92,40,90,63,14,61,100,39,55,15,22,88,22,65,18,73,20,34,21,80,67,90,63,98,70,34,54,44,53,47,73,90,71,35,34,34,91,89,86,14,47,88,99,66,100,74,87,31,23,37,36,79,12,58,93,72,11,78,39,90,32,72,10,46,14,71,40,14,77,22,70,24,68,100,80,40,29,90,99,11,17,54,67,84,11,29,53,100,75,27,36,64,78,59,40,82,86,86,38,73,49,58,10,69,90,65,72,36,33,50,23,10,80,10,68,23,61,79,91,57,37,46,96,27,97,65,55,33,29,56,97,52,95,76,39,65,39,30,34,46,79,50,63,24,77,75,94,12,28,86,48,44,57,30,64,13,41,79,21,63,20,91,73,26,26,80,33,35,33,43,68,18,67,48,32,34,54,82,98,78,68,37,97,22,68,33,65,11,17,90,72,60,65,22,69,28,42,24,53,30,30,100,14,69,67,91,78,76,70,83,63,25,23,80,23,74,77,23,100,13,75,39,47,12,23,98,41,95,77,35,94,49,62,21,11,54,10,14,24,41,92,38,46,68,55,56,80,83,53,79,17,86,54,60,78,27,83,57,20,73,23,65,89,32,93,95,21,87,26,76,25,41,91,44,20,60,61,15,56,39,47,22,11,58,19,83,33,22,76,68,83,72,51,40,69,29,48,32,43,58,47,95,83
E433,43,97,61,53,17,100,72,14,33,11,71,48,55,72,36,77,28,86,22,80,36,81,28,66,13,75,35,64,10,60,40,22,31,83,87,25,67,63,84,88,84,77,52,46,29,19,52,21,91,24,90,95,36,86,19,48,88,58,99,23,27,67,98,44,43,55,10,44,99,25,36,87,91,79,37,93,91,93,24,50,87,15,54,67,47,92,68,10,28,52,34,19,48,37,65,98,85,84,28,68,38,62,94,71,78,63,40,15,50,75,71,18,11,52,19,25,88,36,34,39,29,41,22,75,66,19,96,84,68,42,12,72,69,92,92,81,73,37,40,57,67,42,10,15,33,49,73,21,29,86,93,68,81,70,10,42,52,72,55,18,90,71,46,60,66,20,33,57,75,39,52,24,80,12,16,21,28,99,98,91,59,29,41,60,30,41,38,31,16,54,98,23,29,94,50,41,44,95,45,100,55,30,80,78,84,31,39,13,53,13,81,17,95,69,40,90,57,38,65,79,48,88,40,52,67,77,50,38,61,74,33,29,35,19,33,84,56,14,25,84,46,43,22,80,31,44,73,53,24,96,85,78,34,73,54,90,85,85,61,21,39,13,100,41,27,33,51,77,12,32,32,54,59,54,28,45,36,92,87,91,58,11,10,53,21,95,30,67,20,17,55,68,61,60,36,76,19,33,85,96,48,39,14,54,54,68,80,31,87,40,14,53,48,57,51,47,26,93,67,58,64,91,97,72,60,30,85,64,99,93,79,95,58,19,62,99,85,32,74,91,61,25,48,50,77,16,17,65,31,37,75,99,28,74,62,64,48,62,91,40,18,87,45,55,84,61,33,48,97,75,62,92,39,37,97,85,24,36,100,11,74,85,20,62,51,44,81,56,54,58,51,44,15,98,35,78,23,63,56,91,34,11,14,82,83,40,40,52,26,95,59,55,42,83,33,16,44,62,40,23,29,35,95,69,48,53,28,67,20,73,97,21,100,28,21,77,49,52,12,38,60,24,14,81,92,31,94,41,47,16,46,12,39,39,74,63,23,40,60,72,51,68,77,59,69,41,64,57,44,65,71,20,33,19,38,80,86,74,35,11,31,88,88,44,36,85,35,98,35,50,92,40,88,80,31,98,87,70,71,93
E434,56,15,76,39,82,72,82,86,78,17,71,100,49,48,52,74,53,81,18,89,65,64,24,80,93,41,52,100,16,58,28,54,80,23,72,92,24,93,85,86,95,89,84,71,96,31,87,17,66,87,87,48,28,89,46,42,21,10,54,50,61,10,85,21,98,29,16,87,31,39,38,34,97,22,16,89,53,61,31,52,92,79,18,31,32,55,78,94,87,73,76,86,85,40,40,40,26,12,90,83,54,90,24,71,17,98,83,44,66,91,59,47,69,45,81,91,62,27,75,58,86,80,68,96,82,88,91,31,75,12,58,33,41,80,83,43,29,55,82,35,60,30,19,80,76,28,36,70,94,64,96,33,55,38,27,22,13,38,54,65,100,98,65,21,86,59,63,51,83,45,71,29,17,15,98,91,13,71,31,91,96,96,65,26,11,89,94,93,79,63,18,76,28,16,93,62,84,94,45,47,64,22,12,39,87,57,56,28,43,15,73,55,79,38,37,55,30,58,69,27,70,81,20,45,88,10,61,34,28,41,72,51,35,78,77,32,65,88,28,77,36,28,92,97,66,55,88,39,80,56,95,31,14,39,70,31,36,21,13,66,32,50,67,48,71,13,14,92,28,24,81,76,78,46,81,16,49,94,35,48,67,15,33,29,45,48,73,74,94,36,63,31,37,78,32,77,52,97,15,14,33,52,37,41,18,34,97,34,23,65,22,16,97,89,70,69,28,17,49,25,93,61,90,17,53,12,81,46,28,68,89,83,51,61,95,88,98,74,78,28,50,67,55,92,30,27,34,74,65,50,88,59,76,81,41,64,43,41,35,97,38,13,96,67,32,100,63,92,32,100,81,26,32,74,59,50,73,25,85,57,85,97,26,88,14,10,71,69,20,99,69,98,66,34,32,31,10,14,13,38,80,78,59,67,53,84,43,24,38,39,28,23,34,17,74,21,33,22,100,98,37,71,38,45,55,86,45,77,27,90,50,23,81,25,36,43,45,20,17,71,89,59,79,29,64,96,54,60,72,40,35,30,16,85,54,23,28,89,27,86,67,97,45,35,26,81,90,44,17,84,55,86,13,53,85,59,10,25,99,35,68,14,89,28,48,71,80,93,19,15,29,56,73,76,77,95,91,43,30,34
E435,76,11,79,33,47,99,51,72,28,71,64,98,83,82,15,75,27,66,35,42,32,30,87,89,50,93,44,64,11,44,83,87,42,27,23,55,92,20,93,29,36,79,80,10,88,93,58,18,26,27,32,30,95,98,99,94,21,52,44,14,93,67,94,11,21,47,17,98,25,22,25,47,28,33,80,63,24,29,100,97,46,30,93,70,89,14,58,64,92,19,44,83,97,36,65,12,72,48,19,61,96,24,87,42,19,73,87,71,81,55,57,59,73,22,98,96,47,50,25,65,62,37,21,10,53,44,88,33,25,50,53,58,33,48,29,60,86,72,93,48,84,100,58,64,48,79,19,65,10,37,24,20,46,73,79,74,40,48,100,45,54,90,99,82,20,80,51,30,79,55,20,66,19,83,54,28,60,40,36,75,95,47,44,30,80,66,62,19,97,59,22,50,17,20,84,44,22,56,100,22,52,32,38,56,12,67,12,74,88,96,69,15,44,70,95,38,85,19,30,83,52,10,37,46,34,79,81,29,99,20,73,10,73,56,15,54,18,61,34,95,36,60,39,50,56,15,15,45,69,20,48,11,13,52,59,48,88,48,50,25,96,61,12,37,68,73,26,90,28,76,59,74,34,21,88,63,10,44,53,23,88,23,79,56,15,47,80,83,27,12,16,72,17,64,27,44,93,87,45,31,49,30,19,83,74,70,38,35,23,76,55,83,11,92,79,100,81,42,59,38,65,45,51,55,83,69,77,58,28,80,36,56,20,84,70,64,92,26,12,46,64,70,32,58,100,22,87,12,67,31,28,21,36,78,32,83,29,52,50,87,12,65,97,16,65,48,12,42,57,43,83,100,48,83,75,65,24,21,84,49,42,68,13,16,30,84,79,82,85,64,82,81,57,27,33,89,80,31,18,63,31,35,46,61,32,46,83,53,61,92,80,66,55,59,63,28,34,28,13,55,67,29,28,67,26,27,97,65,35,74,90,67,60,32,63,69,92,92,16,21,16,26,19,38,81,94,21,16,31,57,13,42,11,33,29,94,74,57,87,54,40,35,61,64,51,34,37,91,59,71,30,54,85,93,94,51,77,21,93,93,76,73,92,67,27,73,72,94,29,67,23,24,60,13,50,72,92,93,27,50
E436,50,45,27,79,54,67,40,42,43,23,22,29,17,96,37,23,49,26,26,20,69,39,27,32,49,51,17,39,98,77,30,59,53,77,22,65,14,84,44,87,86,41,19,43,36,22,47,74,14,26,50,24,28,50,71,53,52,20,32,94,60,40,19,84,87,82,36,77,36,73,43,95,52,30,42,51,41,56,67,19,61,66,13,18,85,89,27,95,13,19,44,54,68,10,23,99,64,47,67,15,13,33,62,39,20,42,33,11,39,35,29,90,100,47,34,90,13,27,35,53,43,18,59,100,82,90,68,33,13,63,88,36,63,49,82,29,39,30,17,56,23,71,64,39,61,76,14,50,64,67,57,56,67,90,45,79,93,34,69,49,10,91,51,77,47,87,24,46,32,28,83,16,33,89,29,56,90,78,36,98,96,72,52,27,29,70,61,62,82,17,85,83,78,88,46,20,97,33,27,20,22,31,56,88,29,23,15,60,44,40,24,66,18,73,81,63,60,56,11,17,61,11,68,74,100,44,100,42,24,80,73,19,43,76,72,67,22,51,97,87,57,82,60,81,15,89,25,65,44,48,79,100,96,65,66,83,69,96,10,82,57,50,87,80,70,87,19,68,13,49,62,76,65,63,88,59,78,97,76,29,41,70,51,87,28,73,92,35,95,23,22,76,12,86,19,70,24,73,63,21,72,25,54,18,22,58,51,61,86,46,89,29,43,38,82,78,22,60,61,27,100,39,98,72,25,67,56,95,65,80,92,22,62,27,74,40,69,83,26,49,84,12,83,88,66,50,16,28,40,30,79,46,96,66,39,48,92,86,36,41,57,80,54,54,21,97,19,34,57,51,99,15,54,100,100,19,30,76,14,99,99,96,62,94,61,23,11,79,51,19,23,25,100,34,34,87,32,82,48,23,74,60,53,70,32,13,93,100,55,11,29,17,12,75,54,32,43,20,47,85,90,95,28,92,13,95,49,16,58,73,52,85,12,61,19,68,98,16,47,16,22,77,76,25,57,84,46,94,31,22,54,98,12,96,28,45,79,69,56,63,53,49,90,50,29,90,25,38,58,82,71,97,90,26,66,99,51,96,76,12,37,29,16,38,85,63,84,15,56,86,21,25,65,89,14,29,50,17,97,14
E437,16,80,14,25,34,80,53,70,43,17,98,13,64,62,38,89,56,49,32,20,63,13,18,69,72,71,38,73,54,33,85,99,13,26,62,93,39,66,40,14,64,52,59,63,27,20,69,94,17,45,69,72,55,80,21,67,36,72,34,70,43,38,55,44,85,96,100,66,23,30,89,15,24,21,58,96,77,45,43,20,48,67,68,64,11,92,56,70,19,90,29,88,81,11,62,92,61,99,69,98,40,43,61,87,12,64,27,78,89,70,52,81,29,63,43,73,72,52,53,13,92,54,81,71,18,29,96,97,36,23,79,75,20,52,33,47,71,21,52,62,26,65,42,36,85,38,70,49,16,23,52,70,20,20,26,64,63,47,34,68,93,65,28,56,30,26,24,22,40,84,26,70,39,20,59,30,87,92,83,95,80,56,23,66,14,89,50,75,75,26,16,32,85,23,52,19,10,40,20,80,59,96,93,38,100,73,90,51,50,89,33,45,19,79,64,93,19,22,53,69,92,32,49,75,85,17,22,11,94,91,45,43,81,97,36,86,37,69,79,91,75,19,30,33,36,42,88,27,13,61,81,37,45,60,57,45,85,20,63,10,18,19,56,39,53,42,63,57,77,85,100,61,89,99,23,26,48,43,39,70,35,32,16,18,96,87,99,43,44,43,36,46,44,43,62,20,65,89,27,36,47,62,61,70,71,12,52,93,75,83,26,60,76,48,79,74,60,75,29,70,26,95,37,80,98,21,55,37,67,56,78,75,71,21,34,18,80,30,33,27,29,36,31,88,65,39,53,40,95,56,92,31,58,57,66,24,42,99,62,93,52,96,77,70,11,34,70,58,71,46,25,27,44,24,13,35,22,98,60,45,13,10,86,18,15,83,60,100,39,18,27,84,49,38,86,91,14,62,41,61,35,17,99,60,62,47,10,58,59,59,51,37,62,85,40,88,73,11,12,18,86,38,57,84,84,87,38,66,100,60,21,59,33,29,45,15,59,85,38,65,45,93,63,57,73,77,79,40,89,65,50,46,92,11,100,80,44,16,40,22,61,17,18,94,34,14,76,64,99,18,81,30,25,75,23,17,85,53,97,18,41,85,71,61,62,81,61,50,29,66,22,61,20,98,39,18,69,62,46,27
E438,15,47,47,16,36,79,11,53,82,69,38,23,24,51,74,92,92,22,55,76,57,61,31,76,57,78,55,79,57,16,72,94,13,88,81,70,30,78,46,74,75,87,62,11,36,54,81,78,88,37,73,95,61,28,93,48,87,90,11,24,12,17,93,13,80,100,48,92,43,11,50,98,82,97,23,68,31,22,80,59,16,64,44,81,91,17,67,50,29,47,78,87,15,14,24,34,49,60,83,28,48,11,100,48,10,44,46,37,10,49,51,45,69,43,28,45,34,29,78,65,49,90,56,100,27,15,77,33,21,86,33,40,28,36,32,59,87,49,26,71,99,35,42,29,26,52,44,94,20,43,55,20,14,83,31,69,50,50,60,37,96,67,60,42,11,31,59,12,74,79,61,85,91,29,11,40,30,24,82,58,100,54,50,83,52,41,93,72,33,40,40,28,98,100,70,39,52,14,80,11,99,42,60,57,31,16,27,55,42,57,70,22,51,25,31,87,81,100,39,72,23,31,18,13,71,92,41,99,93,100,86,15,62,27,14,14,21,10,46,96,93,64,49,98,66,24,51,98,93,90,85,83,77,34,72,66,38,54,47,67,23,89,95,79,19,35,32,22,22,81,13,56,49,22,13,95,89,100,13,48,48,38,95,64,17,53,12,90,55,28,55,92,79,27,77,82,56,83,55,97,71,87,80,11,28,35,88,23,83,60,34,46,12,50,11,78,37,23,97,27,30,39,38,12,47,63,57,69,99,30,31,17,70,45,16,48,29,33,50,54,83,12,21,72,32,28,26,86,13,79,93,99,66,26,88,55,42,77,65,60,36,96,31,87,31,82,68,82,24,57,91,86,79,98,25,29,92,47,17,21,50,75,30,21,34,99,34,15,94,69,46,90,78,36,67,90,76,49,83,83,66,29,89,62,84,64,90,25,83,29,51,34,54,55,55,27,97,34,74,76,52,85,85,94,84,75,42,18,80,67,41,34,66,97,90,53,90,11,100,31,15,53,73,39,77,55,14,59,85,50,30,30,62,76,49,41,65,22,50,53,38,62,76,42,36,46,82,48,51,58,27,50,11,10,87,11,78,59,12,53,81,17,78,95,81,88,24,57,79,55,85,41,52,13,38,90,23,99,64,85
E439,91,48,63,27,85,100,12,26,13,80,33,74,43,22,100,10,34,97,18,95,61,37,66,74,26,97,70,81,88,24,24,51,18,24,23,74,58,62,82,44,88,68,95,70,10,33,36,76,73,92,86,20,39,45,25,20,100,29,41,68,100,14,56,11,54,76,66,91,57,33,73,81,77,20,73,59,17,75,47,85,28,65,35,69,19,90,90,46,67,78,11,95,53,16,29,42,58,88,57,64,54,100,97,25,92,49,15,33,19,80,50,79,61,69,16,99,54,89,11,33,86,14,82,94,88,60,95,34,67,11,22,23,26,45,71,34,77,16,77,38,77,75,43,85,75,72,69,48,53,49,49,25,15,67,67,43,15,100,46,11,39,20,86,64,30,76,95,23,50,89,70,44,46,88,82,69,35,30,65,26,16,70,19,98,80,82,45,71,62,40,85,48,44,86,47,97,56,41,52,94,37,60,12,49,35,24,67,48,45,63,63,89,88,70,66,65,10,84,93,95,36,94,39,32,45,48,56,10,71,55,96,91,91,15,65,35,85,55,69,62,48,32,52,44,86,89,65,46,25,97,81,74,55,49,60,34,93,40,22,13,85,78,72,46,85,42,78,45,60,64,14,93,60,34,63,93,35,14,81,54,96,62,11,50,44,95,43,51,63,18,94,89,46,80,75,99,73,53,89,75,20,22,51,92,89,23,64,82,92,67,32,97,40,31,23,25,56,95,47,75,94,82,63,16,49,90,73,98,55,80,89,23,13,84,36,98,11,51,13,41,37,33,40,16,49,84,44,41,93,14,83,70,26,95,78,86,83,55,10,28,89,18,51,56,54,97,83,20,37,83,16,53,30,68,46,24,63,36,61,75,44,91,90,65,59,12,69,35,86,81,93,19,36,86,22,17,97,79,64,63,33,78,59,78,23,66,86,20,75,53,14,54,99,49,48,76,52,22,33,63,28,19,45,79,89,35,68,80,10,83,89,34,21,39,80,42,28,30,86,38,79,33,64,74,11,74,19,68,44,41,67,22,46,80,19,69,18,53,85,53,63,93,16,87,85,62,15,48,57,61,85,19,60,63,83,52,78,29,93,78,61,34,30,29,84,100,64,13,33,25,66,26,43,57,57,51,84,96,98,66
E440,14,95,55,52,61,16,47,46,93,71,41,20,66,13,67,28,14,50,47,46,24,56,50,55,19,76,77,84,85,10,76,75,66,12,23,32,76,45,68,68,66,25,71,75,97,89,31,99,66,49,19,20,97,36,54,19,37,86,10,91,80,30,54,15,11,97,69,20,24,17,17,43,37,93,74,13,28,24,39,11,92,40,77,92,42,33,27,25,50,11,33,72,52,59,11,53,29,49,46,48,12,26,19,52,34,85,85,26,93,28,20,75,17,43,40,48,61,26,13,31,54,87,74,14,96,94,38,15,17,82,88,62,37,99,65,71,35,30,51,88,48,66,64,95,62,27,54,41,91,62,26,24,31,11,20,26,11,77,65,47,89,41,38,65,27,88,72,33,13,79,56,17,57,59,51,70,13,43,47,61,44,39,71,90,62,98,90,10,99,62,63,65,91,88,67,32,85,46,86,59,40,87,79,87,50,27,33,85,63,57,21,94,70,47,24,96,48,43,11,68,81,30,11,86,10,23,77,76,77,58,75,17,29,36,26,75,87,100,47,100,64,21,51,90,41,54,37,88,66,28,35,83,13,39,66,32,60,74,78,36,62,20,13,76,50,56,22,67,19,48,62,64,10,38,99,70,45,17,13,59,48,42,21,22,75,71,75,34,13,72,92,22,80,76,15,54,22,90,28,92,40,39,16,42,94,56,47,36,48,79,35,82,49,66,57,34,87,55,46,75,80,82,55,46,14,91,92,63,41,43,48,21,99,26,77,29,55,63,65,26,49,63,22,33,42,24,72,97,68,67,59,33,40,97,43,54,78,88,61,50,25,84,27,64,81,67,60,30,54,49,10,67,37,100,33,51,92,14,14,33,25,71,99,36,61,14,88,36,66,35,19,44,27,50,25,42,51,32,65,82,29,90,71,88,23,63,100,10,29,63,91,63,36,48,73,89,94,12,81,43,72,35,10,29,48,100,78,63,17,23,27,86,79,88,55,26,13,45,55,65,71,12,32,58,90,36,19,38,64,44,42,19,35,57,35,88,34,22,53,74,82,99,61,100,69,51,45,74,92,31,93,47,18,28,33,14,91,54,71,19,47,80,17,87,11,88,67,38,25,89,47,78,82,61,73,95,37,80,67,93
E441,89,11,20,28,91,83,39,48,41,89,13,61,28,63,80,48,78,89,12,95,52,19,41,12,88,10,78,38,85,86,100,91,75,66,20,33,13,88,89,92,64,73,58,83,77,46,68,48,98,60,80,37,97,56,89,28,67,97,67,92,70,91,40,25,67,68,74,54,91,87,69,62,67,65,89,91,76,71,51,11,11,73,10,95,40,93,26,78,45,40,94,21,88,30,12,79,91,41,65,55,40,59,27,18,87,88,98,100,74,74,10,95,87,88,44,36,65,79,10,28,100,85,14,81,14,50,14,85,24,75,93,77,68,63,17,80,87,67,46,98,38,80,17,22,98,75,89,100,100,14,20,44,47,20,59,100,65,35,51,52,55,75,97,50,72,12,62,38,25,86,89,29,48,28,34,79,53,22,53,36,71,39,44,58,80,39,79,19,17,26,84,36,87,16,63,68,87,43,36,89,32,77,97,45,86,25,95,70,12,27,53,44,97,22,27,97,29,11,53,53,39,19,69,69,41,77,17,62,23,26,83,95,92,52,58,41,83,16,75,38,82,91,65,86,88,24,82,94,48,34,55,25,58,19,95,33,90,17,53,53,47,22,31,29,96,20,62,74,62,86,34,62,29,42,27,29,62,99,59,60,74,90,33,31,23,90,87,26,38,61,23,14,64,29,85,50,69,34,84,40,92,100,70,88,54,80,81,24,37,42,47,74,43,44,70,55,25,39,66,100,18,39,98,82,40,73,27,99,51,84,53,39,71,73,35,98,24,80,95,17,31,91,31,81,15,59,65,95,61,55,16,10,45,53,84,36,100,46,98,31,16,70,86,62,74,21,40,42,83,52,80,47,66,77,62,36,18,51,37,55,49,39,67,59,52,52,96,95,80,57,43,70,81,62,41,33,31,73,50,56,76,93,65,100,35,20,46,96,76,27,41,42,95,65,43,76,21,24,49,22,29,88,95,67,99,36,50,42,40,25,14,15,63,50,60,29,20,29,96,13,39,97,98,94,51,11,97,89,64,63,19,60,63,77,94,71,14,81,37,34,79,85,99,47,69,73,84,39,21,39,18,84,68,73,94,97,24,43,37,71,11,58,27,86,95,50,39,40,36,39,25,77,63,69,59,73,84,11,27,74
E442,28,38,58,84,66,47,19,14,21,83,55,90,11,58,65,15,61,13,56,53,32,99,90,26,23,26,42,25,45,58,61,80,48,45,25,32,87,41,100,89,41,17,28,39,23,55,85,34,95,91,68,78,37,77,39,80,31,31,14,94,58,55,62,79,56,55,72,59,96,67,48,17,48,39,67,30,16,71,63,81,15,39,21,84,18,36,77,38,10,50,92,59,28,26,88,92,63,41,21,88,59,33,49,61,38,23,93,84,72,56,18,16,38,52,74,82,45,48,25,69,52,74,88,97,95,24,32,81,82,47,33,99,96,82,26,45,23,61,78,94,27,39,10,88,46,26,92,61,97,17,77,39,93,43,70,58,35,47,88,57,25,87,66,90,74,69,80,44,42,42,18,33,91,18,53,100,84,70,19,78,100,67,79,95,53,72,30,55,53,55,42,58,15,13,25,75,40,34,38,19,86,93,97,47,15,31,18,50,39,17,59,58,27,65,59,17,43,54,63,82,33,47,44,32,85,40,57,60,24,98,100,65,54,81,93,34,49,25,100,53,14,10,74,84,68,29,34,65,60,84,47,19,33,66,32,74,43,76,66,19,69,23,12,65,76,50,18,58,53,11,79,64,43,79,10,65,64,22,75,88,31,75,37,27,19,17,69,57,36,59,12,35,12,57,37,88,47,31,17,48,81,36,92,62,87,30,65,37,68,13,12,14,14,70,51,64,15,83,59,12,23,31,97,95,63,54,68,21,47,69,12,55,14,21,22,59,39,97,33,26,34,99,21,27,21,90,81,23,80,19,50,29,74,14,45,27,21,86,48,11,78,95,44,73,44,72,29,28,60,22,63,65,22,40,70,23,49,68,85,55,60,18,54,82,43,36,64,10,84,96,93,34,27,33,39,57,99,78,61,49,38,65,87,49,87,87,85,22,10,75,71,22,87,96,76,78,12,56,42,23,28,93,27,28,24,44,36,39,93,77,67,11,17,46,100,10,73,81,15,12,12,60,12,61,19,79,12,66,10,90,88,90,55,16,14,15,59,69,22,55,77,92,51,52,18,78,29,28,16,69,71,15,70,84,70,78,11,16,13,21,13,82,87,93,93,51,61,57,89,26,78,52,28,18,13,63,55,63,86,13
E443,78,62,43,92,14,32,32,87,70,82,12,48,26,24,49,81,57,41,99,49,47,48,29,74,72,94,56,17,85,78,93,58,75,95,37,45,31,44,61,89,22,40,51,40,48,89,38,61,79,60,11,30,80,34,10,83,58,63,68,22,31,62,23,68,15,83,77,79,83,77,37,91,98,34,88,74,80,58,95,19,36,91,39,82,44,11,11,38,33,48,40,12,82,98,48,26,44,15,99,90,55,89,75,90,95,85,44,10,40,89,88,16,10,47,40,22,36,55,60,72,33,18,54,85,46,71,26,48,77,95,84,33,72,54,77,41,75,97,38,46,55,61,95,38,35,15,70,40,54,23,59,16,32,77,57,98,88,43,61,99,69,88,15,22,69,83,73,62,89,50,73,62,75,28,27,92,57,39,71,44,99,73,35,84,22,36,23,19,35,35,22,47,83,84,33,58,33,74,38,81,41,97,94,66,24,85,15,74,31,81,93,88,10,29,34,55,76,64,87,97,95,10,83,14,80,41,88,68,91,19,27,95,93,57,94,31,56,44,31,19,91,65,21,28,21,70,57,61,75,13,42,36,41,38,49,58,74,13,48,16,80,25,35,60,51,44,87,96,11,61,47,46,14,48,80,46,37,49,41,60,28,91,66,60,19,16,12,57,35,71,38,67,72,51,99,80,69,17,83,35,35,21,81,37,96,18,21,13,60,84,100,28,78,40,81,21,49,12,36,59,89,11,50,55,55,56,52,49,42,36,81,26,88,74,45,17,84,99,39,51,17,61,17,42,23,20,74,37,44,83,80,63,75,28,18,17,60,86,77,50,26,70,74,73,70,22,92,27,77,61,83,22,29,89,75,60,100,38,26,42,100,24,71,39,69,76,49,17,37,37,45,32,22,42,45,36,99,98,64,55,86,37,37,48,88,97,61,86,42,27,84,36,75,34,72,53,61,51,90,64,42,26,58,86,21,43,49,93,63,80,96,29,65,28,22,26,49,57,89,62,16,49,26,47,28,49,51,60,30,56,86,87,54,61,85,17,20,57,73,30,15,82,33,38,44,65,53,90,45,18,34,49,35,64,78,46,45,33,83,74,80,88,32,44,95,33,39,80,50,52,83,68,68,26,95,24,63,48,13,32
E444,97,43,48,17,45,29,93,94,63,57,39,70,11,26,85,91,92,60,47,68,42,91,91,31,86,81,29,78,23,91,65,92,40,94,94,99,26,31,39,48,23,90,62,88,90,32,25,71,49,54,72,15,53,93,36,24,13,49,75,82,77,64,50,49,24,61,37,32,40,99,89,86,86,87,75,64,35,56,89,31,58,40,71,29,75,89,59,43,57,76,23,81,58,65,28,56,56,13,59,63,46,33,44,32,98,74,14,74,60,74,40,86,97,45,44,35,16,29,12,52,89,60,58,26,44,41,74,19,64,95,50,12,78,68,30,85,76,36,13,75,21,95,61,90,35,23,95,13,60,86,55,44,74,25,14,27,92,40,65,93,56,27,29,40,51,35,51,90,80,35,93,35,34,97,17,56,67,87,49,21,78,58,13,31,13,70,59,80,26,41,98,64,39,39,82,77,21,83,74,14,57,93,48,31,94,45,74,97,78,81,81,28,15,88,17,11,50,73,77,98,45,33,14,80,77,77,51,70,68,52,93,76,83,13,73,68,44,16,58,11,69,87,40,80,70,88,60,50,100,57,78,52,49,10,14,89,22,45,88,71,27,19,56,27,22,22,83,16,82,30,54,69,17,22,82,41,55,95,44,27,63,67,15,85,53,89,89,12,48,28,64,21,16,61,61,47,63,16,93,56,76,70,66,33,84,90,42,23,56,42,17,88,99,91,69,60,87,43,69,83,66,25,35,22,25,98,99,82,31,30,76,47,12,51,41,92,98,56,68,35,82,22,58,75,53,48,50,80,37,52,15,14,13,25,36,56,48,30,56,75,95,88,100,83,31,18,64,78,31,14,31,57,28,32,36,72,91,74,50,89,10,81,33,21,97,23,90,78,40,69,10,27,70,42,63,67,38,25,52,56,77,60,65,91,87,43,45,20,38,71,76,67,66,91,80,91,94,99,94,34,45,35,93,10,20,45,23,29,66,44,41,11,91,34,33,20,53,21,12,66,94,63,30,94,21,20,73,30,38,98,74,93,78,29,86,41,73,54,39,100,62,13,30,83,75,66,76,92,72,63,77,15,82,26,56,68,88,22,95,76,58,91,67,99,95,14,31,16,84,24,64,59,41,12,44,12,88,69,13,52
E445,88,80,28,46,10,14,30,72,85,55,57,34,39,96,94,68,30,82,35,95,61,31,73,98,27,40,32,62,65,48,73,35,61,35,41,100,23,12,59,86,93,99,19,88,78,88,12,98,78,88,72,61,34,71,82,42,22,36,97,53,98,64,87,74,23,35,29,12,45,39,22,34,95,12,90,34,52,67,11,16,94,58,40,33,15,47,85,25,91,22,51,26,45,48,29,34,16,100,93,77,59,48,58,88,56,49,69,10,94,86,27,82,84,65,47,37,43,19,72,24,30,99,47,47,64,31,32,37,25,31,64,69,86,74,47,64,64,42,58,78,64,75,92,34,11,70,96,60,98,51,47,61,53,59,49,92,62,96,54,96,50,41,81,51,95,88,100,89,100,47,74,41,62,87,79,84,43,68,41,68,64,64,58,13,19,86,61,11,37,47,83,62,29,99,58,66,41,12,48,52,91,23,67,89,92,41,77,52,35,98,70,20,75,81,69,55,20,98,40,87,91,28,53,96,99,56,82,38,56,22,10,51,72,34,76,64,88,100,94,91,54,32,63,82,55,19,66,78,12,41,14,69,96,61,32,91,56,75,22,85,37,41,61,20,91,21,85,43,46,41,28,97,10,88,84,73,35,45,88,60,38,49,81,28,61,52,14,99,66,77,65,38,62,92,65,48,82,46,16,18,85,39,49,74,42,42,69,72,40,50,78,84,34,67,98,81,32,30,63,63,12,88,46,96,64,72,36,54,30,39,86,52,14,54,83,54,35,98,41,84,99,39,33,55,41,24,44,50,38,63,52,65,96,15,97,91,10,13,71,76,34,33,67,24,28,55,58,72,29,51,61,75,21,79,51,35,25,96,98,18,77,40,94,27,72,47,54,55,34,90,84,18,65,45,25,36,25,18,90,100,58,43,50,88,66,92,24,25,69,43,83,22,25,81,43,100,53,18,99,27,78,80,18,62,93,21,39,38,55,82,84,37,84,23,88,46,76,73,30,21,28,24,94,76,56,87,24,85,22,40,14,37,21,38,85,88,33,32,52,71,78,55,87,45,45,62,91,66,89,14,69,28,99,69,53,70,90,56,87,28,59,30,73,51,23,41,35,72,36,39,56,92,89,87,10,46,45,93,83,49
E446,79,64,41,17,38,71,15,86,99,58,44,70,33,94,94,85,53,73,73,68,40,89,15,72,76,82,91,67,91,52,95,74,53,62,77,18,24,87,66,97,56,18,59,71,89,93,91,27,87,48,54,72,18,61,58,57,68,88,42,87,54,55,88,21,16,55,52,30,83,84,69,86,87,25,12,88,15,26,14,38,37,88,69,17,73,95,84,44,20,67,52,74,59,89,71,40,28,29,42,20,91,76,36,85,50,81,48,27,40,25,45,30,83,10,55,62,44,82,25,89,35,18,11,55,91,89,30,69,39,23,22,60,59,80,24,54,82,55,19,35,38,14,72,69,92,31,99,65,97,80,96,82,17,87,47,48,71,52,40,93,83,75,16,51,28,81,55,71,68,58,55,53,32,49,20,22,98,86,32,91,58,97,76,77,62,81,37,99,18,47,64,68,98,65,29,12,72,19,12,29,57,91,70,63,73,63,35,84,53,47,77,45,93,64,48,41,24,59,97,27,96,87,47,44,94,70,77,28,63,30,51,19,68,70,58,75,59,69,52,24,76,88,27,38,58,33,84,84,29,26,85,15,13,73,39,14,98,35,34,72,71,82,53,42,19,87,31,90,56,62,47,52,56,25,42,65,66,90,74,52,72,57,90,15,49,80,61,10,83,98,23,66,48,11,91,15,87,37,15,32,24,54,23,55,89,65,53,80,34,56,39,92,13,20,13,82,90,11,65,56,50,37,35,17,20,25,91,42,62,26,54,13,75,94,49,31,35,45,73,21,91,75,57,69,48,14,72,57,34,36,28,93,46,22,13,89,55,10,58,15,11,82,33,69,40,84,31,10,98,63,90,12,94,83,99,93,70,57,93,66,77,96,92,67,70,45,63,33,22,55,49,30,47,31,61,49,93,94,99,97,100,48,48,94,56,93,98,20,85,36,97,82,84,53,97,48,20,54,90,71,66,76,38,21,46,29,81,90,64,10,54,49,51,91,42,18,72,14,35,24,15,68,33,77,23,17,80,79,47,52,37,84,27,28,84,78,85,82,34,56,30,96,24,46,44,100,32,90,43,32,82,18,13,16,28,47,59,18,79,88,50,61,76,78,16,44,44,32,37,53,15,46,30,77,80,70,12,56,67,41
E447,42,58,56,46,67,51,97,82,27,27,87,21,37,49,23,27,26,41,16,22,28,23,90,27,67,11,59,93,60,54,41,29,85,21,37,29,27,48,91,18,35,92,65,18,16,29,22,49,60,23,38,31,81,76,10,53,31,90,20,98,23,62,36,85,92,78,80,96,69,29,90,32,24,69,45,74,67,18,34,24,57,98,25,59,19,47,29,13,15,50,32,12,21,85,38,22,17,73,51,100,98,76,86,71,10,95,43,73,70,77,50,63,10,10,46,99,34,13,75,66,80,60,22,14,39,15,93,61,12,98,57,50,75,67,48,85,85,92,23,74,84,40,17,66,24,43,21,18,78,96,99,54,30,14,60,43,44,55,75,72,10,14,71,99,27,95,59,96,95,83,14,92,50,90,26,10,20,89,25,38,19,37,70,75,99,85,28,42,14,93,29,73,71,64,20,32,78,33,33,92,14,75,32,77,89,65,62,46,18,76,15,75,16,64,85,28,21,67,72,28,63,77,23,57,11,35,53,82,62,94,97,86,27,42,93,49,79,63,98,80,65,55,93,80,47,41,11,92,56,58,29,96,66,89,75,95,32,96,94,73,38,50,40,69,32,59,45,70,88,33,15,46,87,12,15,24,42,34,58,15,43,29,34,51,93,19,96,50,69,74,70,37,40,23,45,74,71,93,66,48,29,77,60,51,79,96,20,29,89,77,34,81,20,44,61,81,89,37,64,100,47,99,22,50,74,99,62,25,77,21,61,32,96,92,61,41,59,93,22,41,99,26,67,17,22,97,80,82,33,42,51,73,87,78,39,54,79,100,54,28,67,97,19,79,35,28,66,75,52,62,43,40,80,12,22,35,70,58,29,74,78,78,56,48,79,98,99,74,65,40,12,27,89,29,89,58,57,63,46,24,75,68,42,74,45,53,86,54,50,99,49,77,85,52,64,75,73,86,49,57,53,98,36,78,20,23,34,85,30,14,70,63,28,16,36,86,52,30,59,18,78,87,58,55,12,92,90,67,43,70,46,33,33,78,44,90,74,61,59,44,64,22,66,45,46,35,80,61,37,34,39,68,18,42,19,41,95,81,51,39,61,98,46,57,32,53,54,90,91,14,36,63,50,37,54,64,51,46,73,52
E448,92,45,37,37,48,48,35,36,92,55,44,88,37,49,91,18,76,61,38,54,42,83,47,95,91,57,97,20,78,34,70,43,42,10,30,65,35,48,43,67,14,34,81,59,65,91,85,63,46,89,48,66,79,46,83,15,81,92,75,27,29,68,99,29,85,72,45,17,99,43,16,16,100,14,60,59,59,34,68,61,86,23,23,24,57,76,60,63,17,34,30,87,92,49,99,99,41,83,42,68,54,71,57,77,15,87,89,81,24,43,29,91,99,82,85,73,57,51,78,15,71,53,35,73,55,90,73,83,42,61,25,31,64,40,56,43,31,92,53,27,14,58,45,43,79,34,22,17,73,45,33,68,51,94,18,49,47,59,97,85,43,82,18,76,11,46,52,11,21,83,41,46,20,55,17,67,28,20,82,13,97,88,87,17,93,53,29,89,82,100,37,56,77,72,83,47,42,50,28,74,75,72,36,24,26,59,55,44,72,35,26,32,92,88,30,18,39,12,11,86,10,70,78,70,38,28,78,78,57,91,70,38,65,47,64,100,73,95,70,63,37,12,29,53,24,43,71,41,85,17,96,15,78,95,22,99,47,51,61,39,61,61,61,100,19,17,25,24,29,45,59,71,83,20,58,22,36,32,85,11,37,64,97,37,49,65,16,64,58,94,92,42,17,60,15,60,15,40,32,92,78,70,64,11,17,52,15,47,94,33,99,45,30,39,37,85,85,35,96,53,40,45,15,82,18,46,10,77,69,45,42,38,87,55,44,45,97,86,54,40,30,100,30,93,53,55,72,76,43,16,66,24,42,98,84,21,30,13,88,99,67,93,85,62,47,78,96,100,48,96,64,18,53,20,26,27,59,26,22,77,77,24,16,29,84,87,81,13,17,52,93,77,15,14,51,66,92,29,99,68,56,46,60,58,74,57,70,40,87,70,47,45,19,78,14,94,77,23,64,73,87,58,81,71,72,23,37,72,20,22,18,27,55,62,58,79,81,62,75,100,58,58,57,66,57,64,35,65,83,83,95,72,68,16,16,28,47,84,19,72,32,66,79,75,22,45,23,14,41,44,81,37,92,30,12,76,68,31,10,81,63,66,10,49,42,88,23,38,28,49,26,94,39,98,68,39,42,63,37,51
E449,75,94,97,71,28,22,97,100,46,95,14,71,33,36,99,42,18,70,60,56,60,71,85,63,11,87,17,18,14,51,23,73,68,39,58,31,67,95,56,24,26,50,19,24,58,14,66,65,65,78,85,15,14,66,41,54,24,26,22,31,95,89,20,65,95,12,100,62,34,26,59,74,32,96,92,17,22,98,93,71,15,55,84,16,45,14,34,33,17,56,60,95,88,31,96,19,50,23,17,60,91,58,76,42,35,50,51,57,32,51,85,45,54,99,59,34,55,78,88,52,39,28,60,50,86,24,40,80,78,64,57,32,27,43,86,28,59,83,10,100,47,65,58,64,99,30,89,43,24,10,94,82,92,77,38,37,19,10,28,19,60,25,44,87,98,30,67,22,55,38,54,48,24,15,75,44,56,57,99,65,40,60,17,98,42,95,26,53,67,81,17,42,86,67,95,65,36,14,48,100,42,29,42,20,48,46,80,97,71,77,49,69,87,99,48,38,74,72,56,72,26,54,29,97,67,57,40,10,59,78,45,15,52,10,14,15,45,92,40,83,73,42,67,53,81,88,93,59,25,16,19,47,23,31,18,42,64,99,18,81,31,14,54,95,68,34,48,67,18,77,72,31,15,37,44,96,43,98,63,37,44,49,59,100,79,64,87,62,12,73,27,12,87,87,96,61,89,49,40,17,69,44,76,74,25,71,93,78,99,90,100,100,19,47,72,40,59,27,61,70,66,46,18,48,23,40,13,84,16,44,49,45,13,29,81,13,67,11,57,22,68,47,12,17,47,12,44,40,71,14,51,21,36,59,17,13,31,35,52,57,70,34,33,89,56,98,63,61,69,25,80,75,38,42,91,46,42,21,65,36,11,46,24,77,23,76,65,70,53,85,69,100,88,84,16,45,67,49,70,41,62,41,72,66,64,36,88,48,23,32,83,48,28,14,78,98,98,35,51,16,65,87,36,41,44,98,10,81,55,20,74,71,50,58,18,24,19,11,88,43,71,48,16,88,50,57,17,56,83,19,51,86,70,81,14,10,46,89,18,27,12,84,68,47,89,36,51,53,74,21,66,31,92,55,14,62,64,70,42,19,72,13,19,24,80,77,92,77,93,92,29,59,41,13,75,59,77,89,97,94
E450,35,34,43,16,37,68,67,35,84,78,83,94,59,19,15,55,52,77,35,75,94,14,28,13,77,98,48,21,96,96,39,69,24,30,64,32,93,52,88,53,15,96,96,63,76,74,75,95,16,77,29,67,33,11,39,44,86,27,15,64,14,88,12,21,39,89,77,52,78,68,91,30,37,78,92,96,21,47,98,63,42,41,12,11,70,90,32,31,21,55,95,39,69,39,100,52,34,22,53,32,86,95,49,96,64,11,61,84,72,99,18,50,48,60,24,28,43,22,11,95,41,45,71,31,75,11,95,85,85,86,14,30,17,69,35,70,19,99,31,79,45,86,41,68,25,68,65,34,77,34,41,39,59,80,40,84,45,29,84,18,77,13,63,16,43,42,83,96,93,75,94,28,54,87,55,60,42,17,54,33,42,42,89,75,88,75,45,14,22,66,98,48,12,62,91,38,39,75,69,69,22,10,18,17,49,22,41,29,25,50,69,29,46,37,82,27,69,87,54,16,72,12,70,58,87,59,81,56,20,52,17,69,86,53,83,62,25,13,47,53,37,46,25,16,59,57,48,48,38,59,63,70,71,68,10,10,58,23,66,12,85,41,81,40,86,98,87,42,56,23,92,56,13,99,40,98,53,10,75,80,89,60,27,33,68,81,81,56,95,63,42,65,66,43,38,54,46,79,11,34,99,78,15,95,44,95,24,64,99,38,53,46,70,43,54,43,96,95,29,85,27,65,97,16,33,72,25,67,67,76,43,30,99,47,84,59,49,16,37,45,68,58,51,92,98,21,91,54,23,65,92,91,91,11,65,41,74,10,88,40,80,54,17,29,85,44,88,31,13,93,97,86,82,61,96,85,66,51,40,66,93,99,12,93,73,16,18,65,47,58,55,25,49,18,94,31,47,47,54,61,81,13,79,31,78,14,98,43,71,38,45,14,16,90,95,36,53,41,89,40,33,24,14,17,80,12,46,51,29,69,36,65,30,28,80,54,27,55,85,26,43,83,10,77,78,88,42,71,100,80,70,26,83,83,91,18,42,74,44,54,41,77,52,32,32,45,68,12,97,45,79,21,99,88,14,53,18,66,60,88,48,75,66,71,79,78,75,84,36,86,82,49,46,82,75,46,97,19,43,48
E451,43,32,46,19,71,84,44,32,19,63,61,24,84,70,78,18,98,56,40,92,94,92,22,13,43,63,27,33,92,83,31,47,95,75,21,87,81,82,11,82,25,61,34,97,80,33,90,23,12,13,27,73,79,52,90,67,39,60,72,66,22,66,47,23,52,96,68,19,55,66,85,91,63,63,88,91,84,56,64,82,72,29,17,73,17,16,48,37,81,11,78,54,57,87,97,22,99,51,70,29,100,96,80,32,87,62,56,39,12,15,62,57,73,25,20,59,74,80,37,27,31,93,18,64,50,51,91,74,68,51,86,48,66,34,76,72,16,78,75,26,65,18,84,30,55,70,24,17,53,86,56,85,15,19,20,77,17,62,23,91,85,94,14,50,18,42,39,66,32,36,23,73,33,86,93,65,59,24,21,77,71,21,68,95,82,75,81,17,96,66,75,31,13,29,66,23,55,47,46,70,51,15,65,37,14,91,97,88,84,28,58,56,13,48,25,12,51,92,24,87,93,21,73,55,94,70,21,22,12,72,95,23,58,49,27,97,89,31,56,58,70,63,98,81,45,53,67,13,77,44,13,81,66,11,76,21,22,89,41,12,93,86,16,61,74,76,83,77,77,81,33,79,96,47,65,17,52,87,44,14,53,78,20,34,20,53,14,87,58,85,66,89,77,62,75,14,70,58,53,32,91,62,22,94,99,53,32,90,12,13,99,52,48,76,37,44,51,75,33,33,54,89,67,71,32,86,64,73,43,27,81,44,100,28,73,67,22,18,58,52,78,30,69,41,15,76,53,68,47,55,54,26,78,31,61,21,93,95,41,90,11,75,39,84,39,99,94,84,81,89,67,31,36,31,44,59,28,12,51,38,79,51,49,59,66,24,78,13,27,20,67,29,30,79,28,19,24,58,68,61,53,58,53,49,19,68,27,86,38,73,17,78,95,59,11,88,96,21,56,68,71,31,55,30,20,48,95,65,10,50,84,82,68,71,71,52,36,38,100,86,93,85,75,97,27,91,83,52,74,30,13,34,78,90,78,60,96,61,43,30,68,64,11,62,32,89,13,100,41,97,51,28,56,19,88,24,64,28,45,74,49,84,83,17,49,96,69,39,12,23,12,72,26,19,81,76,62,94,14,18
E452,64,10,11,41,42,55,63,16,58,26,80,77,44,63,90,58,61,47,53,28,52,68,26,55,34,75,16,10,10,80,55,42,85,74,80,94,78,24,90,14,25,55,79,82,60,64,29,32,43,39,22,75,70,22,97,76,91,73,15,22,46,27,79,10,45,95,98,67,55,86,38,44,85,35,90,37,40,20,16,46,100,14,68,55,72,53,85,71,14,57,26,45,63,31,98,58,32,75,69,19,76,61,91,40,40,33,78,22,85,10,51,35,36,31,50,13,21,92,55,78,91,94,13,62,68,44,10,91,67,46,50,81,50,27,35,48,16,72,66,77,15,42,53,12,12,64,97,76,83,45,77,83,46,62,68,27,43,70,10,50,24,82,23,32,22,65,43,61,47,30,45,97,77,66,11,49,16,76,22,69,74,31,43,29,15,59,14,37,31,59,66,30,34,90,88,70,97,17,59,43,82,99,18,54,18,30,81,59,38,54,37,91,89,27,94,44,92,29,46,29,94,51,87,36,92,97,91,99,86,73,93,70,56,77,89,76,15,82,39,89,33,55,12,66,16,100,74,98,84,74,59,12,34,15,52,80,13,25,40,36,72,39,73,15,93,73,34,36,49,23,62,29,80,80,54,97,67,43,23,35,72,73,35,45,78,13,56,80,57,44,93,35,77,35,22,46,21,48,72,32,89,43,19,16,34,53,18,75,51,53,55,99,47,89,12,57,31,80,25,40,72,32,87,42,59,95,95,81,19,25,97,64,50,35,50,49,81,22,23,88,82,29,80,80,29,81,29,26,23,30,74,27,60,34,27,37,63,57,44,56,47,93,12,49,13,85,34,70,14,74,49,97,91,71,98,48,91,49,14,80,92,30,17,28,100,52,22,35,55,19,38,12,61,63,72,59,35,25,10,80,40,73,76,60,77,43,25,95,97,99,89,84,41,68,14,95,97,45,91,36,89,36,13,51,32,54,24,53,61,36,47,51,12,18,11,81,51,96,31,10,22,44,30,98,74,48,87,80,79,87,71,76,78,81,64,16,10,61,68,71,45,80,36,42,67,83,32,67,75,32,28,10,96,70,57,86,12,67,31,71,73,54,50,63,20,67,10,22,12,33,76,19,59,64,19,70,70,54,43,75
E453,68,52,95,25,66,28,46,39,21,80,11,94,28,18,76,21,76,43,68,72,95,90,90,79,44,14,39,10,63,34,46,35,99,95,84,74,81,46,72,67,65,47,34,81,72,26,61,20,39,51,84,80,62,63,39,21,65,42,88,43,12,15,11,11,75,91,40,53,54,54,31,39,69,45,14,41,26,79,39,39,35,40,67,89,10,67,74,37,49,14,33,16,10,95,93,11,83,90,67,47,53,73,26,44,36,68,49,65,75,18,88,75,35,100,92,45,69,26,12,12,84,41,21,63,64,54,94,20,64,11,72,74,94,54,41,93,82,16,34,41,29,41,25,62,16,32,19,95,38,81,89,89,87,91,15,36,36,51,49,86,56,88,72,83,58,22,12,82,71,13,21,21,36,13,82,20,58,35,45,15,39,90,29,66,71,88,95,66,42,73,43,59,87,72,31,52,55,28,97,30,12,20,37,99,48,14,77,39,47,42,58,69,31,70,78,40,100,54,12,21,71,11,83,75,48,51,78,85,34,10,10,83,53,91,63,52,37,34,62,73,20,59,33,58,51,84,29,65,77,70,36,23,11,100,51,54,88,55,42,94,24,87,80,74,15,30,13,49,92,51,29,14,66,19,55,76,93,69,100,81,24,54,98,53,40,88,52,81,93,83,96,97,61,37,32,75,60,31,100,70,84,92,75,13,66,26,42,22,93,89,46,69,76,46,26,50,68,91,45,87,66,100,57,78,84,13,41,31,54,93,48,76,80,96,56,82,95,24,55,81,10,20,23,58,29,24,81,66,77,78,80,23,66,94,53,18,27,78,96,52,73,97,32,97,72,89,45,89,69,72,89,15,22,61,81,20,82,84,34,100,76,14,100,84,64,86,50,31,47,48,27,25,48,54,33,14,27,63,64,22,66,80,60,99,55,32,75,28,88,28,37,32,98,80,36,85,18,37,51,11,100,41,13,46,84,20,77,98,95,46,51,46,42,74,48,27,39,55,35,77,22,10,90,23,80,62,56,87,87,72,47,26,89,29,41,83,84,34,37,98,89,33,38,59,14,38,26,45,78,38,61,39,100,90,26,58,72,17,41,38,16,80,68,78,12,85,18,66,45,96,90,83,76,66,56,36,63,82,82,72
E454,57,46,53,42,58,24,46,37,55,18,74,69,12,96,33,75,13,47,18,59,72,42,93,54,63,16,70,26,75,18,22,17,93,29,32,97,83,56,74,48,57,84,12,63,52,16,85,10,47,57,71,74,63,85,30,20,74,39,27,36,43,69,15,14,22,59,49,44,29,52,88,35,54,48,48,75,31,38,19,42,73,49,92,67,26,37,12,18,44,61,61,52,10,94,55,67,22,92,96,39,51,20,13,95,82,100,60,24,76,95,86,69,11,94,24,43,18,33,82,74,10,63,31,59,72,14,89,55,12,64,74,80,40,53,58,93,88,51,47,67,31,90,82,100,26,57,73,85,25,24,22,48,44,96,65,97,36,39,90,17,82,91,77,66,18,67,40,58,51,93,64,83,86,56,74,79,61,30,61,13,33,73,91,10,85,15,81,60,37,33,26,72,73,19,75,17,49,19,82,40,43,64,61,15,59,34,67,96,84,15,48,87,60,20,96,48,30,11,14,46,16,87,46,19,47,84,35,80,11,82,73,36,17,45,56,18,74,69,40,73,59,34,22,56,86,71,14,88,42,77,31,30,29,43,10,25,91,45,63,42,17,95,26,47,79,36,73,12,71,77,94,83,91,82,72,33,11,90,41,52,52,14,42,65,75,13,72,92,54,13,31,54,90,84,36,11,28,88,93,45,20,31,57,50,38,89,15,49,40,11,61,91,88,21,85,96,17,100,62,84,26,14,47,79,87,17,96,74,76,90,66,89,65,77,74,40,49,39,87,61,12,50,88,19,34,86,72,37,27,42,36,70,16,50,32,84,52,49,41,79,42,29,28,10,68,100,50,75,30,94,89,32,43,22,90,24,83,72,91,17,62,55,37,56,25,32,39,83,19,67,46,53,51,26,20,78,26,50,51,44,91,24,14,49,30,100,27,48,69,10,43,87,47,17,39,52,36,74,35,14,81,91,30,40,95,76,56,73,86,69,55,98,72,71,66,52,85,53,85,87,93,92,31,35,96,95,16,61,87,51,74,47,46,50,62,86,44,95,70,34,10,20,59,29,98,41,35,66,47,76,11,37,94,65,42,15,55,64,96,90,21,50,83,62,22,39,75,93,49,27,98,40,73,81,45,88,82,63,15,37
E455,80,92,68,56,13,88,76,28,66,32,90,40,32,84,58,33,53,26,74,90,52,79,88,45,23,37,12,97,67,70,86,45,40,68,21,20,40,42,89,42,92,85,35,41,50,19,80,43,31,30,70,74,52,11,15,59,44,97,49,71,75,98,27,76,82,57,43,59,57,90,47,81,31,41,63,83,32,85,10,76,47,74,10,15,31,38,83,56,93,52,59,85,76,48,32,26,90,78,95,96,84,56,84,77,34,73,74,46,67,26,88,86,74,57,40,94,66,44,15,85,52,71,59,46,48,41,72,47,32,90,100,94,80,96,15,62,14,19,29,78,29,90,51,71,96,77,61,30,59,26,25,76,22,97,65,73,78,83,81,52,84,11,42,12,36,19,37,30,77,33,32,32,13,10,10,69,96,59,39,77,28,52,45,43,96,100,81,65,53,89,48,48,74,60,71,56,85,73,97,10,19,51,11,32,48,96,70,23,67,39,54,68,53,67,35,60,39,98,49,55,88,40,61,13,57,55,25,48,93,63,74,15,12,41,36,82,13,32,35,80,34,43,94,12,98,81,79,54,52,88,52,95,49,84,46,86,17,58,95,16,46,49,28,23,45,98,87,22,40,54,64,62,60,96,25,40,97,42,61,68,55,65,40,57,24,14,43,24,66,22,27,15,23,46,22,25,59,98,34,62,55,36,13,84,28,82,57,46,88,39,46,10,48,18,34,78,52,30,42,100,53,85,40,30,82,79,49,39,53,35,75,74,28,100,99,56,42,63,37,23,15,15,37,14,57,95,67,14,72,64,68,42,79,54,65,95,79,48,82,88,59,77,98,14,32,87,93,53,58,30,34,79,87,53,17,53,27,25,62,68,89,33,90,72,67,19,32,81,10,97,27,100,99,42,18,55,77,82,14,93,20,84,23,19,50,70,17,36,58,21,49,33,20,57,63,79,49,47,21,50,35,84,77,70,85,69,47,80,69,99,39,52,50,82,92,96,93,94,63,30,77,12,89,66,74,72,59,62,69,33,61,64,95,69,66,25,100,44,57,97,34,22,60,68,40,93,36,10,79,59,24,11,18,32,17,89,50,96,13,94,43,79,95,58,77,80,53,95,80,58,73,100,55,92,39,86,14,50,60,66
E456,56,53,11,30,23,34,31,100,95,13,61,74,90,28,19,67,36,34,60,23,54,17,38,14,63,14,85,88,69,67,30,30,14,49,90,46,33,51,17,51,12,39,46,33,39,11,91,100,55,87,51,32,42,48,54,53,75,11,50,80,12,56,97,41,45,84,19,22,88,25,61,14,99,28,24,52,17,72,53,16,70,97,15,14,81,60,40,78,91,14,28,17,54,27,87,12,86,49,45,80,45,65,88,68,52,100,98,26,55,56,92,44,16,11,30,35,74,25,34,60,27,75,55,10,44,89,13,66,71,59,97,57,97,11,40,58,36,68,63,96,12,55,62,81,37,59,75,69,56,73,63,67,61,31,70,85,16,26,100,69,98,87,67,72,31,58,67,33,27,70,80,26,48,59,94,51,81,35,30,17,34,27,41,42,57,15,35,78,54,95,53,48,54,65,64,32,58,28,21,49,22,98,74,73,62,32,77,36,88,22,68,67,22,50,77,54,77,46,100,64,81,52,72,39,68,56,67,25,97,71,80,31,48,16,96,31,30,62,19,94,92,43,14,42,22,78,45,60,15,82,43,80,50,33,38,56,64,23,20,46,53,26,99,39,30,57,18,64,84,26,77,80,44,30,77,67,21,56,79,54,100,69,69,87,79,86,94,32,82,62,50,17,97,82,93,16,84,29,76,96,40,99,17,67,36,97,71,19,74,42,73,13,72,26,30,96,56,40,96,10,70,57,24,95,56,78,48,77,54,69,95,90,12,55,98,35,32,15,38,42,35,53,67,98,81,11,98,10,88,15,48,94,18,53,91,44,32,49,56,50,82,79,19,35,90,74,14,95,87,63,68,35,81,90,40,99,54,81,72,66,75,15,19,35,80,56,94,26,27,15,87,81,74,22,92,86,55,97,71,82,81,76,10,35,66,16,61,14,83,65,49,56,52,94,74,89,95,87,83,61,33,88,32,80,41,68,94,37,85,69,98,85,62,63,64,31,66,22,39,84,23,51,80,35,57,98,58,89,39,81,47,15,85,98,52,34,91,73,43,57,56,70,31,75,48,22,51,26,17,75,40,91,73,92,55,84,85,77,96,97,27,67,46,65,47,67,51,53,55,36,16,11,75,29,57,33,82,68,22,77
E457,32,54,87,55,61,79,45,46,36,23,100,34,81,76,76,37,14,69,50,75,87,69,79,21,94,22,47,23,81,17,61,100,16,63,55,99,91,26,64,53,15,51,52,13,10,26,93,42,44,54,75,92,72,79,81,28,47,73,75,35,51,64,81,26,52,54,22,93,93,65,46,78,22,62,66,73,73,27,61,13,98,69,48,54,92,84,50,65,31,62,36,55,91,22,64,15,84,19,91,93,16,92,72,69,71,32,61,92,58,48,42,70,100,96,36,83,53,29,59,26,72,67,68,84,70,84,51,43,97,38,88,55,11,60,86,43,61,16,91,12,48,83,81,72,47,91,51,80,70,27,43,16,67,31,14,55,37,45,11,43,37,53,74,31,63,17,70,48,65,83,34,39,48,72,12,59,54,32,80,13,74,49,62,92,92,51,53,66,42,38,81,22,69,80,44,29,23,84,73,64,91,34,35,45,63,44,47,60,76,18,32,76,80,96,49,50,61,69,34,43,56,41,49,15,47,71,58,39,11,98,44,58,27,72,82,11,49,59,98,98,85,74,11,42,42,50,91,10,64,75,20,33,51,11,22,99,78,68,91,86,12,26,47,95,51,76,81,42,30,33,52,59,79,12,57,77,56,54,21,38,49,34,40,89,35,25,39,100,42,75,21,83,80,78,92,69,68,75,94,42,96,25,56,83,51,51,41,84,52,31,54,53,17,69,54,48,96,90,32,58,34,35,62,42,52,19,89,58,73,61,49,86,87,12,57,69,14,75,80,25,98,71,43,61,21,37,79,66,80,88,31,97,76,28,34,50,51,87,86,64,93,77,69,43,76,56,14,15,92,83,45,89,16,100,60,12,13,12,11,86,70,62,74,100,63,56,41,94,33,57,83,67,54,11,39,86,78,33,26,46,86,36,32,71,69,37,25,52,69,33,85,99,29,89,44,22,34,89,23,29,51,57,48,39,48,26,92,87,13,78,95,14,13,88,25,79,57,35,98,89,92,43,54,16,40,94,26,69,42,52,40,96,34,80,77,34,37,82,84,40,44,30,85,83,74,63,18,87,59,18,11,63,11,14,87,12,82,60,15,97,16,54,48,92,56,61,69,28,95,59,65,73,97,90,74,37,60,77,92,49
E458,12,95,51,26,14,100,43,29,46,56,91,33,79,98,14,69,19,43,68,76,15,48,64,99,88,45,12,73,61,32,91,19,86,18,79,99,56,89,65,42,62,34,39,54,14,98,13,73,81,42,68,86,88,100,25,60,43,25,42,53,20,38,79,46,26,40,29,90,25,72,83,82,81,97,10,15,27,92,24,26,92,55,51,56,100,35,68,97,18,94,82,56,26,18,59,76,79,70,30,13,85,14,38,53,96,41,71,85,81,22,92,74,87,88,88,65,66,26,39,52,46,15,32,86,50,12,13,72,71,71,67,63,89,27,87,15,33,50,100,89,96,27,41,73,52,46,18,20,82,10,42,21,35,44,30,41,81,73,19,48,26,73,36,29,31,86,23,33,64,31,25,34,84,74,96,97,80,55,27,13,13,13,56,86,84,14,15,58,73,98,74,92,99,42,69,75,61,96,90,28,42,30,14,34,12,91,11,70,44,79,80,31,52,80,19,13,86,78,88,92,79,27,86,42,96,74,94,11,18,42,97,40,54,28,77,90,40,27,43,94,75,35,52,30,66,63,35,45,71,30,35,14,63,62,80,51,77,68,76,43,47,84,78,21,61,18,84,47,75,77,16,22,32,62,84,33,97,88,36,94,61,31,73,25,85,73,16,69,68,61,51,100,21,52,24,65,56,30,83,73,94,54,31,54,85,82,41,91,50,67,35,48,47,61,20,25,74,21,67,46,90,51,19,82,30,81,69,55,67,29,37,41,27,18,78,87,43,44,33,32,34,40,51,46,44,93,79,36,28,53,40,76,17,18,52,48,22,86,69,15,81,22,97,33,62,32,13,48,57,27,70,45,30,87,82,91,58,80,52,54,15,96,86,98,43,64,13,83,16,83,28,17,13,87,59,73,78,63,25,74,72,52,32,46,97,46,11,72,31,30,57,100,50,43,34,19,62,15,93,79,69,97,27,82,66,29,23,95,22,49,45,83,66,70,16,51,50,10,61,92,49,18,75,29,91,16,37,13,64,60,14,69,70,89,41,32,88,35,64,17,87,52,56,83,40,12,63,88,10,94,85,44,21,49,53,86,12,26,55,50,23,50,17,19,56,60,65,12,96,37,82,65,42,78,83,27,27,53,23,63
E459,89,88,58,23,100,55,45,35,33,18,93,60,43,49,66,25,27,32,51,71,91,81,82,52,61,35,33,73,59,95,11,62,16,96,42,88,70,87,80,73,48,66,20,29,11,94,10,69,96,16,83,30,22,44,27,44,39,53,14,16,11,39,95,88,97,66,78,45,37,55,22,92,83,29,14,51,64,71,37,47,55,40,59,58,27,49,87,90,26,55,57,62,84,23,86,70,64,67,35,82,88,49,78,56,87,63,62,19,96,36,39,89,94,38,97,45,53,77,71,95,52,57,43,100,76,53,58,90,47,92,20,24,49,95,46,62,49,61,100,62,33,83,23,46,92,70,74,69,77,82,16,75,92,75,92,37,70,88,66,73,21,77,20,18,48,87,95,61,19,75,21,21,51,87,16,53,89,89,45,67,66,44,50,18,61,76,39,94,55,21,66,92,41,41,24,23,66,10,95,26,11,94,36,49,43,11,18,62,80,35,28,37,13,33,21,53,72,99,91,35,58,24,81,40,56,41,13,36,100,75,68,71,80,51,70,88,66,31,70,94,12,77,98,16,42,29,42,79,39,82,23,33,21,52,73,78,10,23,43,71,25,36,31,96,64,27,68,91,38,10,18,13,89,45,35,43,78,89,88,53,24,56,10,76,36,74,79,80,77,26,31,14,82,12,45,73,28,69,68,65,60,32,35,24,91,18,60,85,15,30,21,65,60,54,64,33,79,73,10,31,45,87,89,81,56,90,29,10,65,90,67,46,11,83,68,76,31,25,27,44,71,54,36,57,68,25,96,11,47,41,100,88,85,86,17,19,86,76,67,67,50,54,27,92,18,27,92,25,54,63,34,34,82,89,45,37,16,31,63,41,91,97,50,78,88,18,98,45,98,25,46,17,71,57,86,35,53,20,52,14,91,89,42,17,52,82,17,31,89,90,92,16,21,70,25,44,88,43,88,41,87,40,81,66,20,59,63,82,76,65,28,78,63,14,51,52,24,13,71,11,12,19,69,24,57,30,69,65,74,80,89,26,60,70,89,14,99,90,79,23,71,33,85,13,70,90,21,15,13,15,99,57,92,69,98,85,32,13,38,85,90,27,49,81,18,50,57,57,73,76,30,87,32,33,24,67,37,23,21,40
E460,57,21,28,42,94,13,33,99,52,33,67,43,74,18,50,77,76,29,45,30,90,18,89,19,75,98,88,84,25,48,10,16,93,25,85,62,44,63,30,88,34,78,81,28,95,40,78,69,17,93,33,90,78,18,85,36,94,75,84,33,33,50,71,80,30,36,38,19,100,60,49,64,96,22,14,64,17,45,61,59,32,23,12,10,84,77,71,73,35,45,69,76,85,72,57,54,42,66,88,99,76,57,40,44,71,73,12,50,74,76,20,66,56,94,30,18,65,15,73,65,10,79,48,17,46,95,36,79,70,77,20,10,60,46,28,74,48,57,87,95,15,49,82,38,53,14,41,70,88,74,89,78,70,95,91,90,53,84,41,54,67,26,27,74,41,19,23,28,10,94,69,49,50,100,74,94,12,33,63,25,16,56,15,31,63,29,69,35,81,69,53,51,49,87,56,77,54,82,62,24,33,97,88,20,31,22,79,73,57,41,95,49,24,35,30,60,21,36,81,43,50,99,56,76,27,14,54,17,48,15,69,66,89,42,19,92,89,64,58,96,20,32,52,58,70,50,20,12,18,11,42,66,29,60,41,82,59,100,59,73,64,50,89,28,21,94,54,15,34,35,16,45,72,39,76,30,75,21,81,39,60,100,31,41,74,49,48,72,88,94,96,54,80,99,36,71,74,89,85,40,84,20,65,18,14,86,46,88,13,26,96,39,77,57,39,67,26,82,87,93,66,18,67,68,45,98,67,92,67,86,53,61,16,50,93,20,63,63,88,25,58,21,13,91,52,60,11,96,61,48,30,10,91,23,65,31,45,45,18,22,24,86,49,30,75,95,72,77,37,76,51,41,71,81,48,37,64,41,22,16,11,14,53,52,67,93,14,23,93,95,15,70,28,30,24,88,58,44,38,38,100,53,54,30,82,43,64,32,61,39,94,80,10,63,56,93,12,93,89,55,22,26,34,72,71,15,69,12,92,90,55,52,23,72,62,70,29,58,27,79,65,35,12,91,88,93,100,63,61,19,82,44,68,78,47,20,98,42,63,82,89,45,74,67,40,32,91,67,28,85,15,22,77,88,27,95,51,19,18,70,85,95,88,27,17,66,97,20,67,52,71,51,56,23,51,21,20,87,19,47
E461,60,51,24,19,33,64,100,39,37,84,41,92,90,49,73,64,65,93,46,75,11,71,62,30,43,50,77,45,47,36,79,55,12,78,69,53,55,11,83,46,22,79,18,55,13,86,29,90,72,52,89,16,77,50,40,57,70,13,42,57,15,28,80,20,42,49,87,88,91,61,16,93,55,28,37,38,69,31,14,30,89,70,80,89,34,38,13,84,15,74,95,76,39,32,100,78,87,71,94,50,25,98,28,83,85,88,34,62,61,57,26,14,99,48,83,88,30,43,32,99,41,40,80,10,90,14,50,76,27,15,63,15,21,16,10,48,47,38,77,68,54,31,87,50,28,70,49,74,85,56,19,29,46,96,72,28,10,20,87,11,47,47,13,90,42,32,45,32,62,36,16,58,58,78,86,48,46,15,79,45,13,86,27,37,48,85,22,45,38,69,38,92,52,79,49,77,64,77,49,62,39,52,50,67,52,74,54,25,72,11,36,32,54,82,61,64,15,40,48,99,53,89,80,69,79,58,71,22,56,67,49,27,92,18,72,80,33,91,99,34,100,95,25,71,36,15,96,70,24,91,45,31,82,11,28,77,87,98,18,18,69,94,65,30,69,30,75,63,66,40,36,87,90,42,37,79,77,70,34,82,38,61,99,27,12,47,77,49,67,61,34,40,52,70,80,35,14,19,73,58,48,93,41,75,57,96,19,82,67,25,89,31,61,68,21,45,12,34,76,70,76,10,77,62,41,22,50,81,44,32,45,81,18,68,48,29,58,55,86,37,76,33,33,93,74,76,11,93,34,80,58,83,12,78,61,20,10,70,78,45,94,29,60,38,28,24,42,88,99,89,47,11,38,25,66,52,72,36,56,30,63,63,13,77,34,33,98,95,45,60,66,27,78,80,53,73,91,79,45,11,96,26,93,32,37,72,84,64,30,70,45,85,29,56,34,81,93,82,61,68,48,96,85,74,72,58,38,64,76,72,19,57,85,82,71,98,29,62,72,40,75,82,94,87,85,63,98,77,36,25,75,38,91,82,66,91,84,27,64,90,27,100,70,57,10,79,16,91,11,82,34,85,13,47,10,63,51,44,91,62,38,20,34,57,70,89,45,44,98,41,76,77,68,38,26,74,41,26,28,43
E462,36,34,10,63,75,79,20,81,17,54,31,66,63,66,100,36,95,16,74,16,18,55,83,34,75,48,34,84,27,11,23,89,41,74,17,97,74,100,73,70,100,11,93,63,25,36,62,57,28,43,11,88,32,16,62,76,93,96,23,66,45,99,81,53,26,81,49,12,20,70,24,56,65,72,81,67,50,69,67,33,59,49,29,24,63,66,73,96,52,59,81,33,40,73,93,98,96,36,89,48,47,62,18,95,26,43,83,35,97,82,46,89,84,22,50,23,68,10,58,33,95,82,91,59,53,60,76,80,95,97,87,26,96,51,12,39,100,75,96,100,21,34,83,36,93,44,13,53,44,53,76,80,42,88,77,98,91,15,32,64,31,39,51,37,18,48,35,22,91,95,41,58,92,10,91,47,83,88,76,11,99,53,73,47,78,52,85,85,19,17,88,44,86,75,100,94,53,93,80,49,18,77,80,75,96,30,41,99,52,55,42,89,93,72,36,36,33,70,96,19,44,36,64,38,54,95,46,70,74,69,58,22,56,17,59,45,72,55,66,40,50,68,28,70,91,13,22,78,32,19,75,72,26,37,65,15,30,16,80,79,32,62,82,78,66,35,65,82,43,86,11,43,45,65,75,72,82,33,93,69,48,72,70,57,96,98,28,31,21,43,67,25,65,16,81,43,57,28,34,10,27,87,95,64,25,74,81,28,40,90,66,87,28,28,62,78,16,94,35,63,68,69,22,11,17,17,13,56,53,55,44,82,98,50,73,35,24,39,48,64,13,29,73,98,79,65,75,24,12,28,19,71,12,68,63,44,62,84,99,27,68,31,100,41,38,90,90,17,16,98,28,19,23,73,75,60,69,39,28,40,27,16,13,70,56,68,20,53,97,20,55,65,89,66,25,48,29,95,25,95,67,28,37,35,13,71,30,47,72,37,39,74,89,90,30,13,33,31,17,55,76,49,65,49,15,93,74,43,43,25,80,10,67,11,84,89,87,18,77,39,51,24,32,69,24,90,29,36,29,96,65,99,76,32,24,33,34,84,43,98,25,32,67,14,33,28,84,13,17,84,15,59,78,33,22,91,94,76,97,93,35,68,64,95,28,41,22,53,44,65,56,77,84,76,44,69,92,72,42,99
E463,65,75,89,28,89,86,94,63,72,86,89,93,14,23,40,88,69,56,11,37,40,83,82,60,60,24,97,95,100,90,59,16,39,93,30,95,66,23,12,41,25,56,62,89,33,53,49,65,42,100,69,66,94,36,82,26,94,46,40,56,59,94,86,49,84,41,15,95,92,87,28,92,52,32,68,87,76,41,92,13,32,93,39,47,91,94,76,73,59,79,50,82,79,24,47,12,14,26,25,82,35,21,78,88,57,43,20,53,61,48,61,75,65,38,42,85,10,26,53,77,80,22,100,62,89,30,38,65,72,31,46,14,24,91,42,29,86,97,24,86,31,11,78,77,95,31,38,69,82,39,53,45,78,97,91,65,52,86,96,84,80,45,40,41,79,90,62,81,91,37,51,74,33,26,17,21,46,35,76,28,45,49,68,36,15,57,61,21,76,57,58,26,38,87,96,82,17,17,77,26,65,61,39,96,13,81,76,64,99,35,36,29,44,76,57,27,61,27,86,77,30,73,80,53,65,64,60,46,73,89,27,76,41,70,79,65,20,31,28,48,95,63,95,42,86,40,71,99,55,70,97,59,59,37,20,32,49,36,96,34,98,30,93,76,19,54,13,61,37,48,46,100,78,21,40,26,44,21,93,49,29,67,94,12,99,31,68,53,86,79,32,66,55,92,11,19,71,70,89,21,31,14,50,88,85,23,76,73,82,94,79,26,36,76,58,85,15,25,59,12,59,16,39,53,59,51,48,59,20,70,24,86,78,51,10,86,27,25,18,57,64,34,23,84,72,33,18,74,87,74,53,50,54,36,89,50,57,31,39,38,69,63,38,55,20,73,18,84,19,96,98,56,24,23,66,47,29,26,78,68,14,95,28,79,31,47,52,85,23,27,48,59,51,24,90,75,43,88,36,15,94,84,22,64,70,53,98,52,18,31,76,18,33,14,84,55,91,83,73,35,93,94,37,100,81,83,61,99,61,67,64,46,53,37,63,93,19,73,65,90,70,62,35,45,57,24,86,90,45,63,53,24,86,46,65,40,38,37,39,92,69,31,91,49,57,38,98,38,29,31,58,26,23,29,88,21,16,19,18,17,64,82,92,60,99,98,91,46,72,66,44,54,74,32,39,65,65,76,74,31
E464,25,89,42,71,23,59,52,51,33,32,60,79,10,96,21,98,57,88,53,62,38,16,14,73,68,49,60,21,57,29,20,39,62,94,58,35,74,48,71,20,96,64,52,76,100,39,75,26,89,84,41,98,53,97,28,48,11,62,27,44,19,37,38,90,62,25,44,37,93,43,19,43,18,60,88,40,10,78,45,68,16,88,46,85,81,68,100,48,89,78,89,46,82,32,33,87,37,22,32,87,70,38,91,43,26,94,22,64,66,98,60,72,97,64,40,27,77,63,55,16,78,61,52,74,19,34,33,82,29,23,67,75,55,65,34,34,81,73,98,99,51,86,40,11,64,73,34,30,42,80,92,45,40,19,63,93,83,38,96,97,35,73,13,27,65,10,60,13,28,44,98,82,89,55,72,60,42,24,31,52,41,72,30,92,64,18,15,57,27,35,70,33,62,15,17,42,28,47,61,71,30,42,69,85,27,85,22,73,80,87,29,90,54,79,43,40,68,73,92,66,69,36,13,87,65,85,30,75,58,18,78,45,15,27,50,26,86,54,73,18,60,30,50,84,68,30,22,98,21,80,98,83,54,50,68,84,26,83,48,54,19,64,14,82,25,69,57,10,26,33,98,66,57,65,57,58,48,61,53,45,83,65,54,36,75,42,31,65,63,16,77,11,68,80,26,64,86,94,65,32,94,91,31,52,26,31,91,26,21,65,45,64,11,51,87,93,52,22,98,37,77,11,82,45,22,98,43,97,67,87,60,20,34,88,88,95,75,97,44,70,73,70,78,12,56,46,98,51,55,31,71,76,52,34,65,48,97,92,83,35,37,36,81,98,13,41,90,99,96,95,17,35,48,40,76,12,74,96,50,34,57,22,16,70,23,87,53,61,67,54,34,89,56,62,19,50,57,31,89,80,26,73,88,76,49,70,20,45,73,80,48,47,54,13,16,97,81,45,99,50,99,34,32,100,21,69,35,76,60,12,43,34,37,93,97,44,54,49,32,65,88,84,34,27,50,91,39,51,28,37,80,52,70,92,49,61,39,51,63,100,86,15,26,100,43,31,38,71,55,67,14,84,17,23,88,96,22,43,62,84,82,82,43,44,83,34,82,50,18,99,56,43,72,37,33,66,30,26,28,68
E465,77,16,52,64,88,72,17,89,51,90,84,93,49,64,69,53,85,90,76,71,54,19,44,91,82,37,13,46,47,77,16,41,44,54,90,73,81,99,16,24,93,14,18,25,71,57,36,63,70,51,10,58,67,66,60,22,86,18,79,33,72,68,96,82,29,11,97,94,58,10,42,85,67,41,55,73,13,22,35,90,54,83,57,75,29,54,92,88,36,23,47,14,15,89,93,21,56,34,47,17,71,76,91,90,52,55,40,50,15,38,78,25,72,65,22,10,100,94,62,35,26,13,74,99,79,82,100,89,59,13,61,75,50,73,49,67,43,64,50,64,86,34,42,32,76,80,59,85,61,16,85,39,61,48,43,21,37,64,99,41,56,100,64,21,24,56,26,56,97,76,88,17,37,41,11,55,89,68,96,99,50,77,44,66,71,76,67,36,85,82,87,75,22,84,19,19,11,91,69,44,53,24,12,65,70,70,35,68,12,30,50,13,61,32,51,60,41,28,96,14,30,81,65,32,10,16,42,18,65,94,10,70,68,78,12,68,65,55,95,73,15,24,84,47,51,97,49,32,98,70,29,93,82,53,98,72,84,21,26,98,60,13,22,50,66,38,63,72,76,47,70,91,27,88,34,90,21,60,78,71,63,98,32,92,72,87,73,33,93,40,44,100,46,87,36,60,19,84,28,15,40,63,65,60,95,25,41,62,91,78,88,70,36,61,35,60,57,51,16,78,51,85,52,95,86,83,48,50,80,15,64,55,98,52,24,29,88,66,49,12,15,70,21,68,91,27,92,52,72,69,31,96,26,81,79,90,13,93,18,27,28,26,24,69,19,77,33,68,65,45,44,100,77,19,51,71,95,98,21,30,41,92,45,67,28,15,89,79,83,63,47,91,27,47,71,59,56,54,48,22,33,48,28,86,31,75,23,90,88,50,25,69,71,30,21,76,15,50,66,73,55,59,52,82,25,81,24,48,44,77,86,27,68,54,80,51,63,49,25,43,83,59,53,37,45,97,64,44,68,94,100,39,30,96,81,99,41,77,38,93,76,36,36,92,52,77,74,43,64,41,83,19,85,40,49,56,77,59,35,45,87,85,45,97,17,36,45,67,30,61,93,14,70,98,27,10,48,96,60,33
E466,32,20,71,38,44,70,20,32,91,90,72,19,19,100,48,56,15,17,53,70,92,30,99,67,14,86,89,42,31,42,13,35,84,70,96,72,56,29,51,47,36,39,31,52,52,42,53,67,77,39,66,74,20,29,92,25,11,86,98,77,77,67,47,48,10,18,39,53,22,71,84,80,70,95,89,88,67,40,65,48,55,54,11,44,11,21,42,65,54,82,84,91,78,97,68,94,43,62,42,97,64,74,65,53,29,31,20,50,70,91,87,14,93,11,97,10,21,66,36,21,35,19,30,68,24,11,61,25,73,33,20,21,84,97,43,29,20,21,96,21,99,72,100,22,48,63,82,100,98,59,63,61,54,98,76,44,12,86,28,62,61,72,36,24,33,86,92,73,88,30,72,77,55,33,23,37,27,28,23,98,41,57,19,30,47,33,63,27,30,68,73,19,46,33,16,91,38,70,29,54,29,89,100,77,88,19,30,41,66,84,58,92,61,10,48,70,42,99,81,49,72,10,66,30,11,68,90,53,48,58,65,92,12,26,44,72,22,99,49,25,99,50,54,73,29,49,62,14,56,95,30,95,100,78,76,73,41,62,86,28,84,71,17,49,65,38,53,88,79,17,78,96,84,47,89,65,13,23,92,96,77,73,41,87,91,92,16,75,91,33,15,56,81,40,44,88,19,33,88,54,86,85,42,36,60,37,14,10,24,76,93,99,45,15,35,39,83,35,87,17,12,92,25,39,37,58,79,67,12,60,17,64,16,69,84,92,73,73,70,63,100,55,75,25,15,78,79,43,54,35,72,84,22,75,17,81,61,67,42,55,34,14,96,54,59,17,54,100,10,10,56,32,44,40,53,72,47,14,41,38,48,61,76,85,46,55,33,66,54,89,32,70,65,71,29,19,49,61,94,32,46,11,11,61,73,98,11,25,23,76,60,47,49,97,71,36,16,67,37,48,12,72,15,12,64,38,26,68,56,88,29,41,95,44,62,75,100,99,78,35,29,58,82,48,97,18,32,96,95,55,42,31,74,23,33,50,67,80,89,82,26,11,27,34,19,40,65,85,82,78,76,99,94,60,99,33,98,41,33,52,92,33,75,21,30,41,78,29,68,75,74,93,79,17,47,68,96,33,57,28
E467,17,89,26,65,65,55,42,29,17,39,88,47,70,100,74,58,37,66,74,30,33,46,31,53,19,67,51,26,21,47,51,63,38,88,43,42,12,70,91,80,96,46,81,87,96,94,37,71,35,42,10,33,37,30,10,64,16,98,93,96,10,37,71,96,100,64,35,70,80,87,60,97,76,91,100,44,51,83,83,79,98,52,61,75,41,39,48,54,13,20,26,12,82,34,25,87,16,68,60,94,50,94,62,34,96,45,35,77,61,91,69,82,63,31,89,94,14,89,16,35,57,30,66,69,82,95,58,18,64,28,98,44,19,21,65,59,28,28,22,81,62,62,90,23,72,16,34,70,24,31,52,65,79,90,46,98,88,93,73,95,78,99,69,54,79,76,53,66,34,36,48,18,35,84,65,37,20,65,73,34,70,34,94,83,19,32,67,57,32,43,30,71,43,70,67,57,80,87,69,77,90,92,47,84,28,53,22,50,19,95,98,70,49,50,97,61,25,16,71,74,72,98,28,69,92,98,49,75,58,49,69,19,80,43,26,18,93,96,81,75,54,45,18,45,18,52,69,71,11,44,44,60,15,78,17,82,32,62,68,19,37,86,94,69,12,30,98,75,44,37,92,30,33,91,20,20,35,72,24,57,52,49,17,56,74,93,77,19,70,49,45,30,53,48,44,87,31,29,90,46,79,80,53,89,34,79,76,15,63,92,11,44,58,92,40,24,21,23,18,80,87,29,75,76,61,57,76,93,73,21,24,17,18,30,94,82,81,51,12,23,40,28,100,89,99,69,83,67,70,95,17,23,82,84,97,46,31,52,42,89,73,39,44,14,50,53,86,82,52,97,78,35,49,25,53,77,45,27,22,16,10,82,17,83,99,10,53,52,48,40,76,69,23,68,52,23,98,52,23,18,26,94,31,91,51,22,33,67,47,33,91,79,11,96,21,58,98,89,33,10,10,99,71,55,100,55,21,64,65,52,98,36,35,79,95,92,84,35,49,42,12,98,27,94,59,27,85,54,71,48,37,73,46,60,59,84,68,51,24,13,76,55,97,90,49,48,55,57,72,38,44,84,48,60,41,91,57,18,69,84,63,39,21,50,12,40,37,85,21,77,55,88,10,27,100,94,60,70,51,54
E468,30,89,43,25,20,31,70,68,75,19,64,82,19,66,72,96,24,48,67,17,61,46,40,98,46,16,19,31,16,41,89,44,29,12,25,61,87,25,58,35,21,98,83,72,31,91,17,59,26,27,67,57,73,90,37,68,92,73,74,16,31,90,83,71,83,49,79,30,68,99,38,99,39,19,11,20,57,93,92,76,37,35,95,91,88,18,11,34,43,16,14,51,53,65,13,71,95,51,69,83,21,88,97,86,82,93,38,19,22,44,13,97,36,62,14,16,45,58,41,29,13,76,25,67,77,28,52,12,53,77,29,20,70,92,16,65,19,51,57,64,82,78,23,55,39,89,34,13,92,94,69,27,88,57,10,31,71,67,26,52,69,79,69,100,53,65,10,96,26,75,97,57,93,35,72,63,63,84,75,89,57,84,21,51,95,71,94,91,16,40,30,66,23,25,89,17,75,33,86,97,44,22,29,98,87,58,67,57,20,62,10,10,32,25,17,25,86,44,51,47,78,19,50,36,94,66,92,20,88,34,18,17,15,32,83,55,11,92,37,47,44,29,94,56,63,97,63,48,39,79,14,48,43,33,89,46,64,44,84,24,28,14,54,63,91,70,17,46,40,65,64,43,94,25,49,64,86,39,95,38,74,17,97,83,72,18,79,75,37,95,47,51,46,45,16,82,78,62,46,88,91,24,13,40,85,42,20,74,50,87,36,56,99,46,22,10,17,64,84,77,51,91,75,35,71,87,69,29,83,16,99,61,48,36,89,31,37,100,33,54,40,52,64,74,56,37,51,21,39,60,22,66,80,17,34,60,40,18,10,67,75,97,25,52,11,42,60,23,96,54,41,85,69,61,69,36,76,43,80,36,93,44,37,55,79,68,39,22,70,85,44,69,37,50,89,40,36,39,99,90,92,68,59,100,99,46,89,67,47,75,28,76,88,15,36,92,31,93,53,92,66,58,78,69,77,71,63,82,70,55,11,40,11,83,32,90,28,46,87,37,85,24,56,74,55,14,79,41,45,99,98,65,28,29,98,15,99,48,20,69,85,83,93,71,43,44,80,32,86,54,22,51,55,17,34,85,71,73,88,91,32,58,83,62,91,78,21,18,14,31,14,23,65,10,78,83,12,36,23,39
E469,60,72,14,27,65,95,93,56,19,67,18,61,17,30,16,11,66,71,56,25,74,44,91,61,56,35,33,34,59,96,14,41,31,96,58,28,88,70,91,80,54,72,75,36,87,27,13,35,48,37,55,80,25,91,25,42,30,42,91,75,52,59,22,54,96,92,37,20,50,69,98,77,75,62,75,49,83,19,34,37,16,58,100,39,46,36,79,92,68,44,58,21,28,92,37,66,52,47,29,79,14,48,21,61,85,57,73,15,54,53,42,57,52,61,93,60,66,45,82,82,78,64,34,97,97,90,18,38,81,31,53,75,76,16,71,12,27,38,20,39,91,20,15,96,34,54,93,96,88,86,58,17,51,80,58,39,90,82,44,87,97,31,17,25,61,89,37,88,77,20,68,45,30,52,47,55,68,30,76,57,89,100,57,33,22,65,60,38,50,86,82,92,67,17,92,35,57,81,73,77,16,54,38,74,62,28,11,44,44,26,78,75,44,22,41,90,66,100,67,17,26,58,64,22,20,68,82,81,13,67,64,23,99,28,99,66,74,32,77,21,27,64,14,74,86,62,18,38,89,35,38,61,38,85,81,38,55,26,19,83,25,12,37,29,73,18,75,33,65,80,58,36,45,70,21,65,44,93,16,50,83,85,22,27,23,76,11,62,80,55,60,58,16,46,36,11,94,78,55,10,81,67,62,76,15,22,60,50,56,37,99,68,48,19,81,11,98,100,37,40,38,39,70,29,39,67,74,16,28,58,14,85,86,94,30,34,94,45,90,79,97,24,55,44,79,69,95,48,36,84,11,34,67,86,45,28,63,22,58,17,91,20,52,28,87,55,14,88,84,95,63,22,28,31,53,91,35,42,34,75,54,49,99,82,73,10,45,28,56,40,57,47,100,95,57,58,50,18,77,62,68,29,29,60,61,65,45,51,71,63,27,15,32,57,21,53,88,91,31,58,70,99,100,84,46,10,27,65,45,22,10,80,61,90,22,46,31,64,91,48,59,52,59,33,21,57,62,96,19,99,100,73,65,21,30,47,47,70,30,65,47,75,74,20,34,72,16,91,47,45,45,49,61,65,56,52,90,88,60,87,78,26,30,56,12,11,24,40,91,90,78,44,52,45,46,49,24,21,56,43
E470,96,66,67,41,29,82,99,11,31,26,17,45,85,33,90,95,70,35,73,11,68,13,39,76,19,74,34,69,82,99,10,13,39,52,47,49,53,47,81,32,16,28,46,86,26,71,30,31,46,11,14,53,83,25,96,74,62,78,44,14,14,29,69,59,43,62,75,81,25,56,76,92,74,80,99,69,81,75,42,85,25,33,83,37,46,34,12,66,26,71,60,51,61,30,20,90,67,87,69,11,84,17,40,11,25,20,48,25,18,73,79,84,54,19,93,99,73,64,82,39,10,14,72,14,66,62,90,51,32,23,26,67,26,43,50,33,99,82,83,56,86,30,97,24,18,43,62,39,96,22,28,82,39,31,34,92,19,44,54,32,83,84,72,74,83,75,94,50,34,81,74,88,20,48,80,20,60,43,83,67,43,42,72,56,31,51,21,73,43,67,72,37,55,86,40,42,47,68,80,62,80,13,42,47,10,38,59,46,33,82,95,44,26,37,53,88,25,68,26,98,55,73,61,48,46,64,60,57,88,78,46,34,64,43,88,84,27,19,92,86,42,100,11,55,85,18,11,58,56,58,43,10,60,52,72,48,68,11,84,100,25,13,33,27,10,39,33,73,38,97,84,15,81,12,74,84,87,89,11,56,47,15,34,34,52,82,74,99,20,20,33,53,23,51,49,13,49,72,67,46,60,76,65,32,54,97,98,17,19,16,24,19,25,80,12,53,76,42,76,95,44,70,48,41,64,14,89,19,54,43,14,75,70,60,38,44,94,88,71,92,45,71,11,54,40,93,34,32,13,18,32,26,18,49,31,19,81,58,12,29,31,47,55,41,25,84,77,20,71,30,79,34,68,58,20,61,98,17,53,97,33,15,78,63,73,38,26,34,94,78,26,22,69,79,76,45,40,15,13,95,24,19,92,58,48,60,86,53,61,68,15,78,20,50,14,72,26,11,80,11,88,21,53,72,21,13,65,11,55,60,40,65,12,90,53,63,89,97,62,71,31,69,94,60,27,10,34,95,25,36,43,36,79,61,96,41,12,44,48,74,22,16,66,93,77,38,90,66,80,42,43,10,94,82,19,54,38,62,12,96,10,15,26,62,59,59,17,96,92,42,66,77,17,44,68,21,71,23,42,35
E471,38,29,21,28,14,48,49,56,43,64,32,65,61,92,35,40,11,59,84,40,48,30,50,92,89,75,42,83,74,17,36,52,10,32,30,98,87,31,32,31,66,40,72,27,15,31,14,41,92,33,72,99,62,12,68,38,59,13,51,52,73,65,100,42,28,13,71,16,89,26,23,68,54,96,80,58,14,33,48,100,87,28,55,56,95,81,94,62,15,65,15,43,92,70,31,41,86,58,21,49,86,67,79,25,86,63,20,25,24,57,33,54,97,89,87,47,19,27,37,85,26,89,82,21,56,68,27,54,70,57,54,47,31,47,78,21,38,38,91,85,65,48,34,95,58,52,60,43,77,51,56,27,54,75,23,33,94,74,26,27,43,23,25,58,48,27,45,66,70,41,57,14,60,90,43,68,94,40,90,66,78,29,23,38,69,35,68,10,27,68,39,21,62,14,25,36,58,32,57,30,54,51,63,56,16,44,96,34,96,21,58,21,27,60,19,61,34,74,31,85,37,82,20,61,26,10,40,48,99,34,78,79,85,11,24,97,82,66,51,34,34,74,45,28,83,57,21,94,84,38,27,55,63,88,54,94,63,63,23,97,23,44,70,67,32,40,67,34,98,94,54,48,76,47,10,37,56,29,34,81,83,55,48,50,59,29,34,54,58,29,83,38,57,40,17,86,28,82,94,86,17,74,32,39,19,24,49,53,11,89,81,30,92,78,57,61,31,100,19,36,67,21,82,96,10,59,97,77,28,63,56,64,20,61,93,35,65,34,70,80,98,26,55,90,96,72,89,40,84,16,88,14,12,58,69,81,84,64,21,63,63,39,39,51,94,21,47,61,15,41,60,89,32,68,77,70,86,49,71,56,89,16,72,55,70,74,27,57,90,11,49,56,85,78,52,15,45,86,49,80,96,89,72,27,48,24,28,23,39,73,85,26,93,14,73,23,60,88,18,74,60,58,45,41,53,49,63,20,48,36,57,59,50,43,88,60,56,20,59,48,74,77,82,35,60,95,58,13,100,41,71,25,23,35,46,63,41,14,44,58,44,29,87,74,54,80,27,57,80,46,28,13,38,89,18,96,36,44,12,31,22,52,89,10,42,25,14,58,64,72,23,70,40,82,98,55,34,60,63,62
E472,16,42,49,79,33,67,69,50,42,18,84,28,71,14,100,16,62,63,50,53,77,36,81,40,70,83,27,86,98,79,85,68,53,59,99,45,44,66,55,87,79,13,76,74,16,67,23,53,37,47,83,67,53,39,25,41,85,99,71,55,20,38,24,74,48,33,89,54,58,93,72,66,78,47,91,17,18,50,32,88,96,70,17,37,68,20,72,68,49,80,51,69,52,27,81,16,34,49,95,58,52,69,15,98,65,19,32,87,51,11,78,37,48,73,48,18,19,65,96,72,30,23,80,69,67,21,49,46,53,63,35,40,67,45,62,33,46,68,15,39,100,35,44,71,52,39,35,32,23,18,85,29,39,47,46,45,55,69,97,20,91,55,49,12,59,87,12,90,57,86,52,45,38,42,61,89,89,33,19,64,18,75,91,44,16,26,24,23,56,57,86,77,57,30,55,66,54,53,23,87,59,66,25,10,21,49,53,43,20,94,74,71,68,28,46,89,17,77,13,67,49,42,29,72,21,65,63,17,92,45,15,52,98,78,40,91,70,73,44,59,75,29,25,29,90,26,58,23,77,62,82,25,80,67,93,39,69,77,93,54,89,80,29,34,48,72,50,70,86,60,56,19,51,100,31,74,82,38,92,40,31,99,96,55,61,37,80,44,48,17,85,23,97,23,55,71,48,14,60,91,11,82,67,29,86,97,63,12,14,68,67,29,36,51,47,13,72,65,78,84,62,99,61,49,84,46,71,56,41,74,82,53,43,16,42,79,89,23,12,66,94,87,15,71,35,65,85,49,36,67,28,39,44,26,96,89,94,80,95,67,48,43,30,52,32,14,14,77,35,45,50,59,73,16,27,35,53,24,29,47,45,81,56,22,28,47,17,47,88,59,21,25,69,56,18,100,14,39,88,88,86,76,13,16,25,10,61,83,62,66,15,94,40,85,21,63,21,79,76,74,46,60,29,38,26,48,58,77,44,44,84,92,68,42,62,65,95,26,25,25,16,56,92,53,59,71,71,33,17,11,87,71,94,19,65,60,80,53,55,92,21,11,90,49,21,49,52,80,74,92,31,19,48,75,81,66,43,56,16,11,65,39,33,24,51,13,75,44,72,64,11,23,59,38,38,54,11,85,81,92
E473,86,89,33,59,65,30,34,31,73,60,92,89,15,81,41,87,15,70,86,62,23,69,11,28,86,39,17,46,100,65,55,63,96,32,56,77,68,45,35,92,63,70,79,94,21,91,66,74,34,67,34,27,31,15,52,67,92,68,92,63,63,100,14,45,12,89,22,71,90,91,15,76,16,45,92,35,52,47,85,41,69,20,50,58,27,78,42,55,16,70,35,20,58,78,14,66,47,81,80,92,81,31,81,49,16,20,72,79,52,42,98,46,72,83,79,60,33,31,88,66,38,20,62,84,86,30,38,61,13,22,21,21,60,25,68,12,36,36,96,95,48,83,63,33,61,19,76,84,13,52,44,52,94,43,63,74,95,66,76,72,37,92,25,62,81,92,15,55,11,19,53,63,35,37,72,11,48,50,26,60,69,85,57,13,11,90,48,29,72,36,53,45,12,28,48,53,98,48,85,11,52,46,40,51,41,60,15,91,12,95,29,19,83,66,93,38,38,88,20,50,27,55,11,76,39,57,16,100,59,36,26,54,76,14,73,85,85,85,59,26,47,38,93,23,56,88,37,72,66,47,25,49,96,90,84,93,59,79,69,32,89,36,38,15,43,38,10,57,99,80,58,47,15,77,59,10,94,72,83,31,95,37,89,27,19,26,74,46,55,38,88,65,67,14,56,57,21,18,14,30,19,12,17,93,25,57,36,21,53,72,32,46,20,14,80,71,88,29,30,64,41,10,82,69,68,14,16,41,26,86,87,24,66,23,45,79,41,92,10,36,56,61,23,73,53,100,52,94,82,76,66,20,87,67,84,72,98,26,84,68,47,65,70,19,85,38,13,84,48,79,62,50,79,39,19,40,14,20,56,92,31,44,88,35,78,42,48,93,58,18,74,83,38,18,62,22,58,96,37,10,71,87,59,89,60,96,72,40,58,40,18,20,20,71,19,28,13,48,77,38,30,65,20,67,74,88,36,17,52,97,32,56,88,24,34,83,69,21,16,48,21,10,95,32,73,57,51,61,38,22,74,74,15,63,71,43,71,97,82,39,39,29,28,53,14,63,13,67,39,96,90,58,64,32,39,12,72,92,14,84,55,95,75,80,63,56,53,60,28,37,15,74,19,98,29,27,57,42,57,70
E474,82,15,40,53,97,23,23,11,70,16,92,33,30,73,87,45,51,28,34,22,17,41,56,100,50,91,82,12,75,76,18,18,95,33,81,18,24,42,26,81,80,13,30,27,81,42,39,76,69,27,81,61,94,44,31,41,59,85,23,38,99,15,62,87,93,89,85,41,96,98,82,26,15,16,21,62,30,27,23,41,50,67,24,95,24,26,60,22,59,90,95,34,80,48,77,73,24,99,35,48,35,32,67,65,75,68,25,51,57,73,81,91,28,40,64,93,54,79,13,45,45,90,40,14,24,70,63,55,44,57,93,49,92,54,27,80,56,18,37,54,99,12,35,32,82,90,29,66,13,49,13,33,69,74,34,100,96,62,33,69,77,30,82,20,64,89,26,75,42,14,67,91,89,12,100,43,90,74,76,88,19,76,39,57,51,67,83,27,14,27,35,35,16,73,20,87,44,21,90,41,11,96,90,11,62,90,20,74,65,39,88,16,79,84,78,94,55,52,40,33,43,18,28,56,87,66,15,16,41,34,10,22,36,29,46,89,55,67,10,36,60,60,29,72,29,90,86,93,87,29,66,38,74,72,47,25,85,28,36,16,34,49,80,19,86,21,74,34,39,100,29,73,61,30,23,20,72,20,18,46,49,49,15,30,38,18,49,98,65,57,90,47,49,58,90,18,91,70,72,66,71,37,40,25,55,29,60,38,93,16,20,55,21,64,25,57,26,45,89,62,99,95,95,14,64,89,69,30,27,24,69,57,22,71,41,64,92,77,26,70,19,87,55,87,14,93,19,76,39,67,64,23,32,72,77,43,33,20,13,31,18,52,47,70,89,55,23,96,24,62,27,48,25,90,20,80,40,52,56,22,28,84,44,30,25,79,23,26,82,51,38,97,41,25,84,72,13,85,45,83,23,13,63,98,59,75,66,21,74,23,55,77,32,53,14,33,61,42,79,84,12,38,52,65,48,88,96,10,22,18,75,59,92,56,24,48,35,16,97,95,74,66,20,24,41,53,54,92,93,59,71,87,97,26,23,81,34,86,70,84,52,78,53,99,68,46,22,67,17,25,74,39,48,77,88,94,92,10,95,66,62,40,33,78,37,32,26,15,84,41,34,85,15,86,16,94,21,43,50,12
E475,13,41,39,48,98,10,83,41,87,68,23,91,53,27,35,73,54,36,37,22,16,54,95,65,30,32,18,10,88,95,38,98,28,89,13,73,42,70,72,43,53,94,70,63,48,37,47,35,86,28,48,59,87,54,54,86,99,28,38,61,55,67,87,100,67,20,26,32,36,71,19,68,47,16,87,95,76,83,26,54,80,89,65,54,13,80,42,74,23,68,56,37,97,86,33,16,96,60,17,33,61,54,85,65,46,72,69,72,85,51,20,43,16,88,91,58,21,89,62,34,83,88,41,53,61,23,11,13,31,60,85,87,55,37,51,55,15,31,97,20,53,11,12,50,57,28,80,74,92,75,26,40,20,55,98,57,52,69,86,45,58,41,32,84,66,17,75,23,10,23,76,98,85,55,36,22,38,87,40,17,90,46,64,48,67,14,88,28,96,90,39,14,36,83,78,92,32,69,23,62,26,84,64,72,71,78,44,30,28,50,73,35,93,39,24,86,46,64,76,100,58,51,55,70,22,39,57,65,68,31,31,34,47,39,14,29,39,98,95,97,63,41,88,95,41,53,74,24,35,98,28,27,84,85,86,36,59,64,100,54,54,99,70,68,78,21,99,99,62,15,44,42,23,67,21,63,48,61,11,99,36,19,45,56,10,28,80,41,83,84,92,93,39,35,76,45,54,62,40,27,33,70,61,33,57,64,17,51,84,80,29,79,17,40,80,40,42,86,68,28,60,96,57,59,77,83,11,90,84,83,54,77,22,74,66,83,27,16,62,17,56,73,52,52,61,42,14,28,13,10,60,90,73,57,95,57,35,44,62,96,34,69,20,58,44,91,10,97,34,37,95,23,80,54,56,50,99,97,60,17,55,52,77,98,10,35,90,69,15,85,46,87,74,45,45,10,78,92,55,36,58,43,97,25,15,11,40,96,72,99,81,24,91,27,85,75,38,72,58,84,87,66,26,11,51,45,79,15,23,90,62,48,45,54,55,84,26,75,52,77,90,17,85,66,59,60,30,42,14,89,93,78,15,42,85,28,14,79,50,85,42,63,30,47,97,46,69,13,55,34,45,18,35,48,21,76,63,12,37,12,49,56,59,49,91,70,52,41,42,64,42,12,66,78,43,38,91,57,52,97
E476,12,89,38,46,31,72,77,90,81,48,78,87,99,52,29,71,35,78,71,45,25,60,55,40,66,61,21,66,23,84,78,26,70,15,65,90,79,73,25,77,89,60,10,96,45,87,28,86,61,67,58,63,20,52,89,76,81,24,81,53,50,70,47,63,20,89,91,73,35,76,24,62,29,53,93,51,65,75,54,83,52,50,69,75,77,93,52,12,92,79,18,46,19,32,54,56,88,61,47,60,80,49,83,74,23,18,90,80,39,52,27,54,42,24,74,99,25,10,45,77,43,51,53,65,96,86,92,17,13,39,88,69,91,89,58,72,80,17,18,25,17,55,29,83,82,93,31,74,48,21,49,56,34,43,92,86,36,66,45,53,42,87,27,62,37,73,78,23,77,78,73,86,60,89,48,79,13,60,12,16,95,87,84,20,85,99,80,23,32,81,11,98,48,46,35,26,18,74,59,94,46,61,64,45,60,17,40,81,92,22,45,14,40,25,36,66,88,43,36,57,23,44,21,16,20,86,98,24,30,18,44,32,84,58,17,97,70,13,31,73,67,92,52,52,89,60,19,67,54,97,47,90,49,15,30,75,16,12,12,40,56,30,18,33,48,75,67,95,69,73,83,36,57,22,71,50,23,32,36,61,12,28,33,49,59,38,45,48,23,60,64,16,76,87,43,98,97,20,39,11,89,62,65,72,68,56,46,77,93,44,73,86,12,95,65,87,55,44,77,66,66,85,99,87,26,31,90,30,26,30,81,64,95,47,77,35,40,23,31,12,71,21,22,75,53,48,18,36,85,18,97,98,71,33,21,70,77,94,89,30,54,50,100,86,20,46,75,32,42,75,55,30,81,11,20,10,55,89,49,99,15,53,11,48,28,21,62,20,98,10,75,18,98,70,100,93,28,16,51,77,80,61,46,61,27,44,89,30,22,24,60,97,84,19,81,65,95,15,47,59,40,13,57,99,52,98,49,73,44,71,64,43,16,53,25,34,98,45,97,84,36,60,34,95,52,44,43,93,12,29,34,14,64,97,10,81,68,71,52,37,44,46,58,24,41,64,34,89,33,38,42,55,95,73,10,27,37,100,95,96,69,17,97,40,99,78,17,37,17,50,47,88,61,94,48,99,19,54,99,47
E477,18,13,22,86,55,30,95,89,28,98,48,82,96,48,59,90,48,19,73,70,97,86,23,11,66,100,77,81,15,53,30,57,99,41,53,87,58,74,18,36,61,66,62,71,68,63,43,49,80,62,30,79,97,79,79,22,69,89,54,90,74,54,32,36,92,72,56,29,39,41,34,88,94,97,49,45,52,38,16,32,73,49,83,60,42,45,20,53,100,17,88,84,81,85,34,64,68,59,30,60,34,34,24,20,30,47,88,18,78,58,41,66,39,78,55,48,77,26,38,51,28,58,21,41,55,52,37,86,84,38,33,62,83,32,66,47,36,52,29,70,40,91,19,34,16,74,70,65,82,57,92,96,10,17,62,62,45,47,66,66,67,10,59,47,69,76,25,61,25,83,95,54,65,44,23,44,56,14,22,73,98,10,82,80,23,39,79,62,29,99,82,62,98,90,48,85,75,71,80,79,21,43,10,35,40,29,74,87,69,64,10,27,88,87,31,30,38,75,91,68,32,46,35,48,39,32,51,15,33,99,26,29,83,82,27,83,46,77,19,24,91,73,95,45,64,43,10,11,31,87,35,24,86,19,26,85,18,12,14,62,94,46,100,76,55,19,55,29,94,48,64,21,71,23,51,17,90,52,64,10,89,57,23,19,82,50,80,51,33,43,26,79,25,23,36,80,18,38,19,100,79,96,42,62,71,93,57,41,83,12,52,91,50,71,40,37,27,74,33,18,23,43,77,55,17,81,58,85,67,23,43,26,72,77,52,51,61,20,23,23,43,82,36,17,86,37,77,91,95,74,64,70,11,47,67,88,60,10,23,70,86,66,31,73,40,84,82,81,78,55,17,66,38,86,56,34,78,28,93,51,97,19,31,46,69,17,46,70,28,97,25,95,44,75,29,78,30,61,73,43,21,17,82,96,28,92,84,73,33,34,78,74,41,55,58,38,30,69,45,44,74,42,47,28,35,18,64,90,33,25,81,84,80,32,13,42,15,57,72,28,71,52,13,26,25,90,92,23,97,91,91,13,52,47,89,32,57,64,71,66,43,58,10,56,44,69,71,45,92,47,46,85,51,84,15,51,10,25,91,61,68,88,78,81,21,47,48,42,36,66,66,92,10,44,17,17,86,71,66,15
E478,63,21,17,26,85,46,62,61,79,89,54,96,82,47,77,19,83,41,67,97,85,17,97,20,67,77,98,11,50,83,44,53,24,24,72,37,68,92,32,64,59,22,58,80,16,44,19,10,16,86,21,22,99,23,28,84,64,54,60,50,93,84,85,17,41,76,87,27,90,51,45,37,13,90,83,87,25,31,91,40,43,51,23,35,98,92,27,84,30,78,10,65,58,17,20,99,37,10,90,34,13,26,87,55,82,49,38,29,11,72,87,15,48,50,56,31,54,76,80,85,78,75,71,33,67,37,60,58,65,93,77,50,19,11,27,23,51,77,10,87,90,10,23,39,96,77,63,83,20,48,98,72,81,71,45,70,84,35,66,18,38,68,28,24,36,28,27,85,68,30,11,86,37,19,93,70,45,49,25,77,67,75,71,56,47,30,69,52,43,13,71,43,44,92,74,95,83,88,97,26,63,43,81,50,35,42,93,15,50,62,79,46,91,12,17,44,94,41,66,19,16,100,39,24,80,61,75,94,79,55,81,97,92,82,78,46,99,17,44,64,97,58,24,34,20,86,87,10,18,54,11,62,21,96,81,40,60,68,80,39,79,99,66,42,52,76,89,49,73,25,85,37,95,55,42,15,88,30,25,67,98,80,81,96,92,100,29,75,98,66,50,55,37,86,60,88,22,77,67,100,53,85,40,45,28,81,31,79,82,72,30,59,84,20,82,92,81,24,16,44,88,93,65,43,64,74,81,30,82,65,47,97,23,41,20,59,38,74,74,31,14,28,10,10,13,68,13,27,64,65,99,57,67,73,66,83,31,64,84,48,81,28,61,30,54,86,85,78,44,30,68,81,58,31,57,98,15,92,59,43,94,81,34,93,23,39,96,44,47,79,67,100,85,46,14,17,91,77,76,38,68,43,82,67,24,69,84,89,81,29,48,23,55,76,17,75,72,45,41,79,74,19,31,92,90,91,56,74,67,35,49,19,12,72,24,60,71,38,19,21,100,87,69,49,22,87,92,79,58,67,78,43,98,22,81,78,43,57,93,72,81,26,82,41,96,31,46,67,45,60,93,11,11,80,95,36,78,65,10,91,84,65,49,10,63,47,91,77,93,10,13,52,88,36,78,40,63,40,43,22
E479,54,87,75,49,23,48,30,92,47,61,46,51,29,28,90,12,71,20,61,35,53,79,54,97,66,63,99,96,78,70,42,44,36,68,28,72,53,47,71,15,44,95,44,39,96,66,19,34,87,46,71,96,92,37,36,26,88,42,12,19,47,14,84,72,94,87,25,22,37,44,12,11,91,33,65,19,56,82,18,83,43,58,72,31,11,36,51,97,41,96,39,87,38,26,36,58,80,85,10,18,48,67,16,65,18,72,60,24,11,49,51,54,67,67,63,59,98,46,33,20,99,20,74,81,37,36,16,74,32,48,63,74,31,16,81,72,69,58,94,16,53,99,22,94,29,58,61,67,63,44,75,50,66,34,40,78,54,28,95,52,53,89,26,78,100,63,63,68,41,27,37,87,47,69,27,33,43,36,96,79,62,13,27,85,71,53,41,88,72,25,35,39,27,100,54,99,62,64,94,19,29,42,94,69,52,69,88,31,18,29,20,97,76,62,18,82,88,56,27,67,23,79,10,40,73,56,86,19,83,84,35,40,69,100,36,44,36,44,96,92,91,47,57,30,77,83,75,81,20,13,67,77,15,18,62,41,89,56,21,93,38,20,15,62,78,55,14,78,85,14,66,76,50,95,26,90,86,100,93,84,48,48,76,73,12,25,26,79,11,25,51,27,35,95,86,89,20,22,80,62,58,42,74,94,43,48,70,15,38,41,68,19,83,82,87,56,50,27,19,32,89,75,32,74,39,40,63,60,68,11,73,61,42,89,92,84,100,99,41,89,26,31,65,34,33,29,51,20,76,33,69,39,65,12,56,37,74,68,99,43,82,68,71,75,74,61,60,98,57,76,35,48,83,82,93,66,91,36,22,82,92,29,61,70,33,74,15,28,90,24,36,63,55,27,22,13,30,18,80,90,82,72,31,71,97,41,95,53,33,52,25,22,90,62,81,77,53,42,61,16,97,23,89,80,31,10,15,11,65,38,14,68,77,98,55,36,79,55,46,23,20,37,51,73,25,78,18,18,70,96,34,53,33,38,72,36,71,18,30,85,69,95,38,10,30,14,71,34,46,71,35,10,47,60,52,88,11,43,22,82,40,83,71,82,77,100,93,61,16,78,10,25,65,94,59,50,11,48,44,41
E480,85,35,35,38,13,89,82,85,17,66,56,60,93,63,79,71,89,14,86,83,33,92,61,39,71,82,10,36,49,58,51,42,79,50,86,38,86,21,62,71,36,22,14,13,63,98,72,20,69,35,20,24,89,79,90,12,86,12,67,41,11,13,52,75,98,50,83,87,78,55,80,56,17,53,88,26,72,92,90,23,75,15,17,52,76,94,18,47,22,90,21,90,87,14,84,17,77,81,42,96,44,99,96,77,15,45,74,97,89,25,48,77,84,88,77,42,44,70,34,60,29,86,57,75,77,11,37,96,77,67,84,64,64,21,41,30,98,84,18,53,32,55,98,70,47,26,72,95,78,70,67,74,56,14,49,65,74,13,34,45,58,95,40,37,91,27,58,67,92,13,78,87,55,54,35,17,41,76,95,67,63,50,79,92,57,45,68,71,27,97,71,67,84,24,66,25,26,74,64,98,16,96,34,18,54,27,62,74,56,40,46,88,71,31,95,52,49,12,47,99,43,88,81,77,42,23,19,68,11,54,99,94,16,64,49,40,90,14,22,73,53,33,66,62,37,67,99,85,44,67,68,82,51,68,19,80,33,41,30,49,24,63,14,96,11,72,72,95,43,41,37,98,66,42,75,56,71,14,67,20,65,41,39,96,21,32,24,63,23,81,74,86,100,56,50,49,57,31,35,65,78,86,64,33,90,68,71,20,97,31,97,11,52,30,71,18,92,20,48,19,92,12,17,79,46,48,12,45,83,12,59,12,88,27,18,23,33,56,41,81,78,100,39,65,16,10,75,59,87,30,12,99,17,46,64,12,64,88,11,80,23,83,37,27,59,39,13,65,85,82,100,37,94,70,18,56,52,92,56,80,53,93,74,77,19,39,50,98,63,14,26,13,50,11,96,90,82,36,97,14,92,77,20,11,36,37,98,55,62,37,69,75,81,17,92,43,70,86,93,74,28,20,91,26,47,28,86,27,10,48,60,50,36,75,95,76,51,100,53,53,24,72,41,45,79,33,11,90,96,70,32,75,29,11,59,90,93,30,79,37,70,89,67,96,33,56,57,29,20,24,35,92,94,59,38,30,15,33,54,57,64,12,32,70,72,54,51,65,80,34,56,60,100,17,17,14,79,82,17,49
E481,93,93,80,80,69,50,81,18,66,60,59,99,59,88,51,72,75,86,85,47,39,49,97,28,13,57,35,49,75,54,92,35,70,35,34,96,78,75,39,64,27,50,63,16,13,48,33,61,10,41,74,87,11,10,20,66,89,21,66,86,62,43,80,40,16,41,21,85,56,19,41,80,94,22,99,19,56,94,91,100,55,31,59,33,66,74,59,95,52,32,72,22,67,45,80,76,66,79,100,56,93,85,35,22,49,78,53,58,20,40,67,34,42,17,96,84,52,97,24,55,44,63,78,85,20,65,49,11,47,61,44,64,100,95,64,96,52,25,64,87,44,79,32,50,19,13,18,89,53,81,97,22,22,30,88,54,75,14,66,92,70,58,85,33,72,46,10,73,47,78,30,40,79,73,45,67,69,70,83,79,27,78,63,88,65,52,36,35,30,98,69,58,15,98,85,93,88,55,17,77,16,54,62,64,25,64,84,63,72,94,62,28,95,64,80,95,33,53,99,31,83,33,80,73,18,52,39,42,98,96,86,49,62,74,70,95,30,67,91,22,89,70,13,67,16,14,10,37,42,83,26,23,73,52,34,40,99,61,20,45,79,55,37,46,28,36,96,33,20,62,58,76,41,32,14,87,11,95,67,84,58,56,88,89,36,69,11,64,35,91,35,10,66,94,93,19,80,23,64,35,70,44,77,91,33,50,27,72,80,89,48,19,77,30,28,68,79,29,44,78,84,72,23,40,88,92,67,67,43,86,15,95,81,66,66,43,18,36,34,26,70,55,30,65,30,27,41,31,70,77,53,42,80,76,93,84,55,86,39,44,51,31,91,16,73,97,18,45,61,25,65,86,23,52,49,61,82,19,52,70,96,57,69,45,28,68,32,38,19,83,63,81,53,39,34,26,97,60,70,80,85,90,67,51,73,86,92,44,22,22,42,47,88,66,44,82,20,25,27,45,77,13,89,98,57,95,91,92,87,100,82,90,14,57,12,82,56,100,26,45,91,23,46,40,90,71,86,58,99,57,58,74,87,57,18,68,88,18,67,59,28,19,59,37,61,66,56,92,98,91,61,57,96,21,13,60,36,89,19,58,13,44,36,71,46,28,17,70,71,30,50,31,20,78,70,27,38,67,92,19
E482,81,69,98,77,28,91,80,32,65,75,76,81,78,87,22,95,26,69,22,12,14,20,34,43,29,94,94,11,90,51,10,15,39,49,93,63,75,46,93,54,83,99,11,60,62,100,99,20,53,78,99,98,31,58,88,59,41,45,10,44,91,77,43,15,92,62,72,61,42,61,69,69,54,46,62,78,80,23,21,85,58,92,67,65,68,50,42,99,28,84,24,76,54,17,94,49,49,50,13,66,59,70,17,78,70,39,15,17,63,84,65,67,33,30,100,10,23,77,82,67,84,25,63,13,97,88,24,43,13,94,48,17,85,41,79,33,57,10,97,74,95,55,35,87,29,58,62,52,56,16,23,94,72,99,97,69,70,34,49,36,74,22,50,56,21,16,20,78,47,37,56,39,65,27,38,61,99,74,27,54,73,66,37,59,11,77,46,19,26,90,12,88,95,94,27,29,36,28,43,74,79,88,81,92,40,67,18,68,75,70,83,22,49,41,88,50,48,96,63,16,93,94,87,60,55,78,96,80,83,48,10,79,12,84,32,97,86,71,94,80,21,60,45,99,97,87,97,73,62,31,77,46,72,23,100,73,75,15,48,99,57,20,31,21,47,15,52,26,89,32,51,79,29,70,60,93,59,59,91,63,46,32,71,31,25,25,80,69,12,78,45,68,23,75,53,44,84,15,28,88,72,66,82,37,57,81,92,28,91,33,22,74,24,37,70,28,91,42,58,37,72,25,71,16,77,28,77,77,70,72,31,27,70,39,29,16,13,63,21,86,24,22,15,52,45,47,98,24,26,45,58,29,85,19,13,49,73,25,64,94,13,68,77,43,41,49,72,34,71,64,27,29,100,28,86,89,36,30,63,87,84,70,43,74,99,41,100,42,14,92,97,44,96,90,87,96,51,23,72,46,90,76,49,21,41,56,15,92,89,15,75,28,10,72,22,73,85,58,39,17,98,22,56,69,15,28,46,39,43,87,57,14,12,14,11,96,98,68,54,43,86,24,70,55,39,19,94,97,59,22,46,48,16,38,92,19,37,13,62,47,10,99,93,77,13,85,76,70,71,79,69,73,24,77,21,72,16,45,94,63,86,37,54,35,58,51,19,37,43,88,11,95,98,10,78,13,89,91,99,62
E483,25,37,28,52,47,18,21,65,38,80,88,36,84,67,85,73,23,93,12,61,58,40,39,19,79,10,85,95,38,75,26,77,56,78,97,51,91,49,96,66,23,95,70,25,11,53,27,14,73,31,36,38,12,60,51,54,47,26,57,86,73,11,20,54,92,18,94,95,12,39,87,74,70,87,53,66,66,10,92,82,12,47,90,100,38,19,56,52,89,47,25,29,44,27,75,11,35,39,16,22,55,30,84,54,34,21,66,23,41,31,10,78,24,94,26,23,31,56,36,33,28,27,57,20,84,95,77,28,82,50,45,39,60,53,72,31,84,81,79,30,49,53,70,12,86,80,58,17,85,10,10,52,82,48,58,11,86,99,64,73,61,34,91,75,21,27,71,32,43,88,83,62,37,12,24,80,84,24,74,54,55,93,33,45,95,38,36,32,33,51,97,66,83,80,73,38,12,66,60,28,53,29,82,53,25,28,57,48,10,25,65,68,55,22,80,62,62,65,18,38,65,43,91,22,30,62,26,71,64,54,94,85,88,16,16,88,88,79,56,58,40,77,55,99,10,85,89,79,69,84,36,94,67,53,18,16,18,81,21,74,48,56,87,27,88,89,84,62,43,19,38,47,10,37,90,18,26,99,54,60,36,31,69,46,88,80,30,25,62,72,54,92,83,88,20,80,71,85,91,21,48,18,88,44,73,75,63,43,45,90,21,26,60,75,68,53,69,77,94,26,23,92,31,91,41,68,74,95,36,33,73,42,20,11,48,64,34,99,13,54,10,77,37,46,99,70,36,61,56,98,10,76,60,49,54,81,98,100,70,54,99,67,81,78,73,40,18,34,23,37,13,36,63,82,56,14,96,64,69,61,25,75,53,42,95,70,33,53,17,35,53,74,83,79,100,69,70,82,46,15,29,43,27,85,39,85,70,37,11,34,59,47,95,78,20,69,35,15,83,45,35,58,32,85,23,40,84,24,31,74,81,40,90,15,96,82,96,97,91,68,80,52,63,23,78,61,91,89,66,51,50,92,95,33,92,18,93,94,10,26,71,86,51,81,36,53,51,15,10,55,12,23,16,94,94,55,10,17,92,75,65,66,30,13,33,77,80,52,72,95,54,46,40,63,70,73,73,51,85,95
E484,72,11,80,83,91,56,28,81,79,56,85,47,80,85,62,72,18,77,97,54,45,52,30,28,77,87,100,74,57,76,60,27,49,64,48,65,44,15,84,100,58,17,59,93,62,95,96,35,43,98,89,82,80,38,45,96,50,68,24,55,88,57,48,36,71,68,76,83,13,42,55,78,61,50,84,32,52,45,93,86,13,71,29,34,74,94,86,75,15,34,94,95,51,17,86,90,97,18,94,90,88,76,90,29,69,44,21,34,16,100,68,46,32,95,20,44,74,22,96,23,43,88,34,84,81,24,67,11,98,18,95,12,76,62,70,71,62,92,23,94,64,64,94,63,22,88,86,87,59,34,19,28,99,20,17,11,40,40,85,65,47,73,80,29,64,96,86,58,41,77,10,64,88,89,62,61,67,56,25,16,82,62,97,26,23,56,75,50,70,10,33,26,50,68,56,79,11,76,11,29,86,16,40,77,47,66,71,64,43,68,33,70,73,61,38,68,59,79,80,87,56,65,45,20,95,80,100,73,14,94,97,18,38,65,57,89,55,62,93,37,53,52,39,24,46,11,79,27,51,56,50,54,88,46,62,39,29,58,82,90,25,100,14,38,72,45,78,59,66,16,11,42,70,17,37,81,45,36,53,78,23,31,51,57,75,99,21,20,11,18,31,63,17,44,51,91,20,67,82,17,20,57,21,67,51,78,67,38,42,87,61,44,58,93,31,71,31,55,73,41,67,95,42,80,38,18,39,16,81,15,30,74,92,92,78,23,76,19,82,79,55,33,33,93,91,79,87,52,71,30,18,37,57,19,88,60,66,40,57,56,18,60,18,76,26,58,11,24,69,60,27,26,26,99,29,63,64,77,30,61,15,88,60,82,61,63,40,47,23,23,33,77,11,37,43,22,96,93,75,97,15,98,92,33,78,46,81,12,80,70,97,42,44,73,30,21,92,43,63,73,96,40,39,52,62,40,17,80,27,34,87,17,24,11,21,80,33,37,13,89,59,28,64,17,51,59,17,31,50,35,66,12,58,48,51,59,18,13,62,97,68,18,37,63,23,67,19,36,88,32,79,28,92,68,49,88,86,48,77,92,73,81,69,17,86,96,91,85,35,21,28,69,29,74,79,17,94,31,96,75
E485,14,90,40,89,78,97,44,24,85,44,97,60,69,54,16,93,40,31,79,96,64,78,39,96,30,97,47,55,53,37,85,46,92,66,10,20,29,21,68,77,30,31,90,45,75,98,20,58,47,44,84,93,20,29,42,35,52,47,51,99,26,59,78,93,37,83,55,32,74,49,60,39,87,57,52,40,12,64,94,59,50,95,98,87,55,29,66,61,58,56,47,13,56,68,66,80,18,72,10,58,60,84,18,35,14,37,27,37,68,39,99,48,52,10,45,87,60,71,87,94,79,33,39,21,87,86,97,57,44,46,10,77,98,65,49,41,15,53,90,97,77,70,37,78,79,85,87,59,57,41,13,93,37,38,93,78,39,81,76,69,59,13,88,33,88,56,47,79,32,98,100,99,59,83,45,70,35,16,41,66,86,38,95,74,98,91,56,13,48,95,13,74,92,40,78,86,41,50,35,45,89,29,27,40,59,24,100,24,51,76,20,60,48,84,81,60,85,93,25,27,46,85,70,73,64,36,91,79,65,21,10,11,94,68,57,37,29,55,67,10,94,11,24,85,46,43,68,90,34,14,61,25,66,45,36,55,75,75,83,77,23,78,70,71,86,41,39,90,98,61,37,68,91,32,84,91,67,32,77,63,23,42,25,96,77,93,59,76,71,52,29,69,79,72,19,72,93,21,14,46,88,62,37,80,24,95,67,92,22,24,79,31,28,33,32,74,38,61,11,27,53,73,62,99,77,42,20,31,10,75,14,36,72,54,68,47,89,94,89,32,51,16,28,11,38,15,44,74,17,82,28,78,62,34,60,65,78,79,91,78,79,100,24,88,34,59,18,94,50,16,98,40,35,58,59,58,56,61,44,28,13,72,28,74,13,46,19,53,69,44,80,44,98,62,24,13,47,17,77,58,48,24,45,12,59,24,74,16,78,35,34,41,57,17,49,69,84,22,98,20,33,88,91,92,49,82,32,85,45,96,37,61,27,33,60,86,57,80,74,45,91,51,71,69,31,46,12,50,86,76,89,56,29,97,15,53,88,76,56,23,57,30,21,24,47,77,80,27,61,74,85,43,76,92,40,25,76,67,74,61,42,26,59,13,19,39,56,77,73,59,86,54,31,72,38,44,72,30,45,88
E486,58,55,56,49,86,90,41,13,94,60,49,52,94,17,43,49,10,35,100,99,84,47,68,54,81,91,73,86,18,33,63,88,28,16,36,80,97,22,41,41,99,70,26,10,96,37,68,34,14,56,27,11,88,64,67,45,83,22,85,84,19,27,36,92,94,53,33,67,86,59,23,38,94,71,72,76,64,76,47,21,47,78,39,11,32,40,46,12,89,10,46,96,52,17,38,25,10,93,95,84,14,33,86,98,22,94,80,94,35,79,14,65,21,87,21,82,72,24,31,95,53,58,57,73,96,95,76,77,81,94,40,20,56,61,87,18,31,11,80,95,11,34,73,29,79,44,56,95,90,36,15,34,100,62,100,39,51,16,77,15,87,69,18,50,21,11,49,64,28,91,94,10,38,33,30,61,79,63,57,10,58,64,89,78,32,32,68,79,87,30,15,77,81,84,60,39,73,72,77,67,79,57,99,12,72,74,67,14,86,52,38,47,13,84,55,26,46,13,75,67,22,99,52,97,47,83,87,71,76,84,33,81,54,12,13,34,74,79,88,32,59,47,96,91,14,79,28,56,52,99,80,23,14,33,24,49,47,10,24,92,62,59,34,75,75,76,81,71,81,90,25,56,23,18,80,38,15,31,15,87,66,89,91,12,41,34,43,92,45,77,46,22,89,57,63,84,51,80,81,91,78,83,37,60,64,46,67,99,65,97,87,95,96,22,100,74,56,48,11,40,19,78,83,57,45,42,39,18,32,87,100,14,67,62,23,58,76,77,36,28,94,52,85,73,15,56,91,52,14,38,86,16,59,62,13,33,21,82,88,30,70,41,30,99,96,14,85,42,90,69,60,15,75,93,100,40,13,76,76,75,12,65,49,82,25,62,67,52,32,56,22,34,29,24,36,92,95,80,66,41,30,84,75,65,64,92,79,47,66,68,97,70,79,60,84,54,64,16,76,83,80,80,34,37,39,100,89,23,25,90,51,92,58,60,85,35,67,32,61,18,69,43,69,29,89,50,87,75,21,66,69,13,67,69,72,85,22,58,39,42,86,39,13,23,67,39,28,26,63,66,99,65,37,66,64,59,55,49,72,90,67,17,27,45,84,79,26,12,36,100,63,20,91,96,48,55,13,97,100,73
E487,36,61,30,89,65,24,65,51,100,61,62,46,27,42,73,98,70,49,16,86,58,77,80,59,50,40,90,23,32,81,47,21,99,16,75,43,93,48,42,79,48,25,84,22,54,12,48,90,66,11,79,94,46,28,46,97,93,33,36,81,82,12,28,64,46,91,17,15,98,77,87,44,62,62,32,47,48,10,59,66,10,28,88,46,12,91,95,17,91,95,44,99,68,78,54,24,71,32,18,46,96,24,67,50,21,58,14,62,40,22,55,26,43,12,30,100,76,62,69,48,57,36,67,54,50,45,58,11,85,50,44,65,99,88,100,53,98,96,67,13,88,13,88,75,28,52,42,72,40,39,84,69,67,57,14,46,97,48,99,93,46,75,71,78,39,44,73,78,90,97,92,91,96,54,31,75,47,52,49,37,44,79,29,56,50,50,52,89,89,65,16,34,21,18,25,87,70,53,30,26,24,49,34,52,52,16,84,89,85,46,17,49,69,82,91,47,46,88,61,45,57,56,92,14,92,89,36,39,83,26,98,46,98,53,73,75,50,90,85,14,38,94,76,92,95,52,77,11,20,10,75,67,56,20,89,93,82,79,44,95,31,63,86,47,14,83,33,79,90,54,46,100,44,53,78,77,75,62,40,42,55,33,61,54,74,19,99,47,12,86,85,96,74,29,23,72,57,25,54,93,63,37,50,18,56,40,19,22,53,53,55,27,89,25,19,43,86,51,28,79,65,80,80,12,46,49,84,38,53,100,94,66,88,78,63,29,93,56,77,33,80,26,33,43,89,31,19,12,50,24,77,16,77,89,75,63,74,61,19,41,29,47,12,89,37,88,93,61,95,59,43,72,34,52,37,100,31,96,82,55,52,42,52,56,57,28,45,27,38,53,23,24,16,15,16,65,53,71,27,29,32,20,78,61,79,35,33,48,62,66,63,53,71,60,37,86,97,23,19,97,58,95,99,73,53,89,71,72,55,96,51,81,80,49,63,61,87,29,14,13,49,82,99,80,83,13,62,42,40,49,28,56,33,33,31,91,100,97,24,40,98,70,34,79,13,83,98,41,47,80,17,49,45,75,78,97,77,67,30,20,22,48,52,20,11,18,55,90,84,38,77,15,99,38,48,44,41,22,71,13
E488,92,48,37,11,46,68,45,74,78,43,26,24,37,68,28,54,30,69,78,86,64,53,67,48,35,43,14,45,48,26,81,80,82,61,89,28,56,70,62,62,82,60,100,95,68,67,69,40,28,77,18,32,88,58,65,91,72,97,13,58,16,13,30,16,29,50,48,30,72,79,75,13,31,40,73,78,29,71,35,91,89,90,88,39,77,14,27,63,44,28,70,57,96,19,37,46,38,12,89,93,79,75,22,45,90,33,95,79,46,75,77,39,72,43,43,61,44,56,36,93,35,98,93,30,43,79,74,51,17,11,38,23,24,35,13,29,67,88,18,31,44,91,55,83,79,48,19,25,96,52,47,44,43,42,23,14,44,52,43,40,46,78,92,40,52,96,59,12,66,22,48,90,28,13,79,26,86,96,25,84,11,64,43,61,71,57,41,75,99,91,13,86,52,58,95,12,37,84,72,78,37,40,53,90,35,37,60,25,13,49,47,39,72,26,51,11,15,95,15,33,93,66,93,45,68,32,93,30,44,77,67,29,66,15,98,86,47,75,67,69,19,89,66,39,88,41,29,64,57,54,100,63,46,44,60,41,65,88,57,98,42,21,99,29,73,58,36,45,74,51,23,25,93,64,47,42,77,23,13,68,30,81,48,37,31,50,100,48,15,20,32,47,26,48,65,49,27,44,12,32,90,53,91,29,72,96,93,71,89,74,97,66,59,70,87,62,68,44,72,96,64,89,11,65,19,30,68,89,94,92,15,99,91,97,48,93,46,98,14,85,42,50,80,63,39,10,91,91,75,66,30,33,39,40,90,79,73,28,69,97,97,59,81,87,95,39,95,50,42,69,56,99,52,72,56,73,69,56,79,70,64,42,10,59,95,75,77,86,84,100,32,11,65,85,22,21,18,99,96,30,84,46,15,41,88,85,19,82,93,81,91,19,46,93,83,78,30,93,22,65,26,45,75,26,53,48,31,51,42,15,75,94,62,67,93,70,50,62,61,73,95,11,73,35,85,35,21,43,87,27,47,25,87,35,66,12,96,83,85,88,34,27,47,99,97,84,54,95,98,61,44,18,20,36,67,35,23,47,40,96,89,52,35,45,65,49,60,92,69,30,96,50,54,89,73,20,38,23,54,39
E489,35,15,61,11,71,14,44,71,73,12,73,38,59,11,54,31,30,40,57,100,27,51,61,66,21,36,45,85,62,68,53,52,30,63,91,66,98,88,27,88,51,82,79,60,81,72,79,35,98,51,46,98,53,71,15,87,22,84,91,47,93,99,37,88,100,27,60,21,82,20,36,76,51,55,57,23,55,31,45,59,95,91,79,36,75,58,73,97,54,11,67,23,90,79,86,73,76,85,31,67,43,22,90,58,12,65,61,96,98,13,79,94,94,63,76,96,30,33,52,71,11,92,25,53,37,44,58,60,97,98,16,27,65,23,42,58,33,39,92,17,95,49,59,75,14,18,67,86,67,84,75,30,97,22,79,73,86,79,99,16,29,77,95,64,79,19,22,81,70,10,76,75,61,39,57,65,48,41,60,100,22,45,80,92,60,12,79,40,92,88,63,41,92,48,33,96,13,15,69,100,26,76,26,35,71,21,58,22,75,82,76,97,14,93,71,50,84,66,33,47,49,17,43,56,37,10,25,63,51,63,71,90,41,18,67,70,29,15,61,38,42,49,62,38,63,36,49,34,77,99,86,89,45,49,32,91,43,40,99,88,19,68,73,47,13,31,97,71,69,43,75,25,59,63,20,47,28,70,83,61,10,33,29,90,86,17,20,24,89,100,73,14,97,35,38,25,57,94,13,45,90,57,20,80,44,23,17,57,27,59,98,73,74,41,44,52,44,61,14,48,92,100,22,92,91,61,100,53,31,99,31,32,32,65,13,74,98,88,47,96,87,96,42,99,96,55,58,79,29,35,54,69,54,96,76,51,30,88,23,16,21,24,52,73,81,99,17,93,98,22,12,30,80,47,31,82,56,15,69,88,25,41,31,97,80,35,92,73,47,27,81,56,48,82,81,69,11,15,14,64,32,11,79,25,56,80,25,16,87,66,13,85,63,85,40,14,14,14,74,38,76,90,50,24,82,14,85,99,22,14,46,49,42,79,85,34,97,30,97,13,33,48,87,60,95,27,35,16,10,98,41,81,40,25,43,93,68,61,69,76,91,27,41,16,38,68,80,94,65,33,42,96,61,98,40,42,88,53,69,32,83,45,13,57,54,52,49,91,70,17,46,40,66,78,52,53,80,20,67,19
E490,60,78,39,15,67,53,44,86,28,27,32,34,10,59,99,58,13,88,50,79,37,97,34,97,36,43,39,33,15,45,19,59,40,32,27,57,97,12,84,31,76,67,93,16,32,71,23,50,23,35,61,61,71,88,28,34,92,29,64,37,93,11,83,37,23,62,61,71,51,72,91,63,67,59,31,91,73,86,73,93,53,82,75,39,99,13,67,21,11,86,37,34,14,44,30,87,21,50,94,96,53,56,63,60,70,62,46,99,42,85,76,74,48,48,72,25,52,55,55,33,26,67,67,42,72,68,37,69,69,12,53,36,43,35,86,71,48,42,91,51,89,11,73,31,50,16,22,48,85,29,61,21,62,69,19,94,63,17,46,75,33,91,32,89,93,39,78,34,95,61,14,95,24,95,11,45,24,89,74,75,64,40,37,16,21,41,22,94,68,43,40,46,94,84,45,95,22,98,51,34,59,42,24,27,29,69,90,73,69,58,15,35,29,25,62,74,65,30,43,55,90,50,57,99,100,95,94,60,22,58,22,74,39,94,63,48,72,81,96,21,33,30,60,90,29,42,48,32,52,17,58,14,41,79,15,81,22,58,72,57,69,20,60,89,54,41,58,22,48,10,60,15,47,48,54,54,59,79,77,95,98,37,84,64,58,18,59,40,28,59,16,86,12,51,10,33,34,97,76,16,77,97,48,19,59,31,100,18,70,42,93,76,20,75,95,97,98,29,45,81,34,93,74,62,88,17,56,79,79,31,63,82,76,76,44,22,23,75,43,72,37,28,54,76,15,99,78,61,85,62,79,59,75,86,25,35,79,15,62,70,55,48,21,79,98,77,68,54,45,90,54,58,77,15,49,26,41,87,91,100,67,39,76,20,57,85,62,71,29,17,42,63,85,30,16,99,97,19,19,13,79,98,11,23,99,71,88,11,44,81,86,30,57,29,60,99,60,36,26,77,13,54,48,54,53,72,18,64,11,26,83,28,16,70,46,57,35,39,16,74,48,50,75,45,78,26,72,46,87,49,71,37,92,17,61,78,35,29,85,61,77,17,24,33,61,57,79,66,74,39,22,28,14,83,51,27,19,90,47,73,61,27,19,60,27,59,38,27,79,96,27,28,37,39,14,19,71,49,45,28
E491,67,48,87,33,73,93,13,29,40,44,26,10,29,94,20,82,23,25,86,17,100,92,39,42,33,84,53,75,97,40,30,35,54,95,25,92,55,94,33,56,71,62,21,57,49,12,86,30,60,53,63,73,82,53,95,19,33,77,85,95,69,26,29,27,85,32,87,94,89,82,91,79,83,63,36,27,89,80,14,60,54,24,62,53,28,54,17,47,50,88,40,39,83,97,27,49,80,72,18,52,28,90,19,34,65,51,38,92,98,25,42,88,44,14,24,90,32,36,95,63,73,26,57,42,95,61,97,60,23,80,49,55,26,47,91,53,40,67,30,45,28,29,29,81,22,23,53,74,94,72,23,31,38,91,36,11,63,70,98,57,62,53,73,91,41,59,46,83,32,71,73,22,74,89,52,98,89,64,77,46,92,66,47,59,46,44,35,34,97,68,19,33,60,60,79,60,59,21,82,98,24,28,22,42,97,38,67,97,69,89,66,65,61,88,11,74,67,58,97,41,54,37,66,25,17,36,61,94,71,49,39,75,18,97,10,72,14,96,42,68,13,79,60,73,66,41,43,73,70,32,85,15,48,46,13,80,79,65,45,19,83,74,35,84,96,76,31,71,25,81,62,58,79,22,25,18,36,84,22,85,93,79,80,49,23,87,43,60,42,86,26,62,11,42,42,91,79,79,51,87,84,65,76,20,76,92,82,30,27,36,89,41,90,45,38,21,18,43,83,81,42,45,28,37,28,87,71,20,37,35,70,27,63,46,50,35,34,71,37,16,21,22,85,11,44,53,40,44,68,74,96,27,32,60,59,19,16,88,26,98,14,22,33,39,90,77,95,84,100,81,51,40,69,59,17,87,100,77,65,66,42,17,92,83,72,49,40,23,96,24,28,92,55,16,42,65,40,98,21,22,34,48,94,66,61,39,62,51,23,49,40,30,87,46,43,71,89,91,79,38,18,76,12,45,42,48,56,45,65,46,14,75,46,37,55,40,43,45,65,84,89,31,75,55,26,86,46,49,81,50,92,46,54,14,94,13,95,24,68,32,58,55,57,75,81,44,96,95,83,65,29,26,17,12,88,18,14,25,30,90,21,46,68,47,29,100,95,23,63,25,16,49,48,68,79,72,88,83,99,41
E492,57,91,37,80,92,19,14,68,25,55,29,51,84,61,84,34,15,54,68,25,61,52,58,82,25,81,92,82,92,87,73,54,37,17,39,91,64,87,30,25,46,89,90,94,97,75,52,97,90,45,52,31,76,54,46,41,95,92,97,76,66,29,82,23,32,40,16,32,46,66,85,41,56,56,54,75,47,16,13,59,86,33,40,70,75,61,45,24,38,54,95,62,71,87,61,99,49,94,90,44,62,26,29,80,18,53,24,17,42,33,37,45,11,49,36,77,28,90,20,28,48,61,54,32,30,20,36,31,11,48,25,22,10,22,32,84,64,59,74,95,50,50,16,89,18,71,79,47,27,44,74,67,50,86,54,13,41,15,39,76,76,45,91,68,13,92,78,46,59,42,21,51,99,65,61,80,98,92,44,63,12,65,99,93,98,94,52,57,91,74,87,46,30,13,27,58,15,50,81,45,48,11,61,50,58,35,11,31,95,15,88,93,47,27,82,98,92,17,13,87,79,73,83,10,34,37,15,19,71,94,50,70,53,29,60,73,72,89,46,89,36,61,44,14,81,84,90,41,46,37,51,69,80,25,49,28,15,39,70,15,11,34,24,19,53,67,51,29,45,87,22,21,44,90,29,25,17,83,99,54,26,38,24,20,84,99,22,24,66,58,100,21,69,18,90,48,81,98,69,36,22,10,26,38,47,55,13,98,77,81,55,22,85,27,68,57,97,62,31,45,50,28,31,13,96,63,78,76,25,50,81,48,61,41,20,52,52,36,57,33,88,63,21,24,71,56,20,57,17,51,23,12,73,65,95,68,43,100,41,86,90,36,41,20,77,35,56,77,79,16,37,33,28,29,11,89,51,29,92,12,86,10,11,66,38,51,62,20,73,97,22,43,15,43,53,97,44,17,84,30,76,93,51,57,49,92,26,76,44,56,31,39,100,68,11,14,31,85,35,82,11,86,46,14,49,43,30,74,89,53,42,88,82,63,36,66,62,99,87,54,81,91,98,31,75,36,76,28,49,47,89,29,60,10,90,41,22,52,59,60,91,62,24,43,55,29,73,46,34,14,31,94,90,73,92,45,64,27,65,56,12,88,14,15,78,63,97,74,87,68,41,66,57,100,42,29,20,36,75,27
E493,76,35,32,21,73,41,27,67,70,91,56,66,46,10,54,41,36,64,27,80,71,63,97,78,80,100,71,43,45,60,84,18,57,44,79,97,64,57,69,99,43,46,34,80,68,50,38,75,49,10,73,41,19,21,61,32,94,57,37,51,56,57,15,52,48,86,30,13,60,66,61,86,76,29,80,81,63,46,77,88,66,77,92,97,10,56,26,29,16,16,87,64,70,90,61,77,96,39,82,52,64,37,87,83,10,50,14,32,14,33,40,18,23,50,47,86,90,41,48,56,20,42,74,94,45,40,27,82,96,28,63,64,50,29,49,63,93,69,70,61,100,29,83,75,37,72,96,49,68,65,80,100,43,33,78,52,87,38,25,93,21,90,66,70,68,29,66,39,32,69,72,56,42,63,24,90,35,82,89,94,56,98,46,50,86,78,54,44,50,18,56,20,28,94,97,95,44,13,30,95,87,56,43,89,82,94,71,17,40,24,20,85,79,14,81,63,24,46,63,67,74,62,23,39,53,28,84,64,42,97,43,80,38,57,61,46,49,18,48,54,27,51,99,66,81,40,28,78,20,44,89,77,16,95,96,88,18,56,98,24,27,73,24,11,74,45,62,67,90,46,39,65,93,93,46,90,39,34,21,11,89,62,77,61,38,44,11,56,34,39,40,40,20,51,76,42,98,86,74,46,98,97,62,62,91,34,81,10,11,52,79,40,17,72,20,55,77,34,39,63,64,21,21,36,61,37,33,81,77,14,78,97,93,85,20,33,60,100,58,46,80,97,14,73,97,91,82,32,34,37,45,21,40,96,38,32,31,99,51,14,77,60,47,57,65,63,39,33,86,98,14,99,76,87,84,50,48,91,88,38,76,37,21,73,20,29,73,93,53,10,69,69,61,71,68,42,68,97,83,100,24,32,32,40,99,14,49,60,87,70,19,30,11,95,82,93,26,18,79,99,84,26,23,70,79,58,53,65,84,61,26,43,50,54,78,95,17,36,58,52,57,90,74,75,30,14,44,95,37,58,16,72,38,26,20,53,96,63,52,83,96,23,55,16,34,85,13,90,47,60,93,28,11,70,100,93,15,84,96,14,31,93,49,69,93,38,59,21,21,79,82,53,88,19,49,44,24,29,48,61
E494,26,68,89,92,100,44,26,44,38,86,65,22,71,99,35,59,96,25,27,14,96,94,66,92,88,28,52,86,11,34,37,85,22,90,85,33,63,31,56,84,55,29,79,28,97,80,21,34,96,61,32,12,88,11,21,84,96,87,40,90,89,36,70,15,20,59,53,93,12,73,30,18,63,66,20,29,13,98,19,99,76,94,90,95,47,84,30,89,62,93,48,43,79,45,16,36,93,87,23,71,38,52,22,73,25,13,59,10,46,43,66,27,39,85,97,72,95,12,84,60,79,53,97,64,76,32,91,86,21,23,67,42,95,83,34,22,100,16,81,60,70,49,84,23,96,75,39,82,68,18,78,36,50,17,36,13,67,13,73,26,16,57,94,31,13,64,67,30,59,25,22,13,97,74,33,62,21,80,69,99,51,20,60,21,100,81,14,15,33,94,63,46,80,67,96,91,69,93,51,90,15,32,81,29,30,85,58,69,45,77,21,42,54,62,10,62,83,56,76,68,44,68,60,44,42,16,70,59,95,18,32,73,41,89,100,70,91,25,59,63,15,88,83,93,46,100,84,81,84,11,60,77,87,23,61,33,84,46,74,88,84,31,16,24,11,33,49,60,74,40,17,77,49,36,76,11,80,85,37,47,37,83,84,89,68,80,47,94,14,21,20,47,45,21,51,20,97,18,62,46,84,100,65,63,50,65,71,77,92,53,84,68,22,69,62,61,19,52,28,60,67,58,99,88,86,32,35,78,100,62,21,29,44,35,83,99,11,28,96,15,80,34,12,58,48,13,52,22,19,34,99,59,37,84,28,74,91,55,69,68,13,71,76,74,16,49,93,62,16,95,31,12,55,41,62,22,27,58,43,58,61,20,95,46,99,80,43,41,34,50,93,10,42,80,48,62,34,93,64,40,84,98,61,64,38,79,39,56,61,98,91,64,75,11,16,44,92,18,15,23,62,76,22,52,90,97,46,73,13,40,19,35,19,60,61,59,46,12,91,86,85,54,28,30,87,38,19,22,20,78,45,93,57,31,34,81,38,40,36,28,73,42,88,30,59,46,20,60,19,71,55,56,95,49,77,68,74,36,76,51,45,28,84,73,56,78,38,96,72,35,92,37,78,82,22,37,27,71,86,99
E495,18,83,34,31,22,44,96,56,22,100,74,47,78,98,73,100,11,100,57,58,65,57,87,54,84,83,53,86,67,75,20,77,21,85,79,26,95,46,85,24,12,93,71,32,87,86,56,34,22,55,65,23,30,87,21,73,64,81,13,14,63,18,89,23,41,29,40,60,69,20,87,45,74,19,59,68,45,64,90,29,39,47,58,59,31,32,19,53,29,39,84,38,65,34,58,65,18,44,20,42,21,69,96,91,48,77,46,37,41,69,48,14,79,53,11,58,17,36,77,55,45,92,16,24,52,50,59,79,51,16,99,91,25,83,30,15,87,75,54,42,13,95,45,14,71,98,76,57,35,33,23,100,45,36,78,16,38,34,93,79,34,12,56,12,32,47,24,87,97,55,48,65,99,12,67,20,17,63,63,50,24,80,10,81,28,25,35,43,83,28,95,28,93,27,18,79,83,34,65,46,50,88,89,35,78,46,49,70,20,39,39,39,66,64,65,41,32,61,26,57,53,47,68,71,26,22,90,16,78,67,65,98,95,23,75,28,95,86,95,51,64,76,14,88,62,49,54,57,66,93,59,90,100,90,60,91,30,87,24,48,21,60,46,27,26,86,51,10,16,93,73,31,27,68,27,51,25,21,54,21,54,40,97,64,44,68,72,36,19,40,57,92,22,38,34,64,10,73,85,33,26,52,32,42,65,50,61,82,28,85,68,56,75,17,52,43,94,88,74,33,13,100,83,80,20,10,78,56,80,50,37,18,24,72,38,88,53,51,93,12,34,52,56,51,85,20,37,64,88,83,21,100,36,36,16,34,57,45,55,58,54,96,61,82,86,85,98,53,43,43,37,95,15,89,66,65,98,54,96,21,94,95,20,36,12,55,76,41,61,87,33,38,19,81,22,87,51,64,76,24,67,33,23,49,67,10,64,98,76,82,81,21,30,14,54,43,62,81,100,99,91,47,100,17,82,28,26,23,96,14,16,62,10,72,42,48,98,12,61,25,29,52,30,56,12,52,37,50,15,56,94,38,38,32,51,59,10,13,20,38,33,74,87,74,93,41,96,36,62,35,35,92,31,62,69,45,76,57,67,72,36,54,83,69,63,88,51,54,49,19,62,61,100,22,16,37,97,98,64,46
E496,72,30,18,79,46,86,48,64,14,48,60,61,89,53,67,24,89,60,84,37,31,81,43,53,87,74,99,21,37,49,12,96,24,59,94,56,57,57,61,31,77,48,83,40,46,31,58,55,49,85,47,91,98,53,92,40,29,88,97,42,19,81,69,43,14,47,55,37,99,46,17,84,99,18,39,11,77,80,17,18,97,26,58,26,92,28,33,91,48,96,63,48,48,74,56,23,93,58,92,74,10,57,49,28,49,69,42,85,71,28,65,19,98,99,62,21,75,69,55,43,12,69,37,37,45,27,77,49,81,23,59,10,22,43,45,64,16,47,51,53,62,11,52,40,79,12,89,95,75,30,74,60,88,50,70,20,23,97,38,98,10,85,58,95,98,18,22,64,81,70,72,65,67,34,62,80,55,90,83,92,100,60,53,55,96,90,92,51,24,69,24,99,39,57,59,27,42,31,23,38,28,31,18,73,98,22,39,55,56,50,25,56,44,38,49,11,18,25,23,70,58,27,29,94,89,76,94,94,77,56,28,92,95,74,55,46,21,84,59,99,46,80,10,19,72,38,86,38,47,59,34,83,91,40,30,17,19,76,14,13,85,62,82,97,64,63,40,64,76,42,77,52,17,37,52,66,62,19,57,29,90,20,63,98,46,31,11,51,33,73,22,53,18,67,92,92,53,26,10,13,97,55,58,50,26,83,18,16,34,13,64,60,27,86,81,39,46,53,44,59,18,95,35,81,53,41,19,23,76,85,22,68,44,44,10,73,53,92,65,99,80,85,24,40,65,81,13,43,33,70,30,47,20,32,53,97,12,80,49,33,66,52,88,29,70,94,31,79,76,50,69,33,30,77,76,28,95,86,69,48,51,79,74,23,99,58,94,14,89,26,63,25,70,72,14,89,14,45,99,73,51,59,33,30,68,32,12,36,18,78,88,12,18,71,21,30,51,12,12,20,66,65,31,91,38,56,83,37,76,62,28,95,59,28,68,35,78,60,97,67,55,11,90,23,60,22,71,45,60,14,74,79,58,10,71,20,70,57,100,20,75,87,53,46,92,17,38,68,83,57,16,92,51,33,90,71,49,79,67,60,64,52,11,40,65,51,65,51,78,65,94,81,82,29,88,64,71,15,41,88
E497,28,28,98,61,44,66,49,14,92,99,86,40,13,19,100,47,82,75,18,20,98,17,87,24,26,74,32,92,31,28,53,43,83,89,31,71,75,75,81,81,53,12,65,16,50,32,11,25,48,12,95,44,25,78,49,78,94,71,71,91,90,75,10,28,20,43,40,11,68,24,86,89,11,57,47,15,52,50,38,79,75,75,35,88,60,26,51,81,55,61,63,44,91,88,59,35,47,49,12,61,70,51,70,41,58,38,62,64,69,74,57,47,92,28,87,55,45,40,62,62,99,40,75,56,44,64,66,87,23,51,25,29,11,20,12,69,76,96,58,60,72,42,63,84,58,30,100,63,98,55,84,84,49,47,88,99,92,15,11,59,45,43,70,61,62,90,39,41,100,90,95,38,73,13,90,42,15,17,42,61,60,40,77,72,23,10,73,89,22,91,63,26,83,90,31,61,82,24,13,90,88,95,19,42,39,41,76,88,72,52,18,78,55,82,57,92,24,85,57,29,12,13,78,52,45,66,47,25,75,71,11,67,93,45,84,12,52,62,56,82,35,23,55,31,80,16,26,87,13,39,98,98,71,68,37,75,69,95,71,14,48,38,13,80,27,83,16,15,62,46,56,26,67,50,57,85,12,54,66,50,92,15,10,80,71,89,44,27,71,18,91,75,21,28,23,55,58,87,70,32,77,14,58,11,62,14,49,44,38,34,54,40,79,44,96,12,83,95,20,67,53,85,42,97,96,86,28,60,62,90,76,88,11,81,63,17,86,22,17,49,85,63,13,90,32,11,57,57,82,95,62,98,54,17,91,53,50,21,64,71,78,76,94,57,33,76,27,79,63,79,58,50,77,35,70,82,77,41,28,47,33,75,35,30,82,43,22,49,79,48,95,62,74,68,79,73,89,76,15,70,75,14,41,92,61,70,93,67,96,58,68,55,13,35,82,21,14,47,24,66,98,17,80,61,96,88,99,39,87,89,73,69,52,73,12,80,22,87,67,21,42,38,36,76,100,66,45,31,94,41,37,94,86,41,19,65,64,14,76,97,58,20,40,96,45,10,62,80,92,68,43,39,94,48,95,56,95,27,54,49,55,39,58,86,80,13,73,52,98,42,39,50,85,46,24,28,57,31,26,85
E498,28,86,34,80,52,98,28,17,61,40,40,85,31,38,81,20,91,57,28,84,87,23,37,34,60,81,87,31,57,45,48,93,92,95,50,81,18,96,73,38,10,58,22,48,81,48,11,51,87,62,27,16,13,15,74,87,88,22,32,92,81,100,54,11,15,70,52,40,27,16,31,99,13,62,28,54,95,77,96,29,41,21,91,63,53,81,79,21,34,75,52,68,67,21,69,23,68,71,22,64,51,57,48,10,53,23,59,40,93,16,36,94,56,30,18,24,87,40,95,74,24,55,68,94,63,62,41,81,84,82,79,25,70,31,53,23,87,10,32,65,54,97,94,71,84,40,37,33,44,84,34,82,14,54,17,70,91,11,89,88,46,58,22,61,85,23,89,38,61,17,93,65,40,25,33,37,20,26,42,46,24,41,91,63,55,98,17,34,88,65,58,93,74,98,93,98,92,25,20,52,23,69,77,88,47,73,41,68,92,42,62,73,14,73,14,47,96,40,82,98,11,59,17,67,52,11,88,27,45,84,46,14,23,12,82,76,11,84,54,94,100,70,14,35,80,96,70,73,12,61,69,22,47,11,28,87,35,49,85,78,94,74,80,95,41,99,24,91,28,84,65,63,83,63,44,36,47,53,21,49,93,98,64,69,43,100,74,20,35,81,54,27,56,54,71,70,69,41,40,58,25,89,55,68,99,12,97,20,42,91,54,45,25,74,82,33,32,93,17,27,37,74,44,60,19,17,52,59,70,56,53,36,94,38,57,18,96,82,29,41,58,77,100,11,62,85,25,54,67,61,33,74,12,48,93,86,30,52,64,38,65,63,88,47,27,98,16,58,67,49,19,68,76,68,13,21,30,18,11,72,97,13,76,65,78,73,61,79,86,41,89,42,99,49,20,26,30,18,100,61,37,81,29,56,69,63,100,29,50,88,79,69,29,38,89,82,73,45,61,69,59,94,68,42,18,63,30,80,87,17,69,24,76,34,14,19,95,63,97,51,69,47,75,19,55,68,46,34,17,33,35,90,25,76,38,96,57,63,72,98,16,47,54,63,63,22,27,71,21,48,94,31,85,10,78,60,44,48,22,31,57,72,55,39,15,25,95,17,24,10,91,19,52,100,28,50,42,89,27,61
E499,76,94,41,74,81,51,14,80,42,19,80,65,28,92,45,74,52,90,29,63,54,33,18,75,20,57,23,47,40,72,28,73,98,11,24,69,89,27,22,95,86,55,10,57,49,49,17,18,96,19,39,26,30,13,90,58,21,80,72,46,47,52,10,80,39,78,78,85,82,51,22,50,29,58,58,12,73,42,84,42,96,45,96,79,95,93,48,68,31,80,52,80,90,19,45,85,16,76,65,54,58,61,85,19,47,38,78,79,51,89,97,66,99,84,37,99,30,11,25,18,64,94,38,83,38,69,36,27,35,79,80,27,100,24,32,19,78,54,66,38,76,39,97,23,13,34,63,39,18,96,29,42,43,98,49,88,51,15,38,28,75,61,84,94,77,99,16,90,55,76,15,36,55,31,61,37,88,44,88,63,60,77,82,21,34,23,47,51,73,10,45,90,42,30,84,16,76,96,95,90,99,80,51,89,74,81,32,35,81,90,49,43,16,41,49,15,75,67,59,97,71,53,42,20,100,60,41,77,20,52,49,35,33,17,69,71,44,22,34,29,87,81,90,24,44,19,97,65,23,23,77,68,57,12,32,40,98,46,59,28,85,14,55,20,28,87,16,98,26,80,88,36,48,78,16,48,45,99,27,98,85,17,88,21,16,98,99,37,80,44,32,60,63,44,92,65,77,51,18,30,25,27,62,61,79,50,36,79,80,17,20,80,45,80,29,39,42,31,55,96,18,99,93,69,11,33,20,58,98,54,14,53,61,66,76,27,42,58,85,42,27,75,87,67,52,15,62,83,13,48,88,91,32,57,81,98,83,71,41,21,27,86,25,74,91,88,31,30,14,32,53,47,52,54,65,33,68,19,20,10,10,80,38,83,18,20,39,58,96,36,81,50,14,77,38,63,80,30,64,55,66,37,60,100,72,52,91,87,71,82,50,39,100,100,85,56,57,41,29,57,96,68,24,46,45,18,55,10,51,19,86,82,96,70,59,59,55,33,57,66,98,13,86,63,58,23,71,67,71,97,91,44,16,35,60,99,62,96,67,80,70,25,28,22,80,34,80,18,69,21,69,21,66,40,96,63,66,52,76,54,93,31,40,55,20,15,45,43,69,11,83,80,82,29,47,43,51,96,23,91
E500,29,20,25,41,20,39,77,35,70,13,21,32,81,95,18,89,11,22,40,57,45,68,43,53,93,66,58,40,21,73,64,47,94,11,90,31,46,79,58,52,70,86,65,98,99,34,74,33,22,22,15,91,78,16,56,64,55,88,61,36,51,22,78,29,44,36,96,49,45,91,85,72,20,36,63,50,35,24,42,89,78,35,50,76,97,64,77,44,70,33,60,41,32,53,73,46,94,97,22,17,32,26,67,95,78,29,57,14,18,11,54,32,75,50,14,86,47,74,44,94,91,55,88,21,95,30,69,93,95,72,18,14,54,15,56,99,96,100,27,11,27,48,53,52,44,97,56,96,28,88,70,23,42,17,45,74,43,79,31,22,63,71,58,39,86,72,34,66,56,62,20,78,90,82,46,20,25,21,84,95,97,68,79,93,87,24,61,43,56,11,29,19,49,28,90,43,25,18,69,50,94,46,98,30,32,64,31,49,52,30,17,76,54,62,66,92,70,19,24,93,63,91,45,91,64,11,41,22,46,58,69,79,42,44,25,23,91,67,50,99,48,70,25,21,84,57,83,22,65,14,16,91,95,15,89,95,86,18,45,38,35,76,51,22,28,43,31,89,71,44,12,44,93,98,21,80,69,70,59,59,97,38,41,42,62,19,61,78,54,93,52,82,50,25,64,65,98,62,83,37,39,43,93,18,70,63,27,83,90,42,18,65,36,40,85,30,39,37,82,87,13,20,51,100,11,98,39,28,43,14,54,69,72,35,92,65,43,58,92,13,16,33,93,78,15,84,70,55,35,37,16,60,69,29,91,82,41,91,76,31,58,67,93,11,84,39,42,99,60,39,21,42,82,42,99,86,69,72,36,21,53,91,22,74,82,53,90,41,78,75,59,38,73,42,52,55,81,14,61,83,94,26,81,54,12,38,57,84,23,56,99,74,90,83,81,21,14,81,43,53,73,93,88,81,86,90,76,48,73,13,92,25,18,72,78,13,88,48,83,94,14,73,100,11,79,10,43,52,69,42,84,67,68,14,19,74,54,35,10,65,60,55,20,51,43,73,50,26,63,55,21,22,80,68,43,51,21,59,67,11,27,57,82,71,67,95,69,84,33,12,50,43,97,50,24,33,62,97,69,22
