Employee_ID,T1,T2,T3,T4,T5,T6,T7,T8,T9,T10,T11,T12,T13,T14,T15,T16,T17,T18,T19,T20,T21,T22,T23,T24,T25,T26,T27,T28,T29,T30,T31,T32,T33,T34,T35,T36,T37,T38,T39,T40,T41,T42,T43,T44,T45,T46,T47,T48,T49,T50,T51,T52,T53,T54,T55,T56,T57,T58,T59,T60,T61,T62,T63,T64,T65,T66,T67,T68,T69,T70,T71,T72,T73,T74,T75,T76,T77,T78,T79,T80,T81,T82,T83,T84,T85,T86,T87,T88,T89,T90,T91,T92,T93,T94,T95,T96,T97,T98,T99,T100,T101,T102,T103,T104,T105,T106,T107,T108,T109,T110,T111,T112,T113,T114,T115,T116,T117,T118,T119,T120,T121,T122,T123,T124,T125,T126,T127,T128,T129,T130,T131,T132,T133,T134,T135,T136,T137,T138,T139,T140,T141,T142,T143,T144,T145,T146,T147,T148,T149,T150,T151,T152,T153,T154,T155,T156,T157,T158,T159,T160,T161,T162,T163,T164,T165,T166,T167,T168,T169,T170,T171,T172,T173,T174,T175,T176,T177,T178,T179,T180,T181,T182,T183,T184,T185,T186,T187,T188,T189,T190,T191,T192,T193,T194,T195,T196,T197,T198,T199,T200,T201,T202,T203,T204,T205,T206,T207,T208,T209,T210,T211,T212,T213,T214,T215,T216,T217,T218,T219,T220,T221,T222,T223,T224,T225,T226,T227,T228,T229,T230,T231,T232,T233,T234,T235,T236,T237,T238,T239,T240,T241,T242,T243,T244,T245,T246,T247,T248,T249,T250,T251,T252,T253,T254,T255,T256,T257,T258,T259,T260,T261,T262,T263,T264,T265,T266,T267,T268,T269,T270,T271,T272,T273,T274,T275,T276,T277,T278,T279,T280,T281,T282,T283,T284,T285,T286,T287,T288,T289,T290,T291,T292,T293,T294,T295,T296,T297,T298,T299,T300
E1,77,38,33,76,18,74,30,63,79,78,61,21,54,38,37,94,52,52,56,47,37,89,77,70,81,93,11,24,95,54,67,40,92,88,89,41,15,97,51,58,24,59,42,79,46,13,76,57,75,75,67,72,15,47,93,34,51,75,20,22,31,78,78,10,90,18,36,95,90,37,97,64,23,36,78,99,65,92,19,97,29,13,68,52,14,21,19,16,32,42,81,19,83,39,43,62,59,67,90,61,65,50,12,59,96,25,78,10,92,89,18,84,15,99,19,55,74,23,47,97,48,87,21,46,66,58,60,94,13,70,30,78,38,27,60,79,47,91,28,48,96,92,57,11,80,81,28,25,15,10,83,86,60,78,80,20,49,36,54,37,62,92,75,28,30,33,38,88,42,34,24,33,95,82,16,80,69,92,80,19,47,95,18,42,22,35,84,72,52,55,26,95,93,40,22,46,89,18,34,50,72,67,52,88,94,49,98,84,29,82,82,56,50,64,31,10,50,41,38,92,65,45,56,27,96,52,71,69,67,55,49,72,80,23,32,92,87,20,45,27,78,35,43,90,19,19,12,74,90,13,84,84,61,85,37,14,80,43,79,79,70,93,29,56,60,38,85,47,27,69,74,75,21,60,56,74,11,94,40,88,97,31,75,27,67,30,32,82,82,94,28,71,55,15,38,72,39,18,43,57
E2,39,15,95,36,76,56,59,70,68,15,15,93,51,23,100,76,91,45,43,84,79,82,32,58,93,58,56,85,93,19,76,42,58,38,76,61,55,54,72,71,87,10,74,27,66,31,39,19,75,92,45,37,29,33,30,56,87,25,94,39,63,52,24,71,96,71,71,36,85,30,92,62,12,41,15,26,83,85,30,27,90,75,15,83,28,17,31,43,33,76,61,86,82,91,12,94,46,20,37,67,87,70,71,31,38,62,86,28,84,33,89,94,75,43,31,97,53,68,86,85,18,39,58,59,26,23,12,35,76,74,97,63,29,87,22,32,70,88,86,14,78,74,25,21,71,94,26,87,79,10,96,93,65,76,63,57,15,99,77,64,39,71,58,54,85,99,83,22,64,27,42,71,39,20,46,86,79,62,42,34,10,100,10,83,76,25,76,10,58,93,36,98,50,62,56,23,29,64,93,84,42,43,78,64,82,56,88,45,97,60,36,62,80,81,71,32,57,81,81,71,42,49,83,54,100,60,27,94,25,39,67,99,30,22,37,75,61,53,80,88,99,97,100,16,30,59,91,10,21,28,70,86,65,21,18,43,38,57,20,87,14,59,61,88,93,76,46,86,17,32,91,73,66,11,35,94,76,46,34,14,86,75,76,99,39,88,31,96,14,56,40,93,10,30,21,45,61,55,95,60
E3,61,85,35,76,11,100,18,21,80,46,81,84,54,54,45,38,87,34,68,61,83,10,43,32,62,74,23,81,19,74,47,53,24,75,42,78,83,42,98,66,58,82,71,41,53,68,97,68,85,13,71,24,43,18,58,91,38,96,99,39,50,62,55,76,78,11,99,43,41,46,21,61,96,53,19,80,32,70,50,55,37,83,44,33,97,34,73,35,40,40,43,36,39,35,41,89,55,29,23,25,20,96,94,73,88,10,79,15,71,57,89,50,73,83,45,72,33,75,45,60,38,83,26,16,77,64,71,79,14,74,54,60,97,32,68,25,99,76,68,50,98,11,11,96,36,58,84,22,51,56,88,43,33,80,43,40,44,70,88,53,56,33,73,64,36,63,99,57,56,61,45,67,33,83,26,83,97,39,22,44,40,81,65,58,35,28,29,70,11,32,63,73,27,90,76,78,50,72,48,42,81,82,16,60,22,98,30,17,37,42,70,90,22,67,52,43,56,56,81,81,42,54,12,62,25,54,96,87,35,83,83,93,93,78,32,46,55,51,96,75,72,67,20,58,88,46,69,90,28,31,91,53,63,90,88,83,61,19,20,30,53,39,50,50,93,47,100,44,87,92,60,44,66,56,85,76,67,62,31,33,12,26,40,94,42,99,20,36,31,60,23,22,18,70,80,16,13,60,77,20
E4,23,43,89,29,20,93,59,49,39,41,46,66,90,26,26,77,31,13,14,94,55,51,70,69,79,44,80,66,27,99,79,32,85,86,68,90,91,82,65,77,91,91,78,49,54,71,79,39,21,66,49,56,62,43,29,48,11,10,76,27,54,46,70,78,11,98,72,71,48,11,65,47,86,39,10,80,57,34,62,81,65,60,41,30,92,59,58,38,43,20,64,90,40,76,88,98,97,44,46,93,78,44,62,34,18,33,27,47,24,91,68,89,67,44,99,89,72,34,51,12,29,16,78,12,33,23,46,44,26,66,11,39,21,29,11,73,37,53,63,49,73,57,69,99,14,52,20,28,17,44,60,19,79,70,33,34,42,58,11,25,41,59,66,41,14,35,68,22,76,95,36,70,59,97,49,51,30,90,15,80,76,25,42,71,91,48,35,56,16,95,37,24,40,91,65,51,11,31,45,84,25,60,41,11,15,84,98,70,98,86,29,57,21,41,30,73,21,97,89,53,90,17,17,55,92,29,99,78,23,26,72,39,50,81,92,54,66,34,12,98,58,55,27,42,15,72,100,66,81,47,79,99,72,34,82,33,79,54,51,69,45,86,80,30,18,77,29,67,47,43,79,56,68,10,91,74,58,33,12,89,56,89,40,51,18,94,78,59,34,77,97,73,80,29,88,46,51,62,92,51
E5,24,22,76,94,18,15,26,32,14,35,23,72,34,22,14,83,92,59,94,72,77,89,99,85,42,16,56,38,87,19,11,36,93,72,20,69,91,17,56,81,63,57,100,17,88,44,77,15,19,48,19,37,76,22,22,39,78,59,34,34,77,94,41,82,90,32,81,81,63,23,91,83,55,96,68,99,95,64,23,31,33,80,61,74,53,94,30,78,86,66,55,50,80,51,57,62,91,65,51,87,40,82,79,37,58,80,42,56,67,67,60,10,14,46,86,12,76,27,48,10,48,38,37,50,12,98,45,80,75,81,83,83,29,22,14,68,55,29,27,43,56,84,41,39,42,48,21,83,61,82,37,19,51,71,32,72,98,99,83,22,86,92,48,14,83,58,20,17,52,54,65,63,25,39,93,87,11,91,90,58,16,49,77,15,50,79,82,29,51,74,99,38,29,16,96,60,67,86,83,74,21,38,65,47,60,28,26,53,20,70,83,16,80,61,43,20,61,74,65,99,26,27,71,81,35,72,60,93,83,35,81,88,77,41,41,19,44,65,51,97,83,21,24,95,62,64,56,54,34,51,54,86,93,13,49,31,54,88,66,89,28,66,15,39,35,97,57,29,20,24,16,41,89,28,46,11,53,98,24,49,67,70,12,52,36,78,37,36,79,76,43,80,71,89,28,98,99,95,12,58
E6,84,94,77,15,42,31,17,46,35,99,89,44,16,69,93,11,18,59,94,44,94,94,56,23,12,47,93,59,39,58,75,100,22,50,72,86,78,21,33,35,74,68,81,12,15,41,77,49,52,72,60,30,12,54,97,55,55,90,48,40,74,45,17,90,42,59,13,81,45,38,29,53,60,94,27,21,58,76,96,88,90,97,39,63,40,83,29,64,49,87,52,67,79,26,36,93,27,84,79,97,35,27,49,98,100,77,27,65,28,93,82,30,50,18,81,78,25,33,50,28,13,50,62,62,48,66,91,45,29,34,23,26,33,13,88,88,44,87,82,88,39,86,39,39,97,13,55,20,98,71,27,74,87,70,93,57,33,59,72,70,27,30,34,38,14,62,11,44,62,38,95,35,36,18,32,66,88,72,98,51,68,41,64,61,15,87,58,50,60,88,83,86,78,77,92,100,14,76,23,67,68,15,41,76,78,60,15,81,59,76,90,16,34,47,66,60,48,46,69,31,64,47,88,16,98,76,28,69,92,67,21,74,24,33,84,99,79,27,60,62,51,67,13,32,68,85,35,68,21,42,51,98,93,30,25,21,24,100,67,91,56,20,77,100,59,75,88,30,58,80,58,15,31,52,82,94,29,30,28,32,16,63,49,49,67,46,90,33,25,26,35,10,89,42,11,68,73,73,79,10
E7,87,73,40,37,85,94,70,68,62,66,20,86,86,10,41,80,45,89,90,81,36,16,33,28,17,93,54,14,28,14,95,83,87,48,52,21,16,23,63,32,30,96,46,88,94,98,99,86,83,81,32,68,84,56,14,21,48,51,57,58,18,64,80,18,47,70,27,25,98,45,52,77,62,77,36,99,36,88,17,23,83,90,77,21,71,98,87,100,46,64,87,50,43,77,83,89,55,26,88,82,73,76,90,73,73,33,88,39,100,47,34,10,25,13,69,90,25,36,88,63,62,15,52,54,81,91,37,11,91,35,98,46,42,18,49,48,74,80,51,10,24,97,52,53,60,82,88,13,32,34,52,53,96,71,70,14,92,27,71,29,90,68,78,52,69,62,17,76,48,82,96,50,81,78,12,36,83,97,52,55,18,29,45,13,53,58,90,78,31,83,87,59,33,86,24,49,100,50,100,14,44,62,21,73,40,57,67,48,37,77,48,32,24,57,14,35,21,66,74,13,71,74,29,34,53,71,77,49,51,28,22,76,96,26,36,14,68,59,76,24,10,49,15,97,86,21,52,69,15,23,76,94,49,12,83,49,91,36,51,35,34,46,45,78,50,66,95,25,44,29,30,45,24,11,89,81,75,23,36,79,54,80,50,44,28,100,46,83,41,31,19,49,88,53,79,66,16,26,13,70
E8,96,16,23,59,16,21,64,60,32,100,86,85,90,98,99,67,88,55,49,52,35,95,78,20,69,82,26,21,99,69,22,68,49,97,92,100,69,70,39,38,28,88,43,56,60,33,99,95,52,51,68,72,13,18,70,24,54,71,69,31,46,54,87,83,26,75,23,61,23,51,81,93,19,48,78,69,61,85,62,40,89,41,80,30,71,59,18,53,36,98,85,65,65,82,53,79,98,40,32,94,95,19,83,72,24,85,86,69,51,81,22,66,32,49,61,18,86,23,97,86,58,51,73,92,94,17,21,37,27,84,91,10,28,94,29,67,78,47,59,88,83,67,35,36,97,50,48,82,96,48,65,54,21,84,11,88,75,61,26,47,17,57,80,16,10,100,81,55,24,46,13,40,65,99,85,60,90,50,58,61,58,65,79,37,94,32,70,27,34,81,59,56,63,29,46,95,26,27,11,19,92,12,28,72,94,65,27,20,27,92,63,68,99,87,64,89,33,68,75,64,80,67,59,55,38,33,64,87,10,83,73,40,74,44,62,79,83,56,14,14,82,71,100,57,24,84,71,98,20,28,77,45,69,76,20,76,88,21,41,70,90,94,95,19,97,91,79,84,49,88,16,53,78,11,70,68,75,70,83,52,63,55,47,47,31,14,98,86,48,82,43,17,90,70,84,31,83,16,94,47
E9,89,13,46,72,20,26,74,19,45,42,26,88,45,45,42,11,24,87,32,85,29,94,67,57,32,43,99,40,72,33,77,14,53,20,28,86,29,73,62,59,40,94,66,91,31,36,83,54,16,92,43,24,16,31,69,61,70,48,70,78,39,58,97,100,59,70,43,28,77,65,11,46,67,58,96,50,77,97,15,22,78,91,55,65,88,93,44,52,44,44,22,42,93,84,60,69,96,40,96,85,34,76,53,96,98,33,50,80,11,96,11,18,11,62,22,77,23,97,67,54,38,46,42,34,14,13,89,21,17,86,94,37,86,91,25,100,25,21,87,26,58,94,92,82,33,24,99,33,42,47,69,94,19,91,68,45,64,98,95,51,42,30,19,45,17,58,59,52,17,43,43,32,66,18,72,35,88,60,32,92,72,23,28,79,65,37,88,92,23,66,43,23,14,19,19,83,42,67,12,73,29,93,91,10,14,95,59,44,29,99,52,60,83,10,75,100,72,71,65,61,18,79,38,10,59,98,71,25,82,78,55,52,97,48,61,17,90,92,21,56,78,53,20,68,47,92,35,32,80,15,59,94,34,48,99,59,23,90,98,55,72,20,90,66,34,27,14,34,13,85,40,72,59,18,79,92,49,73,78,67,12,14,53,17,53,15,61,25,37,93,95,76,68,96,78,29,84,39,19,14
E10,28,72,93,12,70,89,15,41,99,93,26,11,32,90,16,49,22,68,88,31,85,18,23,24,73,86,88,38,18,35,64,53,96,61,51,25,97,83,79,27,51,37,15,85,32,52,18,25,45,28,63,31,99,57,80,31,66,41,84,15,27,22,90,88,58,30,12,72,20,10,10,32,21,100,93,85,46,63,98,70,98,26,36,28,91,44,76,67,62,40,32,88,98,14,86,33,73,88,21,90,48,54,63,10,81,40,34,25,77,22,89,56,79,74,38,69,90,94,36,45,16,34,24,29,97,70,73,32,30,95,15,16,92,56,46,36,65,42,52,88,68,15,23,16,78,32,30,13,72,75,24,19,40,66,85,84,51,63,35,96,51,39,24,51,39,22,40,62,35,58,38,19,70,84,72,16,65,28,37,88,68,32,59,57,27,68,34,90,55,44,35,52,26,14,98,82,17,45,27,24,69,68,63,31,53,38,47,87,30,91,88,31,83,80,39,21,62,76,72,37,85,70,69,45,11,64,41,41,51,65,84,38,85,29,83,10,63,15,15,70,74,14,64,77,60,71,99,22,67,73,40,20,81,11,98,62,37,26,55,47,40,92,21,12,71,95,49,30,100,68,83,84,13,68,69,27,100,61,33,57,90,69,100,91,10,90,19,59,98,52,77,14,47,64,44,99,88,79,83,36
E11,97,20,89,52,17,75,96,56,16,24,59,56,69,89,15,56,56,32,92,81,100,18,81,100,36,27,52,40,79,24,93,71,84,99,36,38,51,55,44,74,97,64,45,16,18,57,54,67,72,74,77,25,70,100,78,96,78,47,67,89,57,96,98,18,34,68,21,20,60,32,46,19,23,31,45,24,99,28,73,29,36,76,90,12,47,63,97,79,26,70,54,63,66,92,12,47,34,18,12,39,76,92,52,62,84,53,93,92,51,72,85,95,99,77,80,66,68,48,82,26,49,31,43,39,71,57,46,16,28,55,46,68,31,89,30,78,46,33,32,100,98,95,29,30,40,24,15,50,83,26,66,43,57,33,36,81,100,14,95,50,54,28,57,67,79,30,78,48,25,13,61,73,28,68,50,29,10,79,74,52,92,100,47,70,47,83,95,28,82,66,53,98,24,71,15,27,96,80,24,49,13,61,89,38,67,55,21,51,17,87,92,34,84,77,38,45,35,12,20,78,67,96,95,21,75,60,34,72,50,87,87,75,17,95,56,60,28,64,57,59,57,11,46,54,54,49,67,81,21,37,66,63,66,46,30,64,63,27,85,86,21,28,36,48,70,77,52,18,85,58,21,10,62,91,44,63,32,81,69,100,82,27,35,33,58,47,80,72,15,48,84,48,73,81,69,38,13,10,29,43
E12,48,91,91,70,25,93,95,46,63,32,72,98,92,41,13,25,45,73,18,86,56,84,71,82,65,43,90,97,70,98,25,57,75,83,12,43,30,84,17,28,50,69,98,27,55,30,16,44,56,63,91,55,16,47,47,77,91,19,75,34,90,33,22,86,31,79,51,50,97,48,44,97,99,98,56,22,78,84,55,28,11,27,76,46,57,72,62,53,30,23,37,29,74,38,34,81,88,98,77,78,80,99,24,63,68,19,24,26,12,71,54,49,98,56,27,66,86,76,53,32,100,48,13,25,38,26,98,28,98,39,49,26,36,26,20,64,98,24,19,12,71,65,15,35,23,14,94,75,85,17,70,25,42,15,18,48,95,11,22,25,87,36,85,35,33,95,54,13,21,28,45,84,54,55,30,74,88,40,74,82,18,22,84,11,77,37,34,46,31,78,10,22,37,74,100,70,56,99,85,33,66,96,23,33,55,58,64,37,75,39,62,24,50,25,69,24,76,27,73,56,100,46,81,15,20,51,73,24,59,46,68,86,49,97,66,38,80,62,47,64,34,18,70,96,57,32,11,96,72,96,23,60,66,76,94,96,20,25,28,60,61,98,85,23,31,18,56,35,53,35,86,61,25,39,64,73,45,84,85,44,92,61,55,70,95,87,61,72,75,45,28,68,23,25,42,72,73,39,90,27
E13,13,22,16,18,73,96,13,32,58,87,96,51,29,48,89,89,22,19,94,76,73,69,35,47,94,73,72,74,43,79,53,79,79,12,14,65,25,59,67,50,58,66,68,14,14,32,81,94,48,100,31,72,65,27,49,59,72,24,82,96,72,94,80,97,79,83,70,70,81,30,74,17,60,43,73,85,58,88,96,55,46,51,17,13,85,15,26,56,54,84,13,90,53,58,22,64,54,55,62,54,17,94,41,41,40,92,49,85,20,98,18,49,24,53,31,12,78,51,14,68,94,64,82,75,63,44,12,99,70,85,12,50,58,83,59,51,83,22,72,22,98,96,36,53,73,74,95,53,31,88,48,56,65,35,73,91,19,78,37,46,43,16,48,83,61,38,89,21,84,22,85,53,44,18,82,77,70,64,36,54,19,93,48,74,48,65,94,79,50,35,63,61,42,89,75,68,95,80,33,12,90,100,76,33,83,73,37,94,69,44,91,78,88,65,82,90,17,76,35,56,69,28,40,29,97,48,65,62,50,18,91,36,62,44,46,92,30,42,97,86,40,61,40,24,29,34,13,41,49,69,72,81,65,64,92,14,35,30,44,27,13,43,45,94,80,32,92,15,72,12,17,20,50,87,48,18,62,56,95,94,21,60,27,40,24,83,74,25,76,95,84,77,42,73,21,40,86,25,50,52
E14,84,59,40,64,37,28,23,32,37,45,66,62,42,85,17,72,78,57,99,24,50,79,64,70,97,41,45,28,56,70,57,49,12,92,87,14,94,16,98,95,40,42,80,59,49,91,99,56,97,25,78,40,66,59,11,60,42,48,21,40,48,36,30,66,90,50,92,62,14,45,20,72,70,62,52,64,22,30,99,43,74,18,55,63,87,80,51,68,98,13,16,92,92,33,90,66,92,27,10,61,35,90,49,50,83,20,24,30,41,76,93,26,86,97,62,50,67,71,27,43,32,97,85,51,46,35,20,63,57,33,60,58,83,38,12,12,81,92,88,90,39,21,69,35,43,99,31,16,61,89,64,86,43,29,21,57,31,82,25,11,77,65,68,96,73,25,38,36,34,44,46,73,58,26,65,36,86,37,46,96,34,63,33,62,28,13,47,43,40,89,67,41,57,84,97,92,68,20,11,70,27,51,98,60,97,37,59,100,64,86,42,19,22,81,17,16,52,40,70,55,87,95,86,100,15,10,42,74,89,58,48,60,95,57,26,81,15,84,32,43,31,74,73,53,69,26,21,50,100,77,65,28,43,24,50,15,26,73,45,56,65,46,43,88,43,76,50,65,31,50,72,29,81,94,91,66,16,34,29,16,39,33,14,70,43,30,100,69,65,24,73,15,66,55,100,81,72,68,73,24
E15,28,25,54,21,36,46,33,31,75,44,82,94,84,37,84,10,77,83,33,63,19,41,73,96,22,52,13,46,97,97,25,60,57,85,23,51,29,13,20,68,100,94,71,68,90,44,86,94,10,52,15,93,89,67,51,82,26,37,16,92,46,51,17,19,80,87,58,21,61,42,32,40,61,21,12,36,30,59,61,46,92,93,29,25,48,72,65,49,97,87,26,55,95,22,57,75,35,72,67,59,70,44,82,86,64,21,64,57,88,33,65,90,64,21,15,75,53,69,96,38,92,97,29,73,77,90,92,77,20,47,69,65,20,71,48,29,26,97,48,41,76,64,47,82,16,80,19,15,75,23,75,64,62,22,69,94,82,42,55,42,84,20,74,12,24,94,69,32,33,60,15,20,63,100,48,50,85,68,95,67,89,43,53,33,37,33,20,87,43,96,23,65,78,12,10,60,24,11,31,93,71,68,98,61,94,87,72,48,89,88,56,98,96,98,96,60,48,21,26,27,11,34,24,12,99,34,13,36,71,93,28,93,40,65,90,78,34,21,48,69,28,70,64,12,24,31,29,99,66,72,70,12,67,84,41,35,47,82,60,16,52,11,23,90,65,63,73,84,86,80,47,14,72,61,72,75,85,88,96,72,39,17,77,12,64,83,50,80,18,44,92,63,70,24,73,89,92,54,67,99
E16,65,12,30,46,34,70,54,66,39,74,38,85,97,53,87,94,69,26,47,59,63,96,93,56,70,30,89,36,46,98,21,95,71,26,32,35,30,87,72,22,63,73,48,40,36,81,16,12,55,43,55,96,30,32,74,14,18,53,65,24,89,39,25,81,38,72,43,53,55,15,81,44,29,98,75,87,95,23,100,16,66,68,24,23,88,88,23,81,15,74,23,31,90,25,36,56,30,47,100,66,74,73,22,29,92,56,52,27,25,35,66,63,10,41,70,53,46,74,31,20,44,57,63,56,90,95,41,29,77,63,39,27,64,62,62,68,76,97,56,13,66,28,11,76,18,20,53,50,61,31,65,17,60,14,94,92,29,83,17,90,94,76,47,63,61,97,99,80,48,50,54,11,45,77,88,28,99,61,67,92,36,79,89,89,93,66,99,54,93,61,35,48,20,14,78,52,59,26,76,79,46,37,21,75,80,49,76,53,91,30,12,13,79,85,43,40,48,64,74,24,17,57,43,90,74,55,25,16,93,25,67,48,83,10,68,53,40,84,82,90,95,78,86,39,54,48,46,95,83,96,27,58,76,41,23,51,76,84,34,56,68,22,28,64,62,20,21,17,64,26,70,37,67,19,57,96,77,61,85,81,76,60,43,84,73,91,64,66,98,72,63,30,28,74,26,72,68,26,100,75
E17,77,25,98,37,68,70,14,30,81,57,25,87,62,24,25,57,83,47,15,76,29,25,57,49,57,48,47,72,13,28,28,85,63,16,49,46,37,33,72,10,25,80,54,18,15,63,71,83,49,82,67,53,58,70,87,26,27,74,91,68,67,95,67,29,51,21,89,95,89,62,59,39,60,53,79,15,95,66,45,92,21,31,100,13,83,90,100,49,81,92,25,92,81,20,34,89,79,83,16,82,76,34,70,74,12,25,94,78,33,12,45,36,41,100,84,66,20,78,87,51,61,85,15,72,12,53,65,33,63,13,77,50,58,42,21,24,22,79,31,46,28,33,42,21,29,49,62,96,31,17,88,51,33,13,17,48,59,22,50,28,62,51,43,58,25,16,35,40,86,85,40,73,75,74,59,24,44,17,50,69,80,62,18,71,13,62,91,39,12,44,80,85,96,22,41,81,93,26,48,82,62,67,20,91,74,36,28,57,79,31,41,78,64,81,67,15,10,69,89,47,93,31,10,17,71,44,86,42,97,58,54,90,37,84,75,46,15,30,78,82,18,48,21,60,99,25,27,81,45,65,36,88,74,50,97,53,91,43,100,67,44,41,94,51,53,36,68,86,52,12,98,27,92,10,87,70,10,11,96,32,62,81,99,100,72,60,78,20,93,93,19,78,13,95,66,96,25,55,58,86
E18,55,59,32,99,11,25,69,57,34,66,11,38,12,45,97,100,55,34,21,88,90,48,38,39,73,56,14,45,73,100,100,87,36,10,35,91,60,24,45,82,74,73,31,80,34,94,82,96,97,87,82,32,18,85,26,18,26,43,82,39,76,45,34,96,12,98,96,78,88,42,97,81,68,10,64,92,96,93,16,51,65,62,45,25,97,76,69,73,56,76,15,38,16,45,63,78,67,50,10,60,34,52,20,83,13,38,98,64,19,41,35,31,52,49,18,90,90,22,13,71,65,13,85,90,52,42,41,23,70,40,53,16,52,76,40,19,86,89,66,22,90,67,84,25,20,17,14,58,50,98,18,26,17,66,17,48,88,90,65,18,23,96,17,81,16,47,58,61,22,89,62,39,86,94,89,11,68,59,69,64,89,89,22,53,93,96,13,68,76,52,85,34,23,23,11,86,18,85,34,83,26,91,75,42,55,63,71,89,66,33,41,27,15,17,26,49,84,65,75,93,55,49,84,79,28,28,70,49,87,53,47,57,11,76,85,94,96,28,17,40,74,81,16,64,54,35,35,91,35,18,53,34,95,70,98,98,69,86,98,52,84,82,52,88,48,63,52,30,23,68,15,73,38,10,91,38,98,39,69,89,37,40,71,52,58,36,61,33,10,56,11,19,55,13,81,24,28,47,66,34
E19,90,84,56,15,13,35,35,46,32,38,43,32,53,80,41,32,35,12,32,43,22,12,96,27,58,93,24,53,36,49,68,40,57,57,94,31,77,89,65,18,25,28,26,34,34,78,58,98,57,50,86,64,91,41,15,88,85,34,78,47,29,51,41,16,90,45,26,75,84,72,36,20,70,94,88,18,31,75,59,92,75,57,73,76,69,32,51,57,77,98,71,73,70,44,84,61,91,84,93,14,36,38,35,67,40,60,37,49,64,58,83,30,57,42,80,20,27,20,47,66,76,55,39,84,15,69,75,89,53,64,67,69,65,62,57,73,50,44,58,13,32,66,39,43,92,19,55,20,47,74,75,79,92,20,45,39,22,25,19,56,14,79,35,52,35,96,52,42,48,97,45,34,100,87,27,79,43,11,48,46,54,61,61,84,93,11,70,93,75,29,60,39,39,36,70,39,76,85,80,69,69,53,20,50,34,64,99,63,36,66,67,81,13,57,27,83,26,49,11,73,94,55,53,38,63,64,97,61,98,78,48,51,85,12,82,14,27,29,52,82,90,87,87,83,60,58,36,60,18,78,59,34,70,23,52,82,67,91,48,21,31,23,96,80,32,14,98,87,72,13,33,35,18,59,46,36,39,47,94,77,18,68,17,57,76,11,31,51,62,60,30,24,26,78,63,71,18,59,36,26
E20,36,49,65,100,95,70,30,87,83,49,85,35,74,97,68,45,35,10,28,67,18,61,87,41,77,52,82,72,68,69,83,15,21,46,92,68,54,99,48,60,88,32,63,41,32,89,65,68,59,94,33,99,82,22,60,99,15,40,30,45,90,78,47,95,18,99,37,73,62,80,25,57,19,23,74,51,62,67,31,42,36,74,15,69,13,19,91,98,96,69,58,53,61,34,60,14,11,42,24,100,27,51,95,69,72,69,18,20,80,94,41,66,27,70,45,30,31,12,87,22,32,47,25,78,60,31,19,95,11,96,44,29,66,55,32,37,14,96,78,37,66,99,16,91,76,92,94,94,23,59,98,49,66,16,86,10,16,58,35,41,57,40,35,21,12,63,13,11,53,34,97,95,18,38,22,95,31,31,15,63,75,23,51,51,81,90,34,89,36,79,60,64,25,39,37,23,55,51,32,11,61,93,50,11,59,37,68,38,18,94,45,93,89,57,15,18,37,62,48,86,73,23,78,82,31,42,22,86,51,90,99,59,96,98,27,52,32,91,98,50,95,71,18,52,12,87,84,67,58,75,91,39,74,85,100,11,39,12,88,25,49,40,64,41,89,20,17,27,57,73,47,35,29,58,36,92,14,40,86,66,52,27,45,50,92,15,76,63,92,46,13,39,52,53,41,36,79,16,95,41
E21,97,99,38,87,58,76,51,33,66,90,10,18,72,18,34,16,91,28,36,26,21,32,85,80,36,40,74,20,64,69,49,31,35,41,64,32,87,41,48,46,83,67,91,35,44,71,20,56,60,58,31,70,66,64,74,88,65,29,71,12,58,64,20,48,86,78,29,80,32,42,58,69,49,68,46,58,81,87,71,19,52,27,70,35,29,34,10,11,74,57,72,61,63,60,57,59,72,49,92,85,19,62,14,25,59,82,30,34,65,42,54,75,100,72,91,98,57,99,17,93,59,64,41,41,71,14,56,90,100,96,13,99,95,92,28,43,87,68,97,28,42,41,87,84,94,30,11,24,21,92,59,60,100,85,20,76,34,64,31,64,42,98,48,74,78,94,58,85,49,62,21,23,91,83,54,28,44,36,60,99,49,10,31,72,10,22,18,99,63,77,63,93,46,65,31,32,57,33,100,27,35,72,33,74,24,67,82,37,33,35,17,33,34,43,62,66,90,89,23,91,31,20,47,20,58,25,45,18,53,13,84,40,71,72,96,22,11,17,44,10,95,84,15,22,37,76,10,58,87,76,44,72,70,53,87,64,53,57,97,53,50,40,56,95,61,58,88,17,55,52,22,10,68,99,61,27,13,87,25,77,45,99,41,57,67,89,97,94,70,75,62,94,34,10,91,51,12,91,56,15
E22,51,96,66,39,87,72,61,88,20,54,64,70,94,99,22,59,47,87,34,28,76,83,74,14,26,73,21,48,96,80,69,31,67,24,71,94,79,40,41,37,31,94,99,21,23,65,13,30,51,59,45,38,42,95,70,95,25,95,27,78,91,72,21,98,52,38,83,86,18,92,53,58,58,93,92,81,65,39,38,43,24,47,21,24,21,53,85,34,24,83,57,26,50,58,83,10,49,17,85,78,34,59,64,50,56,96,26,76,94,87,85,38,23,60,11,78,68,50,28,47,38,73,97,68,28,86,46,28,95,99,14,86,50,49,74,98,25,45,100,83,71,90,37,73,47,100,58,17,52,29,36,38,99,16,32,72,60,48,94,30,12,80,60,53,64,96,70,54,60,60,19,77,46,46,99,34,99,80,60,22,26,51,84,16,100,48,68,93,30,83,27,66,99,71,47,28,36,37,35,93,11,56,83,23,96,28,58,64,96,31,17,22,55,70,32,16,25,75,93,53,85,65,29,90,61,41,14,25,40,60,72,48,98,86,32,93,58,98,95,94,21,69,93,58,45,90,93,66,57,11,25,24,20,25,72,92,95,75,38,12,85,83,83,71,45,98,22,85,33,59,71,92,99,65,48,83,26,22,51,18,78,33,61,99,12,60,81,78,77,72,18,76,84,78,93,25,36,94,25,33
E23,86,98,33,10,81,67,50,25,15,26,83,36,93,30,21,81,42,14,20,25,74,48,56,79,31,64,94,10,41,48,15,76,47,94,78,66,27,83,72,98,50,76,55,87,78,75,36,98,22,94,15,40,14,34,28,48,37,27,87,80,37,85,55,45,26,89,64,19,80,42,43,58,93,30,61,68,20,42,96,64,98,28,78,36,19,90,44,91,99,92,34,57,82,94,92,75,87,30,63,29,50,65,58,13,87,41,19,44,25,78,24,97,80,62,18,52,91,21,56,52,44,28,38,45,11,22,58,38,58,23,25,32,77,49,85,72,22,77,54,99,83,46,80,44,87,22,16,31,50,59,33,54,96,78,80,86,61,71,85,26,43,11,97,75,29,94,26,28,58,82,44,16,91,57,100,41,96,87,63,100,68,33,66,55,69,74,46,45,64,76,39,49,91,21,49,62,50,21,91,20,19,40,21,31,83,17,20,46,80,73,11,64,96,75,27,71,73,75,97,96,78,99,25,61,11,88,34,10,64,99,78,54,41,94,77,97,87,15,87,67,31,96,77,38,32,19,56,27,75,55,16,64,73,58,31,57,24,53,96,41,79,25,47,48,71,47,43,37,10,90,82,60,37,49,92,75,14,69,89,72,17,55,10,88,68,52,48,55,23,10,54,33,61,55,11,22,65,72,35,20
E24,77,75,29,62,25,72,10,29,94,42,38,70,60,57,48,56,64,33,78,44,23,66,94,66,30,27,55,65,10,55,100,35,24,34,46,15,27,60,63,52,14,30,95,35,71,95,44,25,63,72,80,73,97,26,51,61,74,59,26,24,23,12,26,29,54,74,11,97,40,16,96,53,64,86,11,65,71,47,46,72,20,64,41,89,29,75,33,41,45,24,43,99,41,95,64,35,70,100,23,99,74,88,33,34,85,90,91,29,39,25,26,61,14,45,34,28,64,12,88,35,21,16,58,62,77,49,99,91,39,38,53,64,71,17,75,64,92,16,48,24,44,56,45,54,63,41,50,16,33,15,10,16,94,51,37,46,70,45,87,22,65,33,42,72,56,52,48,24,22,95,11,97,80,26,52,56,56,85,77,87,57,40,93,45,36,84,59,21,23,26,90,87,25,15,85,93,34,34,100,67,22,19,79,89,53,48,70,35,78,29,15,26,34,63,80,42,81,54,56,67,90,25,65,18,71,63,77,74,12,31,86,45,99,26,47,15,82,17,98,34,60,73,97,78,75,19,31,66,75,59,81,59,61,87,44,36,33,10,30,83,37,85,99,11,75,68,74,100,77,43,48,38,47,100,44,80,25,31,38,15,78,40,47,15,91,28,45,27,44,16,92,41,36,78,24,10,93,54,90,87
E25,57,51,20,100,80,43,27,62,88,47,51,17,90,11,55,38,45,32,42,12,78,94,84,23,98,58,93,42,90,91,87,80,36,66,38,51,44,36,84,90,60,29,67,39,65,57,28,71,21,73,33,68,33,32,34,82,72,33,92,46,12,49,30,32,60,97,87,34,18,28,19,64,41,68,92,61,22,77,27,11,87,22,58,59,12,24,11,92,15,26,41,20,44,28,90,86,11,11,23,79,53,100,20,35,27,71,82,66,30,49,52,71,29,41,17,79,98,44,90,79,25,12,15,23,79,47,23,75,63,28,10,38,13,39,64,59,28,55,93,46,38,97,59,97,24,72,31,24,38,23,46,55,19,88,52,25,56,20,15,87,29,32,64,77,52,86,33,96,64,29,95,97,48,89,46,54,23,44,73,94,57,43,19,10,29,93,28,50,28,59,67,71,18,24,83,64,45,28,21,51,26,33,59,55,50,73,64,71,98,62,87,91,52,27,93,41,59,63,80,73,78,78,73,78,78,39,59,20,84,63,77,83,98,38,99,21,40,56,10,36,12,56,81,70,27,24,17,54,56,27,47,68,28,80,63,41,36,38,17,27,25,99,100,28,58,13,99,64,57,16,99,23,94,84,19,71,86,30,13,28,56,28,20,41,19,11,82,63,29,33,70,27,77,99,48,70,62,53,66,92
E26,98,11,46,24,29,17,92,14,87,32,74,30,11,60,64,97,68,80,43,83,74,49,100,39,64,30,44,21,76,58,26,37,61,89,17,38,60,33,81,87,19,98,69,71,50,93,92,61,58,31,16,57,92,64,34,44,23,23,19,56,87,52,13,40,46,30,79,23,18,37,86,11,49,34,80,35,91,14,40,44,20,82,82,15,82,71,15,16,50,21,49,11,55,46,60,74,34,50,60,55,26,99,96,22,52,62,74,22,74,29,13,85,58,71,85,14,47,30,29,97,69,20,90,21,39,37,97,93,28,30,74,76,87,93,76,53,67,26,53,47,56,89,65,15,97,59,40,36,88,87,19,29,82,90,73,22,11,28,49,80,21,73,22,68,50,31,47,30,18,45,83,56,55,21,19,32,100,68,43,70,42,66,93,27,25,82,72,15,56,46,61,62,89,97,26,66,56,75,89,50,57,20,97,62,74,67,43,97,15,89,92,17,41,99,81,11,29,23,47,58,30,82,61,19,38,59,69,95,21,54,69,69,92,78,69,23,20,33,23,60,65,35,61,52,18,50,53,87,72,37,99,70,24,45,68,14,79,29,70,28,91,37,50,82,14,86,58,17,56,65,70,37,16,37,12,97,64,44,42,91,32,20,28,18,45,61,20,48,67,63,77,37,95,43,33,16,21,64,53,48
E27,31,35,54,63,71,70,78,98,30,99,65,55,98,83,59,11,81,86,35,19,95,84,88,28,51,95,50,11,29,68,28,73,50,24,96,62,43,76,10,67,26,91,67,91,84,22,14,37,34,63,99,79,31,86,58,37,54,36,34,96,83,11,57,56,12,48,49,74,25,99,73,93,68,62,62,55,55,79,64,76,52,24,32,68,64,57,32,80,86,30,79,65,58,46,94,98,97,65,91,46,99,89,22,21,23,21,93,12,88,62,23,73,89,79,22,91,66,74,84,14,95,47,63,37,38,68,80,58,24,35,70,25,54,69,62,92,100,60,10,57,38,74,46,44,94,43,49,63,96,40,10,63,14,11,13,29,57,76,86,50,52,31,83,65,40,81,60,34,88,92,60,16,83,64,26,91,59,32,61,50,76,30,65,39,22,100,26,74,25,90,83,60,90,43,80,30,51,36,21,21,13,65,11,90,85,29,13,89,100,79,20,83,58,13,26,68,91,90,55,33,40,93,38,48,34,78,41,58,43,94,16,45,20,28,90,12,91,84,23,24,68,86,25,23,28,46,43,33,21,19,73,56,36,60,22,72,12,62,19,72,90,19,36,97,63,58,50,91,67,30,33,48,11,32,94,82,90,87,14,25,53,54,71,88,86,79,10,30,76,42,25,34,87,13,78,12,76,75,29,37
E28,56,24,37,13,51,27,38,20,98,26,44,45,71,35,21,54,100,80,93,47,69,73,65,75,61,34,42,32,35,97,45,60,23,84,85,49,31,36,72,65,67,64,86,44,50,89,23,87,59,64,35,82,55,57,90,18,67,31,14,75,42,85,62,47,87,92,77,55,60,13,24,33,51,64,33,55,41,19,37,94,57,57,28,50,25,11,50,98,11,52,37,69,82,51,39,81,18,59,46,87,37,77,37,23,81,45,87,95,19,83,92,63,97,65,50,50,35,35,16,73,73,15,45,63,25,25,67,31,86,51,85,59,40,83,12,46,12,92,83,10,69,46,26,61,14,78,77,15,53,92,12,18,70,22,63,48,45,50,54,61,20,81,50,73,88,16,60,48,99,68,73,92,25,57,89,23,13,38,16,11,27,23,51,98,65,38,31,21,34,57,78,10,98,16,43,15,24,16,48,19,43,52,98,88,58,44,99,31,27,84,68,25,26,50,28,84,62,91,67,95,25,76,77,40,83,71,94,72,45,51,71,38,21,43,47,20,55,81,41,94,92,36,98,19,19,73,17,37,11,95,37,69,59,34,72,23,53,36,85,77,75,50,49,100,68,93,29,74,23,26,38,56,59,67,89,75,35,61,34,18,45,64,31,97,49,83,92,23,28,69,23,24,40,12,68,33,44,13,70,94
E29,77,67,55,43,25,80,20,55,65,37,29,60,74,65,75,52,16,66,44,57,22,16,93,58,64,34,47,34,61,32,86,45,77,87,73,76,65,23,97,16,92,41,24,38,24,16,14,83,44,40,18,78,22,45,38,89,99,61,60,60,22,38,98,44,73,36,31,36,54,91,46,100,86,46,10,22,33,74,99,89,71,49,98,40,31,50,97,18,31,33,52,68,28,11,95,70,64,52,12,32,43,19,31,96,11,86,55,70,84,10,72,41,70,24,15,12,82,97,47,39,77,74,31,28,22,22,48,52,67,72,54,79,42,94,72,42,56,68,11,55,48,100,52,76,94,86,71,24,44,97,76,91,12,28,62,38,94,28,55,73,13,41,83,99,65,56,36,21,34,58,91,23,45,90,96,79,67,77,32,43,96,54,52,60,85,63,45,49,34,15,84,76,99,53,88,25,65,68,82,54,46,24,11,73,97,28,69,97,29,76,47,89,81,95,30,48,72,46,18,47,11,68,15,37,46,85,25,16,72,49,10,65,55,94,10,16,42,27,54,46,74,95,81,29,21,44,28,35,65,84,20,47,38,14,70,55,41,96,91,59,64,61,22,43,48,86,49,32,82,65,96,51,84,27,97,35,42,27,63,80,35,48,49,20,48,82,90,69,79,33,58,65,22,27,77,66,98,50,74,97
E30,55,69,55,64,69,63,62,69,13,81,13,63,21,27,88,48,41,84,75,57,26,89,79,82,47,16,60,26,61,95,10,69,76,68,16,20,17,44,93,23,52,86,22,47,82,71,98,52,17,25,84,96,75,16,99,36,76,28,81,73,27,38,96,91,29,48,90,49,10,72,89,98,35,24,18,10,29,87,25,76,22,41,36,23,70,13,74,66,60,17,25,48,61,71,33,40,79,43,88,97,66,94,88,25,65,28,91,12,33,28,94,40,31,75,99,79,35,70,71,47,47,95,22,85,73,57,95,45,60,59,99,23,69,63,64,28,13,46,68,25,82,59,11,84,48,14,92,93,94,89,66,15,55,27,69,68,45,11,30,55,74,74,36,54,100,77,59,75,18,32,93,29,55,93,82,53,68,27,45,94,48,60,18,92,71,58,70,87,94,33,83,100,74,94,77,43,26,99,51,85,84,54,84,89,61,18,15,13,30,39,22,95,23,73,96,70,51,39,40,23,32,59,63,18,17,88,42,24,14,19,66,57,87,90,13,32,51,23,99,67,58,27,91,83,81,35,35,42,72,66,96,46,38,35,30,65,77,34,21,84,13,90,95,22,36,14,27,10,56,62,82,79,19,53,33,97,92,77,73,34,36,83,70,74,55,55,89,81,27,18,66,64,90,58,19,82,20,26,76,48
E31,22,25,73,39,16,86,79,52,12,38,47,42,59,100,55,18,30,46,19,78,83,40,76,88,74,49,61,89,17,79,99,24,84,70,43,93,13,14,53,63,43,35,52,17,27,36,80,52,94,17,40,73,19,82,88,99,14,54,19,63,86,88,20,80,71,26,44,15,23,14,73,74,38,93,54,65,71,48,39,12,17,13,35,78,87,58,97,97,12,80,71,16,59,58,99,26,65,99,64,80,27,24,66,25,88,57,55,34,53,65,17,40,39,21,85,11,39,62,78,82,15,11,41,17,19,17,26,66,33,46,15,50,54,87,93,41,47,26,87,60,71,94,25,94,19,19,42,79,36,73,100,55,38,66,48,56,80,47,93,41,77,44,50,99,79,74,23,16,54,62,100,89,72,45,20,36,27,76,39,49,80,36,25,57,28,14,40,99,66,93,68,24,12,73,14,44,45,85,59,48,20,17,45,88,59,73,12,58,59,66,15,38,36,58,33,94,65,78,16,94,49,14,79,54,13,87,53,43,85,37,13,53,89,65,64,17,23,80,59,96,46,78,69,64,83,82,76,43,30,58,69,40,26,11,45,97,45,20,41,79,47,53,83,60,14,88,45,56,44,94,42,93,87,11,25,49,82,94,51,43,32,66,69,12,66,11,69,14,55,71,91,81,37,62,17,84,20,45,88,80
E32,50,18,66,33,43,45,43,73,26,39,90,32,28,89,93,16,39,24,93,14,33,97,74,66,84,50,15,80,39,17,43,42,12,96,55,79,15,86,40,54,23,19,74,66,24,75,19,40,36,51,83,57,97,63,19,92,64,46,28,13,51,87,56,52,62,93,57,70,47,89,13,30,57,15,47,29,85,13,23,87,37,50,75,75,84,54,37,58,84,14,94,29,58,93,20,19,38,82,74,83,90,80,63,78,25,77,16,87,70,94,77,76,66,50,44,34,83,47,41,52,41,56,39,68,50,24,98,40,66,62,56,20,55,81,74,19,56,93,71,87,39,67,63,39,82,26,78,41,62,96,84,95,27,87,43,46,53,50,25,20,62,63,74,28,83,73,90,35,33,68,11,31,25,63,43,80,70,22,26,14,65,13,98,31,19,26,75,77,59,64,55,26,61,99,81,40,47,25,53,53,85,87,88,23,15,19,55,67,62,90,67,65,47,71,99,27,33,85,75,20,29,10,85,85,57,96,93,68,58,51,66,32,75,85,45,22,39,48,73,53,16,82,76,77,84,75,64,46,51,59,50,32,28,15,36,65,76,45,83,88,50,22,54,46,31,25,46,45,72,66,38,31,46,43,87,23,39,95,45,28,22,36,80,75,31,13,86,15,79,78,34,10,72,13,57,36,46,83,64,66
E33,76,26,68,47,24,100,25,66,65,73,43,21,27,45,95,24,55,20,38,19,51,30,74,52,45,68,90,75,96,19,100,98,50,14,65,22,100,76,50,34,81,94,90,14,91,90,11,41,27,85,58,38,96,35,43,70,29,72,33,73,46,26,35,91,21,76,37,10,65,18,72,81,88,36,100,32,14,63,98,43,88,58,90,84,40,91,54,71,77,94,33,48,39,47,95,72,72,90,60,86,55,79,71,47,22,38,24,46,63,67,51,41,94,64,24,32,69,50,94,24,54,99,60,100,26,71,72,86,62,97,40,13,47,44,74,37,62,17,81,51,43,96,50,62,60,66,64,61,43,16,44,72,38,53,91,15,49,67,62,38,83,31,78,36,90,24,88,88,52,26,87,79,12,12,58,21,100,52,55,80,18,93,16,76,36,56,78,35,30,78,60,39,47,30,57,52,62,37,80,41,11,14,12,77,23,74,60,72,15,30,46,48,13,39,90,98,41,14,44,25,58,93,61,26,44,20,19,19,74,100,63,12,11,79,87,29,22,85,60,34,87,49,51,64,75,12,48,45,68,35,22,43,93,83,70,58,47,64,21,38,62,81,45,71,46,99,78,74,41,58,12,73,60,57,79,23,67,38,83,13,60,39,67,57,71,82,23,92,49,52,28,90,20,22,81,31,36,72,85,41
E34,20,28,61,88,70,76,82,39,17,73,42,62,49,53,29,14,51,98,82,86,62,10,44,98,36,81,72,79,73,50,93,40,51,69,100,71,75,81,20,23,64,99,19,58,26,11,30,76,25,31,35,66,24,14,64,73,31,90,77,72,27,80,63,61,11,47,25,65,47,96,44,76,51,88,57,82,93,31,28,47,76,97,36,88,57,76,87,42,70,69,36,52,27,31,77,70,11,50,63,32,29,70,18,10,49,99,34,35,98,22,78,68,52,22,17,89,69,86,30,18,54,91,81,38,54,90,11,34,45,46,64,84,49,57,89,61,42,81,79,92,94,35,19,85,29,23,37,45,32,43,82,23,26,76,85,92,59,52,83,85,87,45,88,95,70,36,31,10,39,37,21,88,28,28,31,70,10,51,19,16,27,75,66,64,95,70,51,48,74,25,40,81,60,58,59,100,70,55,49,76,50,77,20,87,37,31,91,45,28,65,81,66,72,98,42,97,25,81,65,93,54,32,13,56,69,95,54,64,37,88,81,34,58,57,32,11,35,66,56,77,34,10,85,49,52,22,57,42,74,11,87,44,14,92,45,92,71,60,15,99,100,42,45,90,17,83,13,70,87,90,68,72,32,70,92,79,23,14,57,13,88,29,100,32,26,20,63,25,17,66,91,100,17,50,22,79,45,34,93,88
E35,12,52,96,50,100,31,85,56,76,11,95,61,63,95,95,17,18,34,74,28,44,20,32,66,15,45,87,35,98,74,62,32,91,10,49,45,81,54,25,53,69,82,99,21,82,69,21,24,21,33,21,33,50,85,90,12,31,11,37,91,57,68,20,41,49,97,92,34,26,49,16,58,100,46,32,45,27,82,50,62,38,34,44,35,32,47,43,99,66,43,21,72,55,84,56,54,92,76,67,90,97,31,14,84,59,29,78,82,36,99,65,54,92,97,46,36,53,99,74,80,44,21,75,36,43,37,69,43,14,24,76,94,90,33,70,27,69,85,51,57,82,58,94,85,14,51,99,23,90,55,11,30,63,70,52,53,92,22,33,55,49,30,69,79,33,12,66,88,68,85,83,98,65,61,70,41,42,57,86,53,71,96,61,48,15,39,74,23,63,64,44,83,61,85,13,30,75,31,48,86,99,77,35,82,27,26,94,52,16,21,49,28,54,68,60,31,68,10,94,28,35,32,48,49,20,33,40,36,65,21,41,29,97,81,57,10,71,30,54,22,70,80,97,60,99,37,70,95,58,69,100,41,22,59,26,50,27,61,51,46,96,64,86,60,78,19,54,72,95,85,13,38,87,32,40,57,56,53,74,10,88,86,60,19,92,39,27,73,34,15,37,48,65,21,53,59,93,33,64,29
E36,46,49,59,96,71,14,43,63,32,30,60,97,76,23,69,20,54,97,22,93,61,11,30,50,26,83,74,59,97,68,11,72,93,95,61,64,16,48,64,43,91,24,87,67,74,57,70,52,78,56,24,32,64,78,59,96,20,29,10,53,100,85,43,35,75,88,68,65,16,69,46,15,25,72,68,56,16,86,97,57,42,64,53,96,47,13,79,44,32,47,55,63,12,67,51,48,91,14,86,24,55,14,78,60,41,32,20,78,22,26,28,91,73,65,45,54,68,98,89,41,77,82,68,15,19,51,57,14,28,87,91,22,58,75,20,53,91,48,64,61,12,33,42,93,20,65,24,34,83,43,48,88,75,79,41,98,16,57,83,70,37,65,45,98,33,45,74,95,15,87,61,33,96,46,44,10,62,36,12,63,94,26,45,44,69,86,91,50,22,38,38,12,100,51,38,18,88,46,87,68,85,63,91,86,52,79,59,70,81,11,53,53,50,54,66,29,69,73,36,78,99,31,96,59,42,61,14,94,83,20,90,72,81,54,20,36,77,57,48,47,50,67,96,69,13,29,89,84,31,89,55,82,65,63,12,46,81,72,40,58,78,26,58,87,25,22,60,37,37,24,83,47,32,30,61,80,62,55,37,63,86,45,50,56,90,23,95,97,91,91,50,74,78,78,60,38,61,73,69,46
E37,67,30,32,61,46,10,78,52,69,93,32,97,22,59,84,93,63,63,62,34,91,13,89,38,27,88,89,74,20,86,83,62,12,51,88,41,31,82,90,70,97,21,57,12,86,93,59,80,75,34,30,68,57,40,32,70,35,51,26,47,18,13,36,83,69,68,41,97,87,66,40,32,69,74,92,24,87,52,30,41,69,18,10,14,97,96,62,76,70,59,19,63,43,78,25,87,92,78,13,66,71,17,47,60,15,56,61,75,90,93,66,64,25,23,28,43,84,24,31,56,62,94,53,28,41,71,36,43,22,52,92,98,19,68,100,72,41,43,53,47,98,66,52,67,99,43,82,45,86,14,27,28,76,46,13,38,57,82,56,47,49,30,82,91,49,70,66,96,47,29,98,26,28,87,47,59,42,91,39,13,37,84,48,28,84,11,43,56,75,76,61,71,89,31,54,92,29,85,74,50,76,57,58,72,92,31,77,71,32,71,58,11,95,18,53,38,49,36,38,29,45,87,25,93,35,55,73,68,82,91,11,77,39,35,56,95,14,61,90,22,52,74,18,44,80,78,78,20,17,67,82,76,41,41,42,33,98,93,41,39,98,68,32,15,87,44,80,45,21,34,18,26,76,48,17,36,39,41,84,84,71,69,22,78,16,50,91,19,35,71,24,66,20,70,35,22,79,85,37,86
E38,72,48,82,11,84,65,24,66,92,34,85,91,88,68,10,42,62,86,44,73,90,32,52,74,71,75,46,92,48,43,78,41,53,45,96,81,74,49,90,66,24,33,72,10,50,75,70,73,30,32,18,65,96,48,22,66,53,91,97,78,33,34,23,39,37,49,74,49,50,77,70,23,97,48,88,36,83,96,29,51,30,34,60,31,30,88,94,30,51,76,70,93,86,63,44,39,43,70,48,57,28,49,52,55,50,67,49,64,82,60,63,10,61,17,62,55,92,27,68,45,12,100,35,36,94,42,47,57,13,51,64,58,51,81,81,35,37,89,74,66,45,23,19,41,30,51,71,85,70,15,94,59,98,100,72,41,45,87,85,58,17,22,17,91,53,45,78,57,66,46,24,70,27,19,51,62,29,29,85,48,83,35,81,21,66,41,51,83,79,94,43,81,77,47,98,12,27,18,99,50,56,67,37,33,51,69,39,68,56,52,35,96,100,43,42,87,12,27,25,92,62,64,60,72,16,77,17,75,57,12,82,65,14,74,51,78,72,46,83,52,91,18,19,82,21,81,24,78,30,75,21,83,69,88,93,34,19,97,65,45,69,67,29,93,52,19,33,92,83,53,68,77,98,65,12,61,83,47,10,89,59,12,11,38,51,64,29,43,38,84,96,51,78,68,93,95,35,83,55,83
E39,29,34,28,36,49,33,22,13,78,87,15,26,79,54,18,51,50,39,94,36,35,48,30,64,44,39,37,55,13,27,66,25,58,13,66,36,58,16,67,66,61,35,36,58,85,25,21,32,74,84,76,25,30,36,25,72,87,55,50,63,34,36,21,74,56,71,42,75,24,68,12,10,58,63,61,22,55,56,49,18,65,93,48,39,99,20,93,92,59,70,12,45,92,51,15,28,41,32,82,11,26,76,29,27,98,70,14,17,86,36,94,47,57,89,63,30,63,32,32,76,29,95,33,56,24,30,13,73,36,49,61,90,57,43,89,51,13,13,52,13,70,14,28,62,15,79,58,86,77,31,30,22,11,54,38,21,63,18,24,70,69,63,78,66,27,87,91,10,49,70,70,42,26,51,94,79,56,88,95,22,71,73,83,35,26,38,75,26,28,38,94,20,22,61,46,88,23,41,38,42,33,94,48,52,100,69,95,85,76,76,83,44,26,51,64,57,94,28,84,14,59,90,16,35,33,11,28,91,14,40,30,60,51,11,83,71,71,54,34,90,83,61,67,37,68,89,43,79,66,25,45,93,75,53,53,33,42,53,72,80,68,94,22,95,53,76,43,18,56,64,92,13,79,26,22,39,68,24,25,80,47,26,54,49,67,65,80,20,74,33,60,75,34,28,97,38,12,35,55,77
E40,86,29,82,77,77,16,78,56,79,39,98,77,31,57,30,22,97,31,91,91,89,38,29,79,88,64,35,45,16,61,47,59,76,63,70,69,51,27,48,10,19,42,100,81,95,49,36,88,86,18,17,62,27,28,71,30,41,60,30,92,63,60,85,34,41,54,19,38,45,27,61,25,84,96,29,36,66,28,96,45,51,11,91,25,76,49,77,23,90,86,70,39,94,66,48,25,79,88,68,29,19,53,44,15,58,42,24,90,69,64,84,31,100,98,72,47,38,76,23,21,87,86,56,40,95,73,99,65,63,17,91,23,45,45,42,91,75,52,63,95,42,55,20,11,22,72,41,84,73,38,85,65,95,44,23,100,72,81,87,82,58,87,76,95,58,15,87,23,85,92,22,83,22,25,40,56,84,96,100,87,63,60,15,54,92,66,68,83,76,14,61,90,65,95,13,37,82,33,13,90,52,22,47,62,13,68,42,55,97,54,55,41,45,67,16,51,68,99,91,43,30,36,81,80,92,51,61,54,32,73,21,52,55,88,78,39,50,49,22,21,91,61,50,89,73,91,33,58,35,43,100,72,54,53,66,56,30,31,51,12,24,34,84,49,74,99,92,81,47,81,78,32,60,89,99,19,35,21,21,86,94,61,43,28,53,78,55,60,27,59,23,47,88,82,20,51,38,66,15,41
E41,80,29,95,45,13,73,38,98,38,41,38,66,92,37,28,11,47,41,12,88,71,66,63,81,80,82,34,62,33,76,84,61,90,83,59,43,100,56,43,65,57,56,40,50,79,55,19,98,27,51,99,41,78,84,26,22,74,100,70,78,50,23,87,39,54,99,92,80,38,69,44,83,16,68,89,66,73,85,65,18,31,12,81,67,81,93,17,54,71,100,28,18,97,55,18,45,82,42,13,86,72,65,100,27,60,37,94,67,49,78,99,96,48,52,39,82,75,62,28,79,97,85,50,10,88,16,55,85,25,19,88,18,77,62,30,34,41,86,32,33,13,93,73,25,52,21,22,61,83,99,97,59,62,58,99,70,27,53,33,22,49,55,32,100,65,42,73,21,33,43,61,35,39,54,92,91,20,53,67,22,77,42,12,87,17,81,17,97,57,22,31,10,77,11,10,51,59,49,13,82,82,57,18,32,34,91,89,73,33,78,37,54,22,97,29,86,57,83,32,66,100,32,74,29,66,13,89,14,78,25,49,47,23,54,97,33,85,76,31,22,73,34,87,29,88,53,68,94,80,59,67,24,95,80,18,53,41,56,28,40,72,34,61,15,55,17,71,94,100,85,22,76,21,94,93,51,77,82,83,99,78,76,60,79,92,35,46,51,27,67,35,47,90,64,61,65,58,20,72,13
E42,72,23,51,81,71,88,59,49,73,46,97,99,17,77,15,34,21,49,85,83,79,32,92,50,16,78,13,16,48,59,34,55,78,16,97,65,75,77,32,75,57,97,99,15,37,22,68,33,38,50,19,36,73,36,83,91,88,11,15,58,36,98,24,47,10,40,94,52,32,59,39,57,61,15,29,28,86,41,89,95,43,64,97,83,100,90,49,36,93,44,62,98,11,63,62,58,45,34,72,42,86,11,90,98,60,15,99,67,26,94,98,38,19,91,24,24,30,72,18,33,78,51,31,42,97,98,60,46,78,46,46,82,43,23,25,60,35,21,81,73,35,26,76,14,70,71,23,24,39,14,59,33,20,98,18,40,65,88,57,66,28,66,86,15,94,74,34,36,50,15,82,11,29,53,42,32,54,69,35,92,17,60,58,29,47,74,18,38,33,90,34,52,94,66,13,66,18,41,87,77,46,81,30,28,80,50,17,24,97,18,62,76,78,12,89,31,51,57,14,28,23,97,39,10,58,10,82,17,59,82,25,38,90,14,82,79,19,12,93,70,83,92,59,46,97,88,59,67,40,97,72,88,42,54,91,68,71,29,68,78,56,38,28,46,91,32,59,42,30,57,12,65,48,28,15,68,62,100,79,39,61,26,90,55,36,61,63,63,68,67,66,59,69,56,53,51,95,61,27,77
E43,36,41,37,34,82,34,94,89,56,69,80,62,57,92,49,37,60,28,70,23,79,93,67,48,89,62,16,35,37,53,80,30,94,59,76,65,33,66,13,98,36,59,82,95,32,44,97,82,29,92,61,83,35,29,62,50,69,41,26,72,50,88,88,77,90,14,96,22,18,20,12,11,16,52,21,50,55,35,29,37,49,18,56,89,50,84,67,70,53,100,32,47,48,22,81,30,29,30,63,25,78,89,62,30,81,80,90,70,99,45,98,41,24,94,28,66,22,15,27,58,70,58,71,31,12,85,98,56,66,84,83,33,67,12,72,95,82,54,53,20,57,18,32,27,89,48,96,60,29,24,95,35,91,51,47,20,55,87,73,12,89,85,63,31,56,42,34,75,45,76,13,72,50,31,16,93,40,99,49,43,67,65,53,15,44,94,68,94,20,52,80,14,26,89,11,83,12,48,58,35,70,58,59,14,98,96,44,99,58,52,56,75,64,62,100,53,26,54,43,80,34,72,46,44,20,67,95,20,95,50,75,24,12,26,23,41,19,32,57,18,29,83,40,21,19,11,11,53,89,19,29,84,90,68,90,52,95,23,88,25,17,100,27,35,20,33,21,21,10,65,97,39,36,16,20,59,51,90,77,34,70,35,100,73,87,100,33,70,46,96,85,17,66,33,74,10,20,32,35,43
E44,28,79,83,34,99,25,99,19,34,33,51,39,30,60,91,85,47,86,62,74,91,46,37,64,42,54,40,77,10,93,97,42,46,30,18,17,18,73,54,17,89,65,20,96,67,11,96,21,50,85,56,99,97,87,96,18,82,43,50,67,55,71,57,73,48,72,50,79,34,39,85,31,15,98,55,62,69,69,51,61,69,69,67,29,28,59,63,13,27,50,58,90,29,61,56,11,65,94,32,29,85,33,37,22,12,60,70,29,44,53,35,12,73,60,30,48,80,45,39,34,72,87,73,65,65,30,72,95,17,55,23,18,51,100,71,87,47,28,40,76,73,37,63,72,11,49,90,30,53,90,49,97,89,64,88,25,86,26,77,46,53,57,98,26,57,82,70,18,12,67,57,63,41,36,51,98,39,50,91,70,45,81,53,83,52,99,34,26,51,90,83,39,100,85,88,40,41,72,82,70,12,50,75,22,59,28,89,51,20,77,72,69,87,44,18,67,59,34,45,28,56,17,70,41,38,91,10,51,55,89,71,81,28,44,50,72,50,87,78,35,92,34,86,87,25,47,17,34,77,74,46,41,58,64,99,11,48,43,36,28,47,13,13,93,92,63,20,57,69,28,67,90,58,81,30,86,66,50,23,45,68,45,35,100,87,68,46,30,85,26,51,12,25,16,51,80,71,57,28,50
E45,58,80,13,90,65,92,51,60,32,51,88,14,92,46,51,82,82,15,75,17,26,73,18,18,27,29,23,76,30,40,21,56,55,53,20,62,53,18,73,61,79,17,77,63,92,60,98,29,80,21,36,67,30,24,43,39,40,17,92,97,81,13,16,92,99,38,71,15,15,38,39,29,27,74,50,51,59,91,95,60,12,75,47,73,13,95,99,63,80,18,15,35,85,14,36,39,84,72,10,54,99,20,84,57,75,31,60,37,29,78,10,90,89,46,44,81,57,75,59,30,35,87,42,52,35,51,43,60,25,93,46,67,13,67,87,93,95,75,61,36,33,24,15,59,23,36,35,82,48,98,96,37,85,48,56,69,16,92,90,39,82,42,37,75,13,49,11,37,33,52,36,73,59,51,68,60,87,31,72,71,81,86,46,95,41,19,88,23,10,13,89,16,11,45,10,48,66,58,82,30,22,16,57,37,92,34,64,57,19,45,63,93,12,48,14,25,48,28,43,68,36,25,91,97,13,70,32,11,24,21,40,68,84,98,81,44,44,12,99,82,71,18,98,29,37,18,60,96,58,13,14,73,65,69,62,32,11,83,15,94,18,45,100,46,71,35,44,13,95,44,34,40,98,67,10,93,15,82,65,81,99,72,39,16,46,56,21,86,57,68,70,79,30,57,94,57,80,79,28,51
E46,91,54,62,32,84,61,57,69,54,47,28,96,73,96,79,62,56,65,21,87,42,27,52,55,92,69,67,79,97,31,15,53,74,90,28,86,53,79,90,30,83,27,36,98,60,20,63,24,74,79,15,76,23,83,10,42,80,95,31,39,97,100,52,72,24,51,57,80,60,76,94,60,38,83,54,62,98,23,38,91,92,68,29,98,34,10,74,23,73,28,19,98,49,40,61,48,36,79,91,22,34,13,12,13,47,25,36,33,97,19,18,42,67,25,64,55,94,61,11,99,86,48,53,59,57,36,48,64,89,85,71,91,88,85,15,96,72,14,73,50,54,13,42,99,70,59,78,22,64,98,85,89,54,97,72,13,58,14,72,21,70,42,79,21,20,41,90,22,68,58,53,40,87,70,14,51,49,80,100,67,37,88,62,22,11,97,26,85,96,13,74,66,18,74,33,69,45,99,82,59,78,93,16,42,84,25,99,76,72,32,67,47,30,15,47,86,52,64,24,97,29,19,35,71,72,41,10,59,93,32,58,15,48,33,38,53,97,84,73,39,66,99,24,22,31,27,26,87,82,13,66,73,56,99,65,12,100,77,98,57,91,79,23,63,70,14,45,65,81,99,64,18,18,21,43,95,55,70,61,74,41,27,25,13,30,21,83,33,95,35,67,94,79,57,81,43,71,18,94,33
E47,84,62,24,81,15,39,35,28,48,27,99,60,11,57,17,75,11,24,77,95,44,84,77,11,48,27,50,41,71,37,34,94,70,71,71,37,22,32,59,80,91,90,79,19,28,95,26,75,28,18,71,75,19,82,31,41,90,62,90,56,38,43,62,17,65,15,51,60,13,34,95,57,60,67,87,38,26,71,88,75,62,92,91,30,40,86,76,46,73,19,65,86,13,63,18,81,20,100,28,92,15,57,45,60,45,69,93,53,48,78,87,51,49,70,75,72,59,98,85,98,81,97,87,86,94,83,27,70,53,21,98,72,53,78,76,88,90,18,42,90,44,44,46,86,75,39,50,51,40,82,34,54,49,34,52,76,96,62,45,43,86,64,95,94,34,88,27,98,47,34,97,97,56,79,80,51,36,69,84,76,32,25,47,91,41,36,86,91,53,33,92,73,57,41,60,71,44,82,68,78,53,28,42,87,19,42,25,58,80,60,10,18,34,42,73,68,80,84,45,75,82,63,35,44,16,64,90,72,86,23,70,65,59,50,25,27,33,25,56,16,15,18,45,23,80,78,44,26,22,97,64,36,15,94,82,17,11,24,53,89,45,46,65,40,39,38,89,87,83,44,80,55,40,29,12,80,84,50,38,31,59,36,79,88,12,30,21,83,88,44,72,25,22,41,62,38,40,68,88,31
E48,32,38,45,23,10,40,95,49,65,84,86,59,67,37,39,22,20,62,66,66,29,59,88,58,12,79,44,36,96,72,65,77,53,51,12,73,74,88,59,66,87,36,57,28,100,19,86,99,97,58,31,61,36,37,50,55,61,45,41,47,39,58,86,70,13,97,82,41,92,99,18,67,12,59,83,54,56,58,12,72,65,67,64,21,65,42,54,39,44,56,43,71,30,31,38,84,92,76,86,77,35,14,58,56,16,39,21,100,30,21,88,99,80,16,42,20,77,42,67,29,47,28,65,45,33,39,62,49,31,76,18,39,21,89,16,83,93,32,46,80,70,64,31,40,12,35,87,19,18,22,44,32,78,25,69,80,57,32,29,78,33,41,11,51,31,44,75,12,74,74,17,60,27,31,16,70,29,26,40,87,57,83,45,69,41,68,32,100,24,41,30,91,87,15,18,58,27,10,46,68,77,72,96,60,80,79,61,77,69,92,76,55,87,83,61,42,77,62,31,74,73,26,14,36,19,86,57,48,24,87,62,58,58,48,57,13,50,72,35,12,37,65,91,28,67,85,27,93,48,60,41,28,12,39,66,42,72,61,69,69,57,36,69,26,63,16,41,28,91,22,47,57,16,54,69,59,93,65,19,86,47,55,75,80,71,15,71,18,55,52,34,49,74,31,11,22,28,81,44,17
E49,13,75,37,90,76,57,13,67,61,52,88,68,54,89,51,46,57,16,76,84,25,66,72,65,75,14,95,80,82,74,18,29,58,52,94,66,91,44,28,28,35,21,88,59,45,60,38,15,15,48,11,27,34,63,82,34,63,29,64,80,82,42,36,10,18,30,14,43,71,18,38,69,31,96,73,24,20,95,68,53,88,57,70,43,83,81,80,52,90,95,51,77,29,95,97,85,76,97,45,86,41,38,12,65,71,44,52,75,48,73,61,16,85,48,42,23,28,81,38,38,41,69,29,22,99,79,74,56,62,61,63,82,52,48,20,41,30,89,71,94,18,50,17,65,61,65,29,63,70,13,52,57,25,49,40,72,72,60,85,37,61,65,40,46,41,88,31,53,30,86,51,85,58,20,22,20,20,11,29,79,64,73,21,99,92,29,16,10,70,32,14,27,47,56,96,97,99,55,95,83,21,15,31,49,52,22,14,84,20,15,88,10,34,31,60,72,23,44,85,47,88,77,19,88,46,27,18,69,87,43,30,92,99,75,22,73,87,38,98,46,14,60,53,95,30,98,70,67,55,75,49,47,93,100,61,63,40,49,95,51,36,40,69,29,100,29,14,20,17,85,25,28,23,67,26,29,19,46,52,98,50,84,40,71,65,62,25,92,95,95,80,85,48,100,36,70,93,14,56,30
E50,60,34,54,18,16,14,42,59,33,73,69,94,60,100,51,67,27,51,100,64,94,50,82,99,33,10,31,42,63,21,72,52,28,15,27,40,75,87,73,45,35,33,63,14,11,90,56,53,88,57,53,10,23,71,74,35,37,28,52,97,94,74,45,77,60,77,85,88,88,35,65,15,68,85,80,47,78,68,15,46,52,12,62,85,90,18,70,63,69,87,83,39,50,85,38,67,43,48,93,14,39,95,84,42,60,43,10,77,39,15,38,67,40,60,10,65,16,19,45,78,79,63,12,74,91,49,86,94,16,73,84,37,78,94,80,46,24,40,59,81,52,32,79,93,35,11,97,64,20,52,92,41,71,12,22,26,43,31,94,47,95,42,63,30,64,36,30,56,22,46,49,79,98,80,91,18,19,29,25,10,40,18,44,32,24,67,53,25,74,78,69,75,25,71,95,88,45,20,55,21,55,32,59,34,79,42,12,89,21,18,30,28,53,30,76,98,78,34,71,90,54,13,53,59,65,23,75,61,37,31,34,89,91,71,85,99,18,39,94,73,81,68,59,51,92,57,35,15,14,67,34,10,83,55,12,95,57,93,53,63,10,50,69,20,27,22,86,76,81,24,85,27,70,73,80,80,53,25,89,14,91,50,41,49,78,64,47,14,23,17,48,95,27,99,43,58,29,45,53,62
E51,19,77,56,19,73,49,48,62,12,13,46,51,33,21,27,77,87,86,22,56,24,22,43,52,50,25,33,83,37,84,20,39,16,45,49,80,79,20,80,83,98,79,48,80,94,48,22,61,15,49,63,21,94,52,44,16,27,18,22,85,10,23,71,15,70,56,61,79,23,43,30,85,81,41,20,52,31,33,93,82,99,23,90,12,70,37,100,26,31,97,75,40,62,10,97,76,44,83,34,73,80,40,17,65,37,88,95,59,34,77,47,54,27,61,85,62,84,46,44,41,88,25,100,63,42,92,87,73,10,24,61,85,34,42,98,26,83,33,92,84,25,95,41,26,15,39,41,15,19,97,60,27,37,45,24,83,10,93,36,24,99,11,62,23,53,36,67,28,28,92,25,57,51,62,58,94,76,97,45,66,94,35,91,28,36,59,55,34,95,94,41,72,72,45,65,16,42,10,65,69,30,17,17,68,77,47,36,62,24,46,28,46,45,32,64,11,70,77,18,85,68,54,48,92,38,67,35,98,45,71,59,44,30,71,38,66,27,12,40,92,72,59,38,80,75,92,28,24,44,57,76,42,98,22,44,94,76,49,61,12,18,82,23,40,46,42,41,95,81,88,83,77,33,90,73,77,10,29,12,51,98,80,63,82,53,10,71,34,33,23,49,64,42,99,44,85,35,90,61,95
E52,87,82,82,55,22,58,70,89,35,41,51,15,53,55,70,40,78,52,73,39,65,81,12,98,19,23,82,27,39,62,15,36,69,62,78,19,23,97,80,66,27,38,37,37,57,22,14,42,11,85,62,25,45,92,85,67,36,21,53,40,88,25,21,42,86,78,90,40,15,70,98,45,79,31,94,99,10,72,37,62,52,22,21,74,84,39,83,45,10,64,99,54,55,67,81,99,31,13,22,90,83,12,95,45,34,32,30,39,15,32,35,36,35,26,47,68,17,94,67,38,89,27,14,25,36,56,90,48,97,65,29,98,18,30,70,58,10,31,57,14,78,32,97,63,23,20,30,37,19,29,63,23,65,39,99,31,44,76,81,96,77,85,84,52,67,30,86,78,94,82,37,67,64,32,88,66,45,50,43,87,37,12,35,61,47,58,78,69,21,84,24,98,26,16,39,99,78,24,81,71,60,93,84,27,16,76,33,78,39,26,40,16,75,87,79,19,40,78,80,20,53,77,78,21,43,43,52,80,27,32,15,64,72,36,27,38,99,91,21,76,28,89,66,19,64,91,79,20,51,68,31,97,45,53,13,14,11,13,95,98,13,13,20,51,31,91,84,20,20,98,34,71,22,66,78,92,57,17,90,87,13,29,55,50,58,96,24,74,92,47,47,43,30,20,79,28,86,95,83,79
E53,71,46,72,76,19,29,32,46,74,89,15,50,58,70,15,74,65,69,13,15,86,16,10,94,43,41,58,54,91,53,21,56,76,45,77,29,61,58,82,25,40,62,29,44,75,39,51,57,94,16,56,49,31,83,58,15,80,15,90,70,16,62,36,40,62,87,88,81,68,89,55,12,89,91,77,33,26,18,17,44,16,25,60,42,77,25,81,77,10,43,90,43,92,32,80,70,73,41,76,34,58,34,77,92,18,61,44,41,29,96,18,28,99,61,89,96,47,31,76,83,92,95,95,49,62,48,30,12,41,63,26,57,77,65,37,23,49,42,20,69,15,59,47,90,59,30,55,57,47,15,33,61,39,96,57,53,79,97,33,47,34,12,95,20,70,58,49,62,45,47,75,83,77,74,12,38,23,57,40,81,99,74,76,32,45,52,27,69,88,99,17,96,98,53,14,47,97,91,17,47,40,36,37,36,55,34,77,42,85,50,100,25,60,38,28,23,21,22,86,68,77,69,25,79,16,87,35,40,85,21,90,96,35,73,37,27,61,92,51,38,15,62,14,19,20,88,74,73,51,59,22,69,74,62,80,77,11,11,33,36,13,13,85,23,52,63,24,80,26,86,77,11,41,98,58,52,70,91,99,73,43,46,86,25,63,10,89,97,37,60,57,88,54,27,17,19,49,87,19,25
E54,77,91,83,46,23,79,47,38,39,60,77,71,53,13,85,27,62,34,31,30,37,87,87,74,28,19,40,67,45,52,53,63,19,21,42,14,99,47,26,76,78,62,15,56,90,12,53,40,73,60,64,65,15,76,98,22,24,26,64,12,15,34,17,76,36,56,59,60,87,21,13,59,29,97,68,19,51,37,22,32,37,42,53,55,16,65,75,80,33,65,83,23,72,90,72,64,81,92,28,89,36,77,43,47,15,24,40,48,80,10,77,67,34,53,48,40,71,95,80,77,27,62,15,37,39,92,57,88,25,16,23,95,57,67,98,98,12,87,16,74,57,82,84,100,18,47,46,83,33,12,67,42,84,31,61,86,100,83,89,90,63,89,83,58,94,47,80,92,87,86,96,96,68,21,76,47,28,78,56,84,59,91,82,41,28,52,82,23,47,12,74,49,82,89,34,32,34,23,33,38,47,28,65,61,82,81,17,62,89,99,12,81,70,29,60,91,25,68,63,13,92,66,32,37,49,81,39,76,87,38,51,95,94,87,56,93,41,76,27,94,81,12,46,10,54,62,94,25,28,98,82,88,65,53,13,80,28,61,85,55,79,96,28,65,94,44,21,80,58,83,58,54,62,90,19,37,11,81,71,64,22,96,97,28,34,77,50,83,53,25,42,34,44,61,79,29,40,85,49,75
E55,44,90,15,13,31,71,38,10,10,95,75,65,86,60,59,18,17,24,59,74,35,19,20,95,34,88,52,13,16,18,58,77,17,88,92,45,20,47,90,87,19,51,16,68,62,32,90,76,35,84,66,92,62,90,28,16,57,38,91,45,44,12,73,66,66,86,46,60,30,17,67,27,61,62,95,26,86,27,54,12,81,21,72,90,70,59,16,30,82,99,87,18,43,12,60,77,96,78,43,18,34,35,35,68,39,21,26,50,55,31,35,54,61,23,69,79,20,69,11,36,31,96,23,20,87,30,10,58,24,38,64,40,75,95,50,26,69,73,79,83,54,58,25,34,37,67,19,95,79,47,49,43,85,16,31,84,51,16,28,60,47,75,15,22,65,45,46,16,40,67,36,97,42,23,60,70,78,23,28,69,73,95,75,31,33,19,11,30,91,21,72,85,78,33,23,90,34,43,76,63,31,83,79,53,72,97,87,66,39,64,39,79,41,24,75,32,79,97,50,62,13,53,39,83,67,12,73,99,85,79,91,64,61,97,25,68,71,99,17,61,73,40,61,76,28,11,56,10,58,79,28,20,94,31,33,38,90,54,51,96,30,21,60,96,94,56,11,52,79,67,23,97,43,61,82,29,19,76,93,32,19,83,27,51,82,60,68,86,15,81,85,78,97,44,40,65,89,87,79,46
E56,79,12,30,26,14,52,14,87,98,39,94,79,65,86,98,42,74,47,92,26,48,87,53,88,75,80,90,18,92,20,46,54,67,90,79,74,68,14,98,93,66,21,55,32,40,79,61,67,59,71,35,79,94,33,13,88,67,45,58,19,88,18,90,94,69,73,88,78,73,59,79,29,89,83,65,74,73,29,26,50,76,83,35,73,14,92,78,50,97,77,10,61,92,33,97,90,40,57,16,99,44,13,94,56,59,58,89,52,97,68,82,14,13,96,25,31,45,79,32,53,57,44,42,33,77,60,68,85,60,35,27,55,88,47,33,91,41,91,27,97,78,83,44,60,38,34,79,83,23,53,61,31,43,20,97,97,51,33,78,53,71,32,53,59,31,83,31,61,85,38,98,38,53,77,87,97,57,23,38,74,23,81,100,60,57,56,13,92,72,76,43,59,81,51,12,88,51,72,97,46,43,38,10,34,49,90,89,25,96,75,83,19,24,71,86,71,31,16,35,76,100,52,84,40,44,14,21,56,36,60,49,21,51,47,68,23,51,51,35,23,37,32,56,89,37,63,70,77,22,40,64,67,50,15,12,89,44,29,99,92,23,46,21,14,55,32,68,59,88,77,25,99,85,77,70,81,17,87,26,71,10,44,56,26,40,75,77,81,54,61,30,27,52,81,64,63,17,51,84,74
E57,63,67,78,66,45,48,31,27,73,100,53,75,53,95,45,79,90,53,85,64,56,50,88,46,32,74,26,48,88,25,20,98,64,52,13,27,10,15,15,29,49,57,91,39,85,92,39,19,40,26,92,24,51,50,18,36,10,51,53,71,14,76,36,91,91,64,81,33,97,22,46,48,46,76,77,88,59,59,85,89,72,28,73,98,38,64,67,91,66,47,92,62,29,10,26,56,75,100,31,57,46,36,18,77,37,32,100,79,23,27,34,18,26,35,87,28,92,10,90,49,89,21,17,58,11,21,76,41,63,43,72,30,36,80,69,54,13,78,31,70,61,76,100,21,95,68,32,33,54,71,69,51,43,56,81,90,44,71,27,58,29,83,14,51,28,89,21,75,95,68,58,94,80,40,23,60,16,80,33,66,25,92,70,32,18,68,97,37,35,66,37,82,93,84,33,13,51,33,32,29,83,82,88,37,62,31,22,64,51,94,84,19,91,48,40,80,80,28,40,31,51,93,56,99,41,83,79,36,50,81,49,44,63,25,72,92,69,73,38,30,60,47,41,12,83,52,43,42,83,73,88,24,33,67,87,84,66,10,33,83,32,66,18,30,17,52,41,95,86,69,77,73,24,37,72,100,51,27,84,81,76,41,26,29,13,96,22,27,56,60,16,80,34,32,14,15,43,80,72,87
E58,97,69,76,74,74,82,66,54,97,36,98,100,57,95,75,55,33,40,91,78,60,17,15,35,12,45,48,40,59,92,20,83,83,51,24,68,18,54,30,36,83,21,12,29,92,83,31,85,54,94,13,21,48,35,71,45,93,75,34,17,88,35,10,83,63,70,20,36,97,85,73,21,87,24,28,60,16,91,29,29,24,36,30,25,97,99,68,62,69,94,27,16,24,87,96,21,24,24,58,61,23,26,33,15,25,89,14,67,27,53,94,77,66,41,35,89,37,14,47,83,34,65,58,53,36,78,11,94,32,68,93,95,48,76,23,29,46,32,22,21,46,12,81,97,60,90,77,27,53,11,83,95,51,27,29,86,46,58,26,12,85,34,99,56,54,58,18,93,10,37,95,82,86,54,26,98,84,73,12,22,39,68,25,28,45,34,64,55,80,51,79,56,59,49,26,37,13,43,19,29,13,28,71,16,64,25,56,88,30,71,39,81,73,45,17,31,86,89,17,66,20,65,64,85,12,62,39,26,26,46,77,93,23,53,50,43,30,97,90,92,10,38,99,100,46,14,41,17,25,12,88,56,61,73,82,91,67,57,64,49,89,18,57,66,85,96,54,57,46,64,32,41,42,71,23,27,42,69,65,10,24,15,81,17,25,75,25,14,36,13,62,80,39,22,67,61,45,21,72,30
E59,64,76,15,79,11,76,22,95,56,67,23,28,85,13,23,53,100,17,69,20,35,75,15,62,67,23,41,16,69,39,52,20,16,46,56,77,45,72,48,35,61,32,24,100,35,13,12,82,65,33,54,78,77,96,55,67,64,100,64,86,42,73,13,36,25,81,10,52,35,95,35,87,61,30,66,42,65,60,65,29,20,55,84,18,77,40,27,99,70,12,14,17,44,61,63,64,22,49,52,90,85,13,18,24,16,67,85,72,95,69,25,42,14,12,93,43,84,40,79,80,18,82,99,100,90,99,44,83,10,50,41,95,100,18,50,32,15,42,88,87,74,14,85,48,92,86,73,60,87,77,73,91,38,92,18,35,69,85,66,97,25,63,58,87,81,47,23,62,58,22,29,37,72,46,16,72,71,83,44,41,39,32,51,65,33,36,98,75,95,85,86,47,84,82,24,88,67,11,18,43,31,65,94,27,13,37,69,16,75,68,79,31,23,21,62,17,30,94,95,94,13,90,94,90,43,22,79,20,40,57,97,99,88,83,75,86,74,84,67,28,24,20,66,12,78,74,90,85,47,94,75,13,19,79,61,43,48,78,27,30,25,67,55,76,75,39,83,66,74,57,66,11,79,32,17,13,43,79,15,63,70,50,70,95,21,33,34,58,82,20,48,86,61,21,92,95,20,30,75,73
E60,96,85,44,31,86,95,64,81,74,29,69,60,84,95,71,95,91,16,44,15,85,55,39,25,43,21,84,64,24,55,64,15,73,80,92,41,32,72,46,96,98,80,81,38,52,58,55,23,68,84,94,95,92,60,33,47,91,15,87,63,99,91,46,88,58,59,79,41,43,88,64,13,44,67,75,49,29,18,66,11,29,81,53,23,59,28,30,55,84,41,90,62,45,79,79,26,10,74,83,38,44,78,61,78,99,74,39,88,15,65,27,43,60,71,29,77,66,87,83,18,64,12,89,18,21,48,19,37,24,85,41,55,94,86,91,30,36,62,23,39,37,70,62,10,53,33,41,15,42,51,81,75,22,61,52,99,12,31,56,45,48,73,28,43,25,88,22,64,50,93,14,34,99,47,45,13,82,63,61,18,70,71,18,76,26,99,43,86,78,83,79,90,15,79,79,10,61,69,80,28,22,44,20,66,44,62,76,23,38,51,89,33,60,90,58,43,79,64,88,94,78,89,41,99,84,60,99,89,80,66,49,74,58,82,49,98,21,51,53,85,43,50,94,16,24,25,88,27,86,96,33,17,97,71,56,41,99,58,98,15,54,24,19,70,20,64,97,17,39,86,78,81,60,36,63,50,41,62,100,92,26,22,75,84,43,51,57,86,17,58,72,10,16,13,86,93,93,83,48,27
E61,48,77,84,42,32,16,47,58,58,97,45,81,88,65,65,73,62,16,51,65,43,30,11,49,50,64,56,72,66,53,78,13,83,67,49,50,38,34,74,87,13,64,26,41,57,43,61,58,26,91,33,63,53,99,47,16,23,60,90,52,87,87,54,39,16,11,98,96,64,30,33,25,32,29,47,33,67,64,71,98,94,70,49,61,27,50,88,18,59,13,23,20,32,45,100,22,21,57,74,42,78,76,91,59,17,10,78,11,23,70,85,76,60,71,73,81,26,35,20,32,83,86,55,66,11,44,67,27,62,43,31,91,64,19,28,24,31,16,36,77,42,39,71,53,39,65,54,99,85,59,78,16,69,80,54,91,31,57,43,75,32,49,26,25,95,81,98,39,74,51,42,56,44,16,14,96,64,42,49,93,57,46,93,69,53,28,35,19,24,27,34,29,67,46,78,88,72,97,89,20,67,66,60,36,41,95,47,92,92,96,31,72,31,13,34,81,78,58,97,31,19,70,55,11,93,79,17,18,87,59,41,15,42,52,91,34,14,59,87,39,51,79,74,28,44,89,39,52,39,49,11,14,99,91,23,75,18,60,66,70,74,46,75,18,64,54,32,45,42,42,95,56,43,43,64,16,78,36,78,56,98,18,70,87,89,37,67,100,80,23,11,92,97,93,95,51,40,92,86,25
E62,28,78,68,74,75,94,42,78,59,89,82,84,64,85,77,75,29,98,86,17,49,50,71,84,99,27,71,23,45,67,97,27,42,58,39,14,21,86,79,58,100,42,32,44,26,36,81,93,38,85,67,30,76,40,40,82,23,29,24,92,94,80,73,13,60,30,82,36,32,76,75,16,83,81,37,31,28,25,15,24,11,33,39,32,10,12,18,98,76,59,69,65,58,24,15,13,75,90,86,95,81,96,71,59,25,11,80,20,47,34,57,59,21,46,17,40,80,47,50,93,41,92,20,85,75,16,71,45,63,80,92,27,34,50,49,62,85,50,96,22,14,10,35,12,68,61,33,10,57,45,52,85,58,66,19,52,12,98,15,65,65,95,59,64,44,21,19,11,92,60,57,48,21,100,21,100,38,46,10,67,79,51,22,61,88,85,44,89,70,15,76,88,11,57,81,34,65,63,80,35,47,80,28,58,78,82,82,89,61,30,59,87,68,11,77,39,79,65,81,81,76,91,82,25,70,77,97,94,92,72,88,19,56,13,57,85,64,33,56,68,19,82,68,58,12,98,86,40,26,12,21,26,65,99,55,68,90,76,83,81,33,58,11,48,20,80,10,83,57,27,19,69,56,52,75,50,25,68,72,68,47,100,21,95,27,72,47,59,87,33,19,22,79,96,92,80,28,45,21,87
E63,85,61,27,65,44,32,30,28,87,71,52,75,85,19,67,16,100,43,56,44,26,23,80,54,97,47,57,72,15,50,65,74,26,10,83,28,26,56,73,10,100,83,12,16,18,90,61,38,100,53,62,45,16,68,31,37,27,45,70,32,74,30,81,88,51,45,10,17,21,72,76,93,76,33,30,98,43,67,40,21,27,63,19,59,79,57,10,71,18,17,54,81,92,99,17,21,24,83,57,10,88,32,69,23,94,21,50,33,64,20,15,56,39,66,16,82,27,35,15,14,69,19,65,85,50,97,11,10,71,42,99,93,21,74,83,49,81,51,99,47,39,92,28,82,76,69,62,85,81,83,37,62,54,26,86,42,45,70,24,62,21,89,75,28,70,35,49,78,20,37,19,14,43,52,15,29,55,81,94,88,61,38,97,33,18,69,47,37,56,66,42,77,40,53,29,63,77,17,61,44,79,65,14,64,67,34,85,80,38,42,48,79,74,34,80,48,32,50,39,58,90,48,61,27,79,16,52,52,16,67,66,45,100,16,60,56,67,89,52,55,20,56,60,30,36,82,33,11,86,14,79,52,51,23,15,73,90,99,49,13,95,86,23,39,22,20,22,69,74,59,22,86,97,12,28,52,47,100,66,97,59,16,97,99,32,31,91,13,61,89,57,39,50,44,99,20,97,32,10,20
E64,95,27,33,66,50,82,55,17,11,30,63,99,16,20,50,24,53,37,33,54,93,97,97,85,43,66,91,89,53,14,66,46,15,73,22,66,100,34,26,69,86,80,16,55,100,85,96,56,92,13,39,95,18,16,11,60,46,96,89,37,48,11,36,98,84,25,10,45,54,26,14,37,64,15,74,88,99,46,18,19,79,48,90,88,22,38,93,53,88,88,32,79,55,54,41,57,97,82,53,28,15,56,59,19,14,17,62,72,82,83,11,92,12,60,83,64,80,17,19,79,59,66,71,43,15,99,40,71,74,44,98,97,26,37,94,34,82,46,49,84,99,57,38,12,10,60,72,68,58,30,52,51,11,37,30,91,54,11,19,73,37,58,50,42,26,60,33,46,23,68,78,42,33,84,17,90,33,94,83,99,29,38,38,49,52,22,18,11,14,83,15,92,63,96,15,55,41,10,91,79,81,62,75,42,41,11,29,24,21,59,60,66,38,27,88,10,46,96,52,68,52,82,81,79,67,51,82,33,21,31,85,85,64,49,31,60,15,39,40,63,95,32,11,98,28,68,57,55,76,33,19,42,69,69,13,98,86,26,10,66,24,21,54,30,38,80,10,33,34,65,99,31,22,92,87,94,31,18,55,77,25,76,83,72,10,97,56,82,22,65,23,24,74,65,37,78,57,52,80,80
E65,20,85,50,82,69,98,70,31,100,98,22,58,81,76,15,100,16,53,40,71,78,99,87,37,18,80,58,87,29,75,84,71,32,75,45,52,49,16,94,22,75,27,31,71,30,10,16,32,80,37,88,47,78,26,90,39,27,94,29,17,42,21,45,45,72,45,93,37,26,77,24,18,63,56,83,87,100,35,99,11,96,26,90,11,26,14,91,36,16,45,99,29,38,26,26,66,73,55,26,99,23,41,57,34,15,26,74,21,63,52,16,62,42,60,35,10,97,17,54,86,39,66,68,68,55,60,84,22,88,78,38,26,19,97,12,93,30,86,21,63,97,97,19,70,48,58,87,15,30,84,77,37,25,13,43,41,79,45,18,89,59,60,30,29,82,20,35,25,63,72,11,74,17,56,61,81,57,63,60,68,15,59,39,99,60,29,20,83,75,60,56,56,17,48,84,46,42,48,93,14,66,65,60,35,97,49,87,34,38,82,63,54,11,48,92,87,58,31,68,34,26,31,59,27,65,25,21,47,28,42,37,62,95,27,53,93,81,99,51,44,96,29,22,96,75,75,91,15,78,73,86,97,89,22,89,62,28,91,40,49,20,94,86,83,97,58,43,38,35,81,53,40,27,46,68,33,56,95,17,56,78,40,38,41,43,35,14,98,40,19,20,100,56,95,77,73,61,13,57,44
E66,57,69,59,98,82,96,44,73,52,68,61,85,44,91,52,35,56,40,65,57,82,70,44,60,59,86,74,58,18,65,36,45,26,20,32,53,46,57,12,78,99,11,83,52,89,49,75,21,53,33,61,86,28,51,57,83,58,60,48,67,33,24,40,11,68,45,27,40,57,85,25,44,33,59,25,46,16,95,43,93,79,84,35,41,30,63,24,48,50,49,37,17,67,82,62,38,94,68,38,23,97,12,13,78,92,97,25,73,77,55,31,28,25,20,57,80,67,21,81,45,50,30,36,56,94,45,32,65,74,68,43,44,97,93,96,73,16,24,73,34,92,30,92,96,13,98,77,62,53,28,38,66,69,67,26,83,65,61,97,51,62,34,34,69,10,24,45,17,92,15,90,99,55,29,66,78,18,13,57,51,93,76,94,15,14,13,29,71,97,32,26,18,49,33,50,69,94,34,25,64,13,87,48,39,83,98,25,37,60,77,90,98,21,73,31,14,35,25,35,58,89,54,54,100,29,76,60,32,13,86,92,33,83,90,72,41,54,26,57,88,55,94,97,37,40,28,31,29,91,98,66,39,99,88,34,76,87,87,32,10,46,56,70,98,98,38,55,38,26,39,64,64,21,74,54,14,70,60,21,16,80,68,15,75,33,59,87,73,25,74,30,35,58,14,22,11,72,25,29,60
E67,22,55,92,80,38,81,96,81,90,33,100,21,73,95,90,65,100,43,78,43,61,71,35,51,66,43,26,28,36,37,98,29,28,30,75,12,91,23,87,47,42,29,54,81,95,82,29,95,97,90,33,32,55,61,17,58,33,89,53,37,57,93,16,59,41,91,71,41,18,92,24,78,17,44,60,97,72,45,23,40,10,72,95,50,39,81,49,25,93,81,51,29,11,94,19,38,59,32,61,94,17,75,46,94,61,39,83,70,94,56,59,18,50,45,70,15,56,50,42,82,19,32,90,94,18,57,21,64,44,19,19,82,96,53,52,64,44,12,82,95,21,83,58,85,37,85,51,67,80,73,55,33,17,71,10,27,12,42,31,65,30,95,11,19,89,93,73,22,27,94,21,29,49,19,35,83,41,65,89,61,69,78,82,92,68,61,14,82,76,70,37,19,31,64,72,71,39,20,87,33,26,66,93,59,96,13,68,53,99,83,77,78,89,70,93,79,63,55,40,91,36,90,97,83,99,98,49,35,24,87,21,90,58,52,49,34,13,75,96,84,91,52,33,39,25,28,15,30,25,85,18,55,13,54,72,58,44,46,82,91,68,46,71,10,16,10,27,63,81,69,60,49,49,79,95,65,73,61,48,83,67,85,67,49,21,63,35,59,54,64,98,14,42,52,14,12,62,41,55,50
E68,99,38,70,35,14,85,59,44,82,64,88,33,69,66,20,24,91,82,93,55,27,82,99,58,38,51,36,16,98,57,85,69,11,32,57,54,24,30,77,30,69,62,96,36,64,48,40,20,50,88,47,77,89,81,82,52,88,60,54,46,62,94,65,41,48,52,43,47,38,49,100,42,19,49,88,25,60,82,87,85,41,87,41,100,43,45,84,67,46,38,83,44,62,43,12,77,96,94,99,81,31,28,38,16,85,52,74,63,26,87,71,37,83,95,78,92,76,84,44,22,41,30,23,11,83,67,26,17,98,32,24,71,15,71,51,48,76,54,34,46,90,100,62,57,53,70,84,26,26,14,41,11,15,48,45,82,65,48,58,18,28,88,38,82,16,13,28,55,23,27,24,36,69,52,60,55,77,100,86,60,34,52,84,53,90,96,70,10,81,65,20,83,88,37,18,43,100,56,80,48,34,43,99,51,60,59,38,20,19,38,79,80,57,16,36,47,33,34,62,30,95,27,14,41,34,49,68,47,33,43,62,36,93,23,12,48,39,94,67,84,63,74,98,96,94,60,79,13,14,80,93,50,100,100,28,82,45,58,84,16,29,93,21,92,94,72,66,46,18,69,43,34,14,48,36,50,17,29,39,78,56,16,30,30,81,88,45,64,60,53,33,67,53,30,35,35,27,76,29,89
E69,39,11,27,12,27,52,61,83,23,37,36,11,39,12,38,35,42,62,69,66,18,98,25,95,64,68,56,11,66,64,28,71,88,88,54,50,41,17,32,45,92,57,36,17,20,32,39,84,81,43,72,31,40,13,37,44,26,15,26,79,47,68,18,84,12,21,68,30,30,94,26,47,16,57,17,66,62,43,94,79,69,23,70,92,91,98,73,51,43,62,23,89,86,33,43,16,59,56,91,79,39,78,66,29,96,70,90,28,53,74,18,33,29,50,86,15,84,98,53,59,60,78,46,42,74,28,41,72,41,90,34,67,83,19,33,22,26,20,21,16,25,77,68,75,15,40,99,54,98,80,63,88,16,95,19,68,16,72,47,98,14,90,38,86,29,55,23,85,89,89,42,98,55,32,86,50,24,73,23,32,32,28,73,59,42,41,38,81,68,33,30,12,56,47,29,28,24,58,32,58,96,51,97,43,85,92,58,34,34,10,98,79,35,35,47,47,48,66,12,49,74,76,73,75,86,84,52,11,44,69,12,31,11,57,88,97,58,74,97,54,19,88,50,34,97,67,73,42,89,99,33,60,64,91,94,36,30,86,50,63,39,44,33,67,73,70,50,31,30,55,82,29,12,63,20,61,54,79,20,28,87,27,13,93,57,83,30,29,85,46,24,19,51,62,37,15,29,85,50,50
E70,95,99,84,61,39,65,41,69,95,29,92,62,32,89,47,95,33,15,65,58,19,52,94,43,89,75,13,92,95,80,53,22,34,36,23,38,93,78,15,15,44,83,78,38,100,30,18,92,20,32,29,22,32,19,57,47,75,94,24,57,78,29,65,79,63,78,73,61,48,11,23,84,24,77,51,43,81,78,17,59,49,49,27,96,10,15,59,32,82,74,73,66,91,77,71,41,50,76,51,59,91,61,46,61,49,25,86,65,26,37,47,94,33,24,88,28,65,28,32,19,34,33,12,49,98,18,15,46,30,88,42,78,37,24,46,72,75,82,99,24,21,70,88,67,29,62,85,88,86,88,45,83,98,77,22,93,30,75,99,35,24,80,12,17,38,65,64,62,12,98,31,100,10,17,10,54,35,30,79,53,34,79,60,34,22,10,51,90,15,51,32,44,41,77,40,80,100,10,55,80,98,30,63,88,31,94,82,88,17,17,67,60,78,99,65,30,68,65,41,39,32,81,36,74,88,59,96,36,37,71,62,20,74,53,91,24,90,79,61,32,60,68,23,41,65,80,49,23,10,19,34,29,94,74,30,35,38,87,29,22,96,79,75,38,54,33,69,86,18,77,71,51,100,99,12,61,71,73,59,22,93,15,64,90,57,84,31,10,91,78,76,22,93,44,41,19,89,26,69,87
E71,66,62,24,68,74,98,24,55,85,63,84,78,92,41,79,98,48,54,94,73,32,96,12,29,99,60,58,57,99,61,78,59,31,88,55,83,22,27,51,67,36,49,88,74,85,82,30,53,51,38,87,44,95,65,90,91,11,66,48,27,84,87,12,66,44,90,70,28,89,62,64,85,48,18,66,83,89,60,72,12,81,10,80,86,68,49,97,97,73,42,81,55,97,89,83,46,61,45,19,75,34,87,74,48,24,62,69,41,46,68,76,90,53,36,61,84,78,78,23,58,47,84,78,13,43,47,50,11,87,31,94,91,75,60,11,51,31,25,14,30,61,27,68,15,60,61,47,80,87,17,12,79,32,44,78,42,55,76,23,38,10,81,79,83,81,34,95,15,52,71,49,95,79,80,40,89,86,70,43,23,80,54,63,40,11,29,67,57,11,16,10,37,15,96,54,59,96,61,23,85,86,55,92,36,12,55,59,47,22,81,43,82,34,66,79,95,47,65,67,82,16,74,71,12,93,25,77,70,30,63,92,14,13,24,90,36,64,57,98,25,16,39,44,47,48,42,26,86,86,15,60,71,45,95,53,64,81,61,57,31,48,14,58,28,26,24,51,54,88,86,65,71,27,50,64,32,33,33,25,87,11,52,40,37,91,92,94,47,66,13,43,73,49,71,59,48,79,46,97,51
E72,57,86,38,86,65,51,31,22,39,78,38,50,10,72,20,27,46,52,54,37,23,31,99,86,17,10,41,60,26,94,33,21,18,70,40,91,28,91,69,73,30,64,44,78,92,79,41,89,54,81,51,96,51,80,51,31,33,84,95,49,31,97,54,27,50,22,61,24,74,51,72,57,88,20,67,18,17,53,16,77,91,16,56,49,86,21,43,67,68,49,44,70,39,56,91,37,55,28,48,66,77,47,24,69,25,55,84,48,99,83,68,35,43,47,87,36,14,52,39,72,75,78,13,38,34,25,77,37,63,20,18,98,35,40,92,76,86,33,64,14,75,70,74,78,32,81,18,55,32,71,79,70,35,11,46,81,65,33,50,97,18,50,33,25,66,98,49,62,51,94,37,51,38,71,75,16,22,75,82,23,55,64,97,71,34,47,45,58,73,21,71,66,58,30,85,60,85,18,49,38,36,60,27,85,87,83,42,58,90,65,43,53,16,88,85,83,84,13,98,14,24,16,78,86,80,53,71,39,83,12,78,39,97,100,53,30,22,100,20,79,86,62,94,76,47,46,31,93,47,59,45,75,76,48,89,95,88,68,84,57,66,31,81,57,72,52,91,100,83,54,76,26,76,24,85,16,32,28,19,66,84,69,78,87,94,94,90,19,27,48,77,79,34,91,87,67,20,69,11,52
E73,84,77,48,43,52,22,44,36,64,73,30,76,60,76,23,20,33,37,91,13,36,77,74,53,65,78,24,20,83,41,88,72,78,20,45,53,83,11,12,89,94,83,90,31,23,66,69,83,16,57,50,28,81,64,64,84,36,38,57,21,90,94,50,74,78,12,69,11,95,50,34,26,96,60,12,25,25,83,40,84,20,11,41,78,26,83,70,49,27,92,50,54,25,41,64,15,83,17,98,77,51,78,22,74,25,15,46,51,17,27,48,37,69,36,61,18,53,99,77,73,36,58,61,27,66,20,37,98,54,75,86,61,82,41,36,55,40,89,17,100,10,90,52,79,51,65,21,56,91,47,67,95,41,21,93,52,59,58,40,84,72,82,33,55,54,24,22,58,47,41,60,96,88,15,94,27,75,40,70,72,33,68,13,30,79,86,63,93,58,62,10,53,41,47,32,76,20,58,42,42,18,100,97,62,19,14,23,89,99,69,51,91,36,52,78,91,48,62,43,15,57,25,14,34,95,81,79,10,27,72,37,11,43,28,72,63,36,64,27,75,23,43,91,43,96,44,68,24,77,84,39,85,50,37,12,83,62,83,15,63,73,61,43,98,94,87,90,98,10,82,32,32,74,78,45,88,75,68,44,50,54,24,100,40,52,78,68,27,72,25,68,44,35,12,92,64,80,81,25,23
E74,59,44,14,35,49,36,85,74,76,18,74,73,36,80,70,66,93,55,75,38,39,37,61,46,70,67,11,42,22,39,11,87,11,89,24,54,34,75,91,63,12,33,79,26,60,27,54,43,31,15,43,18,93,31,39,20,88,14,93,55,67,69,27,10,44,45,18,12,17,100,98,73,98,85,100,44,22,82,37,30,44,57,40,80,92,19,17,89,71,88,49,22,91,28,28,45,79,69,13,85,81,70,29,59,42,83,62,36,33,32,57,20,73,48,28,33,47,11,43,98,92,96,37,32,63,22,23,78,89,16,14,34,49,58,77,65,22,98,58,37,16,70,11,29,79,61,67,98,93,31,17,29,14,14,86,52,40,60,63,27,18,83,56,35,62,79,84,13,11,53,69,70,87,50,13,17,22,73,41,27,52,82,11,13,69,37,88,69,21,34,14,93,67,31,30,21,23,36,79,58,82,15,75,70,19,93,59,73,28,33,25,13,42,50,100,45,62,24,73,24,82,31,80,18,70,10,68,42,49,41,62,16,28,38,48,47,26,33,56,28,21,92,60,11,28,53,33,37,85,44,20,28,95,12,84,44,49,67,70,33,58,88,12,36,96,33,63,92,90,55,50,22,38,26,70,62,20,93,69,87,48,81,13,96,27,44,54,98,55,84,79,54,24,58,14,26,23,23,83,95
E75,24,50,78,84,21,31,65,79,61,99,46,87,78,62,42,71,81,64,75,96,63,26,37,69,58,17,11,74,77,44,49,68,43,13,75,39,66,94,81,21,82,24,83,14,72,47,89,82,26,20,65,48,15,16,61,83,77,35,60,87,90,26,35,51,39,45,79,44,75,65,44,67,15,74,30,25,38,83,77,62,50,45,65,33,28,11,31,18,31,35,72,97,28,11,55,52,10,36,37,10,17,12,12,80,76,58,41,47,61,68,40,85,24,88,10,10,76,76,83,82,21,25,42,25,61,10,12,84,21,59,82,90,29,40,27,97,73,35,68,84,96,78,83,68,89,15,59,11,79,53,48,79,20,80,64,71,43,59,41,15,16,12,86,85,75,45,97,38,41,65,25,22,41,67,20,22,76,20,50,21,94,87,81,92,57,98,43,52,74,28,83,49,29,12,34,91,43,95,11,18,56,36,51,40,45,62,62,13,67,51,58,83,87,86,42,46,84,100,44,61,65,66,28,16,22,17,80,27,44,92,12,27,100,79,21,98,74,29,27,93,38,75,67,86,46,10,29,60,28,14,77,54,74,18,73,43,98,51,27,69,39,55,91,34,62,49,30,38,54,68,12,11,47,21,30,89,22,81,27,80,99,52,23,80,24,97,63,18,90,32,90,51,54,82,12,46,95,60,24,14
E76,17,69,87,32,38,17,43,64,62,13,16,20,26,81,41,76,28,68,21,13,21,32,35,26,82,90,64,18,54,21,26,13,93,43,78,57,11,73,64,65,51,38,43,49,58,15,49,93,32,28,66,63,38,91,48,59,13,23,89,21,52,40,10,56,73,90,36,49,72,29,43,40,54,81,63,20,72,62,78,31,30,50,22,96,26,68,95,33,60,67,10,75,60,63,100,59,54,99,61,29,26,45,19,89,66,62,79,66,75,44,89,47,70,69,20,94,30,84,17,91,36,56,11,14,62,23,75,48,74,82,71,48,28,26,40,50,44,36,49,16,49,63,58,80,29,24,29,21,53,91,65,42,87,55,30,55,42,83,32,12,61,94,98,45,46,92,21,25,22,95,100,88,73,35,79,80,20,77,28,69,41,10,95,64,39,49,38,53,96,85,46,74,74,32,18,77,76,45,85,63,78,12,61,61,43,12,54,22,22,15,33,21,30,57,49,35,94,45,20,33,41,13,25,100,61,16,49,88,77,64,10,40,73,28,22,92,74,59,16,17,35,30,17,99,35,23,86,67,80,85,89,87,16,20,21,45,14,11,36,48,70,24,40,23,98,73,22,85,69,93,81,63,15,23,90,59,29,55,97,88,16,74,43,22,84,92,46,91,69,77,52,56,11,90,25,19,36,66,53,38
E77,53,77,31,100,25,12,70,31,81,77,96,66,76,10,70,27,69,86,17,39,69,24,63,23,64,13,80,98,75,24,88,70,29,26,35,96,86,85,91,59,42,71,72,25,78,35,72,53,39,15,67,63,81,23,10,33,46,80,11,96,80,56,55,69,74,14,11,31,93,42,95,47,34,27,37,60,33,30,25,60,84,14,59,87,95,58,80,55,68,43,60,95,70,12,59,66,97,97,55,18,65,89,98,25,41,83,56,99,28,21,51,17,24,62,48,28,59,19,10,71,11,37,35,56,15,93,76,43,30,46,37,99,98,24,89,78,38,83,27,46,79,47,74,18,38,13,11,48,23,64,86,19,11,50,39,15,28,22,57,19,58,70,56,80,59,99,47,61,41,39,95,88,52,39,49,80,21,21,10,51,12,25,45,73,63,43,29,72,74,84,64,25,50,70,41,80,53,51,24,27,79,19,67,73,52,22,27,39,85,57,82,73,74,22,53,56,43,29,58,91,15,95,86,69,30,39,59,12,29,47,47,65,57,45,64,69,69,28,14,55,18,66,23,13,68,36,17,74,69,25,56,59,43,93,71,78,92,39,71,95,17,37,22,72,50,49,39,77,12,33,66,47,19,48,74,51,100,68,95,33,59,16,30,82,32,52,43,60,97,77,61,28,67,33,81,76,48,15,67,63
E78,64,42,27,11,67,93,58,97,36,28,71,18,100,36,53,36,80,61,70,63,98,27,55,87,26,37,77,65,74,70,87,16,62,95,98,13,43,76,76,60,85,96,39,32,17,98,52,57,40,43,10,54,13,97,77,87,28,70,35,83,63,20,51,86,67,64,42,11,50,34,97,93,51,62,67,17,70,74,86,69,73,100,53,54,42,30,65,19,85,100,13,40,77,43,28,33,71,36,61,26,68,36,33,17,100,32,32,92,28,71,23,23,19,69,57,93,72,64,87,25,72,23,64,31,17,47,30,88,79,57,24,46,44,80,61,83,80,39,14,57,32,23,64,84,11,36,84,32,33,13,33,62,82,80,11,22,44,33,96,60,44,73,19,17,64,79,13,19,67,69,12,37,20,61,34,67,15,53,97,11,14,47,84,35,36,33,62,68,33,42,45,58,83,38,24,66,30,82,45,66,65,40,81,10,79,38,82,14,60,51,43,17,30,54,88,88,80,51,23,99,87,38,87,38,26,69,99,30,73,33,79,21,30,83,25,59,38,54,93,16,48,82,64,17,26,65,63,67,60,92,52,31,68,31,80,92,48,55,36,85,72,43,89,90,85,57,12,67,10,74,79,65,48,10,63,73,56,62,12,31,15,79,11,95,23,82,31,86,15,31,33,19,57,48,40,89,14,45,43,79
E79,83,14,84,38,32,30,54,34,41,36,32,10,31,41,55,18,15,29,57,93,52,54,17,24,89,38,53,46,52,97,14,38,61,84,74,80,81,46,98,36,89,34,41,34,30,47,41,60,30,85,64,26,10,78,13,54,82,78,92,39,25,26,44,44,21,30,84,17,66,52,86,60,50,88,86,88,27,17,25,28,41,73,61,35,19,71,68,49,85,57,45,30,18,11,59,33,86,44,92,21,82,36,67,53,89,22,85,26,33,60,67,19,99,39,22,71,57,39,61,26,64,45,70,50,29,95,75,90,61,42,59,23,28,99,13,89,64,25,67,39,13,10,83,85,30,94,78,44,50,27,44,17,34,31,100,23,18,55,98,39,52,55,11,50,22,44,36,27,22,84,91,23,48,40,95,16,76,66,72,85,69,91,27,43,69,87,26,57,98,42,26,29,21,74,79,40,100,42,90,96,51,99,79,24,85,33,10,48,79,71,73,15,65,73,91,58,83,35,36,40,31,85,85,81,65,55,22,55,89,17,31,53,69,79,95,47,65,45,17,76,52,91,74,55,77,77,34,79,31,51,99,65,100,71,27,61,32,12,75,44,60,71,26,94,84,31,56,49,37,91,50,57,20,84,60,31,81,30,32,33,54,11,23,78,33,55,94,91,61,31,48,67,32,80,62,34,85,42,33,92
E80,11,21,31,30,41,45,21,46,82,83,32,86,11,11,87,99,93,63,60,31,98,66,15,27,62,61,10,43,53,16,84,56,65,34,33,18,71,46,92,15,12,39,88,19,16,20,83,38,41,57,35,78,89,32,27,30,48,69,21,21,85,38,58,10,98,15,63,12,77,28,69,72,94,14,51,61,45,61,24,97,63,17,70,65,26,60,46,37,100,77,55,11,11,83,51,39,69,32,35,44,64,21,66,64,94,28,38,96,24,36,35,62,24,11,92,89,43,46,21,65,48,27,35,22,59,54,45,46,24,35,68,32,69,70,94,59,76,56,71,63,14,64,98,36,42,87,47,33,89,15,45,64,18,70,51,53,22,75,80,66,12,21,73,89,88,82,34,32,48,99,33,15,31,46,81,38,66,49,44,44,19,73,31,38,44,54,64,52,35,74,59,83,42,67,82,11,31,55,47,78,57,38,58,27,63,81,82,15,45,98,69,32,35,76,65,100,44,18,93,11,10,86,53,39,74,53,90,50,71,44,32,21,60,45,40,51,85,87,12,14,84,38,71,78,19,43,96,64,16,49,72,92,91,62,22,47,38,68,74,76,43,45,37,68,16,60,58,20,79,67,93,54,63,42,63,69,26,96,59,39,61,80,18,57,94,48,98,21,76,57,76,87,83,14,17,29,67,70,99,31
E81,83,24,11,76,49,52,15,99,68,93,81,59,12,47,40,56,62,64,14,53,14,39,100,41,66,44,64,85,75,41,37,13,60,71,92,66,95,37,12,61,70,99,25,80,27,33,33,63,62,70,83,92,45,20,88,12,75,67,75,92,74,65,52,37,74,52,96,86,15,59,70,36,83,63,36,48,97,31,99,75,98,89,74,71,61,13,50,91,51,12,95,91,48,83,27,27,25,98,68,17,43,92,81,64,99,19,79,61,97,66,13,62,60,36,33,17,18,61,30,83,96,11,70,34,84,84,32,75,88,20,96,82,78,30,72,25,81,29,63,99,51,36,39,69,21,68,10,78,64,49,88,43,31,61,85,47,30,13,36,99,85,78,97,95,40,21,96,40,51,48,97,91,86,98,12,24,46,55,82,88,63,67,13,58,86,32,18,88,53,78,66,34,10,57,43,87,77,30,44,39,81,75,45,94,41,16,99,28,98,96,19,69,78,24,63,70,74,10,59,91,58,92,44,94,38,96,24,53,92,77,84,16,23,58,93,42,84,94,28,93,75,21,52,10,35,67,15,24,70,16,86,29,62,90,48,15,67,16,36,13,75,90,79,14,76,91,18,68,30,61,29,77,31,86,63,80,32,93,47,48,77,51,13,94,12,68,28,76,74,94,84,53,82,33,92,92,69,90,45,21
E82,19,63,79,10,64,85,97,24,86,59,24,31,70,61,60,26,11,81,14,77,27,12,40,89,25,68,17,91,32,63,34,96,43,45,44,37,51,86,58,90,93,33,92,42,52,76,97,72,10,20,32,11,47,94,94,28,48,30,94,57,37,62,86,12,84,21,29,38,68,56,41,11,33,80,44,82,67,61,100,17,41,88,58,93,67,10,26,47,41,58,50,27,98,49,15,55,55,38,99,64,42,74,20,99,78,66,57,45,96,12,41,61,99,44,75,79,28,25,55,82,67,73,41,76,57,45,61,62,29,35,26,39,64,14,58,61,69,87,89,77,62,46,84,19,26,57,84,49,82,72,95,32,27,16,42,33,87,77,59,33,31,62,82,89,26,11,59,63,60,19,68,82,84,62,32,34,54,58,88,85,86,94,29,85,87,80,41,37,51,80,71,61,81,75,69,100,73,67,88,33,57,65,11,48,25,41,42,77,32,16,76,42,87,41,22,51,35,87,77,34,86,20,29,26,61,11,13,10,18,47,48,16,93,94,99,69,61,28,88,18,49,93,94,39,14,46,82,19,37,48,25,12,36,76,83,73,51,29,91,79,70,26,14,85,88,79,65,92,51,95,59,48,30,95,99,27,47,11,52,89,100,93,29,17,76,33,39,53,39,13,82,72,64,64,87,23,89,43,81,89
E83,61,26,82,79,14,93,57,61,78,26,10,20,70,94,56,41,90,10,67,88,62,62,22,77,65,83,52,71,29,93,92,47,10,49,41,49,72,42,25,100,30,50,38,19,94,34,71,94,89,50,61,22,11,16,73,72,73,35,92,31,19,73,54,17,38,63,21,83,94,32,15,28,98,52,89,84,86,19,85,35,76,71,34,36,68,15,34,48,33,47,49,45,67,46,80,87,10,44,73,65,13,66,78,63,26,38,50,18,10,98,70,62,51,19,87,19,70,90,14,98,81,55,21,71,98,40,94,31,78,85,54,20,44,55,59,34,42,14,87,19,81,55,75,10,54,54,79,20,22,51,67,43,44,89,60,95,56,41,87,95,24,60,16,92,72,70,10,16,46,11,85,41,11,49,50,49,25,79,45,12,41,87,79,29,32,20,79,13,97,36,85,58,60,30,15,40,75,57,79,80,61,97,45,90,98,12,94,66,78,79,11,29,60,51,30,87,99,53,21,58,46,98,65,100,86,36,36,40,53,63,26,35,17,34,87,69,48,43,12,74,74,16,65,72,15,74,87,81,71,15,86,31,15,96,25,86,99,88,21,79,98,90,46,38,20,21,35,97,28,59,58,22,22,52,78,45,80,53,81,16,53,30,61,40,33,94,25,24,86,93,61,14,47,68,97,96,30,28,12,50
E84,38,86,70,96,10,70,71,44,56,45,47,71,99,17,78,96,96,27,91,35,20,66,18,47,59,19,89,83,53,41,83,44,63,72,59,62,26,62,33,41,51,99,83,58,10,56,39,11,27,59,19,78,48,12,26,57,72,81,67,10,37,59,76,61,16,52,16,60,40,15,60,60,40,65,11,57,15,26,77,92,21,92,91,64,44,11,89,79,85,25,11,37,85,15,85,25,31,17,40,91,13,28,56,27,12,87,43,53,30,98,35,68,57,82,69,99,86,56,39,24,83,93,33,60,15,16,89,78,65,15,27,69,54,73,47,94,51,42,44,90,85,27,15,50,46,81,87,46,98,46,52,38,75,21,25,81,12,90,81,25,80,86,59,54,90,54,77,37,46,46,52,60,61,30,31,86,97,57,29,25,73,88,73,16,50,99,62,58,11,40,62,23,63,27,49,79,64,13,67,11,47,67,91,29,63,61,12,26,35,55,18,56,74,56,13,19,57,35,97,10,18,66,39,96,91,21,64,73,22,50,64,16,54,77,66,83,17,57,26,32,42,48,19,36,41,85,51,49,66,82,43,17,100,58,43,56,37,22,97,50,98,69,84,16,50,68,25,83,20,92,77,91,83,78,60,65,48,61,84,37,64,52,59,25,80,40,34,51,87,73,43,90,95,81,68,60,80,10,57,97
E85,69,16,33,41,98,71,70,21,79,43,41,10,92,22,82,33,30,13,87,56,65,72,40,37,34,28,98,100,87,99,71,37,97,27,36,82,61,47,43,15,33,81,27,51,40,30,60,68,58,89,85,93,33,43,31,66,70,40,89,100,30,38,78,53,93,28,15,27,40,97,33,12,83,22,42,98,10,18,64,88,34,39,32,76,45,47,27,37,48,73,94,19,87,85,77,29,87,11,96,71,52,51,20,52,44,98,53,26,59,17,66,51,65,82,98,87,89,18,35,80,38,25,13,10,60,46,41,37,96,29,33,65,90,29,26,73,67,69,69,37,36,19,63,74,99,14,60,61,48,71,13,66,10,36,81,56,16,40,58,14,52,88,50,31,89,74,48,27,90,46,20,14,91,70,100,48,16,26,73,44,12,96,92,65,70,56,74,31,64,68,63,27,57,82,10,65,30,11,15,41,100,61,34,75,94,55,91,61,43,62,19,46,83,67,44,50,86,72,92,85,36,23,76,37,85,99,83,96,72,83,79,100,45,86,19,42,86,100,74,64,14,85,89,50,50,11,46,86,99,94,36,28,63,65,47,37,26,26,38,85,42,58,22,26,22,30,80,84,100,78,93,19,94,23,52,88,46,81,53,39,42,12,10,99,19,33,97,67,65,99,30,27,34,85,77,100,48,73,48,32
E86,91,30,53,60,69,74,99,72,18,75,74,77,28,26,36,67,77,92,79,93,71,17,52,94,79,47,18,59,76,16,59,99,19,35,99,42,83,92,57,61,49,69,83,86,78,44,60,13,96,51,75,64,97,66,89,44,82,59,34,96,79,40,10,89,66,29,35,60,25,16,79,17,83,28,63,20,59,61,26,10,22,63,51,55,50,67,97,74,62,45,52,73,95,76,61,51,51,55,73,55,22,32,42,70,65,45,10,10,16,59,77,67,53,76,63,77,26,47,97,17,55,19,63,58,55,42,51,23,29,32,42,48,43,18,75,85,88,70,47,10,28,35,35,77,62,78,64,12,75,39,50,70,15,18,67,12,41,62,34,15,89,48,44,29,37,75,92,62,17,32,15,98,52,16,79,88,78,38,13,87,45,18,37,44,95,84,11,84,65,91,18,87,70,86,72,83,72,27,44,53,29,81,44,24,36,56,59,88,44,77,11,48,50,15,69,36,55,58,98,72,48,75,11,83,51,73,91,91,38,83,42,96,12,53,84,90,80,15,27,94,65,10,31,88,42,44,28,93,15,39,21,55,77,86,27,52,76,45,88,12,69,34,49,29,15,39,22,82,66,95,68,70,46,78,65,68,56,88,56,24,94,49,18,75,64,44,97,76,30,35,10,74,76,26,87,50,92,76,60,99
E87,75,45,23,83,63,30,41,92,38,31,64,13,92,56,80,58,89,45,31,68,63,71,47,76,36,22,66,34,99,10,59,61,33,85,37,94,92,97,21,57,21,77,21,69,79,74,29,47,28,58,56,53,82,49,63,89,80,85,12,63,29,40,27,68,28,38,93,70,25,67,89,74,84,13,29,31,39,70,96,83,17,14,100,64,50,44,79,90,91,67,17,95,80,45,69,67,84,51,100,43,19,90,66,63,73,50,50,35,85,77,19,79,79,89,97,15,67,36,69,75,18,55,84,18,51,73,87,17,81,84,48,57,75,87,90,59,31,61,80,36,74,43,80,75,66,62,36,77,12,29,12,97,71,61,20,29,40,85,61,97,23,33,24,90,95,87,13,90,52,21,80,79,22,29,82,92,79,76,92,59,93,22,75,27,13,93,72,10,61,59,86,14,25,16,68,85,26,38,71,28,85,81,28,59,80,87,39,38,45,100,75,94,65,94,48,87,68,15,41,50,15,63,72,51,68,75,88,62,76,38,34,53,55,98,67,11,72,66,40,22,31,94,37,22,51,52,53,90,15,97,50,66,96,14,55,26,92,21,77,71,89,87,96,38,76,45,100,45,43,15,49,57,75,78,36,23,19,49,18,49,71,16,93,99,23,29,39,92,51,16,35,61,78,66,24,51,90,60,78,87
E88,19,14,84,91,66,67,89,67,78,16,28,39,91,48,90,44,55,64,75,47,43,62,70,83,47,13,39,64,64,48,12,18,65,37,27,88,50,71,37,73,74,94,36,25,55,84,73,56,67,100,30,86,100,95,28,94,66,39,23,75,60,81,36,100,14,27,82,21,52,81,57,100,94,48,92,30,39,39,32,48,21,58,57,18,80,54,90,42,78,41,84,65,59,13,69,36,48,47,59,70,100,42,59,32,25,54,90,83,55,79,46,93,20,90,72,44,88,24,64,18,66,10,53,11,30,31,19,75,95,22,61,82,80,19,92,46,22,39,48,45,95,71,59,99,17,100,85,42,81,36,98,72,67,46,13,26,85,26,78,61,46,95,91,40,35,13,29,64,91,54,13,83,92,84,59,100,33,24,81,34,63,58,67,68,25,86,58,63,62,65,19,10,27,50,60,40,45,32,14,27,26,27,97,99,38,44,88,85,79,15,19,36,66,64,80,38,63,72,55,89,12,22,70,67,88,19,51,29,91,48,45,61,25,45,47,13,88,31,37,41,54,18,68,48,60,56,65,49,27,58,16,24,80,59,41,72,26,58,37,18,82,84,55,92,58,88,91,52,55,84,30,91,33,72,97,66,58,43,21,48,87,15,13,37,80,51,10,32,52,53,18,36,44,46,97,42,80,61,71,28
E89,33,78,78,39,83,10,48,70,40,39,18,42,56,45,58,99,20,57,97,71,47,84,35,29,55,21,24,43,99,85,68,77,76,69,85,50,37,18,27,98,11,47,11,84,51,46,41,66,73,93,65,64,22,75,34,16,99,77,57,74,16,17,22,99,78,71,41,20,49,36,84,20,51,21,18,42,39,65,71,78,62,31,90,23,11,72,80,19,80,68,22,15,88,95,61,90,77,50,64,48,26,52,68,16,62,92,80,93,10,28,64,84,94,35,41,19,57,43,32,100,35,11,61,14,16,33,34,16,33,74,65,52,92,98,52,99,12,96,51,27,31,46,22,22,47,29,13,61,62,71,14,23,50,19,42,50,85,82,28,12,22,61,64,41,36,76,28,26,27,27,45,14,14,50,39,85,26,33,95,32,16,57,58,27,93,13,22,94,88,15,19,24,36,42,78,49,36,38,83,22,34,39,92,32,56,33,76,58,24,37,30,41,86,42,52,62,96,46,52,26,37,48,33,74,61,48,48,88,66,64,10,32,43,84,75,65,64,34,44,32,16,84,55,41,65,68,91,95,70,90,41,45,94,83,80,91,90,56,32,89,70,39,55,61,21,52,98,32,59,61,57,52,82,18,44,72,59,30,57,41,91,75,17,89,63,63,48,23,44,70,57,38,41,61,84,99,57,30,46,66
E90,44,60,65,50,95,39,53,36,81,84,99,98,99,62,26,91,83,80,53,41,29,47,35,100,59,73,85,29,48,23,53,70,20,30,92,68,92,99,63,35,90,80,38,51,44,37,94,46,62,80,52,74,64,41,95,83,13,62,22,60,78,28,47,82,70,85,91,40,88,87,79,94,19,63,22,55,38,96,74,20,22,60,75,93,35,98,69,21,13,41,12,73,36,70,26,58,17,70,98,31,10,22,45,78,88,64,71,80,12,81,27,59,45,83,36,25,26,25,46,60,35,85,48,66,60,33,51,92,45,28,84,91,31,59,99,47,54,61,36,34,86,23,68,27,84,85,90,48,11,37,60,83,43,74,95,20,95,24,33,92,62,99,59,47,82,68,21,89,62,67,96,13,62,97,80,38,37,52,38,86,24,14,23,59,23,31,54,83,13,24,61,41,82,87,44,84,14,20,34,38,39,44,44,37,70,95,63,71,94,36,97,45,78,22,46,15,82,79,98,43,21,17,19,65,73,86,37,14,19,42,79,21,23,61,11,46,84,93,100,85,94,94,20,13,16,49,93,30,14,29,77,81,63,63,25,61,79,14,19,89,87,15,41,47,28,25,35,43,74,52,48,80,43,29,17,36,50,35,19,64,17,99,71,82,95,22,72,85,22,36,79,58,17,20,51,71,22,99,21,73
E91,24,36,27,100,22,84,97,49,12,27,48,69,95,10,30,76,81,93,21,47,21,25,26,78,68,90,48,50,27,72,99,19,87,37,65,70,75,57,72,58,47,64,34,87,19,40,80,20,14,91,73,48,88,24,94,58,25,83,46,31,41,92,29,25,54,46,16,19,100,40,20,52,37,52,16,62,86,94,65,94,33,59,18,62,80,42,54,53,31,51,32,93,73,49,19,10,27,91,56,46,72,18,100,69,84,79,86,100,88,45,76,77,55,64,59,87,46,74,82,86,38,17,13,57,23,85,90,99,53,65,67,54,94,61,36,56,56,74,47,28,33,67,91,21,68,29,59,61,27,93,56,61,56,13,43,58,11,70,12,94,15,20,47,93,45,24,38,10,58,75,92,63,33,43,15,99,75,66,23,10,10,91,62,62,79,86,17,96,44,22,72,27,78,28,10,70,62,31,34,74,24,25,54,94,30,27,39,28,80,28,33,32,81,29,46,11,78,45,70,51,29,77,34,55,87,85,86,48,14,10,44,21,14,80,44,67,87,24,39,57,23,100,24,41,54,95,13,50,34,50,66,28,31,92,77,85,26,10,65,47,25,91,99,95,56,72,81,15,86,69,77,40,13,26,79,12,19,13,48,23,89,46,52,41,48,19,88,52,26,75,22,93,43,46,70,81,62,68,46,90
E92,26,80,14,32,20,92,75,96,81,88,38,12,59,38,54,73,81,92,100,13,96,39,69,81,84,24,95,28,22,38,94,89,66,42,40,61,86,83,11,50,52,80,51,54,73,57,85,83,49,99,12,79,45,33,83,10,63,87,65,82,91,16,98,48,55,29,76,87,79,64,11,58,18,16,59,52,63,68,40,39,67,44,57,66,15,20,61,50,28,66,63,21,38,63,94,81,18,48,85,80,17,27,55,38,91,12,75,45,34,71,61,88,88,30,91,88,60,47,44,48,68,73,33,51,11,78,46,96,33,40,28,42,32,37,48,75,10,14,45,20,68,100,26,49,24,52,53,41,60,86,23,51,78,53,50,68,46,84,13,59,32,73,82,58,11,30,45,31,57,67,17,40,37,38,94,28,89,53,96,86,47,55,33,38,20,51,91,78,27,77,59,38,15,45,12,27,87,65,60,33,98,89,86,21,66,30,22,72,47,30,86,27,26,13,48,21,62,69,79,32,25,55,97,40,85,32,61,58,87,36,70,10,60,38,26,55,14,37,25,39,85,30,74,15,48,78,55,10,33,29,15,63,22,95,84,16,23,83,40,92,41,37,57,89,38,72,87,72,20,87,17,10,17,92,12,33,100,84,92,53,65,22,58,28,33,53,58,96,45,99,73,18,75,57,55,86,49,10,67,84
E93,89,28,39,10,46,54,37,27,39,20,59,93,90,69,69,78,19,46,52,58,47,66,46,41,66,11,25,88,47,55,35,96,88,99,23,20,95,67,73,64,63,64,53,17,54,32,94,70,92,63,18,26,13,83,30,80,21,99,92,51,71,80,17,62,94,19,89,17,29,26,41,18,96,24,60,71,90,80,97,66,13,59,90,71,90,64,36,52,41,27,29,35,97,72,25,79,55,84,29,19,27,58,91,76,46,92,75,57,63,38,73,20,20,46,29,87,49,34,12,15,13,41,68,53,41,82,78,82,99,29,41,99,99,19,36,28,43,65,54,86,94,90,74,58,58,88,36,26,71,78,43,23,72,94,80,35,97,73,62,53,82,19,53,36,77,27,15,22,22,45,95,13,59,55,30,99,64,60,47,33,65,66,38,57,18,28,72,33,45,50,54,38,41,72,56,96,60,50,59,88,70,62,43,77,66,75,47,85,64,30,31,45,83,46,100,57,25,12,49,62,90,27,50,10,62,84,26,82,63,51,59,78,52,24,28,96,16,63,26,67,63,73,32,86,39,50,99,12,88,66,84,37,42,97,44,27,19,26,83,24,48,65,94,57,10,33,28,35,47,73,69,80,98,99,95,99,10,46,54,73,82,69,27,57,24,76,47,99,93,16,68,13,36,39,93,88,77,27,21,47
E94,67,81,97,28,41,34,66,92,29,98,17,82,99,100,44,50,18,60,72,61,66,11,60,35,62,90,38,95,27,76,64,35,10,24,18,27,29,13,16,96,76,47,74,44,26,59,42,79,36,36,37,64,67,96,83,58,12,75,31,98,79,87,61,73,91,20,99,36,58,11,52,91,96,42,87,46,65,86,27,13,81,57,63,45,82,16,24,34,28,43,89,57,21,82,37,57,16,93,10,19,23,52,47,60,24,70,54,77,98,100,92,17,79,16,37,77,75,83,91,14,46,42,91,18,17,46,17,44,40,18,54,61,59,75,53,19,97,37,52,34,76,91,93,23,45,75,92,37,71,49,68,50,55,74,16,35,15,89,91,11,23,61,76,50,58,46,67,24,72,67,80,43,14,21,87,14,29,69,94,23,61,87,77,98,81,92,100,36,71,99,23,65,21,23,56,76,59,64,76,64,24,20,82,83,70,59,66,55,84,76,35,94,35,30,62,18,70,15,51,13,52,78,36,57,34,42,55,92,79,18,85,54,64,51,66,100,29,79,57,41,56,40,41,84,93,85,75,30,46,30,59,61,94,28,22,69,99,71,52,81,15,18,97,52,79,44,64,64,80,72,87,36,10,35,10,29,75,53,36,30,69,32,71,59,65,85,81,92,38,42,50,18,91,57,100,17,31,50,26,76
E95,57,48,64,23,40,10,79,69,34,10,78,82,70,26,11,91,68,38,81,31,71,70,70,68,24,25,74,47,27,50,26,98,71,93,74,59,35,10,87,17,11,66,20,28,19,16,28,45,28,34,47,96,47,72,37,96,16,54,94,71,98,94,67,70,22,89,64,25,96,84,84,90,70,23,58,56,100,88,65,54,61,61,68,62,47,15,87,88,97,58,77,40,34,46,44,12,12,88,56,29,30,46,27,96,58,97,56,35,68,89,35,98,33,26,21,84,19,43,41,89,100,11,68,12,56,98,46,71,95,41,63,16,24,52,73,91,85,24,20,52,14,99,22,15,18,60,100,29,63,11,13,74,14,27,61,54,81,83,36,95,43,69,53,86,68,81,36,38,50,46,74,74,36,55,72,21,86,33,23,46,83,61,70,82,21,42,59,41,100,74,62,91,59,46,96,40,29,12,36,21,73,98,27,94,62,64,56,28,76,28,49,60,78,52,43,85,31,73,95,26,47,10,15,14,98,96,94,28,12,79,60,95,16,21,48,95,58,12,50,21,85,13,81,53,45,36,28,73,24,61,93,35,17,92,99,35,40,50,63,93,37,58,86,35,11,21,17,17,14,85,16,77,86,85,40,18,80,66,76,24,10,49,78,15,32,77,92,39,52,99,45,18,52,79,86,33,89,97,16,89
E96,39,16,43,100,38,91,66,63,64,21,41,63,60,31,78,92,13,75,20,27,27,96,91,64,76,18,54,83,48,68,99,42,68,10,54,38,19,21,14,54,97,80,37,96,41,11,88,65,73,35,87,67,89,74,47,27,22,81,84,25,49,27,95,64,87,39,70,62,55,92,13,23,61,72,64,71,98,22,75,73,71,60,26,94,77,79,37,62,40,65,79,77,95,95,55,13,21,93,60,91,30,68,61,32,85,30,33,64,65,65,66,75,98,75,11,82,99,98,34,67,92,60,20,60,51,31,33,80,92,87,96,78,87,10,69,47,84,84,40,50,82,78,23,27,51,53,89,71,71,69,29,65,51,87,73,58,47,13,80,34,81,57,78,13,50,13,19,100,47,25,66,23,59,52,71,80,84,34,83,18,27,85,55,60,54,21,78,78,66,20,92,24,49,77,64,15,17,93,56,15,10,87,33,43,44,86,100,91,33,76,67,81,72,54,91,69,16,90,39,92,12,28,85,35,12,25,23,29,53,91,11,18,92,74,60,90,14,73,45,31,83,12,61,94,92,86,54,29,33,30,39,34,62,87,36,25,91,81,12,59,31,15,11,73,91,35,12,27,43,32,59,93,100,64,27,43,99,83,67,56,40,70,91,46,13,99,51,73,98,21,92,45,49,60,94,86,57,62,96,73
E97,42,16,58,79,73,36,56,92,48,42,57,38,42,52,18,45,58,93,64,80,78,94,63,55,75,35,95,44,74,35,47,81,39,94,55,93,80,64,90,30,63,73,37,65,60,48,76,50,40,29,13,94,68,70,56,77,70,10,75,87,47,41,30,93,62,88,81,37,94,93,42,48,41,65,86,98,53,78,14,55,13,49,50,17,56,14,86,32,78,44,61,69,31,11,16,68,35,45,32,87,35,82,15,99,69,67,39,72,28,85,50,44,91,54,95,90,97,10,40,81,13,18,63,27,52,81,54,24,55,14,96,26,98,99,91,10,48,53,12,94,33,81,22,49,36,53,39,18,27,69,86,43,97,97,96,97,39,38,72,89,52,34,20,22,24,28,40,94,55,83,13,45,31,61,55,33,68,43,29,80,65,96,58,33,95,54,24,98,16,77,56,73,38,77,34,80,96,54,54,47,53,20,43,90,65,15,87,90,20,84,39,51,22,20,71,95,48,54,55,50,97,38,98,68,99,14,63,27,70,33,79,23,63,68,35,41,66,42,59,22,27,21,95,50,70,57,64,31,64,42,22,32,64,13,75,42,77,25,75,93,66,60,30,11,85,89,17,64,83,39,20,87,65,40,12,40,89,86,53,19,65,73,17,49,52,14,52,88,85,79,28,26,96,100,63,66,39,96,22,32
E98,37,45,39,77,81,77,14,49,74,54,21,94,47,93,29,17,28,57,87,41,61,48,56,15,96,28,80,32,40,23,41,42,26,70,56,57,66,58,69,33,87,88,18,24,52,47,85,13,46,90,43,34,20,76,100,35,92,48,41,65,88,57,38,20,14,97,93,30,95,84,71,71,25,96,92,23,51,12,62,28,97,84,24,96,69,87,26,59,53,18,67,37,30,75,24,64,28,97,88,20,16,74,72,39,89,29,30,22,85,80,41,60,82,19,51,66,37,96,68,65,71,24,13,55,27,82,75,97,67,72,10,66,92,47,54,86,89,20,57,35,17,42,45,50,16,11,32,10,26,92,58,76,41,81,73,81,88,14,37,49,91,54,17,31,86,50,74,61,67,60,16,40,93,16,44,11,87,36,44,62,97,98,68,96,54,48,90,18,78,28,40,64,79,74,22,15,19,41,80,95,26,67,32,19,16,50,22,41,41,45,58,17,22,79,49,30,29,10,22,40,78,94,80,31,56,40,32,14,80,35,97,19,96,59,76,25,91,62,38,63,11,40,78,82,96,95,97,21,93,99,71,41,58,86,11,69,75,85,100,49,92,72,64,71,33,15,15,12,55,26,20,42,99,22,16,70,11,68,24,65,40,44,81,56,13,93,95,78,87,51,23,33,37,68,10,77,57,20,24,84
E99,20,89,43,92,48,56,43,56,63,87,70,28,88,60,54,53,59,24,86,33,68,64,73,20,40,66,67,97,24,98,96,74,74,63,28,64,40,84,55,61,23,27,61,58,66,79,38,13,57,56,73,36,68,22,35,79,77,71,46,15,31,27,37,97,93,46,95,58,18,48,48,60,58,32,73,64,36,37,10,47,97,24,19,68,63,22,97,48,32,90,95,23,57,33,47,75,39,24,86,60,78,63,36,63,43,71,13,42,59,50,58,78,82,59,85,75,71,12,37,58,80,81,39,10,13,45,79,38,72,97,87,92,39,61,39,98,20,54,83,33,28,100,86,24,94,92,31,71,17,59,52,86,38,45,18,15,43,16,58,97,28,84,22,20,79,67,31,26,75,30,45,71,25,76,34,12,21,78,24,67,99,84,61,93,16,71,52,96,67,77,88,76,93,42,83,71,46,84,88,67,89,86,17,50,30,27,23,72,25,24,45,79,62,52,63,55,76,22,80,89,78,94,23,11,65,19,73,37,90,97,100,50,62,41,22,62,35,22,31,86,69,56,55,67,32,63,23,63,86,49,87,62,37,72,81,74,19,21,83,37,77,98,100,85,92,84,84,16,60,77,31,99,16,24,36,92,11,73,19,64,73,54,34,97,99,31,24,59,38,98,34,63,25,40,19,70,88,77,52,44
E100,84,14,15,49,98,87,17,41,70,96,30,86,55,47,57,76,52,74,38,53,98,63,40,97,86,85,80,25,29,71,45,37,87,90,29,28,51,53,23,66,44,18,86,99,33,51,81,18,90,42,73,63,32,23,100,33,100,34,61,14,25,99,79,60,39,83,86,43,55,43,22,36,81,42,50,39,22,50,59,37,16,87,41,11,70,86,61,76,94,53,89,15,93,85,64,99,94,49,56,84,78,69,27,90,45,14,81,88,87,32,99,23,68,71,91,34,52,93,21,63,61,75,18,18,36,37,89,70,34,64,67,13,71,98,27,25,71,94,38,100,47,11,100,33,49,26,93,31,92,31,44,22,98,88,77,39,17,62,96,41,33,40,65,50,49,11,22,79,22,93,49,47,44,31,47,80,44,29,95,95,13,30,98,45,41,57,10,99,86,49,66,62,54,99,21,25,95,75,64,94,18,53,63,45,11,88,83,46,23,49,73,54,34,89,79,89,100,18,34,69,14,50,49,91,27,48,51,21,97,91,89,17,75,32,59,19,95,19,13,92,35,50,59,50,88,44,33,83,85,32,14,91,32,40,71,58,58,65,84,94,64,86,32,31,82,54,39,39,78,59,21,82,42,21,18,90,79,34,87,96,12,89,39,49,26,45,93,90,29,47,10,58,64,96,32,75,34,44,62,34
E101,35,48,96,76,78,87,39,40,42,36,70,57,23,77,58,65,88,42,14,74,65,56,46,32,46,41,81,32,59,89,27,80,52,53,12,67,44,36,53,12,83,54,30,81,91,76,89,57,87,44,71,90,11,41,82,64,87,64,46,51,36,51,86,22,70,61,52,15,43,68,25,80,76,35,10,14,85,85,53,45,27,80,75,68,37,45,46,88,92,61,95,58,76,65,65,67,85,78,88,84,43,68,12,62,99,23,68,99,92,12,65,84,16,20,43,89,66,20,20,13,37,77,43,67,23,53,60,71,55,63,65,51,10,93,53,19,79,74,64,12,97,22,59,72,94,47,43,82,97,33,36,46,98,36,57,88,91,65,83,76,51,12,45,51,12,92,52,62,62,100,83,39,72,53,49,15,27,43,32,81,65,19,70,99,78,85,31,52,67,25,48,14,26,52,17,97,40,78,51,100,72,64,32,58,48,75,19,90,62,41,76,92,46,83,41,62,81,16,95,59,35,51,75,54,38,12,20,12,20,28,66,80,83,58,86,52,20,88,93,36,10,47,92,74,57,28,100,72,68,54,77,58,70,16,37,59,51,63,28,16,34,64,37,42,48,97,46,37,90,86,43,61,75,86,58,41,39,23,78,19,96,29,35,38,57,66,96,63,21,71,16,67,38,25,67,48,45,55,69,69
E102,64,32,96,62,27,59,41,60,66,78,50,99,15,75,88,80,87,72,73,43,73,57,88,44,97,46,93,40,46,74,52,27,85,55,34,67,68,42,13,40,70,59,69,63,81,70,46,13,43,29,12,71,63,69,55,20,49,86,66,54,35,48,21,19,50,70,36,93,36,17,89,85,17,14,92,15,83,45,14,62,57,60,55,74,29,40,47,43,53,41,77,52,93,94,64,56,41,53,33,35,96,26,62,65,14,90,97,95,11,14,43,69,13,83,20,18,17,41,49,84,95,56,63,19,20,86,98,86,74,82,85,61,50,20,21,80,23,97,50,74,37,67,45,61,64,19,49,49,70,67,64,21,75,92,92,62,75,72,95,10,45,69,84,62,61,95,93,59,80,28,100,88,12,57,27,57,61,53,86,85,57,12,77,92,89,18,45,31,99,39,98,39,10,33,83,100,33,73,64,46,12,50,45,71,97,40,89,78,64,32,29,18,42,17,55,18,37,21,78,59,58,14,49,72,49,67,41,37,80,85,21,42,68,74,53,31,43,68,48,48,26,10,34,51,87,43,46,23,12,96,31,38,74,71,92,38,55,20,78,97,99,62,62,49,73,71,48,22,36,21,36,56,19,74,96,34,11,28,55,75,57,35,44,63,50,78,20,54,36,89,77,78,56,91,31,98,25,72,80,87
E103,51,53,89,89,17,83,76,48,100,96,19,31,80,58,52,56,76,24,58,68,54,89,32,37,78,36,22,85,38,49,78,83,21,80,15,17,35,78,18,43,59,34,43,26,100,87,32,49,30,23,98,87,57,83,69,40,16,85,23,32,18,75,50,29,70,34,47,21,21,47,61,21,35,41,20,52,92,55,56,35,16,18,51,38,14,34,17,49,47,11,67,66,78,21,95,22,16,88,62,56,88,80,48,94,50,50,68,62,100,65,40,49,51,48,25,81,33,86,85,22,28,62,88,86,44,53,29,17,63,49,97,20,89,23,12,63,23,98,58,92,58,98,88,21,12,17,99,77,91,26,30,95,42,27,25,61,78,28,63,74,26,29,97,20,91,73,55,91,61,31,93,58,89,82,58,28,13,77,34,90,44,73,83,100,21,10,11,54,82,39,27,94,91,91,91,55,73,26,26,80,90,68,16,100,35,30,28,13,15,92,94,69,44,81,53,88,73,26,42,34,81,69,25,28,88,54,21,47,52,33,15,52,96,75,92,12,100,28,90,76,61,12,58,15,46,80,13,32,33,43,11,63,55,48,71,43,67,61,98,87,53,15,84,12,42,20,91,74,84,74,52,65,60,98,43,36,14,22,59,52,90,55,65,27,38,75,81,72,77,75,75,66,58,54,64,99,88,89,40,19
E104,36,59,94,16,63,92,26,27,85,12,21,22,34,81,58,11,45,71,85,45,95,67,20,83,88,11,37,75,12,36,52,25,42,76,85,51,41,81,31,82,47,49,19,85,25,43,68,82,16,56,39,49,66,26,81,40,85,55,21,62,70,37,91,17,82,52,38,26,94,60,73,11,81,42,75,76,61,90,77,62,52,58,98,94,29,85,31,57,94,94,78,94,33,30,77,31,78,10,24,77,37,29,41,57,36,15,65,75,75,53,64,78,48,97,64,72,62,91,73,74,12,88,61,45,51,80,38,71,44,45,83,51,83,70,52,28,20,39,55,91,35,20,71,51,54,97,100,52,86,90,30,74,99,89,72,45,78,100,68,45,21,97,18,100,91,47,77,59,97,30,64,66,51,25,93,25,88,89,73,64,42,52,38,44,88,62,55,50,19,55,92,65,49,24,88,61,66,77,86,64,40,11,16,82,36,54,74,33,17,24,60,34,14,20,51,83,70,93,91,29,32,45,28,26,77,45,79,37,49,94,86,31,71,58,62,80,16,82,90,76,42,65,93,98,16,20,91,74,14,45,11,36,35,48,80,10,19,52,38,66,40,57,77,61,61,72,23,54,51,43,44,63,12,54,41,84,29,60,15,88,65,72,44,61,91,99,27,73,27,16,90,52,36,60,99,48,89,83,18,23
E105,86,98,29,100,77,54,62,66,90,97,29,74,56,15,31,20,55,51,93,94,37,81,41,12,96,73,68,53,50,80,27,21,30,59,33,63,43,37,87,57,60,71,92,75,44,46,60,10,67,81,88,12,71,53,20,95,82,99,82,22,87,74,18,68,71,57,57,18,29,83,96,98,45,48,22,49,87,31,53,36,96,22,64,45,89,79,32,76,96,41,76,92,53,94,83,70,44,66,66,65,54,58,50,84,14,71,12,56,51,48,88,43,93,100,36,91,49,38,65,78,70,94,73,23,53,62,82,32,28,10,84,44,88,16,72,61,98,40,48,24,54,36,56,85,69,69,25,16,94,16,24,25,52,92,42,69,68,39,46,88,43,40,94,19,94,43,98,78,71,27,32,55,56,69,74,53,61,42,23,38,53,44,92,91,72,49,22,60,78,52,93,57,69,37,89,95,50,29,40,28,78,56,57,54,80,12,96,84,54,72,86,48,72,56,74,22,93,62,61,15,29,77,43,90,91,25,34,62,31,40,37,93,91,48,66,10,48,12,69,23,42,61,85,66,91,22,42,73,95,85,72,98,41,47,25,81,54,50,83,53,15,76,37,73,46,57,61,14,25,69,13,34,87,59,22,12,19,68,54,88,96,13,94,15,23,66,14,59,68,83,92,44,83,14,72,79,65,99,86,32
E106,77,50,50,97,22,60,100,29,24,56,84,40,95,80,84,64,66,61,96,41,55,35,64,72,40,57,96,55,100,77,86,62,15,72,17,68,26,27,78,78,37,44,20,37,39,54,23,34,88,10,19,44,34,16,87,69,49,31,73,91,49,88,39,65,61,96,38,50,71,82,62,66,18,98,44,76,12,35,100,95,11,95,16,68,96,39,56,90,65,56,81,29,59,13,75,32,53,33,95,63,40,70,85,43,100,18,28,74,76,59,64,84,23,21,26,96,26,35,31,19,43,90,94,31,51,30,58,20,23,84,72,92,79,82,28,52,89,49,60,50,67,43,90,90,44,58,57,99,37,33,57,97,50,45,46,19,24,76,22,98,78,95,99,53,20,37,58,67,34,75,12,97,53,28,17,36,80,92,92,79,22,98,85,37,66,64,75,48,22,78,45,73,20,43,58,95,27,31,13,19,43,94,76,41,35,41,51,44,17,22,24,33,66,31,79,36,59,11,35,10,75,71,60,47,69,71,15,83,11,63,94,95,71,65,23,79,40,69,58,28,87,57,10,71,63,93,71,98,18,91,63,33,22,73,28,15,46,79,77,76,60,81,16,94,48,23,74,59,83,38,15,38,95,30,59,48,93,52,61,42,88,64,69,48,23,85,88,20,61,14,51,97,39,87,97,12,59,42,82,14
E107,82,100,72,92,11,39,48,26,53,94,24,100,86,67,97,16,25,80,18,57,81,83,22,34,60,79,28,84,60,69,11,69,45,32,25,52,41,18,86,41,91,60,27,53,31,61,10,27,32,24,64,83,13,80,100,75,68,56,45,75,11,28,87,39,35,57,79,39,74,48,34,97,89,91,20,10,62,56,67,40,51,20,71,49,53,42,58,83,37,98,100,54,25,13,30,20,48,16,21,29,79,41,34,21,83,52,57,75,91,84,100,71,82,84,11,38,53,87,68,22,73,73,20,72,99,13,34,14,54,62,74,67,17,83,48,19,26,42,99,58,10,52,21,60,42,79,39,91,90,81,85,51,36,40,67,59,81,43,24,81,68,61,68,69,95,65,17,11,59,45,38,49,51,93,85,68,96,91,95,39,20,91,70,40,15,39,38,32,43,84,63,67,52,73,43,53,24,10,48,79,45,78,15,85,48,99,66,37,24,79,21,54,59,12,53,47,30,71,16,68,86,84,56,84,48,71,62,25,23,23,16,71,83,70,60,49,67,56,47,96,54,63,53,69,29,75,82,68,29,31,59,97,83,36,47,74,53,44,97,13,36,84,11,87,74,43,97,58,77,54,63,11,65,58,85,86,33,93,62,18,37,76,26,62,80,70,14,89,66,66,68,66,86,57,69,15,93,36,82,82
E108,62,28,58,38,73,69,85,33,66,18,95,20,17,66,40,55,25,26,80,86,63,32,33,94,14,62,79,93,31,46,35,30,39,34,97,40,16,28,37,88,85,39,42,45,58,12,61,100,13,58,82,43,100,39,97,10,61,88,54,93,26,34,53,66,78,60,51,27,86,49,21,27,74,53,41,71,16,14,58,43,42,77,81,53,46,78,71,53,41,23,24,84,90,76,11,42,31,56,54,49,28,77,10,51,41,66,62,48,26,56,52,13,71,81,64,80,77,91,67,79,60,13,96,33,15,39,85,26,31,25,41,19,71,14,21,89,51,81,61,63,36,85,83,94,26,79,70,82,77,71,30,76,73,35,99,19,42,30,49,82,56,62,32,83,24,70,95,83,60,49,48,24,64,11,40,34,33,79,81,74,10,70,10,12,51,20,99,15,32,77,72,49,53,97,20,29,12,28,97,30,100,93,10,20,72,56,48,56,44,18,60,45,77,73,89,27,94,99,18,17,44,61,63,26,69,50,93,12,22,55,31,61,97,97,83,67,42,45,31,16,39,60,17,71,78,53,47,79,34,35,11,83,57,74,73,28,40,98,81,37,60,78,100,92,11,64,16,21,43,52,67,86,29,39,27,61,72,19,44,94,78,53,74,100,22,89,91,68,10,22,56,15,23,82,65,73,87,71,95,26
E109,13,89,26,54,19,83,26,15,25,81,29,80,55,26,40,39,100,29,82,67,10,44,83,92,35,71,84,53,74,30,85,23,53,78,90,57,51,25,19,64,37,87,92,66,20,46,86,31,12,69,52,68,48,99,24,49,33,48,81,69,40,84,62,30,59,26,54,86,20,76,79,40,98,18,32,48,93,83,70,67,40,92,65,100,69,71,31,43,48,34,91,49,35,90,53,48,89,69,76,73,31,87,58,56,70,24,53,61,49,38,76,96,92,15,30,88,83,16,38,44,78,92,12,92,47,26,47,70,84,63,16,90,13,16,82,46,11,86,18,63,99,55,71,39,71,63,26,46,31,61,58,98,98,27,26,56,43,86,29,14,38,62,86,39,16,86,20,44,90,17,22,96,52,28,69,40,23,100,24,68,33,33,60,49,18,43,72,52,63,83,11,11,91,18,76,44,26,88,38,37,52,88,77,44,67,49,30,30,83,78,91,41,92,51,88,63,97,63,98,71,71,20,55,41,86,12,31,31,65,30,48,69,40,61,51,11,15,35,28,87,82,12,83,14,100,91,17,65,48,68,62,18,92,49,48,28,67,74,72,41,100,51,50,43,94,16,46,32,92,41,25,61,89,73,86,28,100,17,65,66,56,44,83,38,89,35,49,39,97,83,61,85,12,45,50,37,95,85,33,98
E110,54,32,75,70,81,98,38,52,68,35,41,75,22,38,41,12,71,39,45,53,41,90,96,36,16,33,39,64,49,22,32,29,47,70,42,12,91,82,78,57,34,68,30,17,40,39,54,15,51,19,61,16,26,41,26,51,22,13,72,100,21,56,55,51,78,73,16,85,44,91,99,16,44,29,29,92,97,96,48,53,60,49,19,20,85,89,30,57,57,21,26,51,39,75,14,72,76,19,85,21,41,54,12,54,38,98,49,88,42,18,88,70,24,52,98,73,50,55,73,25,60,65,39,32,75,90,93,26,45,62,41,12,65,25,62,27,19,95,95,78,94,56,65,40,50,26,11,10,68,65,19,50,15,47,29,17,50,87,81,94,59,74,55,95,93,63,86,67,68,19,49,34,97,37,98,64,13,74,15,85,14,23,15,20,46,63,22,16,37,86,29,72,75,77,74,81,22,78,86,36,14,45,60,94,24,59,41,81,76,24,62,75,70,100,78,55,21,77,97,55,63,86,15,54,90,14,94,85,58,52,61,81,78,30,58,71,32,77,14,11,71,29,72,30,10,91,80,24,96,95,47,67,29,90,34,68,36,55,63,46,12,69,76,38,13,78,38,16,61,87,66,76,86,84,90,82,57,23,92,42,54,46,87,80,36,62,69,20,43,59,71,43,82,14,65,58,77,75,63,67
E111,57,18,81,53,72,22,20,64,48,55,65,15,54,95,87,56,61,36,48,41,21,74,16,90,93,66,36,85,28,12,14,27,54,77,54,64,52,37,40,70,100,71,71,40,12,96,35,22,58,73,98,81,71,23,85,30,63,23,57,46,80,71,96,29,11,23,28,43,95,17,27,57,47,53,51,13,94,17,53,47,85,14,74,14,95,82,85,80,36,82,73,61,90,68,40,76,75,71,27,49,58,22,60,37,11,35,46,41,77,38,95,17,13,13,84,20,47,38,50,30,88,49,89,38,12,72,98,45,23,66,82,82,92,62,50,44,62,59,29,75,89,73,98,34,55,22,76,87,58,30,28,53,29,67,51,90,61,17,10,31,26,41,14,26,38,46,14,57,58,69,67,23,33,56,20,94,57,76,82,15,43,23,76,90,31,74,11,53,18,62,61,65,15,100,79,24,33,37,84,26,72,77,80,47,45,72,91,88,14,84,81,58,34,63,20,51,27,70,60,88,51,80,46,48,48,29,11,28,30,43,98,81,29,42,78,79,60,34,19,41,69,40,69,19,48,56,15,38,19,24,78,14,99,29,58,96,58,90,85,25,43,25,87,41,95,83,62,10,59,20,13,43,68,21,74,82,25,23,84,88,26,50,58,94,96,86,28,48,72,62,81,80,95,37,47,18,15,38,43,20
E112,45,21,35,18,76,23,24,81,91,23,49,11,53,20,99,100,39,30,50,91,24,66,85,95,10,49,49,67,14,74,56,63,10,83,45,16,59,68,22,47,94,74,68,77,37,18,12,35,23,43,55,59,44,50,70,26,29,68,51,94,70,86,44,16,68,44,13,38,37,67,43,43,89,90,84,88,77,67,10,87,39,41,87,23,100,39,60,88,46,21,33,90,61,48,19,10,59,12,38,31,64,67,54,39,18,99,92,81,15,54,72,60,40,21,97,14,20,13,78,87,61,92,52,47,62,22,31,51,38,60,14,59,46,12,17,45,66,47,76,61,69,86,48,81,58,91,91,84,76,85,44,75,42,76,18,69,11,93,41,61,23,13,16,68,69,10,19,66,72,38,93,71,50,83,49,86,35,35,14,66,77,23,24,19,66,23,83,100,64,16,14,45,88,13,31,21,44,46,47,21,55,52,85,64,67,45,39,39,39,95,94,76,48,94,82,62,99,53,57,30,39,82,23,71,97,13,37,39,56,41,10,17,49,89,98,84,84,33,59,90,61,54,37,59,24,88,71,92,68,40,23,68,37,82,48,64,98,29,44,74,73,29,35,81,54,77,58,52,94,41,89,29,71,94,59,80,68,94,21,43,99,20,40,45,83,35,25,71,87,59,66,14,65,10,56,56,81,92,22,71
E113,39,50,69,87,26,25,25,59,27,53,13,60,99,85,81,88,34,57,43,60,48,61,36,85,78,98,86,67,11,23,47,94,90,92,51,56,72,10,39,86,40,42,94,26,70,99,22,79,60,60,84,29,56,51,26,87,93,17,52,13,89,32,59,16,10,16,95,20,24,95,17,20,51,64,19,63,19,84,68,34,81,43,42,89,90,75,20,27,21,39,10,16,96,81,75,27,93,34,77,48,95,58,83,89,16,97,97,100,81,61,71,26,35,96,37,19,17,43,95,43,77,25,73,96,69,90,41,90,62,56,50,63,18,87,27,26,19,77,80,27,27,12,62,37,20,77,60,46,25,71,59,18,91,90,90,38,13,29,34,62,43,24,98,90,65,87,40,64,74,34,50,90,88,85,18,62,69,65,45,11,41,28,38,83,95,18,83,39,94,32,53,27,78,29,91,61,68,23,32,58,87,40,69,84,43,87,89,82,51,31,33,50,33,88,63,42,43,48,97,76,45,41,90,64,100,79,65,74,24,24,19,49,38,38,15,64,42,13,87,100,76,13,51,81,73,71,20,52,50,99,54,86,96,94,98,17,91,59,99,31,71,77,71,88,16,31,55,83,22,98,29,12,44,59,40,69,31,24,62,32,60,60,12,37,28,34,51,75,48,19,78,10,32,89,50,54,94,89,85,82
E114,72,69,39,68,83,35,87,55,72,84,50,54,18,82,92,28,42,67,44,97,20,19,18,71,96,37,60,68,11,37,100,77,64,28,55,60,93,69,65,23,23,30,56,81,47,30,36,36,13,11,79,15,56,60,41,14,75,99,28,83,31,90,42,91,81,27,75,69,38,31,24,15,70,97,76,77,35,20,31,91,66,39,64,55,47,79,54,29,33,10,70,27,10,18,88,67,12,80,47,27,79,70,42,96,18,65,97,30,72,88,99,65,36,90,60,51,18,30,89,51,55,52,21,97,100,12,12,56,20,14,75,24,89,48,98,78,42,100,26,26,64,32,36,98,16,11,36,63,11,67,27,26,40,51,14,29,93,77,39,10,100,34,95,44,97,28,91,45,35,68,52,36,83,24,65,83,28,81,13,87,24,63,100,60,38,25,64,64,88,59,81,70,96,49,11,41,36,10,42,57,45,42,18,12,59,22,65,60,43,84,69,10,13,97,79,46,47,52,80,13,22,52,93,22,72,62,48,28,84,62,98,31,76,10,85,26,47,22,25,55,10,50,12,93,88,62,88,83,100,63,22,34,25,52,30,100,52,57,30,99,41,99,30,27,94,80,16,51,74,80,34,68,92,66,91,48,40,54,44,17,99,49,73,61,32,53,96,35,86,56,15,23,21,24,52,30,51,50,74,97
E115,65,33,69,67,100,79,80,78,32,61,15,38,20,66,45,78,85,12,40,12,42,55,78,74,10,100,85,70,25,79,65,18,49,26,32,87,38,57,99,52,98,47,94,56,86,33,15,51,55,82,62,66,51,66,73,86,87,21,23,97,34,67,85,80,38,12,100,49,52,69,62,28,66,42,51,97,23,21,59,10,80,82,55,77,83,69,14,23,54,94,31,33,24,36,35,58,100,76,86,58,17,10,75,35,44,68,65,97,19,26,95,74,91,83,76,85,89,39,10,97,73,45,59,23,24,41,83,87,91,71,83,86,26,69,23,91,52,99,60,16,38,37,76,96,72,79,76,96,55,28,75,56,92,81,88,75,60,75,93,23,79,43,40,83,69,60,99,41,16,82,11,92,10,70,40,73,85,46,88,84,88,93,48,45,50,69,97,92,94,42,49,45,24,15,67,61,84,31,64,27,59,91,53,46,93,39,48,67,55,82,23,98,60,13,43,41,53,84,93,75,36,88,76,52,90,91,100,82,16,69,87,100,83,64,56,74,50,67,74,38,96,73,52,63,95,80,19,58,71,77,49,37,49,96,14,72,98,36,17,66,93,95,22,97,69,69,59,22,97,91,34,50,94,13,92,90,10,72,75,78,37,59,84,30,29,34,35,74,51,46,11,40,34,62,84,85,87,53,26,80
E116,52,97,15,33,38,21,27,97,60,50,35,30,68,40,50,98,95,100,52,25,46,89,67,29,43,86,98,16,34,27,26,41,44,71,72,19,47,64,88,52,14,84,41,100,55,50,57,54,98,67,15,29,14,15,62,24,70,42,19,34,63,49,43,56,82,45,70,60,24,30,23,80,82,41,94,86,21,91,28,71,96,11,63,51,13,66,61,23,29,31,29,79,93,40,93,100,90,13,56,59,47,46,63,81,98,55,41,95,10,42,57,57,51,53,84,52,16,26,62,37,100,52,64,10,73,73,72,78,87,96,49,37,39,92,27,72,62,34,83,86,17,43,96,62,14,13,76,32,98,41,61,82,58,94,28,64,82,12,33,97,33,29,17,82,66,57,53,96,12,61,23,68,87,14,65,92,69,13,18,53,96,23,32,14,17,36,84,36,42,49,88,14,68,65,86,70,30,24,58,33,19,80,93,34,97,40,97,39,85,91,19,86,30,83,58,93,88,28,24,10,53,38,13,71,20,30,32,63,15,17,81,26,28,75,39,93,69,66,45,33,68,16,50,46,89,81,51,72,79,78,66,31,80,28,17,61,34,29,30,98,94,76,98,13,20,31,63,83,80,16,47,43,63,100,63,56,74,84,51,27,44,72,62,11,82,63,98,12,92,64,43,66,29,98,90,42,53,32,56,69
E117,37,67,80,69,98,42,70,73,80,78,43,11,66,10,99,99,87,44,63,50,71,69,68,16,65,21,28,88,75,74,87,68,29,79,49,29,61,76,17,86,27,75,28,61,97,19,100,92,58,42,25,66,13,10,53,35,73,19,92,76,64,14,52,59,60,79,75,11,35,19,98,92,61,58,49,70,83,57,91,18,28,69,84,77,34,25,32,43,27,81,97,56,40,57,96,97,44,20,61,12,20,83,87,20,88,81,97,43,81,12,76,66,10,99,25,70,10,98,75,97,61,72,23,56,31,15,71,69,93,23,17,70,46,17,46,38,38,64,80,84,57,66,86,58,67,99,29,92,47,62,20,95,16,51,18,21,14,83,10,16,96,70,16,23,73,81,56,13,32,11,57,16,29,54,95,46,82,70,30,97,90,39,100,97,89,32,14,20,11,96,32,89,70,56,89,87,70,44,92,68,96,98,93,94,52,91,39,86,64,51,86,67,49,42,31,54,29,59,94,96,97,88,43,95,93,31,17,46,20,61,46,24,54,37,66,47,15,97,56,21,34,40,68,88,39,66,64,60,83,97,87,67,58,78,24,96,58,10,77,50,53,73,21,68,48,86,94,15,56,76,48,88,60,76,75,20,45,44,85,88,14,75,17,37,53,74,61,31,46,15,96,55,66,42,43,52,13,82,89,83
E118,81,65,36,33,43,57,41,50,28,66,85,23,22,24,21,98,17,99,76,57,98,19,78,42,62,96,64,75,88,80,95,51,86,38,31,19,41,55,83,62,25,74,95,36,16,94,68,98,35,93,45,98,78,11,15,29,28,94,63,43,29,54,88,73,94,27,11,52,52,47,79,30,83,76,71,80,23,88,28,18,46,70,97,42,87,79,45,67,49,59,10,47,32,84,41,68,23,71,80,42,97,70,33,20,43,65,20,68,33,73,53,78,16,44,54,28,89,33,64,67,64,89,74,76,93,89,68,85,79,77,69,70,52,47,45,52,75,43,67,47,18,40,45,10,24,88,27,84,98,37,63,10,98,52,87,65,33,99,68,52,94,18,99,84,36,42,58,41,76,87,13,24,29,45,77,46,47,71,87,41,64,95,54,62,25,18,56,62,80,61,27,100,26,99,40,17,69,13,94,63,52,88,42,76,13,50,39,23,58,14,26,100,26,67,91,48,40,41,16,37,66,96,32,93,72,18,78,62,91,93,30,46,48,68,55,63,34,18,23,26,90,19,36,79,99,11,72,79,33,81,72,79,16,60,63,19,50,99,48,54,89,75,52,75,61,58,39,55,65,51,100,47,20,76,13,31,90,80,97,76,32,53,27,19,31,94,76,100,79,58,65,84,15,50,88,44,59,85,87,77
E119,49,32,78,74,30,98,78,46,67,14,52,29,15,41,20,95,38,96,31,88,79,81,68,21,31,36,30,12,36,65,58,76,65,47,26,66,71,79,59,27,64,79,99,94,53,33,70,28,77,69,58,13,41,29,10,74,71,67,81,38,44,66,20,10,62,33,95,78,39,38,44,91,91,54,91,100,57,71,41,53,64,32,34,93,26,67,73,92,14,17,42,52,37,53,77,55,100,84,70,37,17,26,69,38,91,95,26,31,80,54,67,12,49,100,30,42,15,29,52,53,53,47,62,76,87,99,97,38,84,67,68,93,14,47,23,23,63,71,81,78,18,56,84,63,91,46,61,92,68,39,77,60,53,58,87,11,48,45,75,95,43,95,65,73,39,36,33,32,89,19,98,30,46,79,87,52,55,78,69,98,66,13,11,94,64,30,40,96,88,43,50,84,85,96,45,30,63,45,14,72,62,13,91,81,86,51,36,17,20,26,16,38,41,83,75,13,98,25,40,74,73,21,58,28,79,38,41,55,64,80,89,16,51,80,19,14,79,96,12,24,56,37,36,68,45,35,51,61,68,12,26,91,93,67,72,31,75,68,19,50,58,56,87,65,94,89,57,69,99,84,95,47,55,73,53,82,53,88,82,57,57,13,53,51,93,40,98,90,59,27,82,100,90,20,66,24,48,75,56,46
E120,19,81,38,89,54,30,98,50,26,94,56,28,17,68,95,77,92,74,30,19,60,93,50,22,18,88,90,100,33,21,48,57,72,47,100,47,50,29,17,36,15,95,27,70,90,59,89,43,69,35,13,75,80,28,48,17,34,56,97,40,32,21,31,46,46,11,99,32,84,35,65,39,47,92,12,83,42,21,32,21,80,14,56,94,31,55,71,83,50,84,82,17,100,13,46,71,87,42,21,27,93,40,29,51,48,62,11,21,80,86,21,24,36,48,39,43,74,100,56,70,18,35,37,86,97,89,65,98,32,69,64,79,63,21,33,73,40,47,26,24,24,29,13,31,89,21,99,100,36,74,20,38,15,21,47,85,49,81,14,30,89,77,87,16,81,79,92,77,18,84,58,96,62,48,56,30,34,24,83,23,96,83,85,14,75,29,18,95,37,34,51,60,81,99,36,22,66,29,39,65,90,61,72,16,48,99,18,71,20,11,93,37,98,80,82,21,89,24,74,71,47,14,51,13,24,40,36,30,12,41,44,43,85,57,65,13,73,19,42,76,70,60,54,17,73,68,54,100,29,55,100,93,68,29,38,19,58,36,25,60,13,35,94,73,92,74,19,21,93,95,17,50,98,66,13,34,83,88,58,36,17,64,61,69,12,11,54,86,87,45,61,86,60,60,97,87,41,27,41,37
E121,98,69,17,13,73,23,97,50,76,11,13,84,73,18,45,93,16,81,63,35,41,33,37,48,37,13,61,53,78,72,47,46,99,79,98,77,80,34,89,93,31,41,69,52,86,10,83,73,33,28,77,51,79,98,28,97,57,80,53,45,55,50,24,37,89,24,83,63,13,37,49,76,31,40,64,73,79,81,36,80,100,72,35,60,82,91,34,28,40,78,12,14,43,98,40,62,42,66,56,76,49,62,63,45,76,65,71,44,22,60,39,72,21,26,14,61,39,23,68,52,54,31,83,66,71,61,14,25,43,55,75,48,10,75,23,24,44,42,20,57,66,32,79,24,100,49,37,99,58,18,19,63,78,58,25,23,49,59,13,35,58,19,21,76,87,31,61,12,52,53,53,100,90,44,58,54,43,32,60,74,41,58,74,42,39,73,67,21,44,13,35,47,96,44,90,97,50,45,53,82,55,96,62,64,13,11,39,10,21,21,86,62,92,27,29,73,29,38,76,58,85,70,44,97,26,98,22,93,66,36,59,77,39,78,57,94,17,84,51,96,90,67,12,84,34,43,13,87,83,20,62,97,56,14,79,24,18,34,62,98,43,12,40,45,77,90,42,81,44,34,70,69,14,11,98,63,32,72,83,52,94,83,52,100,25,49,33,86,55,42,46,88,59,64,83,52,47,27,20,99
E122,70,99,99,55,65,26,70,53,31,74,10,11,24,63,18,92,67,36,44,49,69,84,94,46,99,50,84,33,39,50,96,25,62,37,80,39,30,64,45,75,87,72,21,97,97,15,16,21,66,11,69,81,23,26,97,89,46,91,93,53,67,61,19,40,15,44,82,48,81,46,21,99,46,32,90,100,91,41,50,54,29,79,35,91,37,71,31,96,78,70,55,61,94,72,83,81,25,94,36,16,27,63,51,58,45,91,68,70,22,20,53,76,81,26,18,77,69,14,96,76,86,45,19,10,72,83,25,24,63,25,19,48,61,42,42,58,93,20,23,84,74,40,17,83,68,56,48,32,48,72,37,95,76,79,93,53,100,33,40,73,95,71,47,81,96,73,68,10,17,70,81,81,25,90,28,53,41,32,52,22,30,21,93,81,13,80,30,31,61,71,83,84,17,88,62,95,61,62,12,28,79,65,56,36,80,37,83,92,56,68,18,62,49,61,95,77,27,23,10,11,34,97,70,11,85,12,67,15,41,72,76,17,77,90,75,63,100,65,84,38,31,14,73,100,14,83,75,40,44,74,44,86,29,96,98,98,65,72,48,79,66,62,97,32,88,62,54,17,70,46,96,44,53,60,50,66,27,64,70,60,56,96,45,21,86,75,30,74,23,67,85,44,73,71,83,54,10,15,34,49
E123,52,26,29,17,33,65,32,60,88,38,17,37,26,59,94,42,54,31,57,66,38,40,11,88,14,69,43,15,58,39,52,21,65,75,53,28,92,29,44,69,61,71,57,25,26,53,100,81,35,71,91,83,85,13,17,55,36,61,62,86,36,34,27,73,65,39,37,43,26,29,78,55,99,61,30,76,39,69,27,38,73,96,32,33,53,84,36,23,14,39,39,70,99,16,10,79,98,84,49,28,93,36,42,14,36,67,11,44,35,34,39,35,97,25,90,90,78,75,36,78,45,56,61,91,20,26,56,92,72,80,90,11,44,69,38,66,22,85,77,100,92,90,57,97,96,24,71,63,83,94,59,79,12,93,90,59,47,57,100,55,49,48,98,28,22,57,72,95,99,79,38,69,89,95,30,65,47,13,51,36,28,90,67,35,92,87,64,76,77,56,88,36,43,26,77,81,37,91,83,14,38,87,68,88,87,69,96,96,76,37,96,37,20,98,57,12,40,31,22,86,75,57,84,96,63,54,56,20,97,97,13,26,52,11,60,65,65,93,77,61,91,95,14,61,92,68,38,48,73,63,70,21,48,82,83,96,78,64,41,28,81,84,55,88,21,10,39,77,52,33,49,28,70,58,31,29,23,51,55,82,61,40,96,66,47,36,83,96,63,39,86,87,42,88,53,86,46,10,35,81
E124,82,54,51,46,63,56,65,94,93,57,35,19,70,17,75,72,37,14,16,29,21,12,94,28,69,36,58,95,58,38,97,31,54,59,94,69,36,100,33,31,36,46,74,67,44,82,37,86,18,64,95,60,10,22,84,25,14,87,11,48,80,76,65,60,12,66,36,29,62,49,48,67,81,83,90,98,35,95,70,75,55,88,56,90,45,21,71,65,17,88,95,12,86,35,73,22,63,47,100,94,94,56,91,81,23,11,46,54,72,41,44,63,65,83,48,42,73,37,98,39,79,66,80,17,51,26,74,83,13,94,52,59,65,54,21,80,34,66,79,48,67,66,21,85,77,79,74,40,66,45,41,43,55,15,87,61,75,50,89,37,74,15,60,30,51,17,29,40,15,75,83,92,85,96,59,45,60,87,91,31,43,38,48,39,55,42,77,61,86,52,32,24,33,23,97,55,59,14,40,74,67,18,10,76,79,15,36,52,49,63,89,47,58,64,10,48,85,17,37,71,61,43,66,45,68,65,84,25,94,20,64,20,33,32,24,53,15,40,83,97,61,99,50,54,80,62,100,74,99,18,91,82,91,15,15,48,25,50,76,87,38,37,37,57,26,79,63,94,61,10,22,38,75,50,50,10,13,31,85,53,71,34,76,11,23,13,18,33,47,55,69,22,79,21,57,81,17,59,93,21
E125,86,47,87,82,84,24,34,61,90,57,14,55,53,25,83,22,95,85,38,83,62,78,66,20,74,65,94,73,19,71,10,78,11,92,49,88,28,86,36,100,30,81,56,12,72,99,22,86,64,20,29,85,38,36,27,19,34,45,83,55,30,27,15,82,43,15,95,16,37,71,96,19,70,73,56,76,81,54,59,29,67,42,79,10,59,61,23,18,98,33,63,26,14,93,39,17,59,85,57,19,64,50,72,96,21,31,24,25,80,65,16,92,18,79,20,25,95,26,95,100,92,39,96,88,87,38,35,17,33,51,55,84,75,73,84,27,17,64,29,38,24,46,94,53,86,65,81,94,98,74,99,87,23,12,84,100,59,91,23,83,61,80,16,46,55,13,54,30,21,18,28,16,37,64,10,76,25,61,45,23,98,81,11,42,42,62,15,79,99,19,98,88,73,23,42,14,80,40,44,64,82,51,43,45,82,55,13,61,11,85,97,52,74,14,62,26,98,68,43,53,60,65,86,81,38,97,89,91,79,54,83,93,15,72,43,28,87,45,20,49,28,95,89,94,12,47,89,55,68,93,66,65,32,50,34,96,90,78,46,68,61,59,87,20,86,54,34,15,22,60,46,73,27,77,90,61,25,70,47,96,58,76,50,84,11,27,97,59,26,87,67,59,20,25,59,59,27,79,61,65
E126,11,34,49,86,76,26,44,61,80,86,90,96,62,71,93,15,25,60,57,58,30,73,72,97,47,15,30,18,56,73,26,36,21,28,51,28,45,32,35,53,29,53,59,14,10,76,51,76,89,49,86,59,18,67,33,23,56,17,53,29,11,90,56,39,52,35,21,34,25,75,44,57,62,12,52,88,89,39,46,94,29,41,29,26,25,10,87,20,28,84,44,43,38,23,45,99,92,19,45,13,78,72,75,38,43,98,35,97,91,69,71,85,79,29,98,48,15,29,22,24,64,77,28,39,21,37,72,89,82,97,76,20,74,23,93,11,15,97,82,59,29,49,30,62,54,69,76,88,65,37,96,52,56,74,70,67,46,54,26,63,37,99,48,74,76,78,28,35,73,90,29,50,49,47,33,26,91,51,35,51,24,18,69,77,96,81,33,80,13,52,15,41,42,53,56,39,80,77,33,75,70,30,10,43,66,60,70,65,58,58,100,15,78,26,79,79,73,48,51,100,99,74,67,20,95,26,17,90,70,50,36,19,97,37,59,81,56,87,34,23,57,100,27,60,26,22,94,93,14,71,47,20,42,43,38,10,91,25,11,59,20,45,46,55,28,85,86,58,49,55,100,69,49,44,36,37,18,86,88,71,22,25,97,56,39,39,41,45,84,67,31,89,65,88,69,13,21,13,15,36
E127,91,48,38,47,48,86,86,73,56,79,99,55,80,62,90,18,77,77,74,21,70,75,61,16,100,26,24,56,83,85,29,73,87,42,37,68,65,38,75,26,72,46,84,15,36,37,25,30,31,33,39,87,51,43,81,15,66,11,47,67,36,97,25,49,77,37,60,81,69,49,68,70,73,42,10,68,12,38,61,59,62,55,61,11,10,96,67,58,27,30,80,29,25,33,97,92,78,26,25,84,37,74,63,78,31,71,81,43,66,27,64,43,100,37,86,36,35,11,48,56,92,85,65,82,31,94,14,61,61,94,60,14,44,79,55,39,22,33,35,42,93,43,36,53,76,45,84,81,21,24,76,94,49,65,54,22,29,43,33,25,13,59,40,69,81,97,21,70,100,12,49,81,100,38,58,42,90,77,22,20,98,62,53,84,54,56,80,90,100,57,83,43,31,19,89,41,73,83,35,23,36,62,34,98,60,53,83,73,32,72,61,69,64,76,73,70,72,56,82,36,56,81,64,19,36,49,21,72,42,86,19,84,54,38,81,13,80,93,79,48,32,65,72,26,34,35,87,87,11,96,72,61,24,56,13,14,22,19,20,38,88,23,52,49,77,10,49,46,33,35,62,42,73,89,30,19,43,84,87,11,21,10,77,60,22,59,42,68,100,87,12,49,90,94,87,83,21,53,71,38
E128,77,94,13,58,68,88,83,58,69,95,39,59,67,33,14,84,96,60,25,15,33,34,68,33,65,49,38,96,32,17,56,75,59,82,82,66,30,44,56,89,70,23,95,92,56,56,97,66,89,35,30,72,69,10,25,24,97,52,49,96,89,22,69,96,73,36,90,33,62,10,85,64,75,53,62,75,80,98,78,92,97,80,63,18,14,77,53,96,87,70,35,54,74,58,71,85,47,37,99,34,62,45,44,73,16,31,58,35,29,72,60,73,94,64,54,86,60,43,52,76,66,93,59,59,89,43,84,91,43,66,20,54,55,90,40,45,66,42,50,92,14,91,26,42,13,56,40,66,73,31,86,92,10,81,44,96,77,88,60,50,39,92,89,43,52,13,40,66,54,45,80,14,71,77,10,57,39,78,37,35,78,57,61,84,34,33,87,25,41,62,86,58,48,77,15,99,45,13,70,38,68,36,17,45,21,55,10,59,37,32,100,42,13,50,23,15,28,62,56,76,39,78,67,90,84,65,36,35,47,60,69,45,92,64,44,98,60,65,14,41,37,27,72,35,83,89,70,43,24,52,86,28,16,100,83,46,18,16,21,12,32,90,72,65,15,71,78,24,97,86,51,24,60,48,76,43,85,69,70,82,91,70,35,76,35,40,12,64,21,43,42,37,51,67,93,57,44,100,70,77
E129,85,36,53,12,54,95,92,97,33,62,14,33,69,13,61,77,70,52,65,70,17,71,20,91,99,79,97,25,30,86,33,40,61,22,37,82,24,26,34,72,69,42,56,86,92,85,76,48,96,23,99,36,41,73,62,74,67,11,52,98,74,11,72,84,18,15,90,61,92,56,25,13,64,44,15,73,14,68,77,36,78,97,92,48,66,77,44,75,35,11,39,42,76,54,69,37,65,52,94,46,98,96,10,47,43,89,26,71,33,75,17,88,11,34,25,67,80,74,41,94,59,42,41,20,64,73,76,51,89,74,44,43,44,15,80,81,94,83,50,85,37,13,35,33,90,14,69,90,57,65,10,53,29,64,89,89,16,25,56,30,36,93,14,26,87,86,94,89,61,58,35,38,12,86,31,41,55,61,55,43,10,41,13,66,86,92,85,25,55,45,17,33,97,69,36,30,13,25,28,90,87,55,37,21,81,51,10,12,47,26,35,20,95,78,27,99,14,98,59,76,26,17,48,77,25,98,14,82,40,17,54,48,77,46,100,67,37,76,55,66,72,86,67,36,85,77,29,44,52,91,97,51,40,77,23,57,20,78,30,72,28,96,34,75,27,65,45,26,85,55,22,74,53,33,56,56,92,69,97,63,77,77,94,20,53,53,85,15,41,16,75,25,83,64,89,52,48,43,74,68
E130,59,23,96,53,11,100,47,75,80,46,84,24,51,13,75,83,27,93,42,46,62,47,15,40,52,13,66,62,86,56,54,55,86,99,36,57,52,75,75,19,17,74,27,94,29,67,66,52,48,67,67,90,73,73,44,57,83,33,57,46,100,25,26,37,75,67,28,46,85,41,71,86,70,88,14,12,73,17,100,46,52,56,86,46,80,49,82,98,63,69,43,23,65,64,26,35,96,82,53,63,94,72,25,29,52,56,85,38,53,13,31,67,65,67,43,89,12,58,48,25,29,29,72,28,96,71,60,56,35,18,46,57,24,98,90,35,45,23,73,91,16,17,53,46,56,53,81,40,47,55,55,89,53,56,65,33,25,64,81,94,37,36,57,94,71,99,63,63,75,16,81,88,55,10,48,84,21,13,74,63,16,47,35,20,70,21,57,52,97,70,81,51,30,21,90,84,68,84,39,38,60,81,59,15,88,97,41,18,95,97,63,14,77,83,76,74,79,54,92,96,13,21,14,57,57,80,35,86,20,21,23,57,36,32,15,30,61,46,16,14,88,100,34,97,96,40,100,37,83,65,41,73,85,15,33,10,95,95,40,79,81,91,67,76,31,93,18,81,78,88,37,77,48,46,67,76,22,62,67,65,61,41,44,27,11,79,39,48,75,99,21,33,47,33,61,65,47,71,45,29
E131,62,49,45,13,42,69,92,81,34,97,31,73,86,65,62,40,66,86,93,51,76,21,97,98,80,70,66,48,44,88,82,31,49,59,77,67,94,21,49,42,59,88,37,82,88,100,52,41,21,51,52,65,61,49,93,28,35,88,45,11,29,90,58,84,11,81,82,58,44,85,59,59,63,95,76,18,25,94,78,33,27,83,28,41,95,93,90,92,27,44,59,81,72,27,33,16,38,69,36,39,72,100,81,44,16,59,96,18,36,75,62,72,48,100,76,51,73,74,41,16,43,52,51,84,59,97,51,96,67,94,61,93,95,57,68,74,59,81,96,10,16,55,53,18,26,60,91,71,93,64,43,91,42,87,43,37,63,38,31,69,14,57,62,23,42,65,55,34,42,42,32,15,17,47,29,21,97,75,65,66,42,68,22,57,27,16,41,51,20,90,83,21,83,77,54,95,94,12,53,62,57,90,22,40,38,50,80,50,16,79,21,90,43,34,33,33,100,82,74,70,64,62,100,36,33,72,95,85,98,16,45,26,36,36,80,22,10,61,15,74,88,19,72,15,14,56,29,26,87,20,77,44,54,68,93,47,84,62,56,89,86,12,52,26,70,12,100,33,54,88,89,64,22,24,47,37,50,74,34,15,49,10,90,71,71,56,25,38,15,64,19,11,86,29,27,23,61,80,85,68
E132,46,53,35,68,24,46,67,40,29,15,46,41,20,88,26,66,46,41,21,32,62,64,62,54,60,15,32,38,35,61,21,62,55,53,75,12,63,28,42,68,51,52,53,29,63,68,27,16,96,40,61,90,70,17,28,68,50,24,10,10,55,97,65,80,72,15,64,84,10,50,69,19,19,32,20,99,76,21,59,68,98,86,35,33,40,56,34,83,39,99,39,12,90,57,44,77,46,84,99,50,20,63,52,70,17,66,84,47,34,28,23,100,77,39,14,28,44,32,60,97,43,62,77,52,90,97,52,24,83,13,28,14,48,18,93,18,51,100,49,79,74,14,50,22,16,87,38,34,46,60,56,41,38,63,35,40,10,50,71,100,57,99,48,34,69,99,16,10,83,79,46,25,61,43,39,67,67,14,91,92,28,22,69,11,44,66,17,24,33,53,100,99,89,31,80,97,38,37,90,82,70,21,67,92,79,57,58,77,23,68,58,87,66,57,14,55,87,22,73,40,98,82,40,13,99,18,17,97,54,56,85,20,58,87,80,34,41,93,19,72,85,37,58,46,92,73,13,76,87,42,48,15,59,54,100,90,47,55,29,52,83,35,57,69,12,94,73,58,57,10,83,43,60,33,11,70,78,92,51,64,28,93,33,67,24,84,94,30,62,13,26,90,94,59,18,25,81,65,75,12
E133,25,13,87,38,65,10,85,93,18,85,45,83,10,81,18,93,69,16,16,35,27,73,98,61,95,31,77,13,54,95,95,98,77,69,69,72,73,16,20,45,95,85,69,27,99,59,74,26,22,23,82,52,64,92,93,86,61,49,65,13,72,67,35,91,50,86,56,59,99,82,97,24,85,31,29,14,55,25,36,57,61,40,82,94,68,46,77,95,88,32,55,15,16,73,55,23,64,69,44,77,63,91,70,34,56,79,25,80,26,24,72,73,43,75,67,46,73,67,87,40,57,88,89,95,96,52,93,80,49,37,78,40,57,59,87,84,85,70,25,32,54,28,14,20,88,35,17,99,58,42,64,91,83,25,29,58,72,24,83,21,82,63,84,83,34,36,57,40,96,14,37,90,19,41,81,71,81,37,15,51,92,60,77,26,75,71,57,39,40,52,52,32,64,98,31,16,27,86,96,45,80,72,42,71,74,25,24,33,81,30,61,85,95,85,35,47,57,25,67,39,83,31,26,27,84,38,20,66,92,68,75,65,52,11,41,82,93,45,97,66,57,92,92,17,50,51,71,98,94,73,71,82,20,68,48,36,19,26,95,48,37,48,92,50,36,54,41,74,99,19,18,98,52,73,55,14,85,28,68,30,16,89,44,75,14,34,58,85,99,57,67,92,55,63,33,88,42,35,35,83
E134,22,62,78,58,68,10,76,78,50,51,12,61,83,44,39,84,92,44,44,23,17,18,12,48,28,72,85,70,43,89,34,54,45,84,29,24,10,23,77,19,74,79,91,88,63,88,89,92,24,37,29,90,85,41,57,67,51,36,77,49,74,91,19,22,21,51,73,14,34,48,68,57,60,16,92,21,62,46,97,30,59,33,48,52,51,46,63,30,10,32,25,39,53,100,42,59,89,100,99,31,28,94,41,82,46,10,72,20,66,41,95,47,39,45,59,59,17,89,53,43,70,97,16,94,16,63,16,41,83,77,19,16,66,83,55,23,60,34,53,27,19,43,90,20,32,10,31,31,47,91,23,72,53,61,18,59,75,15,87,53,65,42,95,20,77,52,44,25,34,37,96,35,65,60,56,11,27,76,53,86,18,52,65,99,50,80,24,66,92,88,22,95,57,70,80,31,82,17,100,52,32,48,85,32,31,20,84,24,92,97,23,93,46,30,83,84,87,44,74,24,47,24,46,10,20,37,75,56,98,100,60,83,84,34,84,25,46,31,62,51,29,10,25,30,100,13,23,67,48,15,29,16,89,74,92,48,99,49,65,89,74,75,76,60,61,56,89,48,79,19,98,79,28,69,33,86,25,41,94,59,68,95,51,87,23,63,49,44,98,91,83,25,50,34,29,24,81,93,13,22
E135,22,34,17,76,50,27,37,23,55,61,78,31,40,47,33,79,42,11,26,28,42,60,32,60,71,20,90,41,30,11,27,50,41,42,30,40,78,64,66,15,67,70,59,13,49,27,89,35,93,91,94,94,85,78,73,91,100,64,100,60,70,48,16,79,99,73,72,27,19,15,67,93,53,32,47,98,16,12,40,37,99,14,57,19,12,98,96,86,73,28,46,69,27,54,45,33,65,54,47,18,65,95,78,85,95,36,85,32,72,65,100,39,84,80,50,99,33,38,81,94,23,80,31,75,83,34,58,92,34,95,90,31,68,80,93,64,76,12,71,15,45,33,93,39,55,68,93,39,20,76,88,87,57,84,40,19,20,64,97,84,85,33,96,20,93,34,50,41,49,100,69,17,54,10,70,93,10,73,71,57,10,81,80,48,82,46,94,83,88,88,61,35,54,68,58,74,63,100,63,26,19,40,79,11,51,84,55,19,88,42,80,45,55,45,31,30,57,84,52,53,22,35,34,100,14,51,88,18,54,47,22,84,62,36,94,98,55,24,100,22,13,86,62,73,49,53,23,96,39,64,39,61,55,87,11,52,13,42,18,72,40,73,28,28,40,43,27,63,99,72,74,69,15,100,35,96,32,37,91,79,24,27,76,20,66,18,77,89,93,82,39,55,49,96,66,97,50,27,25,19
E136,30,66,50,84,64,41,73,37,19,21,49,87,36,40,23,12,78,74,61,30,40,16,65,52,84,43,96,13,13,40,78,22,75,12,41,100,63,48,80,57,21,96,14,15,26,18,74,29,48,19,100,42,13,79,21,67,15,27,76,43,64,18,64,91,80,70,78,67,92,90,34,33,18,46,82,87,83,71,11,36,95,26,12,45,34,92,49,95,73,42,37,36,49,49,26,23,15,62,56,18,15,12,47,60,10,18,11,90,47,24,35,25,40,53,56,52,68,83,48,27,16,70,28,97,97,26,96,39,86,55,64,98,69,26,94,20,72,58,19,100,76,86,81,84,80,73,80,68,72,64,70,66,57,18,37,74,71,69,94,19,26,37,87,78,20,78,83,38,88,68,92,91,30,15,45,74,70,38,14,45,56,24,85,42,50,53,74,62,75,20,92,68,38,45,24,78,81,97,13,73,84,94,61,49,96,15,41,90,91,23,54,72,50,75,52,89,34,82,23,79,91,51,40,94,60,27,14,56,45,49,86,34,40,84,33,67,20,96,82,50,42,13,62,39,76,50,63,68,11,27,16,69,91,19,55,35,68,81,94,45,33,17,97,54,55,97,93,54,53,38,96,50,44,46,14,67,76,100,85,96,62,68,69,99,74,77,78,85,31,92,27,23,14,14,68,27,96,95,11,45
E137,12,89,49,73,18,25,32,47,61,23,98,66,56,95,72,78,98,11,45,22,12,98,49,80,64,62,71,20,76,63,42,44,29,65,26,47,48,73,17,99,43,82,80,63,70,20,24,12,25,74,69,69,11,39,41,30,51,69,16,98,46,94,47,38,13,69,41,27,49,58,94,64,77,82,88,71,94,42,86,96,17,37,91,17,43,39,75,22,69,66,89,86,74,85,83,28,43,61,83,30,46,69,12,46,77,25,23,97,34,17,21,75,64,46,41,27,41,20,43,55,98,58,57,22,75,25,31,69,57,86,20,70,17,12,41,44,40,68,44,35,29,55,58,97,70,47,13,98,52,36,58,27,50,21,93,95,29,36,25,19,53,43,23,91,18,24,85,13,91,27,13,58,11,72,23,41,61,93,84,36,16,14,56,26,32,19,96,49,43,30,92,64,66,93,41,56,35,81,43,95,27,50,64,25,25,62,23,97,50,95,89,83,88,49,44,28,62,99,20,78,45,52,50,36,66,50,78,29,61,77,26,92,89,57,17,78,23,44,88,84,94,49,14,33,34,27,34,54,81,57,85,39,54,75,17,98,36,95,90,52,92,31,75,76,13,53,13,73,50,15,73,95,75,21,84,97,90,67,37,56,43,47,26,55,33,45,100,99,70,73,72,71,42,46,45,82,59,43,85,41
E138,14,49,64,46,16,16,65,11,59,82,78,75,27,59,48,79,65,26,95,68,56,56,36,73,69,85,39,81,55,93,47,93,58,12,84,22,27,25,12,42,13,69,30,56,42,55,35,87,65,15,21,65,17,83,88,38,28,90,42,69,13,66,82,28,60,27,56,95,23,100,71,47,35,25,97,60,17,37,26,57,17,93,39,97,98,84,48,41,96,91,86,75,77,43,44,29,68,81,83,55,29,97,41,64,21,73,85,43,82,63,43,53,49,87,99,55,89,55,68,74,24,32,67,34,23,73,100,46,97,94,28,66,23,77,39,26,28,97,45,13,30,37,86,36,60,95,26,70,59,23,69,62,44,100,13,95,45,15,45,59,53,94,56,22,20,30,80,58,39,74,20,25,12,54,10,27,100,26,78,87,30,14,71,93,47,96,91,53,85,55,31,77,27,66,63,72,71,44,33,36,89,36,50,99,43,37,39,91,68,34,27,66,76,37,87,63,84,33,20,54,25,15,11,27,58,10,72,66,31,18,42,34,90,90,42,99,76,59,82,95,58,53,37,73,18,56,55,70,41,24,13,55,33,10,81,82,81,34,18,81,68,38,13,95,82,56,16,70,89,36,39,69,67,39,23,26,88,70,34,45,20,49,76,53,16,30,97,98,68,95,57,87,91,99,13,77,29,62,79,12
E139,10,87,17,70,29,32,13,81,93,90,71,20,30,25,76,84,45,54,33,41,86,92,99,51,82,62,14,26,40,36,19,51,89,89,76,69,54,24,68,56,67,89,13,35,31,35,11,80,77,78,17,65,10,87,46,18,69,53,11,31,45,25,38,13,16,66,75,90,79,64,73,93,54,76,99,72,51,53,97,79,53,10,85,53,83,22,48,52,15,47,89,66,32,41,60,62,89,47,96,60,26,67,32,74,64,53,23,79,25,46,98,27,15,49,38,93,80,44,94,51,15,97,98,43,61,28,23,72,59,43,94,34,47,87,35,83,46,23,64,58,67,42,14,66,81,96,81,96,98,63,82,75,99,56,78,50,67,44,89,19,21,16,60,92,65,68,92,29,64,47,21,74,67,89,40,93,84,67,78,88,50,37,68,70,16,19,30,45,83,37,24,65,44,55,96,95,86,76,28,43,41,66,79,11,44,66,10,47,15,71,90,85,35,59,54,18,75,67,57,60,84,32,65,99,85,27,16,38,95,30,70,36,53,73,25,28,56,59,71,33,19,29,41,10,13,80,53,68,94,74,83,54,85,24,57,39,28,100,49,33,53,59,58,12,10,84,79,10,52,72,78,37,62,93,87,15,99,36,13,35,44,19,41,91,61,53,93,34,26,85,75,51,65,78,44,88,96,87,66,66
E140,13,73,15,64,15,13,73,44,58,22,45,40,41,66,14,16,45,85,20,94,72,49,46,35,59,81,66,20,94,91,58,40,74,99,68,65,33,20,55,71,100,72,48,10,51,42,57,74,65,64,25,77,29,47,79,73,49,18,45,31,72,74,56,39,90,18,42,23,87,74,74,70,32,63,36,100,43,97,83,32,20,91,30,27,36,38,83,84,77,30,25,50,82,13,11,69,99,25,37,27,94,99,10,47,44,75,43,54,63,68,71,19,56,95,44,24,69,93,99,58,59,10,47,50,63,80,85,39,83,20,22,61,97,49,57,66,93,61,72,95,67,61,57,70,65,59,61,42,71,60,15,81,55,26,11,74,95,53,92,27,85,65,49,52,51,33,19,72,56,17,46,83,89,78,76,73,77,27,85,81,74,72,28,69,56,48,45,28,31,10,65,19,97,99,80,56,98,15,63,87,31,86,78,69,96,39,92,77,65,97,45,14,17,58,71,27,49,63,65,35,84,14,41,30,21,42,41,17,34,21,79,99,34,82,40,40,12,20,23,24,75,43,95,12,61,55,42,74,78,51,53,76,73,50,57,27,99,47,55,29,82,60,23,53,19,45,34,62,87,68,42,54,68,100,76,37,50,19,67,83,79,35,93,74,68,21,94,40,52,54,60,64,89,65,41,94,36,79,83,55
E141,100,78,65,95,42,18,69,93,78,28,51,97,59,15,98,25,86,88,84,24,65,26,43,64,87,49,91,70,63,100,31,85,35,60,97,78,46,27,65,77,56,24,72,85,68,34,65,71,82,87,16,21,10,26,93,73,19,87,17,96,89,50,96,26,11,34,79,94,68,30,22,26,25,56,91,19,83,15,91,45,55,58,31,49,44,63,98,33,29,14,22,60,53,64,62,37,90,40,87,37,96,55,14,76,29,46,34,26,59,26,51,40,96,78,21,45,11,40,16,92,73,50,50,86,77,46,18,96,45,30,17,28,46,77,48,34,54,16,72,45,57,11,86,37,41,33,75,16,84,91,82,87,69,13,27,43,44,10,48,35,21,13,89,11,69,71,22,95,81,32,40,96,52,99,98,40,26,72,70,90,92,38,72,65,55,53,42,66,60,18,66,26,66,55,70,38,53,51,49,81,23,46,69,22,33,59,62,64,23,53,97,41,84,37,83,26,87,44,32,69,100,16,27,18,54,17,92,22,36,42,38,91,41,82,16,65,30,70,89,79,88,92,52,74,33,46,67,70,34,37,100,82,18,26,87,87,15,38,67,24,98,86,24,28,66,54,86,41,82,99,56,50,69,95,21,46,33,20,21,63,96,33,32,14,100,60,93,96,51,86,21,15,10,45,42,34,60,42,37,60
E142,44,47,42,36,30,82,63,85,21,42,28,30,98,100,10,90,17,69,90,29,31,66,60,74,40,50,30,69,75,16,90,74,67,79,50,95,71,23,17,87,37,34,79,57,37,15,11,15,85,15,17,95,64,37,91,27,53,75,64,92,70,67,52,46,61,57,80,62,25,71,31,80,94,49,69,93,13,40,47,45,63,91,37,38,33,46,58,55,93,95,62,77,46,18,52,47,62,35,52,25,69,50,73,36,50,18,75,56,23,73,60,82,96,59,55,100,82,56,84,62,51,62,11,15,91,39,100,38,67,50,29,33,82,60,44,76,42,91,27,21,11,82,30,33,26,51,21,43,53,55,71,85,91,57,35,68,92,26,39,72,60,62,15,44,18,46,28,64,49,37,17,33,89,70,15,79,19,38,72,29,32,85,81,28,25,12,89,35,56,91,29,49,95,34,87,29,31,87,91,57,14,21,96,95,49,82,60,27,81,43,13,68,65,96,92,95,85,52,35,87,16,79,69,78,37,94,94,47,73,61,68,97,89,13,16,66,74,29,49,48,61,65,60,58,87,49,98,81,38,65,97,10,97,82,91,49,36,76,62,74,30,97,55,12,77,51,52,84,33,52,91,64,31,83,71,33,58,58,82,28,36,28,51,67,30,72,41,90,48,62,79,87,31,70,17,97,44,69,32,34
E143,96,97,40,42,91,42,65,63,60,23,15,55,22,48,86,59,21,79,16,58,75,60,31,74,80,59,76,99,76,70,88,31,44,42,87,42,12,41,97,93,96,89,56,20,76,64,89,100,51,63,21,39,95,48,44,16,81,79,39,99,93,40,22,79,41,79,13,25,60,84,34,44,70,63,84,18,27,92,36,73,73,87,41,90,88,80,10,21,96,30,30,13,19,59,37,22,74,56,33,13,10,90,29,40,84,22,56,29,37,19,34,41,60,91,97,37,96,18,47,10,85,80,32,20,31,72,15,33,41,25,80,86,64,71,33,14,24,33,89,54,87,12,41,22,94,68,72,91,50,61,83,99,98,11,10,99,10,98,23,93,84,91,20,69,58,53,37,32,47,49,77,40,42,37,75,71,24,57,19,50,46,73,48,65,89,24,24,69,90,17,98,80,67,11,27,71,28,78,33,14,42,16,15,89,40,94,76,11,79,35,46,90,82,92,24,32,36,31,24,58,95,97,11,13,57,86,100,37,32,43,99,19,79,39,27,97,54,33,67,59,30,56,28,93,15,30,21,38,24,22,65,69,82,54,47,31,77,37,31,59,73,96,13,22,20,61,67,74,24,24,65,69,78,62,27,86,10,32,50,22,52,34,74,60,42,31,65,66,39,12,31,31,15,88,83,48,20,71,97,53
E144,36,92,12,46,96,11,56,35,19,87,76,45,19,17,95,53,13,67,51,50,10,77,43,74,50,30,80,47,62,72,67,17,39,73,74,42,65,67,88,72,16,10,81,93,39,13,93,67,60,44,94,47,15,53,75,39,51,51,10,20,73,30,66,31,68,92,86,66,41,27,80,33,82,13,25,98,80,40,26,11,56,23,21,30,18,34,42,13,64,35,59,78,13,19,89,86,15,56,13,32,48,15,61,50,18,18,96,70,91,44,70,19,21,68,16,95,60,44,79,55,66,82,65,75,81,61,34,90,94,21,30,42,17,67,94,87,13,49,91,48,79,97,20,41,79,94,76,25,83,17,25,22,45,52,99,62,73,98,61,69,66,63,19,84,53,26,44,82,61,13,22,71,14,82,29,22,67,64,49,52,19,71,69,15,26,29,95,36,81,10,42,100,54,39,49,67,74,30,66,68,94,27,51,34,29,17,89,55,91,85,92,98,33,78,44,77,82,81,70,40,56,100,74,73,32,68,31,89,87,34,37,90,53,99,70,97,90,12,30,99,42,13,88,41,83,74,61,95,64,35,87,77,49,59,46,78,46,44,27,96,68,41,84,81,39,50,60,96,54,26,100,40,87,19,80,80,63,94,68,61,31,29,70,41,52,38,40,49,10,59,90,30,17,23,62,64,34,41,44,17
E145,24,43,98,27,21,57,60,98,35,42,98,53,32,63,37,61,31,77,81,63,33,37,34,56,68,14,46,45,44,56,56,25,93,49,36,44,47,28,20,19,23,69,53,43,83,43,47,82,52,71,92,46,31,20,90,80,78,48,32,90,48,58,40,74,24,56,19,30,89,24,25,62,44,72,92,88,32,42,94,59,46,32,85,86,74,66,32,42,66,36,51,37,93,89,89,77,73,57,92,82,25,56,40,10,17,69,50,25,43,57,93,19,77,38,45,71,82,32,97,40,16,53,69,81,31,43,51,35,19,13,74,21,27,42,61,48,40,71,78,91,97,59,31,49,36,16,91,19,44,90,63,11,64,63,85,59,24,13,58,86,90,62,41,67,49,87,23,28,18,76,72,86,99,90,14,59,53,11,64,19,44,66,20,54,84,11,23,23,31,50,10,27,34,20,63,15,10,42,16,33,71,31,81,89,79,63,75,39,91,27,24,32,17,80,60,20,43,99,88,80,47,28,57,14,69,89,60,58,89,87,91,67,74,43,30,14,17,92,18,46,20,45,44,27,42,60,11,92,70,38,72,31,41,100,78,64,18,55,84,57,31,76,100,51,86,100,86,44,68,51,94,70,99,65,37,72,99,87,74,31,85,39,13,53,50,73,71,83,70,94,86,92,78,36,59,66,65,12,70,49
E146,90,22,15,57,85,37,87,44,96,78,23,50,10,45,39,82,17,40,53,65,13,27,77,55,80,90,62,89,90,59,64,11,89,63,37,55,49,96,69,60,12,72,51,20,31,21,17,21,74,47,26,59,31,94,27,58,49,93,46,23,77,12,26,45,54,84,47,17,74,54,87,91,39,51,61,57,40,53,30,45,92,41,70,68,85,52,14,67,63,97,56,51,68,38,72,42,81,55,29,52,19,31,31,52,80,47,63,68,85,91,16,20,94,72,51,31,30,71,85,91,32,89,45,82,97,64,51,30,36,89,60,73,42,96,84,82,88,16,28,17,38,95,76,53,44,14,66,10,17,81,43,21,53,83,20,26,46,28,63,82,50,70,50,38,98,79,53,18,100,35,96,87,71,58,100,41,52,30,88,46,63,19,49,26,65,31,12,44,17,75,55,28,12,60,41,36,43,62,19,18,77,86,73,77,73,34,67,28,76,32,93,58,54,87,34,94,37,98,74,15,46,23,88,18,71,20,59,16,41,35,96,39,17,74,57,47,46,21,77,93,48,41,63,93,65,16,95,33,96,12,90,87,35,21,38,70,80,79,16,30,97,18,14,84,40,63,72,62,73,68,69,68,40,63,53,68,58,49,55,54,48,52,89,17,36,42,74,24,88,52,99,42,35,55,24,23,16,27,58,89
E147,36,83,50,57,36,40,16,78,89,27,34,98,41,34,93,20,36,56,96,18,49,93,76,50,53,13,69,12,28,58,42,12,65,27,64,11,59,66,46,23,50,90,25,48,49,74,71,65,30,23,63,46,81,41,42,94,27,68,99,84,68,41,16,32,84,46,16,65,82,51,71,31,54,31,95,14,30,39,56,74,89,36,68,69,24,30,57,79,33,78,43,77,81,87,20,85,95,85,48,87,55,20,59,96,52,89,84,18,100,99,84,45,50,60,94,47,48,65,42,51,28,40,84,10,13,43,19,57,31,48,29,77,58,73,78,56,52,42,73,11,18,74,85,70,72,86,97,54,15,25,97,48,58,67,15,88,96,39,64,72,28,92,53,15,26,74,99,13,17,98,49,95,19,69,71,14,91,73,40,44,99,64,15,96,41,23,62,22,38,94,48,11,72,85,89,26,97,21,59,44,54,71,51,32,72,54,46,92,32,74,95,35,26,81,61,72,97,74,53,21,55,97,16,64,60,76,75,18,54,55,69,24,98,51,56,63,96,63,20,63,63,81,84,48,15,82,40,63,40,59,42,62,91,11,53,82,57,50,25,99,62,24,19,38,36,85,52,63,34,33,26,43,57,19,75,29,57,60,87,61,18,85,26,20,28,92,100,64,82,67,49,81,99,59,84,72,80,48,77,71
E148,83,74,90,87,62,35,20,83,64,38,17,54,30,73,90,16,43,100,36,59,83,33,33,54,82,20,64,42,27,40,10,25,27,71,46,61,85,11,24,72,59,36,23,87,21,83,74,64,41,69,97,93,12,77,56,95,54,38,59,10,63,29,32,34,11,62,34,54,63,70,36,92,55,72,68,57,60,89,47,31,87,76,49,18,10,48,11,100,14,37,30,70,36,12,37,26,49,77,32,100,66,48,98,58,36,51,26,97,39,53,62,20,24,81,75,98,29,11,41,79,10,97,64,96,100,84,52,74,95,62,27,94,18,81,52,35,93,95,18,100,23,22,93,30,74,20,69,72,87,13,36,91,60,64,59,60,39,60,93,88,48,71,32,74,19,93,41,30,63,51,84,75,45,53,11,34,35,97,72,88,16,32,95,94,86,45,13,38,72,56,37,54,91,98,35,95,23,94,35,29,100,42,53,26,98,67,98,52,63,67,22,84,90,53,16,41,16,57,61,74,68,81,17,68,18,26,99,60,52,29,46,89,47,79,87,19,74,55,30,86,74,40,74,74,31,10,19,51,25,45,85,69,66,73,62,44,83,21,41,61,20,62,55,66,62,54,27,75,31,27,100,59,23,82,93,51,94,44,100,82,95,13,26,82,49,81,43,84,47,34,95,42,50,68,71,62,60,19,40,79
E149,78,65,53,90,53,12,14,100,84,21,99,57,86,54,61,66,75,34,28,36,82,99,93,56,85,34,59,11,24,84,46,21,29,91,68,13,63,59,23,81,51,95,39,62,14,100,77,73,78,15,66,27,10,95,27,13,38,91,37,80,80,22,18,30,11,83,89,64,60,71,64,38,66,30,12,35,92,66,38,47,42,74,38,58,56,63,71,10,68,91,22,84,90,99,10,54,61,94,51,72,46,34,85,62,72,71,14,50,43,60,67,35,86,41,19,60,42,86,10,85,53,44,64,80,93,78,73,40,94,16,55,76,74,64,78,25,17,30,52,37,22,27,85,32,64,63,26,50,44,73,75,16,97,14,82,51,76,16,49,11,21,47,59,25,50,87,69,11,15,13,19,84,95,17,14,67,36,76,74,50,42,60,66,100,39,90,49,73,46,41,61,83,39,83,91,14,80,87,45,23,36,23,83,77,50,83,58,73,18,77,38,28,23,35,11,54,47,26,94,79,91,42,93,100,32,55,90,18,23,21,84,93,15,35,55,86,48,11,83,47,31,94,83,46,18,33,50,82,67,89,89,85,14,97,39,27,41,81,79,100,67,96,63,69,59,65,14,90,59,31,77,83,50,19,35,49,12,92,37,82,88,70,80,37,78,69,46,47,95,99,93,34,12,77,22,75,35,62,40,30
E150,98,82,95,36,91,89,97,67,100,11,33,59,58,41,75,31,10,70,25,54,49,81,20,80,51,25,38,38,23,19,70,75,63,17,53,66,67,61,67,73,19,85,27,100,95,81,80,87,27,14,39,17,29,77,66,50,66,44,14,55,74,89,33,40,96,11,36,63,11,58,66,72,77,71,24,86,92,31,44,86,70,94,32,58,51,53,69,18,34,61,46,83,63,71,43,99,56,22,98,49,50,39,67,55,32,55,66,48,48,96,76,78,28,51,27,63,93,87,83,16,100,24,76,56,23,23,24,50,65,70,41,39,79,54,19,50,68,64,46,63,73,14,93,57,17,94,62,78,11,87,79,35,74,36,18,84,38,43,65,51,99,17,32,72,50,75,64,16,41,90,48,54,58,35,98,40,36,79,83,29,41,48,89,56,27,45,51,67,16,53,19,50,53,70,77,91,27,61,34,78,79,10,91,35,31,44,96,28,69,21,58,24,95,77,95,59,30,98,75,90,58,84,69,42,71,63,33,37,90,70,13,36,97,81,54,93,45,70,81,66,98,33,62,77,22,83,34,25,88,29,32,83,45,21,32,99,38,27,75,99,10,60,33,54,40,97,84,42,22,74,56,45,53,57,45,18,79,88,31,50,78,77,40,20,43,10,16,39,54,61,38,13,35,30,74,29,65,70,34,51
E151,95,48,88,11,49,67,84,79,58,56,66,22,64,74,84,65,93,27,21,34,28,56,17,77,63,32,79,62,78,50,59,47,90,36,48,66,59,16,97,97,77,78,32,36,12,83,31,56,79,66,32,76,86,93,91,47,60,69,95,37,60,36,19,60,35,41,12,80,47,59,15,23,70,30,60,29,75,11,40,36,99,61,49,87,16,75,46,95,73,46,83,20,90,21,65,40,42,93,100,38,97,14,39,22,17,98,22,59,62,40,58,65,32,28,77,45,56,50,49,19,47,10,78,91,52,68,88,58,29,30,83,55,19,23,91,10,75,49,77,64,20,14,58,63,15,94,17,33,59,10,47,63,85,12,91,23,66,43,88,94,52,35,75,91,89,23,58,27,49,45,19,13,63,59,90,72,79,79,46,50,70,38,28,19,65,54,17,32,97,45,29,37,77,83,34,54,44,42,11,68,19,18,92,11,97,69,31,88,76,57,13,31,41,94,94,13,54,91,13,64,65,66,22,42,79,53,39,38,94,35,25,73,20,42,68,83,50,55,42,18,31,82,80,98,31,47,84,32,30,10,33,74,95,80,19,55,93,33,16,75,85,97,55,27,24,66,60,80,10,25,30,63,87,65,31,52,15,51,17,71,39,27,45,86,18,39,86,47,40,16,41,98,31,56,15,31,72,42,86,60
E152,29,40,81,39,74,46,47,16,96,39,71,92,60,55,42,36,86,84,85,44,29,81,55,77,12,34,38,13,76,62,91,42,22,46,81,62,93,41,26,85,93,15,75,50,12,52,17,44,95,75,73,94,23,52,84,13,50,25,81,26,37,69,72,31,23,17,88,16,71,42,46,42,70,83,98,39,82,23,98,19,70,25,72,42,11,13,35,100,42,55,60,77,96,74,98,45,77,60,52,96,72,36,71,47,45,86,58,61,58,10,66,27,38,60,58,17,47,70,43,23,28,10,81,23,79,10,34,65,76,86,36,74,91,29,55,26,78,96,84,90,46,10,49,37,84,41,56,24,61,12,27,60,87,100,52,71,66,57,26,98,65,63,81,47,81,16,37,95,22,64,35,61,70,76,18,68,50,29,43,92,80,18,41,53,41,72,59,44,30,88,75,39,88,38,11,36,89,55,40,86,56,27,99,60,15,76,93,78,54,34,33,86,81,69,40,47,100,13,21,20,42,89,87,72,48,68,52,44,72,35,96,93,67,69,14,45,85,88,15,83,63,68,78,18,87,49,56,59,53,83,71,67,39,88,59,22,14,94,35,97,42,12,53,70,36,61,79,84,22,16,76,12,47,24,100,96,73,50,64,89,91,45,37,14,70,30,23,97,74,94,74,68,94,68,18,96,64,83,85,22
E153,59,50,74,69,33,39,62,41,49,18,25,14,43,78,52,66,81,63,67,24,28,59,51,71,98,30,80,18,80,28,85,25,31,72,81,89,92,78,75,56,93,31,43,83,96,84,18,89,61,13,91,77,47,22,99,54,96,81,52,57,34,69,39,17,100,45,37,68,63,36,25,77,51,57,82,61,73,12,73,25,65,89,42,42,80,100,22,44,49,10,10,17,44,14,66,57,62,15,29,40,25,16,64,49,15,66,87,72,30,84,62,77,30,32,81,74,94,52,49,29,68,36,44,43,85,72,83,86,29,57,24,92,86,71,98,34,62,62,90,51,45,67,56,75,69,81,99,95,41,95,71,18,17,99,51,34,85,99,28,55,92,85,17,65,98,73,68,25,81,51,34,61,10,91,23,70,47,38,99,12,42,17,30,54,58,17,15,47,25,35,22,62,97,60,73,69,55,28,71,10,66,24,29,67,83,100,98,69,23,66,65,37,51,11,62,47,32,99,68,30,82,87,13,98,47,36,75,80,90,22,72,62,69,60,27,31,66,14,28,54,49,41,19,60,91,39,83,18,50,75,49,63,44,71,26,52,63,16,46,59,69,75,30,93,15,97,36,65,89,12,60,98,23,50,100,99,54,14,94,33,60,18,40,42,13,99,89,70,38,21,27,29,96,17,65,59,66,65,61,51
E154,46,93,10,51,39,91,32,45,30,90,93,24,98,62,82,45,38,52,38,99,31,74,65,19,69,80,95,11,56,80,18,40,76,14,52,67,38,33,24,38,58,66,81,93,81,59,47,55,52,57,27,62,24,50,25,13,66,11,54,95,56,73,11,56,30,89,57,14,81,61,78,73,44,47,21,26,34,53,96,85,84,99,79,85,65,93,32,50,81,60,86,29,61,41,50,65,13,14,59,92,33,52,95,54,18,56,21,71,85,67,98,56,19,84,35,70,76,42,85,52,37,18,32,68,35,44,42,52,77,92,12,95,18,89,73,64,98,30,24,35,44,63,21,60,45,97,58,19,50,29,99,65,52,41,29,28,26,96,43,67,15,96,75,22,10,23,44,77,98,23,31,84,66,19,88,81,78,44,15,81,86,94,42,41,67,48,80,95,92,25,27,61,75,24,72,86,41,11,11,76,12,51,75,79,85,87,11,52,93,75,15,79,25,44,12,34,37,46,13,53,14,80,24,98,16,53,58,100,38,53,92,76,94,65,85,85,14,91,33,23,40,18,22,62,99,63,82,48,63,12,27,91,19,30,47,65,67,64,43,28,74,24,29,100,97,54,82,77,34,60,30,16,68,44,89,75,81,43,84,98,51,86,19,32,59,10,84,29,10,41,38,20,43,65,57,63,97,55,73,25
E155,63,60,55,72,75,90,22,37,12,46,83,89,54,17,48,40,74,82,96,60,47,93,22,60,44,55,15,77,59,28,100,82,51,34,26,26,38,12,70,28,44,80,72,59,42,22,33,62,22,37,95,82,56,56,72,42,51,79,60,25,74,11,98,51,74,35,83,41,49,14,76,38,57,44,91,45,28,96,91,70,75,77,55,82,79,75,25,85,32,11,65,88,59,57,58,88,35,32,57,95,86,63,28,68,65,98,30,27,40,63,78,40,20,32,70,53,39,42,25,78,36,88,87,100,54,53,91,70,81,14,30,27,75,12,21,68,73,20,96,13,63,26,82,47,56,12,27,59,94,83,46,44,68,38,56,95,37,45,22,92,46,99,41,89,19,13,37,33,40,99,25,77,65,94,64,69,83,91,16,64,64,91,72,42,70,71,92,91,27,16,22,20,94,17,47,10,80,39,75,42,41,69,81,32,60,12,20,92,79,67,70,70,89,54,92,38,34,46,28,27,51,37,85,38,88,26,27,43,26,56,73,71,67,33,68,68,42,56,67,96,53,16,31,23,94,76,77,54,33,21,22,46,77,49,65,14,39,58,34,77,39,84,60,78,72,79,74,48,32,12,95,46,69,52,98,90,98,85,81,41,57,94,74,86,49,67,70,17,59,83,99,41,97,85,32,77,53,40,26,92
E156,91,16,29,50,49,62,20,63,95,100,92,70,85,47,62,66,92,67,77,95,18,76,82,76,65,37,63,20,38,83,51,89,47,91,51,84,27,100,18,24,81,52,66,32,39,90,52,90,16,21,89,45,68,37,73,72,83,64,27,61,96,35,74,84,58,55,47,82,89,73,96,69,82,20,100,71,80,90,90,29,27,12,15,80,92,25,12,13,22,42,32,74,62,95,63,86,17,60,33,50,20,51,72,51,85,53,23,42,84,15,82,99,60,66,22,90,99,95,11,94,75,11,10,43,90,55,75,98,71,33,44,30,94,32,71,96,92,47,98,85,60,64,54,100,94,26,89,48,76,35,15,54,24,68,25,85,69,29,52,18,33,93,37,42,36,40,51,39,65,69,57,96,67,97,71,73,66,37,42,26,59,52,78,71,51,16,36,95,18,11,48,100,92,85,66,86,21,42,10,70,71,19,90,97,90,33,75,13,62,20,94,83,86,14,71,43,60,60,100,62,87,73,95,44,70,29,21,68,25,31,47,39,57,59,64,74,94,41,16,37,29,54,35,59,83,57,28,56,51,78,67,58,72,36,50,11,70,81,21,17,94,73,32,76,98,38,93,86,48,69,59,44,63,96,19,33,97,58,21,43,88,99,91,87,36,94,61,95,40,23,83,60,32,66,52,60,99,48,42,38
E157,84,14,84,50,18,90,87,53,60,61,37,12,17,93,60,35,59,28,25,16,55,96,19,59,43,17,67,75,69,92,17,48,74,23,21,36,93,56,35,98,70,90,95,90,41,87,63,56,30,71,90,30,86,50,84,79,60,66,68,70,99,17,52,56,48,76,85,84,14,70,21,33,98,85,87,59,87,86,22,51,47,100,80,33,71,11,16,94,26,83,41,37,99,23,37,26,60,75,83,34,70,43,63,12,30,18,41,65,79,78,46,19,56,73,71,20,98,27,87,18,77,44,32,99,90,92,57,18,85,55,62,20,70,65,95,56,53,81,86,30,29,38,98,57,56,26,98,79,51,81,72,95,13,65,34,10,95,29,28,80,32,87,38,40,55,28,79,66,77,88,73,23,57,34,54,86,93,62,48,72,30,62,77,95,49,73,44,62,45,96,56,51,14,68,97,29,76,41,23,11,25,80,55,97,16,77,79,16,79,71,50,61,49,54,13,96,53,79,24,93,11,50,77,11,23,10,81,92,81,97,63,72,86,72,43,42,73,65,20,85,37,67,78,80,64,58,34,59,91,47,59,52,41,38,39,48,66,66,45,83,62,39,35,71,83,28,29,98,65,31,74,24,88,19,54,10,33,37,72,47,36,80,91,73,41,46,50,16,51,31,24,86,47,11,50,91,10,42,70,26
E158,63,13,89,71,92,82,64,30,86,19,44,55,85,72,67,40,62,58,12,83,78,50,84,24,87,81,21,66,48,72,39,59,65,56,36,88,66,92,77,77,54,77,67,48,74,86,97,97,54,93,56,67,24,41,24,90,88,78,42,43,43,86,59,18,65,41,82,50,33,53,71,42,71,71,71,45,40,66,91,30,20,28,38,74,45,75,68,66,57,59,19,89,20,80,82,76,70,52,57,73,85,95,78,38,26,33,86,15,91,13,17,51,85,11,50,46,54,24,66,39,58,51,80,56,46,14,51,82,18,83,38,45,48,33,47,62,26,94,70,23,27,34,88,39,41,17,62,53,40,35,57,34,57,88,70,50,84,95,79,12,83,60,30,74,33,100,25,86,61,10,77,72,81,72,90,51,91,70,74,93,80,28,99,70,34,69,64,41,16,85,70,68,38,84,92,75,41,65,59,62,13,82,73,94,82,73,74,51,52,11,17,97,92,47,45,56,94,15,66,100,27,86,61,30,88,13,97,20,12,66,88,39,100,33,98,28,61,55,28,67,76,30,54,47,59,40,12,52,89,48,95,20,54,64,73,25,18,68,66,50,36,84,80,66,31,45,91,50,80,21,85,80,68,95,14,74,95,74,48,10,73,52,50,35,98,80,10,56,35,60,53,89,90,71,28,65,76,37,89,57
E159,14,68,99,13,54,20,34,15,62,87,63,67,33,18,26,78,23,50,59,80,41,80,67,13,33,71,76,52,38,67,82,81,29,24,46,83,31,49,20,38,70,23,71,40,10,64,98,34,82,14,77,57,77,37,14,62,81,43,97,74,36,64,76,25,64,66,30,35,78,60,64,53,95,62,15,61,70,71,57,54,82,55,67,41,51,47,22,10,50,91,95,66,71,94,26,55,11,47,15,32,52,98,78,93,88,74,80,18,13,90,79,50,51,77,67,29,37,53,72,74,47,56,70,90,29,15,77,12,29,46,24,12,46,20,57,17,69,48,84,41,24,61,58,11,76,95,25,64,97,24,21,53,91,56,90,58,65,21,39,92,46,12,100,45,66,94,93,55,15,15,15,49,52,80,48,14,92,80,85,27,26,90,71,12,61,83,89,97,14,93,59,49,87,49,89,40,52,65,93,54,99,93,74,15,96,38,93,60,37,81,37,61,47,72,27,31,48,56,51,75,22,72,14,77,38,40,54,18,47,92,95,33,43,44,92,91,88,90,100,62,61,99,41,95,87,14,15,14,43,55,37,85,100,80,12,44,99,80,79,63,73,90,31,50,23,48,11,97,83,58,24,66,16,82,84,74,67,36,19,73,11,85,74,24,60,62,78,81,23,38,12,39,90,79,47,58,87,23,96,33
E160,80,22,56,16,22,58,42,51,43,62,59,29,57,66,39,24,29,54,38,63,23,26,66,61,85,74,67,60,32,30,84,55,73,91,84,49,72,45,56,14,81,17,90,82,92,74,88,67,25,69,39,93,38,21,53,73,22,64,14,45,32,58,20,43,42,67,21,63,52,14,43,43,23,57,33,65,43,46,54,97,94,74,91,28,86,63,86,46,57,42,21,94,96,83,24,38,69,81,15,42,86,74,72,64,27,12,87,34,80,34,66,41,86,60,51,31,49,32,70,95,63,10,100,72,46,94,96,25,49,65,43,44,10,31,65,98,25,34,55,34,46,29,51,55,53,59,21,81,35,28,65,29,21,36,78,42,25,98,56,54,19,11,83,95,55,44,26,90,56,28,71,53,10,57,61,79,74,91,17,75,45,92,77,32,99,11,66,30,70,19,29,60,34,36,49,14,98,94,33,94,89,37,72,77,23,41,29,62,70,30,67,41,41,29,62,26,67,67,64,66,47,65,88,52,74,75,25,84,91,47,59,78,67,91,100,68,47,84,97,29,83,47,44,87,88,34,19,35,63,72,54,91,73,30,61,62,74,43,100,87,10,97,52,39,61,93,64,66,92,74,36,33,14,34,19,60,25,36,23,71,67,86,11,53,41,48,15,36,80,97,78,38,34,35,23,93,50,95,22,75
E161,12,23,60,61,45,79,11,30,41,64,27,78,17,25,86,38,74,77,98,88,92,56,34,19,24,55,45,95,40,82,71,79,22,56,72,41,43,21,50,84,20,12,96,58,64,11,74,63,33,40,58,55,17,47,60,14,28,62,93,32,28,49,73,80,91,87,26,28,53,23,91,80,99,28,64,92,22,41,53,15,63,26,18,17,77,47,14,19,51,71,88,84,73,93,12,60,27,100,88,77,18,14,82,88,71,92,55,33,64,77,60,63,57,16,78,37,63,80,21,60,81,96,30,24,47,15,66,38,70,35,16,77,97,68,20,45,35,84,12,34,89,11,87,29,13,16,53,95,60,32,60,15,71,10,90,32,93,46,73,46,75,51,93,67,89,76,78,77,88,31,18,39,31,69,39,78,25,52,32,29,86,36,32,27,83,68,95,96,32,51,42,14,24,47,85,95,96,41,80,97,47,72,57,47,40,92,20,74,78,61,49,56,86,44,68,79,16,17,70,90,83,32,44,64,37,61,62,86,76,40,71,54,56,91,93,56,92,12,45,53,79,41,79,73,56,14,11,73,69,14,88,84,16,34,24,66,28,22,90,19,39,56,85,100,74,10,46,34,36,40,24,57,96,63,84,63,43,12,24,16,20,49,61,13,21,89,96,35,36,51,33,10,65,31,32,59,16,97,82,36
E162,19,59,45,26,59,61,39,39,24,58,22,47,16,80,29,34,23,10,18,70,20,98,67,25,87,84,47,50,69,42,15,52,24,87,95,91,83,56,13,80,19,86,100,11,10,52,62,66,39,91,55,30,63,38,56,86,57,21,70,65,40,56,33,43,24,40,93,13,29,100,33,77,58,71,22,16,60,63,51,64,12,31,47,84,31,34,56,67,66,66,46,20,95,48,84,15,57,70,20,73,53,34,29,26,73,97,89,89,73,98,96,54,30,60,25,50,77,69,76,89,100,77,86,24,61,80,41,22,71,23,50,24,21,18,43,30,43,24,30,47,99,74,49,56,49,63,66,37,19,96,36,66,19,70,43,21,83,10,97,62,61,86,51,49,50,93,16,79,55,70,10,34,42,10,25,93,21,73,61,21,69,13,59,23,36,93,14,24,23,96,26,67,37,78,38,21,95,76,90,93,21,68,30,13,41,50,70,85,58,55,64,43,11,13,18,82,18,95,93,50,47,26,61,17,100,66,80,29,47,19,25,63,45,36,44,98,32,48,94,100,18,25,42,70,50,47,94,60,65,28,45,77,28,26,39,17,92,64,47,26,19,20,64,75,43,61,17,38,76,86,54,22,90,99,53,88,29,40,45,98,64,60,50,28,18,73,46,64,42,51,34,39,22,65,44,84,50,11,65,14
E163,51,92,46,23,22,98,37,70,93,23,38,92,96,47,92,64,40,90,23,97,11,73,79,86,97,15,91,71,78,64,83,97,51,67,58,16,24,81,77,39,11,45,23,99,96,51,91,45,91,46,72,49,73,40,40,44,99,38,57,93,93,87,70,41,65,87,71,14,22,95,64,74,56,29,56,40,19,95,99,71,50,16,42,10,82,37,70,12,20,24,76,51,89,60,81,83,99,67,44,92,12,89,55,31,82,12,51,94,55,14,86,54,71,83,29,74,18,77,44,67,29,59,60,74,16,60,36,87,87,91,32,46,19,64,91,22,21,86,54,44,14,98,91,58,32,72,75,92,88,13,75,78,93,16,60,74,35,21,25,29,95,25,68,84,52,87,27,80,29,30,36,40,20,33,52,59,72,73,27,54,10,98,100,37,76,54,64,25,64,32,98,68,99,24,43,21,34,45,32,73,93,100,73,34,28,35,50,93,72,39,99,72,42,33,22,96,49,29,11,87,42,33,14,66,86,40,71,43,24,57,93,75,68,18,89,100,88,46,28,53,16,94,52,82,27,94,52,38,92,10,83,56,55,98,97,80,72,73,87,100,87,38,60,47,95,33,72,36,68,84,54,68,29,38,76,90,22,64,97,19,26,84,29,20,40,51,23,23,94,91,19,40,93,36,16,23,13,70,52,34
E164,57,96,15,32,43,61,83,45,77,46,23,31,37,27,26,33,39,31,14,81,71,41,77,51,100,70,17,83,48,36,84,23,41,71,11,77,55,81,66,76,36,71,89,31,25,38,24,64,80,33,27,58,93,16,76,10,89,86,36,67,18,57,23,89,39,19,67,79,48,44,86,79,81,41,79,10,35,66,91,45,93,66,39,79,25,22,38,36,67,17,95,42,83,44,60,31,49,56,50,49,13,66,72,11,11,51,39,55,51,93,74,76,26,36,43,80,22,95,25,75,13,95,81,32,82,93,39,76,51,17,27,78,45,72,71,85,80,31,53,75,72,55,38,69,18,57,64,47,22,51,40,37,14,67,12,58,62,63,97,73,17,92,94,99,61,37,39,21,22,83,18,65,99,21,23,85,52,53,38,13,86,41,72,36,24,34,42,97,17,39,72,73,89,19,69,11,37,72,83,90,93,37,13,63,22,78,84,27,16,11,46,57,76,26,15,71,28,22,60,33,44,67,98,48,26,48,65,81,44,71,41,28,56,51,17,64,52,27,83,94,87,13,52,38,59,66,89,91,25,26,13,67,30,14,89,54,71,80,94,87,12,39,50,99,99,51,11,78,22,82,87,63,79,43,45,51,65,51,100,67,99,78,20,67,43,47,33,14,50,43,17,91,56,20,57,98,95,51,63,71
E165,45,11,82,32,16,24,60,92,73,50,86,86,96,41,14,13,19,38,42,90,20,48,14,54,90,78,16,59,90,71,12,83,19,42,44,65,55,49,76,42,10,16,11,15,47,14,12,47,62,42,55,42,89,69,59,77,37,47,78,66,54,31,56,62,12,46,80,84,87,28,46,60,64,27,50,66,64,17,20,34,77,15,99,70,87,52,20,21,74,24,31,95,23,59,55,32,97,94,57,17,81,96,25,57,82,52,87,12,49,40,23,53,12,66,19,73,42,19,90,65,97,45,71,71,94,59,34,22,90,15,98,39,30,99,41,25,84,68,61,70,17,30,56,49,58,22,62,75,42,47,45,58,85,63,46,56,92,74,87,33,42,97,49,20,95,79,39,33,75,18,21,40,66,90,26,44,97,97,45,73,86,100,30,84,68,51,83,21,44,48,77,83,49,12,10,83,94,49,59,53,79,42,61,40,84,29,92,47,81,74,73,81,12,92,71,41,71,60,95,91,96,71,63,42,83,70,36,67,77,15,51,41,45,28,54,24,82,22,78,68,25,64,26,78,83,67,49,66,65,68,65,64,98,61,17,98,88,20,85,25,86,34,56,30,58,42,26,53,83,94,93,88,36,24,67,65,84,73,11,77,55,63,67,50,83,24,13,90,57,93,65,37,85,93,95,63,72,15,94,48
E166,45,67,71,71,24,44,14,55,67,69,17,27,56,12,99,20,56,57,46,42,89,46,14,91,89,98,89,78,51,68,51,26,57,59,90,37,72,43,44,80,44,55,53,53,100,95,93,70,59,96,62,36,40,53,98,44,33,10,100,52,13,82,53,37,11,97,67,30,70,70,26,77,90,100,99,28,70,59,83,51,96,74,81,73,17,81,84,44,30,92,64,61,12,40,62,64,88,79,13,91,33,69,65,97,49,43,79,32,92,86,46,35,98,56,15,17,71,87,60,23,65,55,38,71,73,69,97,77,42,27,45,72,23,63,46,82,18,85,24,59,34,97,64,84,52,12,97,70,32,53,87,32,54,14,22,59,87,19,54,64,88,70,77,17,71,89,75,28,36,16,71,95,15,12,77,18,35,37,49,84,12,28,36,71,48,39,32,65,83,32,45,89,46,22,80,10,21,99,58,96,83,91,55,88,88,25,25,92,98,32,83,48,63,43,15,41,18,23,79,29,80,69,86,22,43,65,55,85,54,22,20,93,28,13,34,39,82,17,57,87,59,65,97,65,92,84,42,29,37,83,47,34,81,96,36,71,55,96,46,30,77,74,48,59,41,70,71,40,49,90,80,90,51,16,41,11,32,67,70,27,97,20,68,83,36,19,61,30,55,15,52,55,35,30,64,66,89,87,28,45
E167,93,91,49,96,99,75,41,98,69,28,60,81,69,100,72,85,40,75,95,77,82,44,86,20,31,77,65,66,31,74,72,71,42,73,78,59,88,20,16,47,12,66,58,100,31,86,58,89,58,50,33,46,22,50,72,38,19,95,75,16,28,12,46,12,43,19,100,11,68,23,82,18,27,86,45,41,98,41,68,17,33,64,56,66,77,22,47,89,60,38,55,50,13,20,84,36,57,36,18,94,20,13,24,51,75,48,57,60,66,38,21,38,71,17,98,15,99,18,95,98,69,45,82,34,21,67,56,63,13,73,39,10,33,23,100,99,66,37,68,37,40,86,71,91,94,15,20,10,22,94,47,82,31,62,30,19,80,88,30,30,96,43,11,10,63,19,36,77,58,52,44,98,85,64,61,16,31,93,50,20,44,41,53,79,15,45,70,20,18,81,13,14,48,53,16,20,50,41,18,100,24,83,51,88,90,62,17,29,71,61,86,34,99,45,73,72,87,65,63,16,51,42,74,52,58,29,50,70,54,11,44,31,32,49,61,43,17,59,85,43,94,98,74,63,24,72,53,43,23,76,30,73,73,23,24,48,81,81,22,58,17,57,81,12,19,82,73,95,52,55,72,15,81,31,61,72,80,58,51,15,43,44,47,21,48,45,27,89,43,28,61,73,90,12,77,78,17,99,54,15
E168,18,52,25,39,66,95,75,94,63,32,62,75,42,89,66,15,47,28,42,18,62,82,95,74,24,47,29,10,66,58,94,78,20,66,93,11,15,64,78,19,43,38,64,56,83,70,29,95,38,86,93,69,60,62,23,97,16,50,42,25,68,20,51,14,13,73,65,11,20,98,68,54,24,100,78,10,10,67,70,80,42,32,74,46,57,56,68,65,23,77,90,64,71,71,15,65,64,72,26,98,21,87,30,32,80,39,48,85,25,43,36,11,91,85,29,24,56,30,67,32,56,89,72,78,38,35,64,69,45,98,16,77,96,83,23,31,97,15,54,85,84,44,46,98,69,90,60,85,78,79,13,21,32,95,31,53,61,26,17,78,37,63,22,11,81,79,14,29,55,72,94,14,18,61,93,31,16,93,60,40,68,17,38,57,53,89,55,89,23,50,25,60,66,58,19,65,100,62,29,83,61,54,79,60,34,59,16,26,56,41,58,75,72,34,28,17,89,28,32,51,45,56,15,80,12,59,88,44,12,88,66,81,69,36,93,81,73,22,78,35,91,46,25,17,16,91,10,65,59,51,79,47,75,46,40,82,39,13,10,45,65,17,38,99,50,93,63,10,100,78,87,99,90,73,14,59,45,82,97,41,70,57,89,10,46,46,69,88,16,91,50,80,41,17,43,70,11,26,72,93
E169,77,83,13,30,68,64,43,57,24,34,10,97,16,51,90,16,25,89,79,51,72,52,48,71,36,79,75,10,79,46,33,72,49,13,58,30,75,31,74,51,10,66,30,54,50,38,33,11,57,98,27,78,56,19,50,57,17,24,34,52,30,42,69,20,21,66,80,75,70,96,54,11,56,25,36,89,98,25,77,91,44,21,75,13,55,21,47,23,26,12,10,73,43,90,15,45,57,18,52,64,84,87,37,37,29,70,62,99,89,28,58,81,83,84,43,67,38,75,69,88,35,15,82,29,96,57,32,36,87,16,58,16,56,62,35,62,15,66,20,29,48,25,36,71,36,88,48,88,21,27,92,50,78,18,82,38,65,59,84,46,34,65,48,36,64,54,96,98,34,20,94,49,50,98,86,45,57,63,80,25,57,14,79,84,50,23,47,58,99,39,93,23,78,67,89,80,84,71,62,39,40,96,15,26,35,11,45,29,36,40,38,98,76,77,90,40,23,94,82,59,10,28,51,13,88,94,29,73,12,43,10,13,49,41,79,65,58,64,75,48,69,15,73,93,29,59,15,30,69,50,71,74,87,63,64,35,62,74,13,55,36,72,34,77,17,81,77,28,35,34,15,82,68,13,21,87,84,79,31,47,69,73,16,90,97,69,56,22,77,98,60,27,23,10,82,74,94,90,93,62
E170,34,61,68,77,97,32,74,93,93,18,64,79,83,59,11,11,58,61,74,97,77,18,30,72,85,16,49,30,57,31,79,96,44,58,51,74,12,64,79,19,96,67,86,27,30,90,46,22,95,88,88,68,87,66,11,37,25,15,81,17,77,37,43,81,10,89,79,54,43,42,77,68,80,83,15,44,78,41,34,42,63,50,79,58,98,68,91,27,59,17,33,22,37,18,95,74,98,13,64,100,64,63,48,17,50,91,87,83,70,91,97,48,38,91,13,77,73,81,11,99,37,66,77,32,92,52,100,40,66,23,26,63,77,77,73,12,46,20,52,50,72,79,91,22,40,90,66,35,19,46,31,25,71,95,53,59,27,44,71,86,87,45,42,41,35,24,73,79,30,67,38,14,55,93,88,71,62,65,27,14,77,49,11,66,76,45,61,42,11,24,52,66,67,47,62,59,27,24,86,88,99,72,75,94,50,64,53,90,26,50,53,94,48,29,43,52,81,64,61,68,32,88,32,83,87,17,69,30,27,63,70,88,44,15,65,95,13,22,50,43,23,39,76,30,66,39,81,62,95,78,77,37,40,88,27,35,78,95,87,77,59,27,29,55,92,42,64,93,74,63,33,82,62,65,21,17,39,56,61,57,73,44,92,80,16,81,49,35,72,93,20,100,49,84,30,62,28,71,39,90
E171,56,10,92,61,14,16,19,29,64,62,46,59,91,14,84,65,19,46,87,14,82,20,10,16,86,23,65,60,55,95,85,51,49,53,49,41,14,16,22,70,76,44,61,26,93,72,48,93,98,30,10,92,50,33,26,53,95,96,80,83,74,68,97,35,17,73,35,30,23,62,60,57,61,82,23,15,67,17,90,78,96,95,61,18,25,73,21,37,95,42,10,91,28,55,14,12,62,44,32,28,68,63,42,41,49,83,92,49,95,62,53,27,65,96,97,55,17,50,34,46,73,72,96,43,20,20,62,11,30,75,57,99,83,55,34,80,78,73,53,55,86,91,81,73,50,82,33,17,43,18,96,54,51,30,77,31,39,16,22,61,45,39,12,94,41,90,27,87,73,68,100,45,47,92,46,39,39,28,85,99,49,54,96,68,77,64,73,98,92,46,100,16,47,70,68,26,43,91,91,60,45,89,71,29,75,37,94,47,23,82,11,62,67,90,94,19,12,14,86,83,66,81,47,47,32,88,75,31,84,82,41,18,58,91,43,26,25,26,74,26,64,55,74,54,87,70,16,33,46,76,85,19,10,53,92,56,70,82,83,82,21,56,77,43,39,43,96,54,58,54,24,93,28,38,46,36,43,45,17,69,98,13,75,12,63,93,37,19,40,85,52,88,93,47,40,51,67,79,93,44
E172,51,89,12,70,36,98,25,29,76,30,19,91,22,19,33,60,49,91,29,22,94,75,20,50,42,43,73,80,74,84,37,69,91,68,16,72,17,57,13,66,13,89,57,92,12,91,61,26,59,95,37,33,66,61,32,42,94,35,26,64,52,67,29,10,73,87,77,16,42,72,15,71,75,89,92,40,66,87,76,73,73,94,52,30,99,93,34,89,85,89,65,34,59,82,23,76,48,56,45,44,23,96,85,79,96,38,74,56,67,82,29,77,31,61,28,87,12,22,63,55,23,50,87,83,50,31,71,46,67,79,73,22,56,92,52,38,34,36,19,92,67,83,39,19,95,37,92,48,73,52,59,18,88,64,22,69,58,56,90,16,28,24,12,12,15,31,73,77,64,49,94,88,82,55,76,95,69,17,10,54,25,91,26,51,39,75,93,16,93,63,34,22,88,99,10,52,37,73,59,86,36,31,81,69,91,83,97,31,100,73,46,96,59,33,32,60,75,96,88,70,50,34,21,19,54,30,95,43,36,78,72,27,94,13,66,51,67,87,34,22,49,93,48,42,93,87,44,24,85,100,82,58,94,44,50,96,83,93,59,32,91,43,95,35,80,45,10,83,28,73,67,95,19,55,67,39,95,91,62,77,52,10,92,66,17,51,96,24,79,29,54,21,92,25,13,34,21,93,78,65
E173,67,26,12,71,55,84,23,45,45,57,63,64,19,89,62,61,68,97,58,11,21,52,16,44,40,44,10,20,10,33,60,93,57,53,68,58,98,48,69,57,63,92,60,56,68,34,27,85,92,71,71,48,20,17,53,10,65,76,51,88,12,29,40,41,16,88,48,64,99,33,25,49,99,72,91,12,63,22,58,52,38,69,38,11,51,36,47,31,79,86,10,72,100,77,18,91,63,29,84,35,17,83,93,58,24,55,17,71,24,16,65,60,25,60,87,16,38,65,68,17,52,83,17,44,25,25,68,94,83,91,97,70,66,87,65,96,35,23,86,83,46,62,66,14,82,89,59,96,16,80,69,44,88,63,18,29,29,87,75,38,12,75,95,72,79,76,49,70,67,82,79,75,74,29,42,37,68,54,89,61,77,60,78,97,65,32,67,42,74,33,99,39,11,14,82,66,18,51,42,72,52,85,55,12,24,34,37,59,67,29,94,21,18,51,58,67,76,18,45,12,78,30,78,33,47,61,49,87,92,25,92,40,67,20,63,51,17,82,45,95,91,31,94,37,94,23,57,82,62,91,40,70,78,20,38,25,93,88,18,56,23,75,19,100,40,58,84,12,13,45,66,86,16,48,65,49,46,86,43,17,54,97,79,18,52,22,87,38,88,42,29,73,81,82,21,100,90,19,89,97
E174,30,65,78,86,16,12,89,74,64,96,16,91,64,76,19,47,49,20,64,91,64,59,22,23,71,69,97,29,87,45,30,10,62,70,16,81,13,53,76,54,80,29,45,96,11,42,89,92,71,72,97,85,99,51,99,71,32,46,10,14,39,17,35,20,56,18,76,62,21,67,54,85,81,87,65,32,29,97,49,88,48,91,69,63,43,92,22,88,44,85,54,74,37,33,56,19,86,83,14,20,11,27,61,39,37,43,89,27,28,66,72,99,70,17,78,51,83,49,96,31,64,74,32,40,88,94,56,57,43,35,98,45,42,78,33,21,40,76,91,10,25,25,50,92,53,71,61,87,45,22,96,57,23,36,89,79,56,57,41,30,36,70,56,11,74,37,88,73,41,25,69,50,31,50,29,97,38,28,45,40,42,99,28,22,36,82,54,71,83,65,51,65,31,80,10,72,35,38,57,12,11,63,100,43,98,51,51,76,15,49,76,31,88,47,15,70,96,79,30,76,58,33,56,54,76,66,33,83,34,67,12,64,30,90,91,56,74,69,37,58,12,77,17,57,55,78,27,96,27,63,28,35,100,95,20,62,68,57,12,18,20,57,35,27,91,67,13,37,48,22,46,66,71,53,58,99,79,75,99,96,63,37,72,21,40,66,85,85,78,70,11,77,13,98,52,41,74,33,79,84
E175,80,19,32,100,29,93,38,94,88,59,52,67,98,56,34,92,72,59,44,46,52,24,30,90,51,59,29,31,29,11,79,94,36,45,62,42,96,44,26,85,82,97,59,25,36,76,17,67,19,81,96,58,15,65,82,85,93,35,87,86,43,53,19,14,59,94,77,35,76,29,88,28,19,58,28,84,76,58,11,49,98,33,72,74,57,99,73,23,17,41,63,93,34,91,11,56,58,86,52,93,93,63,32,50,90,14,97,84,59,88,48,19,27,37,50,31,80,77,79,88,84,96,10,96,80,75,76,59,13,77,18,21,10,68,22,46,86,32,36,100,61,13,41,62,75,13,74,93,52,81,94,74,46,43,44,36,72,27,24,35,32,65,100,73,73,63,37,81,38,19,85,19,97,74,17,48,39,75,48,99,40,15,85,70,82,72,52,58,75,43,32,25,81,25,81,14,18,77,70,45,69,31,86,21,98,39,23,25,30,59,55,89,98,66,49,59,10,37,17,26,97,37,23,27,19,72,77,24,67,12,49,32,100,41,27,73,50,77,79,80,21,20,78,50,88,31,13,63,37,13,43,24,58,54,26,68,31,60,21,80,82,23,11,83,54,38,22,15,12,18,68,87,94,33,51,18,38,60,91,31,29,34,79,93,12,19,37,94,67,14,32,13,82,93,81,21,86,49,10,19
E176,45,59,88,59,20,100,40,61,14,69,73,28,72,30,14,90,46,56,16,99,83,80,10,65,36,98,97,54,39,40,36,56,13,24,61,100,33,63,26,51,18,14,49,83,44,58,25,72,41,14,56,95,19,53,22,36,38,94,26,13,85,60,66,35,17,85,29,47,10,71,49,21,91,35,53,82,90,97,63,63,53,40,40,82,16,38,59,38,94,76,56,71,45,35,38,87,22,85,50,74,12,99,11,13,80,48,23,60,28,97,58,72,56,15,21,49,65,76,40,92,25,44,60,56,10,12,38,83,42,91,57,56,75,96,47,59,46,92,30,17,22,74,23,92,86,12,27,37,31,10,22,58,54,23,86,76,80,87,10,61,12,86,24,72,54,14,68,53,25,84,30,59,69,70,91,55,12,45,61,22,60,92,30,94,28,96,91,75,90,46,35,87,96,65,54,64,78,91,81,91,73,31,11,28,10,42,81,72,20,13,39,59,96,53,39,46,72,58,47,21,42,47,28,100,70,24,97,84,66,47,53,37,18,47,56,84,57,55,11,81,16,16,28,90,89,12,64,84,54,49,70,35,50,64,42,27,67,98,27,85,42,36,62,90,21,14,88,13,82,76,30,43,51,17,92,76,24,43,100,65,95,48,66,15,29,35,63,10,66,47,24,72,17,64,11,31,32,56,31,52
E177,51,35,94,94,20,34,42,21,67,63,33,33,79,13,83,54,48,18,72,57,44,96,14,22,59,41,67,88,14,54,80,44,80,31,80,24,67,34,88,36,37,88,61,89,90,23,13,79,30,84,64,93,94,55,65,23,27,17,58,46,59,45,62,71,58,43,69,81,55,58,31,52,16,81,43,55,17,97,19,93,49,41,83,84,82,29,55,69,11,84,84,31,75,65,25,11,28,76,54,90,52,23,42,40,77,96,29,51,97,52,28,11,41,33,96,79,62,53,82,25,78,25,82,77,14,54,33,77,36,87,15,53,34,11,65,72,38,11,95,79,38,16,39,81,77,47,12,23,65,91,70,69,61,85,28,99,98,18,84,92,25,12,52,11,72,22,84,68,14,87,55,72,47,49,54,100,45,13,65,85,24,49,41,75,68,65,70,36,80,92,49,41,24,98,91,50,57,62,73,64,87,50,86,69,89,30,82,58,33,62,39,31,70,37,31,43,39,72,15,34,96,91,88,20,83,95,15,51,62,61,51,97,23,43,18,97,39,49,34,12,67,60,76,93,39,29,83,74,66,59,98,80,20,92,91,65,14,55,90,21,84,23,70,10,30,97,44,33,40,64,40,66,42,94,37,69,41,78,15,18,37,19,77,43,34,46,19,34,54,96,71,25,65,81,28,62,25,18,23,46
E178,69,58,31,13,66,36,42,69,78,71,39,54,49,25,45,51,54,63,49,67,34,18,93,22,60,75,78,51,85,32,61,61,39,70,91,12,11,79,92,76,87,44,38,80,34,15,25,48,80,95,56,70,74,23,61,57,65,11,76,77,16,96,43,18,75,97,89,14,95,26,46,46,61,33,81,77,31,65,18,69,36,43,98,58,14,79,68,37,65,35,20,43,82,34,98,21,76,20,34,67,27,29,85,35,76,10,49,53,10,93,39,10,92,77,39,45,82,24,93,20,61,46,72,62,42,84,33,71,35,81,98,62,81,22,36,39,70,93,26,99,30,91,72,99,81,23,81,19,56,54,36,94,84,33,56,98,74,78,41,14,32,21,35,60,72,18,62,16,93,40,41,74,49,19,70,76,68,61,11,29,75,73,49,86,11,70,30,62,98,97,42,77,75,19,10,53,98,13,41,85,21,63,71,78,19,32,77,75,95,41,66,88,91,38,87,92,79,52,91,82,38,17,81,29,33,67,92,76,22,45,64,83,54,41,85,50,41,63,85,76,29,41,32,15,66,31,90,48,75,63,22,96,20,53,65,96,30,39,16,98,59,73,80,13,18,96,83,45,59,72,14,20,45,100,19,29,81,10,42,47,66,23,30,14,81,35,63,26,46,80,67,49,74,52,61,33,37,67,79,92
E179,81,64,99,18,71,38,26,67,68,62,13,100,63,34,88,93,97,52,91,18,100,40,62,81,82,84,16,64,56,70,47,19,99,62,85,80,42,92,38,63,61,100,41,96,41,70,57,63,20,74,44,55,38,53,71,67,71,73,77,56,82,27,98,88,45,53,74,39,62,19,78,97,75,99,34,66,47,49,79,82,31,34,89,58,14,46,26,44,44,51,10,33,54,59,73,91,17,29,25,71,76,32,89,52,85,81,79,19,60,23,10,39,66,62,36,30,85,47,10,38,75,13,48,37,72,42,21,90,30,65,88,80,11,75,58,50,50,25,11,77,62,23,88,85,69,10,73,74,36,89,36,96,20,40,26,89,48,14,31,96,70,56,85,47,33,55,15,18,61,57,67,56,56,50,70,48,76,58,37,91,29,81,19,11,97,95,73,95,10,53,60,17,53,50,71,36,76,90,46,24,16,83,61,10,13,65,58,24,62,96,18,94,53,34,20,66,58,61,12,98,31,47,47,98,57,58,86,69,99,85,21,75,20,47,37,39,98,59,89,67,52,68,52,56,43,60,12,59,81,34,44,33,63,12,57,34,40,77,79,30,90,49,87,100,85,65,85,61,58,16,79,100,97,24,75,69,50,76,81,14,46,23,47,91,12,34,63,38,49,77,66,43,52,23,27,59,25,82,40,67
E180,88,17,31,30,93,87,36,12,86,92,98,47,47,37,18,97,30,20,35,45,51,52,66,87,88,86,13,15,70,33,53,61,59,81,72,26,41,17,58,92,36,63,54,67,77,35,66,99,19,92,97,57,23,16,46,22,40,61,72,68,71,58,72,87,56,84,94,98,92,35,26,26,44,86,59,71,37,69,20,85,63,70,50,52,67,84,25,26,13,87,49,52,43,95,13,30,78,100,89,98,45,48,36,81,77,27,58,85,67,61,83,45,25,40,96,59,59,72,44,79,76,64,74,87,84,60,87,11,76,71,76,64,39,82,20,48,25,79,98,40,51,84,14,89,46,88,16,97,46,47,43,69,45,33,68,16,67,27,56,48,44,53,29,71,81,62,18,17,87,52,42,68,93,30,80,70,45,17,68,50,21,88,41,88,25,42,58,10,40,67,79,31,81,13,39,50,62,76,86,87,98,24,96,12,81,93,92,57,78,73,71,68,10,70,55,13,23,34,83,93,96,89,37,86,90,32,51,60,67,88,71,98,48,96,60,41,21,71,71,18,76,61,33,62,62,66,77,62,18,61,39,38,81,60,36,78,25,40,11,35,28,62,26,48,97,88,76,63,48,13,88,42,61,60,56,45,82,72,67,13,50,38,60,48,44,41,42,82,93,53,46,23,26,23,93,69,58,31,16,79
E181,93,14,19,99,32,77,88,41,42,74,30,78,11,13,96,85,30,12,55,41,59,51,13,46,91,55,61,77,64,89,63,86,15,14,20,86,31,37,34,21,50,27,48,11,44,25,50,91,68,51,75,98,44,98,28,69,64,76,63,21,93,32,71,67,83,35,40,38,40,52,65,88,49,29,12,21,80,44,42,51,67,60,58,20,63,95,32,83,56,16,63,46,18,11,37,19,78,49,18,91,93,72,41,95,33,91,62,57,27,37,42,91,64,57,99,56,46,64,18,26,94,17,38,79,45,62,68,96,32,65,43,48,96,16,19,87,75,89,32,100,75,87,24,48,96,36,52,37,53,91,43,33,53,90,65,26,78,95,64,92,10,73,98,75,20,41,74,46,68,52,19,41,42,15,69,96,44,89,21,74,50,12,57,99,78,27,95,43,16,54,95,50,44,63,54,19,26,17,61,88,12,94,90,92,65,23,22,89,54,85,68,37,91,66,29,52,40,10,39,25,50,78,44,58,49,39,86,42,44,26,80,12,98,51,42,96,12,17,84,31,36,23,83,55,16,70,81,73,41,11,53,97,34,84,13,14,40,44,91,90,36,33,89,30,59,28,13,52,97,56,100,57,100,54,58,28,74,48,87,73,57,59,54,66,79,98,38,39,86,41,87,84,47,36,19,13,84,97,54,20
E182,79,74,75,55,66,80,66,77,33,77,11,96,82,53,71,33,75,41,87,67,76,35,11,97,19,81,87,81,65,56,90,92,85,97,76,47,61,91,98,12,67,47,53,63,30,95,50,96,58,91,69,10,36,30,67,22,78,91,74,67,55,76,67,52,16,84,80,14,95,26,14,72,53,94,26,15,42,61,84,16,69,46,36,84,12,90,61,43,78,42,71,73,34,88,31,15,29,48,90,42,44,11,97,71,40,91,22,83,71,20,79,93,89,96,10,25,18,33,17,35,60,72,33,88,97,93,19,60,89,90,42,26,65,20,91,60,63,94,63,45,71,18,13,72,98,83,38,54,33,66,53,63,56,27,99,100,13,79,41,23,97,34,11,93,10,19,59,20,91,77,38,32,21,52,30,82,15,17,73,47,18,59,58,99,44,36,14,80,58,13,47,28,81,94,40,22,60,72,27,37,26,48,58,42,45,70,24,14,58,16,60,17,65,68,92,40,72,68,77,78,89,31,19,42,25,79,25,15,17,68,30,87,13,74,94,42,70,89,78,15,23,93,22,68,17,54,60,44,69,91,96,64,52,79,90,57,68,56,67,85,12,38,38,61,90,69,50,91,85,45,72,87,20,12,84,89,89,84,90,37,71,77,46,79,61,50,30,37,15,78,10,46,50,37,34,43,37,13,43,88
E183,79,32,13,69,14,10,13,29,60,69,54,53,43,67,54,35,100,88,65,47,21,64,36,77,27,53,20,23,70,28,91,35,16,34,54,74,30,21,70,32,59,38,97,41,13,79,16,43,80,91,91,11,78,98,75,64,98,20,23,31,57,74,12,48,48,99,39,17,60,50,97,69,71,26,21,22,27,66,23,99,61,76,23,10,82,77,22,94,68,63,64,39,57,26,20,52,29,63,71,35,93,67,24,19,11,67,10,60,78,62,77,92,65,45,63,49,22,47,70,40,54,87,49,64,80,82,52,34,91,69,47,33,53,32,50,68,66,58,78,84,82,91,98,72,71,38,97,83,57,21,59,90,59,14,38,30,95,93,41,94,71,13,22,43,96,12,88,55,92,17,96,66,92,19,54,92,22,89,88,58,95,90,38,28,38,17,93,49,72,72,29,53,85,63,19,99,21,56,91,92,87,100,54,97,97,90,39,39,74,47,21,60,26,97,84,97,12,65,33,80,75,21,51,99,62,60,16,94,34,13,83,78,17,54,20,91,76,37,43,35,45,82,36,62,41,51,65,77,17,98,76,73,66,88,90,41,46,72,28,47,99,43,22,100,64,69,59,28,22,78,72,47,40,12,89,62,46,73,48,26,87,91,35,27,60,77,40,48,76,71,13,87,91,32,84,52,23,63,96,31
E184,81,100,85,15,81,49,54,43,77,29,58,27,66,71,36,38,23,33,53,76,22,26,95,81,69,60,61,38,44,10,42,23,89,66,42,43,69,64,53,33,26,48,61,88,61,76,52,24,62,85,32,18,71,57,19,69,23,41,57,98,94,28,90,80,48,51,43,92,68,13,90,51,10,90,12,55,66,43,97,52,100,77,15,72,63,63,49,78,68,76,48,24,38,79,95,41,25,32,68,65,15,73,78,40,35,54,87,46,79,32,91,26,42,56,26,46,79,78,25,59,11,94,34,56,41,49,23,72,64,99,55,49,62,23,43,22,23,92,84,93,23,14,93,22,47,96,69,38,82,92,94,97,20,90,31,83,74,93,40,50,76,42,46,81,100,11,96,22,27,68,70,19,27,66,72,99,23,51,59,92,74,53,34,87,10,85,22,97,67,46,44,72,82,42,11,77,10,94,34,13,78,86,30,31,82,91,15,61,43,22,87,89,59,51,81,47,14,29,98,82,41,69,63,42,51,26,63,91,50,81,67,26,77,11,31,40,80,59,50,63,32,62,15,11,80,11,56,84,79,13,95,25,77,80,75,11,10,99,41,10,10,52,34,68,78,29,79,60,77,71,90,30,93,90,29,16,34,11,68,19,17,79,18,64,83,31,31,36,100,85,69,58,92,60,31,24,56,44,18,54
E185,99,18,84,81,17,67,10,96,26,68,27,89,94,31,98,86,49,29,94,81,62,37,52,78,40,49,84,31,100,59,35,81,84,91,79,72,92,93,44,88,51,54,87,21,16,88,28,39,40,56,56,77,74,54,68,29,75,93,38,43,61,93,37,92,76,87,22,65,20,94,86,13,54,51,81,72,56,36,12,99,91,29,85,62,21,44,84,86,95,17,96,88,48,18,64,69,82,51,90,94,30,93,15,33,69,86,75,88,97,98,22,45,52,43,79,20,19,81,88,25,70,90,30,75,45,53,76,48,78,71,44,85,42,15,15,83,32,63,33,80,76,60,54,79,12,73,94,33,12,17,81,91,94,12,55,68,12,20,82,73,46,36,94,95,51,67,51,97,28,94,88,26,52,54,99,57,91,63,74,13,99,98,80,44,64,86,11,10,23,53,98,93,81,24,26,37,58,29,44,100,33,47,89,92,97,46,71,96,14,10,27,54,24,83,98,15,60,93,67,27,49,98,44,64,16,89,56,70,98,72,30,46,78,71,72,46,68,59,41,16,97,78,37,52,66,26,95,78,87,13,89,22,96,17,14,98,63,41,44,92,68,49,90,96,20,74,11,43,27,15,96,29,30,34,11,50,82,71,54,68,41,37,65,81,93,33,74,71,58,54,67,56,55,54,27,52,75,62,81,51
E186,59,79,56,13,64,59,44,74,71,77,31,94,61,49,75,70,24,38,15,16,16,32,53,55,43,61,92,43,53,41,40,46,66,89,75,54,27,84,43,91,90,75,46,46,68,10,46,25,98,99,49,57,14,52,95,59,37,35,71,15,64,87,52,93,23,18,76,23,85,60,92,25,35,78,92,66,56,93,88,54,51,82,45,30,32,83,77,23,95,34,41,92,29,46,19,88,95,88,68,69,21,20,76,10,23,98,58,66,99,68,47,34,58,16,43,79,89,10,85,76,52,87,29,66,22,43,38,97,63,83,44,70,42,87,36,91,49,71,59,99,76,78,84,37,74,63,20,60,90,21,99,77,95,71,68,59,49,50,77,96,17,79,47,34,20,89,63,91,50,30,18,98,67,82,14,91,13,51,34,94,18,27,63,12,57,50,99,72,48,17,27,90,78,48,53,89,57,78,66,64,83,51,57,82,22,91,31,63,76,21,39,14,73,76,40,67,36,23,76,98,98,40,54,84,49,23,31,40,43,51,84,32,35,32,57,98,76,17,33,46,54,50,73,19,23,59,32,99,69,44,36,52,23,46,86,26,75,62,35,27,73,99,17,29,36,22,69,42,91,14,26,77,19,15,58,10,90,72,59,39,47,45,36,36,45,97,63,10,33,93,58,36,41,56,60,45,19,100,61,91
E187,32,85,80,94,73,14,31,52,29,22,56,21,44,96,91,39,54,22,70,26,93,35,95,58,74,56,15,43,94,49,78,56,31,59,16,91,28,41,52,46,93,70,29,31,42,14,50,56,40,15,61,19,24,38,88,12,10,44,56,93,77,87,27,70,56,91,31,35,44,16,74,72,14,57,63,81,95,38,38,52,56,55,61,40,75,57,85,81,18,77,29,81,43,36,88,82,66,48,77,59,84,81,15,15,54,56,72,36,35,77,10,68,89,26,61,90,59,10,83,96,46,11,48,42,68,57,13,23,68,50,11,52,62,96,60,54,51,76,86,88,91,14,92,60,51,78,60,85,73,27,30,35,31,47,33,15,42,40,12,17,61,40,98,18,83,23,14,64,82,70,22,41,58,40,53,85,20,95,21,48,28,16,29,80,60,23,27,28,37,30,80,62,96,25,44,10,26,91,46,52,48,27,28,43,86,29,31,46,40,12,29,39,98,26,99,17,11,13,22,34,26,67,77,87,31,79,94,96,30,43,94,40,52,17,92,85,72,82,22,39,52,39,30,87,51,58,24,91,72,62,33,85,45,99,76,45,62,72,58,46,17,78,86,68,68,84,56,37,58,18,45,10,80,34,10,92,69,15,86,16,60,41,40,58,17,26,72,34,25,52,64,70,30,63,18,72,35,64,33,85
E188,28,47,51,86,95,79,83,70,100,67,68,35,79,33,98,48,34,74,29,18,45,65,31,86,30,31,33,30,77,38,35,76,20,35,74,51,32,30,37,53,86,13,59,28,72,97,13,84,100,47,15,97,22,45,48,19,31,49,53,30,33,85,29,42,57,59,66,96,13,76,95,92,82,38,83,100,39,99,92,54,14,45,63,30,98,88,98,34,35,92,68,45,24,55,35,53,80,39,36,76,67,75,92,84,56,89,20,88,12,53,41,14,84,91,44,53,81,71,56,83,54,17,75,99,33,54,71,26,38,33,99,97,34,11,10,71,10,81,63,18,81,65,87,48,74,48,60,97,68,46,69,90,54,31,89,22,44,80,41,56,92,58,56,15,81,91,58,83,27,95,27,68,94,10,32,52,26,96,97,57,91,95,100,43,90,23,24,95,17,57,55,62,32,93,48,19,28,64,94,62,67,63,92,74,13,92,82,43,16,50,82,61,48,71,14,41,35,64,44,31,46,51,35,29,13,65,50,44,38,27,62,91,18,47,38,48,17,99,95,36,71,19,54,29,44,34,25,15,87,18,52,96,62,78,41,93,13,89,56,40,19,33,30,56,30,61,45,85,66,46,66,80,69,17,65,66,93,90,95,58,47,46,30,74,62,90,39,14,69,94,13,68,77,20,15,18,14,23,27,47
E189,47,77,11,57,60,87,91,48,26,23,24,75,71,49,85,93,12,13,45,42,84,18,16,94,17,66,31,99,34,98,19,47,82,32,13,46,82,86,36,12,63,47,17,43,20,26,19,17,68,15,95,45,97,36,19,13,54,57,11,37,21,56,76,75,68,80,50,14,59,63,11,65,66,55,92,24,44,24,43,76,39,54,19,52,61,12,82,54,25,44,26,68,70,16,97,29,18,53,39,79,59,24,23,52,25,25,20,100,65,32,70,22,42,36,57,88,34,43,24,14,60,23,92,63,51,11,90,42,99,73,33,50,54,37,25,99,14,73,35,73,19,33,28,10,66,28,51,14,79,92,49,51,32,48,12,80,76,65,14,88,64,96,85,26,50,39,40,62,14,22,96,11,84,93,88,83,40,19,85,22,100,44,17,13,86,88,97,74,24,31,89,67,100,24,85,27,94,99,92,33,76,76,67,49,19,52,100,85,42,89,29,55,43,91,34,48,100,52,15,29,61,64,43,92,32,71,41,78,100,65,90,86,60,65,45,80,18,20,14,52,18,31,82,91,27,99,69,28,44,34,12,64,73,70,73,89,76,39,94,59,68,68,74,18,11,73,10,75,98,27,42,16,74,88,38,91,55,20,98,38,34,22,55,68,83,32,17,81,33,95,41,65,59,20,100,59,92,30,12,20
E190,67,29,85,51,24,96,27,58,92,61,17,97,81,63,85,64,24,21,12,80,44,10,96,40,89,13,82,33,94,93,95,71,60,71,37,62,12,77,63,39,36,37,84,86,92,54,15,60,60,99,61,92,73,64,11,53,55,12,77,92,13,93,14,53,16,96,87,16,80,37,15,63,90,89,33,56,16,98,100,85,74,14,54,57,65,47,49,19,84,83,46,18,26,43,37,63,18,60,16,57,11,99,33,86,91,84,88,15,66,61,21,84,25,90,74,24,49,88,78,36,62,73,76,43,88,11,40,27,21,67,66,45,82,99,21,25,71,65,66,52,57,12,98,95,15,45,34,73,53,92,35,23,52,67,55,92,95,26,32,89,51,16,78,41,81,60,14,35,84,17,37,64,73,47,81,64,66,56,60,70,57,36,51,19,50,41,43,94,99,73,46,35,86,27,73,10,76,23,31,17,68,79,15,13,36,73,79,21,10,24,10,41,91,28,10,74,29,40,42,22,61,11,86,97,88,13,83,69,54,72,100,76,78,55,24,61,61,20,82,12,73,60,43,49,44,86,16,45,38,85,46,95,100,61,19,65,92,28,26,98,31,69,98,66,26,65,23,12,53,44,92,14,31,58,12,33,76,93,48,62,55,52,84,28,21,100,77,85,50,59,79,74,61,42,89,83,37,34,95,84
E191,67,45,55,34,87,18,78,15,32,39,79,47,81,66,62,20,91,48,48,42,38,38,95,96,66,39,58,92,92,14,89,17,75,52,66,53,38,69,87,49,66,60,37,23,77,37,93,42,33,100,83,12,11,30,46,85,31,92,72,78,53,30,35,47,61,94,20,50,18,30,24,64,72,61,10,76,87,62,15,21,12,58,64,50,74,89,67,74,96,30,100,49,26,57,63,56,80,26,83,37,81,52,42,99,91,15,90,94,48,47,90,53,12,98,39,83,80,61,34,77,35,42,58,59,87,12,76,25,42,47,87,77,60,15,27,87,61,52,38,33,97,81,100,38,19,54,94,35,12,71,12,69,86,23,89,15,47,100,77,99,73,76,64,12,19,55,17,75,100,91,38,40,45,50,19,32,87,77,29,87,92,42,54,44,21,75,36,35,73,81,76,23,48,93,72,100,49,28,54,13,68,49,38,77,27,15,35,86,55,96,17,93,17,66,75,64,67,67,52,52,10,14,51,34,50,71,91,90,59,17,93,38,60,67,36,37,59,18,44,33,42,70,45,20,55,21,65,38,29,88,50,65,63,100,18,92,45,75,98,30,99,43,93,40,63,48,79,53,19,66,77,30,99,67,97,56,73,70,35,17,59,18,43,60,13,20,73,95,42,21,86,58,49,13,17,17,85,29,51,62
E192,96,75,35,96,52,86,93,64,26,67,76,41,90,81,70,71,71,58,52,43,10,27,38,48,70,25,46,54,24,34,67,44,94,10,26,78,92,30,63,55,92,65,53,33,82,38,95,58,71,56,59,32,68,57,42,53,96,43,11,39,49,84,91,75,83,41,87,67,56,89,55,52,40,61,94,48,90,31,33,97,16,84,43,66,14,52,42,43,73,60,55,74,100,99,35,88,94,100,11,18,81,93,69,59,98,87,31,67,17,44,40,75,79,52,28,76,67,18,55,98,76,39,44,93,93,44,38,13,26,84,89,98,94,69,40,80,50,49,44,32,45,17,29,88,43,78,10,48,99,64,75,77,59,99,90,89,81,91,89,15,79,67,61,35,42,94,32,72,31,49,66,69,23,24,54,67,80,68,34,71,78,20,53,62,25,61,30,18,72,37,58,70,20,40,77,73,35,18,47,12,99,91,37,19,82,98,25,60,64,63,25,64,31,49,96,94,60,89,79,76,83,92,65,71,60,32,19,74,27,33,49,69,82,90,90,33,26,42,73,61,93,80,64,66,15,97,68,23,60,66,21,91,44,76,95,83,55,68,88,28,52,68,78,57,98,32,34,50,29,86,74,17,13,89,34,47,18,38,66,40,42,53,44,26,46,71,22,18,54,50,76,33,33,18,81,24,82,52,20,66
E193,21,87,10,67,13,65,68,70,93,64,95,87,35,24,36,22,60,48,50,41,80,35,34,61,47,30,54,51,11,38,56,41,41,98,32,21,14,22,30,53,48,99,61,67,51,86,18,47,84,85,95,87,55,83,67,70,15,39,22,99,71,10,56,64,78,94,26,57,80,35,33,15,18,44,37,52,49,57,59,34,60,70,88,75,75,97,39,65,74,65,40,63,90,48,95,49,49,84,74,24,13,94,61,34,26,62,67,34,82,27,91,13,58,100,12,45,27,84,47,28,88,88,27,19,21,88,32,44,67,43,37,92,90,53,16,65,87,94,71,79,31,17,83,84,36,74,71,27,25,22,27,12,37,75,29,85,88,74,34,85,86,15,23,57,10,95,96,57,89,54,48,72,64,20,65,81,17,90,59,75,14,40,14,49,13,10,51,97,99,44,63,76,12,20,99,35,25,45,37,40,63,10,55,73,43,35,33,23,23,25,54,44,83,52,89,90,93,92,89,26,83,20,97,70,86,23,86,58,89,94,16,87,18,40,58,47,18,72,92,63,50,99,82,26,12,57,83,48,79,91,36,60,13,82,13,19,63,76,11,23,20,53,94,37,63,12,89,59,47,36,87,48,56,90,35,93,44,87,73,36,26,17,10,84,62,14,24,57,35,52,35,90,13,55,38,32,54,65,32,49
E194,96,81,79,81,92,98,79,12,48,86,73,15,43,62,45,80,99,52,51,55,22,97,61,82,36,30,46,14,52,91,67,96,47,22,20,91,82,36,57,35,82,22,90,10,40,75,92,84,19,98,60,61,73,66,97,13,89,96,56,29,19,74,52,96,74,58,77,15,43,98,34,87,43,28,85,11,14,75,96,94,77,85,28,51,79,91,51,71,75,35,87,79,15,34,71,13,37,67,70,36,20,29,16,57,80,81,62,82,92,98,49,76,55,36,98,17,68,42,76,68,80,19,34,42,12,85,54,98,93,25,45,11,50,17,19,80,22,41,100,100,59,19,73,14,10,14,45,75,55,48,94,23,27,97,34,95,42,74,23,11,84,46,96,51,31,50,51,41,99,83,59,28,51,56,65,20,44,44,22,29,94,98,82,79,67,17,18,17,88,34,94,26,25,52,28,85,42,23,73,65,24,24,22,49,75,39,30,42,100,14,86,61,53,27,96,62,19,26,25,59,62,82,48,76,21,99,91,17,10,19,18,31,100,36,38,99,12,25,63,68,84,58,53,57,90,59,93,69,41,33,38,80,92,34,59,74,49,22,47,40,49,46,60,31,32,74,12,72,43,94,87,92,17,50,35,75,96,83,92,11,53,88,57,10,88,44,30,77,92,18,65,79,39,60,29,52,67,72,32,20
E195,13,99,74,72,33,69,46,25,16,57,84,20,54,68,83,75,20,57,53,53,21,80,49,85,55,57,31,89,64,42,41,90,50,27,27,22,71,35,26,80,49,28,43,77,71,92,95,31,82,78,17,94,30,12,29,89,19,92,68,32,59,50,23,93,92,41,43,28,14,49,90,52,72,76,24,41,23,47,56,58,27,57,39,17,37,17,27,45,18,38,12,11,24,24,36,18,46,64,48,49,33,20,46,41,69,92,71,74,96,96,13,57,52,94,88,27,27,71,70,13,94,26,64,16,49,82,69,61,89,93,70,88,84,76,67,99,33,54,61,95,85,65,92,49,19,18,37,54,11,67,98,65,47,89,89,58,67,31,99,67,100,61,34,37,82,62,74,13,15,66,24,23,88,46,73,50,16,94,55,91,33,26,15,22,18,28,71,11,46,28,26,99,57,82,38,40,93,27,36,80,20,48,39,37,24,62,19,65,61,89,95,70,49,96,49,62,84,72,15,72,24,24,87,77,84,52,18,24,25,57,73,79,68,26,40,84,17,35,73,25,51,92,57,76,61,11,33,61,48,26,36,61,32,48,53,75,78,46,58,84,36,67,18,45,69,92,80,73,54,13,76,95,12,55,92,98,68,90,18,18,73,77,43,90,49,45,16,17,29,72,43,75,87,42,31,45,49,39,66,87
E196,36,61,59,64,16,46,49,78,60,68,24,25,78,77,19,62,18,77,31,72,66,92,38,47,67,69,46,85,63,66,76,47,57,99,26,69,40,98,41,92,91,91,23,91,76,76,23,50,63,73,51,46,25,37,52,45,90,91,55,53,94,66,86,68,91,13,68,86,17,70,66,92,17,49,90,91,57,53,36,13,12,19,72,35,23,43,23,29,70,32,54,85,32,23,91,33,83,90,80,55,58,67,98,26,43,16,56,56,53,92,90,30,51,23,73,70,46,91,78,55,65,51,29,93,61,49,29,44,37,66,49,29,74,27,29,13,33,26,16,45,19,10,63,47,83,61,15,68,30,58,53,30,17,97,23,45,75,69,63,16,89,62,67,39,66,31,57,14,17,83,40,30,25,83,53,59,89,34,32,17,57,10,64,54,15,60,82,59,90,24,96,52,79,76,42,44,95,54,26,37,60,42,84,43,19,23,13,14,96,31,14,78,82,58,72,61,14,48,17,62,28,41,33,22,56,25,99,69,50,25,87,58,70,85,32,83,62,13,53,76,65,55,39,20,44,96,37,44,32,32,14,73,15,46,37,20,97,15,68,68,31,31,28,81,69,42,89,86,52,74,82,34,61,72,47,31,79,60,14,20,72,60,98,92,70,95,77,67,37,74,76,17,25,23,18,36,14,93,54,32
E197,97,84,29,36,77,38,56,31,28,36,69,73,52,15,44,46,77,13,60,93,40,90,33,43,45,80,97,88,61,80,42,62,14,45,24,31,63,23,60,56,51,90,49,26,69,84,41,35,94,85,83,70,17,26,25,48,95,58,19,59,88,14,49,70,95,58,19,16,29,88,64,94,93,93,56,43,47,20,85,15,43,35,72,69,14,31,89,94,63,68,14,52,11,36,51,62,31,40,67,33,45,60,95,44,51,60,11,47,78,55,21,20,84,85,14,61,50,60,40,32,33,96,61,72,87,19,24,19,72,75,53,24,33,54,87,31,97,68,32,84,19,61,86,47,27,28,26,87,28,54,41,79,42,19,80,66,52,71,59,21,72,61,57,96,72,30,30,95,43,56,76,76,40,65,65,11,73,84,81,37,40,94,46,16,75,35,34,70,75,37,60,91,24,55,91,83,33,59,63,76,61,58,92,76,13,79,12,71,85,57,63,52,40,16,13,16,33,28,72,56,11,88,35,98,62,94,12,45,70,10,89,29,81,14,40,38,67,21,43,28,97,24,37,70,46,67,32,73,82,39,84,32,90,28,97,62,100,74,89,45,83,51,43,30,73,63,26,88,41,41,60,83,75,37,28,49,13,96,70,32,75,20,88,54,88,74,23,90,95,63,19,95,74,13,85,74,13,86,78,81
E198,17,43,12,89,36,39,60,32,66,28,44,48,52,26,33,71,56,87,43,27,59,72,39,27,98,100,100,100,71,32,33,28,23,50,54,40,28,50,16,22,60,89,84,34,33,82,66,42,56,22,20,100,95,60,53,99,18,64,10,79,61,32,47,85,51,23,38,35,84,64,64,10,53,69,51,29,92,83,61,60,49,71,18,97,21,75,20,37,27,94,10,68,29,34,83,25,84,100,21,78,43,61,52,56,16,62,37,65,84,98,95,75,53,18,58,68,63,93,56,55,89,89,84,19,86,58,62,84,66,61,17,33,27,35,58,45,49,83,100,83,54,97,23,47,40,67,95,10,44,35,97,42,29,47,87,23,63,29,65,35,25,73,69,70,44,100,44,28,33,28,22,33,97,48,26,92,23,85,71,34,75,21,95,97,83,13,39,42,66,36,23,68,51,22,14,94,32,85,56,79,40,81,51,11,74,36,40,31,70,22,13,48,50,36,51,21,37,50,93,64,35,96,100,47,38,18,99,66,19,87,96,90,18,58,39,35,54,43,67,90,20,99,55,43,37,41,91,91,74,31,51,48,23,72,62,79,83,28,98,96,28,14,60,79,27,82,92,85,42,53,80,98,15,32,75,48,54,68,25,96,81,63,83,97,22,82,94,92,75,20,64,32,57,47,86,87,35,23,48,51
E199,41,63,53,22,35,37,76,65,24,38,63,69,98,47,59,20,65,22,64,11,50,44,40,38,67,97,12,71,95,98,40,58,70,20,26,73,99,43,71,10,63,87,57,40,19,32,23,68,77,86,48,10,94,97,59,89,67,27,86,64,67,28,16,44,21,80,65,31,88,35,18,88,23,92,58,66,80,90,67,50,98,81,59,98,43,72,43,11,24,87,28,91,56,54,41,25,67,52,51,10,43,60,23,65,24,47,100,39,79,44,16,39,87,69,26,58,71,53,46,54,66,63,85,90,17,84,47,21,43,26,55,94,17,88,55,60,35,62,96,17,37,75,52,92,51,30,74,76,33,34,24,36,29,89,89,64,72,75,37,49,35,55,78,99,97,95,56,89,84,23,87,69,69,62,41,75,56,75,60,100,94,83,28,28,52,92,99,44,39,72,98,62,35,63,61,32,74,73,22,19,69,24,65,57,37,91,53,86,52,54,34,87,44,57,16,64,95,82,76,88,53,74,94,26,87,43,78,62,40,17,87,83,69,100,29,76,52,51,98,90,45,25,67,84,36,99,88,48,38,20,49,82,100,25,43,30,19,55,42,49,14,84,61,69,59,28,49,28,80,56,73,43,14,49,12,57,30,95,98,72,91,98,69,12,35,57,42,69,65,58,39,16,67,94,66,83,87,72,51,19
E200,95,92,10,84,13,60,100,93,55,22,89,46,12,72,31,39,45,62,23,56,15,44,25,18,73,16,75,29,82,29,27,16,85,28,50,21,99,36,89,13,10,32,84,98,55,15,18,21,48,66,42,96,67,32,88,83,17,100,54,57,51,26,40,71,74,34,98,89,13,42,88,73,54,71,99,47,50,58,79,46,46,27,58,39,35,36,41,91,81,79,49,63,53,18,83,15,36,47,81,35,16,81,27,47,21,36,15,25,64,16,61,94,42,94,43,84,15,35,56,91,82,41,47,25,72,97,71,90,34,36,46,97,93,39,100,90,15,100,68,24,80,29,22,90,78,30,21,59,95,12,65,95,34,82,31,38,18,77,58,69,91,95,76,24,96,20,94,13,79,17,29,40,79,81,40,61,83,97,71,10,96,27,95,55,67,87,50,40,55,64,49,44,94,18,18,87,93,97,34,54,47,67,98,33,76,60,41,85,82,99,60,30,49,12,94,30,39,74,99,43,89,28,17,38,19,70,91,54,89,19,43,51,11,87,15,86,92,13,93,34,89,96,56,71,27,76,58,88,40,88,53,40,83,91,21,13,59,71,38,38,37,76,33,66,59,50,37,47,79,95,16,32,98,48,83,59,60,76,88,83,100,31,40,81,56,80,54,52,33,13,19,10,97,24,91,99,98,97,56,96
E201,49,48,49,80,49,72,86,28,10,67,44,17,56,23,98,80,69,11,34,96,27,31,23,93,67,68,52,88,88,16,27,54,42,90,86,77,40,83,19,13,36,32,10,98,45,23,16,39,91,72,26,75,18,17,29,86,68,32,86,53,67,51,55,24,29,65,37,69,17,92,17,73,87,64,93,37,36,99,12,33,30,54,23,69,59,64,65,78,89,88,32,25,31,72,46,63,30,22,36,37,48,56,83,54,81,32,91,89,57,60,54,60,30,18,84,31,86,51,86,14,84,82,48,48,19,48,73,56,36,66,64,35,67,81,100,32,54,63,47,75,55,79,64,49,73,65,63,84,55,94,51,96,73,72,10,51,25,81,62,56,16,60,69,86,84,62,45,53,18,22,57,84,92,10,50,88,27,52,62,74,68,10,49,31,64,43,58,88,73,89,55,15,79,16,48,98,60,62,10,98,90,59,38,74,100,33,74,57,14,47,23,63,28,69,52,10,90,91,30,13,91,88,30,33,52,32,24,33,38,81,11,32,84,96,46,43,99,58,27,73,58,41,51,22,47,75,69,43,85,70,90,21,50,95,22,26,96,86,52,45,57,81,86,40,79,50,38,90,39,52,74,94,47,83,87,90,87,97,88,18,65,85,54,38,54,92,92,86,53,28,27,80,70,93,96,51,20,26,10,83
E202,98,15,18,80,21,73,95,48,83,68,41,18,25,20,46,87,64,40,36,64,13,82,79,88,22,16,50,95,10,46,96,51,87,59,91,23,89,93,67,93,44,17,13,100,56,88,72,56,76,36,43,96,47,55,86,44,31,21,12,48,30,12,96,75,47,21,75,33,79,90,62,51,44,82,14,69,80,66,32,51,52,14,100,57,49,25,52,25,87,16,83,36,68,57,67,69,10,66,84,58,94,13,97,61,21,95,64,85,45,24,37,56,22,31,79,43,81,36,58,86,50,56,85,56,78,30,72,69,17,98,62,84,89,26,27,63,86,94,24,57,59,82,96,95,42,86,13,65,12,77,92,32,73,64,25,12,11,31,38,55,19,94,27,13,89,43,56,85,100,59,84,24,52,70,36,100,43,86,43,34,81,54,91,94,64,35,36,71,55,82,75,98,44,85,98,20,41,79,70,100,77,73,10,24,81,76,21,90,94,98,100,97,21,25,39,39,70,88,51,95,30,36,35,22,44,40,31,45,20,90,66,11,95,69,22,28,72,74,72,87,63,40,41,75,72,88,92,15,75,18,34,96,32,32,16,74,28,33,16,49,46,76,47,94,40,50,24,87,72,75,81,22,63,42,85,55,70,24,14,47,28,95,53,89,85,12,11,100,90,33,75,47,31,27,45,22,73,15,100,25
E203,79,93,38,90,22,40,73,73,96,45,36,42,14,38,17,53,95,70,83,31,52,100,91,21,73,38,38,41,54,76,24,39,62,74,30,30,16,20,90,52,29,88,98,72,88,63,80,57,46,61,32,20,21,59,67,11,91,16,63,31,15,75,27,23,26,44,11,68,94,58,65,46,91,91,53,95,37,59,29,83,26,24,99,41,52,15,91,22,23,40,44,42,87,58,79,98,84,51,13,85,26,82,20,77,46,75,84,85,42,55,44,95,84,45,86,66,28,55,47,69,28,94,17,46,72,42,49,26,96,23,67,56,62,39,82,42,85,10,43,59,51,22,46,48,43,49,63,98,56,72,49,76,18,47,50,30,50,27,100,75,75,78,95,60,48,58,50,12,81,88,39,13,42,40,20,70,81,47,29,19,40,86,22,38,65,99,87,89,73,53,43,77,38,88,37,72,72,71,26,66,25,56,42,29,30,42,24,31,50,10,36,77,96,36,45,22,33,46,70,27,33,39,68,28,15,66,48,18,86,71,54,37,71,16,96,16,64,40,30,40,86,87,81,94,90,81,72,68,36,38,57,30,22,10,77,53,77,34,91,68,56,55,97,79,32,63,38,30,21,77,87,45,57,22,17,81,76,54,74,82,100,98,84,76,100,95,21,77,25,22,87,89,44,33,81,25,73,100,81,40
E204,46,27,92,10,62,42,34,35,94,85,93,50,53,34,49,35,34,46,82,96,68,22,86,66,26,90,11,44,16,82,96,37,33,47,28,45,35,90,14,13,88,92,20,97,68,38,24,58,34,38,27,47,92,39,10,94,76,93,95,73,31,49,42,71,74,40,83,13,72,25,27,20,31,56,73,89,79,85,65,86,19,16,28,48,24,82,74,94,32,70,30,45,47,93,89,56,32,14,66,59,83,84,90,19,55,28,79,36,20,21,82,69,73,74,83,55,23,64,61,55,17,23,78,16,16,57,45,47,12,28,69,66,59,17,24,95,26,38,22,59,27,53,70,57,21,13,14,12,37,59,62,78,54,70,49,40,84,70,92,40,80,44,67,91,21,98,79,44,56,74,19,59,39,16,32,23,32,85,19,78,30,34,62,34,70,27,52,24,21,27,86,94,76,14,36,21,16,29,58,29,39,66,13,56,14,59,68,96,47,81,32,96,54,30,29,83,30,51,46,60,53,100,96,45,73,58,38,19,65,87,21,48,57,55,86,16,36,59,53,38,55,46,30,36,66,30,42,65,64,67,59,26,31,62,99,71,59,19,73,48,92,66,85,11,45,55,52,31,28,47,31,98,15,56,86,64,43,28,56,46,87,67,78,16,58,44,39,71,20,89,93,60,15,98,92,34,47,75,89,72
E205,38,18,23,64,15,25,54,58,53,40,82,87,57,33,21,22,91,97,50,45,33,42,10,21,54,12,96,43,37,91,69,88,17,100,77,63,80,13,77,75,40,53,77,57,55,74,92,38,64,43,51,43,91,81,67,57,88,67,83,82,71,43,27,54,47,30,90,84,92,17,48,37,59,77,31,71,51,61,75,42,84,73,96,77,51,17,98,67,76,92,65,71,33,50,39,17,75,23,52,77,10,79,61,66,76,96,86,43,57,23,23,87,38,96,30,46,62,71,19,92,92,82,88,85,29,69,53,31,37,66,23,12,11,28,89,57,88,92,59,34,50,19,81,72,54,67,17,56,36,33,15,82,41,58,19,38,97,90,12,18,46,49,62,45,23,89,71,30,100,82,94,46,19,94,17,37,64,73,51,77,11,59,82,38,29,100,77,85,44,15,19,21,68,19,34,14,41,100,72,13,89,68,22,77,43,62,68,85,17,80,69,70,99,39,70,37,91,23,63,83,28,67,54,88,31,72,49,62,16,20,15,12,61,91,87,93,66,70,47,16,10,86,98,69,17,18,75,37,26,57,90,96,98,60,58,19,79,11,58,22,10,77,53,41,68,15,10,73,17,12,22,10,29,27,26,24,31,99,60,81,37,88,15,50,22,14,25,19,79,18,58,82,35,44,85,24,10,58,69,65
E206,88,76,71,18,15,24,46,88,49,20,20,64,39,32,81,29,29,56,24,82,58,42,27,85,52,74,90,59,25,65,67,28,23,18,72,12,29,51,42,48,86,59,50,51,14,30,100,45,30,20,76,94,28,51,43,91,77,16,52,99,69,54,89,52,10,31,47,28,42,93,27,63,37,41,57,32,39,24,94,69,90,51,46,74,66,73,25,97,34,29,10,29,12,61,21,98,36,88,91,26,11,40,23,77,63,67,64,69,45,49,76,31,32,75,72,80,11,73,34,88,17,15,48,88,65,39,14,99,84,59,63,60,67,65,32,82,58,14,90,30,100,87,65,93,49,88,86,18,91,15,42,73,25,63,48,86,51,42,51,91,74,43,48,62,54,69,69,25,41,98,91,67,24,54,35,42,31,69,74,84,37,91,32,76,69,37,28,32,69,58,64,51,42,78,90,47,26,73,49,86,47,64,98,49,53,90,45,92,17,34,13,13,29,92,22,48,39,59,63,51,82,47,55,35,80,80,32,37,27,41,49,52,41,37,54,59,63,75,30,26,77,86,63,56,71,95,57,48,87,91,29,95,10,38,99,88,80,10,24,35,39,91,69,91,60,19,88,19,56,96,68,71,11,22,49,21,24,20,55,77,23,91,58,29,37,18,55,41,88,44,30,80,19,24,55,79,69,61,53,14
E207,83,18,58,35,86,67,91,56,12,57,66,87,27,25,57,18,14,93,87,81,21,17,13,92,84,43,47,38,11,14,27,68,72,38,27,11,96,58,52,60,82,47,28,67,92,62,90,34,80,11,91,77,32,58,35,31,60,66,63,38,98,92,22,21,49,41,20,17,68,53,39,86,74,70,20,45,23,44,33,65,47,27,85,38,13,58,95,42,58,24,46,35,74,35,74,18,62,73,48,100,27,98,79,86,50,49,16,55,78,46,94,70,43,41,81,84,47,72,53,27,75,85,71,30,93,49,52,87,68,82,81,85,79,32,33,46,53,54,98,47,13,93,45,29,25,12,11,24,48,91,85,88,61,25,24,70,67,77,51,45,57,36,82,93,14,54,66,100,89,79,58,59,26,65,86,32,37,40,82,53,40,11,14,95,90,26,93,54,54,35,86,52,94,33,91,57,61,98,36,68,72,95,37,23,32,55,30,49,56,77,72,14,25,38,22,24,18,66,54,25,72,40,95,36,56,81,35,62,28,47,82,90,32,25,53,21,53,64,84,49,49,38,80,73,80,70,18,68,18,39,51,97,87,37,54,99,95,75,97,84,20,17,54,45,78,32,52,65,30,71,37,88,64,45,35,96,35,25,65,20,29,10,92,86,88,28,80,63,94,78,94,100,70,81,47,29,95,98,70,71
E208,52,23,50,38,60,94,66,27,16,98,85,66,55,14,59,58,88,85,23,97,92,26,79,50,60,76,52,82,45,47,20,63,46,83,40,36,22,20,21,50,58,91,100,79,50,49,13,31,59,26,22,76,15,60,98,94,11,41,62,41,31,39,97,57,25,80,51,31,28,86,94,21,64,55,61,21,35,98,17,66,40,89,75,66,20,92,95,47,75,47,97,51,44,49,35,13,10,69,92,47,53,96,67,72,70,47,25,92,47,63,54,22,74,36,22,61,41,35,32,56,38,41,100,65,35,15,52,68,55,69,98,74,58,61,17,68,17,33,53,12,68,58,64,64,15,59,83,92,96,55,12,75,56,28,64,20,16,63,75,88,62,57,54,36,27,59,42,73,44,23,93,100,43,18,33,96,44,11,96,43,35,82,65,76,46,75,36,50,84,59,16,10,10,18,80,94,97,29,10,75,72,23,59,90,37,77,80,25,85,37,100,96,84,90,92,28,71,20,82,22,74,85,83,38,81,23,88,78,71,87,26,22,62,52,10,22,77,19,69,56,68,63,11,23,75,14,76,65,66,97,50,26,26,62,26,49,86,21,52,26,97,76,88,38,31,75,23,61,65,53,20,72,72,35,19,36,20,88,68,47,82,41,24,40,51,27,72,96,64,33,54,53,88,41,72,64,94,57,18,21
E209,76,26,51,65,64,90,53,24,59,37,86,24,68,31,70,22,52,42,78,98,34,62,32,78,21,34,46,25,39,52,13,34,35,46,61,11,70,49,85,63,91,74,66,51,67,48,92,47,64,99,50,48,100,42,78,28,24,75,72,37,88,81,94,32,23,26,52,51,75,79,72,70,45,15,54,17,37,18,53,18,36,49,95,58,57,16,79,100,94,63,51,98,63,89,82,64,98,38,79,72,44,47,71,72,20,39,49,21,31,53,40,92,76,99,91,41,43,21,13,64,57,68,27,88,89,67,63,58,56,63,30,15,63,73,90,16,40,87,39,37,58,66,97,72,68,42,49,22,14,97,81,42,35,84,70,25,24,76,33,100,17,11,37,95,45,14,89,41,52,75,33,71,97,24,72,35,97,27,16,37,20,95,11,65,60,60,46,65,99,56,22,74,44,70,75,75,73,92,89,69,77,80,75,48,54,74,90,100,72,89,55,69,99,84,71,20,22,47,86,21,68,87,47,63,18,92,88,16,58,85,100,32,38,91,83,55,22,12,78,93,36,27,73,95,76,60,60,76,64,79,94,87,83,77,48,28,12,12,39,33,59,52,17,92,39,16,50,27,43,22,22,44,31,15,66,62,57,22,38,37,53,32,82,46,86,57,70,65,16,41,90,82,63,98,19,13,79,44,90,97
E210,82,31,85,71,16,48,50,36,76,64,79,66,60,18,28,98,82,67,62,72,58,29,24,91,35,52,48,90,51,61,18,45,39,25,54,35,95,75,90,34,97,48,81,92,83,85,56,41,18,32,16,14,76,52,83,15,49,16,13,32,45,23,96,67,14,37,61,42,33,41,72,41,37,19,36,48,91,29,49,18,47,90,66,25,75,83,71,60,30,19,71,70,87,94,47,28,92,88,32,22,14,23,73,27,73,44,79,27,20,100,53,21,71,53,12,72,97,82,63,40,20,38,28,45,97,17,94,45,85,59,20,89,63,99,92,91,50,21,88,60,60,31,71,21,45,54,71,16,64,50,98,78,98,65,74,65,30,37,66,75,57,99,67,69,22,96,69,25,32,18,83,85,83,34,98,93,87,21,73,58,71,10,95,72,91,11,10,26,31,92,66,83,64,30,45,49,53,33,66,74,47,35,10,99,11,38,87,79,73,74,91,15,63,46,64,53,82,49,86,21,94,79,63,79,92,48,86,93,75,72,99,44,87,100,34,99,32,10,36,84,28,31,58,80,61,74,70,13,92,97,36,70,56,57,72,78,57,46,51,71,100,98,59,51,37,10,84,28,43,63,46,36,12,74,24,38,26,29,32,54,68,57,12,43,19,27,30,63,60,49,40,98,57,10,83,45,50,57,92,92
E211,66,39,22,46,82,29,94,64,64,32,28,94,42,72,66,64,10,35,81,29,97,74,17,71,18,17,16,28,42,50,77,77,96,64,44,24,90,68,93,85,40,86,87,59,88,71,87,41,94,91,38,88,35,41,74,35,35,77,67,64,80,75,36,80,61,76,84,77,29,54,75,25,67,36,81,65,78,23,58,54,33,28,41,52,14,72,91,87,100,90,88,40,71,79,72,39,90,56,27,24,84,87,76,13,58,76,42,86,61,13,95,35,36,47,32,86,88,54,17,79,60,69,29,29,62,94,90,65,33,78,21,17,67,61,66,68,66,78,62,66,95,39,99,87,71,19,78,18,87,15,55,93,83,66,43,65,74,83,82,39,37,14,56,37,98,72,45,15,95,64,30,42,27,59,25,17,100,40,40,29,45,81,98,70,73,34,59,54,23,77,78,45,87,24,88,78,62,60,20,37,28,84,48,12,61,40,56,70,33,43,69,61,36,86,80,54,70,28,60,94,99,76,51,14,11,69,27,80,96,100,48,39,75,92,98,55,77,11,13,84,89,85,75,64,65,97,99,82,30,99,44,92,50,98,12,51,18,44,88,13,49,74,69,38,54,87,72,57,44,38,46,51,40,58,47,89,82,60,22,17,72,73,83,87,91,66,68,28,29,30,28,99,64,49,58,96,20,51,40,40
E212,14,11,28,73,11,27,68,56,17,70,63,88,70,98,65,98,82,41,78,98,14,50,23,42,55,40,80,58,93,86,96,11,24,65,76,19,29,14,73,53,10,16,13,61,88,89,97,20,54,56,77,54,82,38,84,94,30,28,43,42,50,55,65,53,33,37,33,26,22,48,78,88,49,45,20,34,89,83,83,57,93,20,67,61,82,86,35,36,16,40,80,20,50,65,84,51,85,15,71,11,54,94,96,65,86,57,100,18,11,65,36,62,24,93,18,27,76,72,47,15,100,74,92,24,18,68,34,13,97,58,83,86,39,77,28,18,45,50,26,79,66,76,84,87,84,82,60,27,74,83,40,10,92,33,80,46,17,56,28,19,74,55,16,51,59,16,81,34,23,83,22,29,93,62,16,43,99,79,55,77,82,63,51,43,88,80,18,80,44,44,11,86,40,79,64,55,49,68,18,89,33,73,92,16,97,57,42,75,68,49,77,70,14,53,61,58,29,38,13,16,57,60,10,84,93,49,44,90,60,23,56,11,22,27,96,38,52,16,63,60,90,57,58,65,17,56,13,54,89,12,75,56,92,57,99,68,64,52,72,78,83,37,70,83,99,41,84,22,87,49,72,44,38,69,29,82,85,15,100,34,51,29,20,98,82,59,12,85,25,13,27,68,64,44,73,19,49,33,42,96
E213,93,39,31,20,22,19,90,84,16,26,65,92,63,96,27,40,72,67,34,90,80,23,38,41,10,88,78,41,22,43,57,30,41,72,78,11,36,49,59,37,35,33,75,66,43,91,29,56,63,50,61,80,60,62,78,14,94,52,80,15,14,16,56,81,83,94,54,99,37,79,24,51,70,57,16,21,50,44,38,97,79,98,52,68,79,23,81,91,16,71,68,89,45,89,23,46,77,76,24,54,95,91,24,47,44,64,62,21,86,94,86,53,42,24,68,21,14,10,62,56,63,28,60,60,64,78,80,56,47,50,95,52,40,91,97,61,38,73,73,64,65,56,87,89,55,89,86,15,31,94,39,45,46,26,39,81,23,64,33,33,58,64,44,75,49,88,92,23,77,92,60,22,49,59,30,80,76,39,61,37,52,78,17,94,57,36,35,21,94,56,20,90,35,19,96,35,54,65,24,23,66,10,30,72,74,47,70,34,48,49,68,83,34,67,31,32,39,89,24,71,58,19,88,99,62,81,30,31,54,76,79,53,95,76,44,94,35,25,37,91,100,50,99,97,97,73,48,11,77,67,49,67,45,13,67,34,88,71,29,83,90,63,23,72,54,62,53,66,72,85,83,17,59,25,74,41,47,43,29,52,25,21,74,14,86,50,43,52,50,19,84,94,26,47,23,57,26,75,65,40
E214,49,80,42,10,18,64,21,95,67,16,93,95,58,42,87,25,48,49,51,37,41,73,98,54,32,12,22,56,58,88,22,45,65,96,23,58,97,48,19,54,70,39,34,70,64,76,44,10,89,21,35,44,19,90,72,74,18,11,89,10,72,24,83,57,71,92,23,94,48,54,23,49,84,55,22,45,84,98,93,55,51,78,34,79,72,37,59,80,14,69,32,86,60,64,19,76,16,78,42,40,76,76,18,58,79,49,77,27,69,31,35,93,12,86,87,14,68,12,49,59,45,42,53,10,40,12,94,10,58,95,10,43,55,25,96,88,88,16,75,20,75,71,39,37,16,13,32,73,91,58,40,27,68,33,31,36,73,38,64,88,51,17,43,36,28,93,59,15,52,84,16,43,69,39,55,36,51,28,31,63,94,56,43,85,36,16,54,36,82,69,34,49,57,22,34,96,94,54,88,85,65,47,28,63,17,91,58,17,13,88,81,89,100,68,30,69,42,11,99,50,21,43,93,99,41,24,59,47,21,18,87,88,21,99,35,65,56,63,49,16,92,30,99,56,46,32,64,15,15,62,26,79,92,83,94,33,31,34,76,43,36,56,69,87,88,34,78,92,86,50,83,48,57,81,82,31,29,51,18,92,71,45,72,51,32,86,44,89,66,68,55,60,56,50,23,30,75,75,96,89
E215,95,52,65,35,78,34,64,72,62,64,54,68,17,36,20,10,20,31,26,90,19,41,38,92,99,76,73,55,36,92,97,43,32,19,48,46,75,37,52,46,96,52,68,46,82,74,77,90,39,89,64,76,35,81,98,26,56,29,57,46,37,14,89,34,53,98,41,53,32,18,55,18,72,35,97,46,58,63,12,65,78,83,91,82,29,42,70,23,55,70,51,63,23,12,79,15,95,19,14,37,12,30,32,23,27,36,84,53,56,23,32,22,63,86,75,38,27,34,29,81,55,43,22,43,26,31,62,39,90,27,62,26,24,47,43,50,35,70,23,53,92,14,44,51,25,89,60,72,79,66,73,80,74,14,20,96,25,91,55,87,22,36,32,64,78,48,33,35,32,100,97,60,34,53,55,44,63,88,97,15,36,34,59,82,100,34,21,14,53,66,20,82,68,41,32,35,100,80,22,55,47,53,53,27,68,81,70,65,91,30,90,58,10,33,37,52,64,46,12,96,84,39,11,89,88,88,78,65,75,87,20,86,57,11,71,99,81,65,73,82,60,82,83,87,82,37,95,77,23,82,92,25,90,82,47,81,97,68,44,59,25,32,40,94,20,86,99,94,11,14,28,47,21,56,53,24,73,51,76,60,37,67,36,52,36,35,31,70,14,26,74,85,87,61,62,65,74,65,78,57
E216,79,44,37,18,21,59,30,18,17,95,98,61,55,20,49,99,88,42,69,36,88,61,56,97,47,35,20,12,53,55,66,73,18,94,15,36,97,17,94,28,69,52,83,63,15,81,90,79,84,52,80,59,88,67,87,34,52,76,48,36,42,30,34,22,43,82,45,52,31,22,31,54,100,80,65,15,64,27,92,10,89,75,23,80,15,97,44,16,93,83,89,84,24,50,25,48,23,47,10,55,17,81,54,11,95,20,100,40,96,44,71,90,44,30,86,98,61,38,63,42,19,33,31,62,48,67,27,50,98,44,98,38,99,83,32,46,53,37,86,60,11,47,26,42,13,78,20,68,46,100,90,45,27,57,96,40,83,99,99,61,77,93,53,90,33,67,65,74,32,12,82,22,80,92,80,23,31,29,49,59,59,25,43,30,78,15,87,72,10,30,11,87,69,85,100,11,87,65,96,41,55,22,97,50,89,19,19,70,53,93,37,40,25,66,17,27,95,54,36,40,73,86,70,10,78,59,16,49,92,40,69,71,54,80,68,33,57,35,69,21,73,27,14,97,24,51,39,40,39,13,10,35,33,53,58,83,63,44,66,42,18,34,40,18,22,55,21,86,63,74,39,88,47,79,98,48,30,28,62,93,65,35,21,57,48,37,12,85,88,13,36,92,93,49,98,82,25,41,19,55
E217,58,91,53,35,100,58,65,73,21,36,61,49,63,100,35,52,20,48,51,31,33,75,91,27,37,27,51,97,37,49,75,94,51,33,86,67,88,82,37,42,86,62,55,66,68,50,80,40,92,38,54,32,25,95,87,73,10,97,59,47,10,65,46,21,28,35,98,92,19,51,45,15,29,49,43,68,74,36,11,67,52,11,23,61,35,28,73,91,12,34,93,44,83,24,42,23,12,96,54,26,58,87,90,60,35,62,48,31,69,29,19,33,61,43,97,50,46,35,59,72,63,75,92,71,88,65,71,94,49,59,71,90,33,59,86,75,62,100,34,10,21,98,39,36,38,26,72,88,81,80,27,22,67,10,31,92,63,95,71,25,87,82,59,19,47,87,46,89,22,79,55,25,49,68,55,64,25,63,15,36,79,46,84,51,98,29,60,13,63,75,33,30,74,68,82,50,100,61,19,49,20,11,82,58,58,18,96,57,88,31,89,34,30,53,67,77,86,15,80,74,52,15,64,82,11,34,17,100,38,46,71,19,20,33,16,27,70,37,13,93,27,39,77,90,56,91,83,52,99,22,98,97,27,85,90,29,14,69,29,28,35,15,36,41,57,80,29,38,38,83,79,89,96,55,18,23,99,25,40,90,89,84,73,70,41,79,94,68,87,30,66,80,69,59,66,78,30,41,60,10
E218,91,80,47,33,26,85,59,62,52,23,48,42,97,43,75,58,53,68,44,35,13,61,29,12,58,77,18,49,96,96,81,91,48,82,88,90,25,85,74,99,66,28,16,32,85,75,20,18,36,11,10,76,44,40,92,37,84,25,47,20,84,100,80,24,19,99,91,66,85,62,41,34,12,90,53,10,68,45,83,53,16,46,46,40,31,66,22,85,31,83,81,93,10,28,100,76,45,93,43,24,62,21,96,58,85,37,97,62,32,44,17,76,77,52,24,93,93,64,39,26,40,74,23,35,72,11,50,71,95,47,19,14,41,70,62,30,32,63,52,86,44,25,51,26,56,78,36,77,54,20,65,39,50,73,76,19,25,62,46,45,65,62,74,45,71,23,34,31,97,89,17,22,17,32,87,93,22,53,76,96,53,97,25,22,80,57,77,20,25,16,22,46,59,15,26,34,57,41,53,91,85,60,75,30,75,85,11,22,44,16,78,24,27,98,41,53,64,39,20,61,73,58,60,16,28,67,22,60,81,84,33,69,77,91,81,81,45,69,75,97,68,21,79,19,88,35,78,39,49,73,95,66,15,54,21,11,92,42,70,39,10,90,81,13,33,76,31,22,37,24,100,20,99,48,75,32,49,90,21,48,39,12,45,47,49,58,82,69,78,90,85,47,28,51,82,62,38,48,84,12
E219,12,21,85,67,63,77,87,38,41,45,56,10,17,43,23,89,56,21,95,21,35,90,15,37,13,66,59,59,19,71,10,59,99,23,59,97,61,81,44,62,49,98,78,96,27,92,13,86,76,72,26,77,49,76,19,75,23,78,59,83,60,87,27,38,45,42,42,17,51,57,66,28,49,73,69,31,20,38,83,62,35,93,61,29,13,100,84,19,62,10,94,44,84,96,47,24,71,99,30,34,18,89,13,18,66,17,99,59,64,77,58,41,66,27,22,99,79,56,81,83,37,54,75,42,93,16,49,71,15,56,98,68,21,30,63,50,59,54,59,98,45,22,97,64,50,60,59,63,68,22,52,68,24,20,25,27,14,73,12,23,76,98,94,12,98,53,90,77,82,34,57,82,64,72,90,85,33,62,33,56,53,27,54,68,63,20,54,13,40,34,54,87,90,75,92,43,78,16,76,63,18,74,65,96,95,98,91,76,34,11,42,36,45,28,30,85,87,95,73,79,57,37,26,25,98,98,10,18,40,38,84,79,82,37,11,82,11,45,10,16,41,72,63,54,80,49,94,82,94,12,23,48,15,53,65,52,10,28,55,67,80,72,14,96,86,15,88,51,88,17,28,97,69,87,82,10,44,60,34,60,87,18,86,83,24,76,34,76,63,44,77,79,34,58,27,62,85,63,20,62
E220,99,34,59,66,95,70,18,68,100,68,50,33,86,62,97,83,100,48,96,33,98,59,89,22,55,44,100,79,90,88,69,79,79,21,95,91,43,22,98,27,43,51,30,66,70,14,56,14,78,70,53,53,15,51,65,30,43,47,78,20,79,78,78,94,59,66,76,85,57,13,22,38,83,24,83,35,77,69,17,66,45,20,48,31,12,22,40,45,89,94,78,49,37,80,32,79,94,19,49,12,47,59,32,49,70,78,65,97,35,55,66,33,37,62,94,30,71,39,39,16,74,94,83,11,40,49,50,47,49,60,93,74,46,41,32,18,15,86,51,47,86,59,81,63,23,72,68,95,34,17,70,82,10,83,89,19,98,83,88,92,91,93,74,45,60,67,63,18,69,12,86,83,57,25,21,15,37,54,61,30,50,71,98,60,27,18,17,90,86,14,28,77,13,54,68,85,99,53,57,12,13,17,42,48,45,19,54,64,58,97,40,15,57,67,30,73,57,65,29,33,12,30,24,67,50,79,82,32,81,37,82,99,12,51,34,68,13,25,39,92,71,100,60,99,13,95,68,33,10,95,37,29,45,76,87,34,28,39,92,69,71,56,63,72,70,88,44,58,59,79,51,36,33,45,24,47,74,46,29,63,93,81,87,75,80,14,72,66,55,70,91,46,65,54,77,53,96,66,80,57
E221,60,48,56,21,99,84,32,45,27,67,82,40,43,59,78,97,26,93,88,95,81,56,21,61,54,28,33,95,76,72,36,51,23,21,80,69,71,77,60,40,43,90,18,45,46,81,71,95,72,66,48,66,62,35,84,67,94,19,12,34,18,77,78,66,32,73,72,82,63,17,62,95,79,74,76,95,58,66,95,46,32,11,52,97,99,13,95,51,70,78,47,61,32,28,18,61,36,43,62,52,21,78,61,50,24,54,39,20,26,18,47,19,96,39,76,26,90,88,74,92,71,89,16,78,65,94,75,64,50,23,91,42,65,62,16,23,73,11,54,82,40,88,63,69,14,23,98,52,57,98,31,33,59,49,19,27,43,59,57,52,29,98,94,86,56,72,81,67,35,50,24,58,79,40,27,10,33,30,69,25,20,37,93,20,74,16,17,28,20,45,86,76,16,14,78,42,66,97,50,52,56,67,97,72,41,47,97,92,37,29,81,33,39,87,18,34,26,94,100,18,80,91,40,63,59,84,43,89,76,41,55,85,75,92,11,77,44,59,86,76,73,36,27,83,68,50,75,44,52,64,28,70,23,92,34,69,16,90,28,43,48,60,88,77,45,54,82,79,88,13,87,17,58,61,13,83,48,69,77,35,16,63,28,64,47,61,52,74,78,82,85,80,73,32,44,44,48,59,41,20
E222,28,77,97,45,27,97,15,84,32,68,49,84,41,97,82,15,85,76,21,97,20,28,27,14,33,19,53,93,22,27,92,97,74,55,20,36,59,75,45,14,51,47,23,59,95,52,31,39,72,11,10,78,67,73,70,57,19,88,16,15,36,32,30,65,13,70,40,46,69,75,46,40,30,64,69,42,78,49,64,44,91,38,19,17,36,27,37,39,79,94,55,42,41,67,65,71,40,17,55,80,53,78,32,19,89,64,45,53,87,88,63,79,29,27,44,36,21,27,97,95,20,29,55,56,74,74,88,76,35,88,31,98,36,12,71,79,25,44,24,26,52,69,12,94,62,67,17,68,73,89,100,96,93,92,33,48,42,53,48,70,51,93,87,66,18,23,39,24,57,98,63,77,72,36,24,96,15,26,48,30,59,47,50,86,64,39,83,45,64,77,46,57,75,37,100,22,11,83,11,34,54,81,96,54,74,70,27,58,34,97,33,98,70,54,14,33,72,91,19,87,29,59,49,33,24,10,32,40,80,66,30,76,80,13,72,41,65,63,91,49,82,73,15,58,93,89,50,84,100,89,10,97,90,24,82,61,94,90,44,38,94,40,54,62,28,34,84,52,13,32,19,19,25,75,70,10,97,15,10,15,78,27,32,26,17,55,40,26,31,15,79,85,40,83,55,59,16,77,83,77
E223,13,47,64,59,19,67,24,11,21,46,70,78,33,43,69,55,82,88,22,25,72,34,82,15,60,63,51,17,61,75,77,90,74,56,69,64,14,33,69,35,25,64,12,40,54,16,29,98,49,53,11,60,35,26,69,17,98,98,96,54,29,45,21,94,64,87,42,91,50,65,48,58,78,63,58,69,60,91,94,42,62,88,25,45,31,74,49,11,12,10,11,99,24,37,66,43,34,67,75,44,72,22,12,70,40,74,32,34,33,28,51,94,97,79,98,38,38,71,64,31,92,28,36,40,44,52,15,24,53,45,25,70,73,61,57,69,78,63,65,20,15,99,93,16,14,12,54,86,21,25,77,58,30,92,44,73,87,40,89,37,90,36,48,75,95,83,20,46,17,26,60,85,92,96,59,38,21,50,99,54,91,54,96,77,16,93,12,74,71,57,73,53,68,52,22,98,37,24,75,38,80,27,34,72,16,95,78,45,45,42,59,78,91,50,12,23,95,35,90,79,21,41,74,56,96,48,23,80,49,32,88,38,30,61,45,51,68,15,18,70,67,41,39,72,94,14,18,16,64,56,34,61,15,54,47,82,72,20,33,70,83,39,20,90,14,78,29,59,31,92,92,71,69,50,63,86,87,100,88,10,65,98,12,48,24,74,65,88,59,11,88,56,59,61,22,20,81,33,80,83
E224,26,21,100,12,71,50,74,65,48,38,56,81,40,12,84,73,51,38,35,98,58,35,24,43,84,27,74,90,85,62,84,22,76,97,61,25,94,70,50,92,60,79,65,37,42,50,94,45,85,58,45,95,97,31,32,13,63,82,83,95,29,53,53,77,40,16,11,35,54,78,17,94,99,100,80,68,57,61,90,41,42,47,88,22,15,74,76,54,39,47,81,79,40,20,87,33,66,30,67,66,74,36,46,16,73,84,97,90,34,27,74,20,81,21,59,94,70,21,72,67,95,22,25,10,38,46,15,32,16,72,38,65,18,73,49,50,68,43,23,70,90,88,18,74,44,91,77,10,12,17,13,11,21,39,40,17,97,91,31,25,45,80,85,12,42,11,20,21,41,92,83,30,23,55,94,91,81,19,84,29,69,72,28,44,46,41,92,67,100,63,46,51,58,19,76,49,64,81,83,22,57,98,91,79,35,36,60,52,89,66,49,72,15,90,85,23,47,75,69,98,25,87,33,99,96,87,11,75,38,38,76,26,58,54,64,25,82,70,78,91,84,58,79,19,27,58,61,62,97,88,84,25,59,83,82,30,68,67,96,13,96,74,91,64,99,58,55,68,47,78,64,57,86,67,66,94,50,86,69,72,65,71,37,98,95,90,74,12,15,69,50,14,62,77,27,34,93,41,70,40
E225,38,82,40,45,69,46,98,21,95,32,65,73,81,74,61,53,67,16,67,41,92,79,57,43,61,10,56,29,20,68,36,27,18,41,37,10,91,52,75,66,97,81,84,31,90,75,77,11,31,96,30,85,94,54,52,73,60,89,37,17,75,76,78,37,73,97,14,66,86,84,18,98,96,86,11,63,26,34,97,94,93,20,54,46,38,49,47,89,20,82,72,49,68,10,91,79,46,79,60,72,25,24,100,66,30,47,88,77,90,50,84,58,40,42,35,64,57,16,88,42,23,63,28,90,99,98,60,68,32,44,11,74,87,58,30,81,95,73,17,20,41,28,22,57,60,64,67,17,18,96,89,19,75,69,25,69,24,10,44,52,88,83,86,30,15,70,20,76,87,80,95,12,29,32,20,41,23,81,84,92,60,14,50,14,34,49,59,23,91,21,70,40,47,21,71,100,42,21,45,62,54,56,48,51,20,33,41,36,53,56,85,19,63,48,89,21,54,93,62,61,34,13,98,35,58,35,39,75,62,49,75,61,52,12,16,67,47,43,36,51,32,50,93,10,18,82,21,62,56,39,60,43,69,12,60,93,65,88,64,90,96,71,72,74,90,22,36,43,18,49,53,29,45,45,80,65,45,84,18,97,50,37,54,13,83,12,95,43,35,54,19,76,45,15,58,36,86,29,86,42
E226,91,61,56,22,36,28,68,20,16,14,48,89,93,84,23,32,64,45,40,76,43,70,13,88,81,22,83,30,92,12,56,16,87,22,59,37,40,82,96,29,94,41,60,26,50,84,38,27,80,64,56,72,25,24,98,87,31,100,47,83,23,27,75,37,10,13,64,32,40,78,24,75,37,93,89,31,44,56,24,63,73,83,21,73,67,61,25,97,83,65,11,72,89,20,22,70,28,88,29,40,39,100,51,82,25,41,36,56,36,20,57,41,55,65,31,79,68,27,49,55,99,91,12,44,98,13,83,42,23,44,67,95,73,21,64,80,31,78,95,88,78,32,19,78,93,26,47,46,59,80,30,22,61,34,58,26,86,72,10,37,76,65,92,46,92,99,94,91,92,66,39,28,30,37,27,27,42,30,65,35,67,81,37,60,75,20,30,53,42,23,47,53,27,76,72,79,45,71,54,88,10,45,43,69,46,99,21,66,64,49,37,44,44,19,10,54,68,85,48,95,14,59,98,51,33,54,37,32,84,41,90,26,44,48,44,94,78,39,45,57,25,83,85,57,50,10,80,93,99,87,67,71,50,43,73,27,79,25,51,95,67,13,64,64,32,54,10,23,100,64,32,33,13,48,34,94,67,66,25,43,88,46,80,70,31,46,76,42,84,26,64,24,54,32,76,97,96,40,10,51
E227,64,80,27,16,81,16,75,32,12,70,92,74,10,86,74,75,33,31,14,84,26,55,32,90,24,10,92,100,85,45,28,35,91,54,96,43,72,82,20,37,16,30,72,84,26,85,84,11,31,50,21,12,11,96,31,31,71,86,81,27,56,69,83,83,75,77,41,52,88,98,95,42,37,31,65,14,39,32,31,48,16,80,10,93,69,70,92,14,11,39,71,78,23,72,23,54,16,58,79,51,28,47,58,11,74,75,81,84,57,83,30,96,16,79,51,24,55,20,33,27,92,75,63,59,15,12,83,84,89,68,98,47,83,45,24,23,66,24,57,84,17,40,61,47,74,72,41,70,26,99,54,88,96,94,12,23,28,50,87,83,64,74,45,76,98,36,44,39,99,27,82,97,98,66,79,94,64,90,72,19,52,49,94,33,82,98,53,96,89,86,51,72,20,84,48,66,95,93,73,16,15,69,21,86,20,92,100,16,39,56,34,38,61,38,54,89,29,24,90,70,32,35,44,11,53,90,21,57,51,78,79,92,65,63,41,24,94,93,44,95,38,79,69,17,58,24,18,53,48,28,24,24,99,76,74,89,53,88,42,86,100,24,89,28,100,59,51,95,84,52,25,70,36,39,60,93,59,64,49,80,25,45,38,21,37,67,43,12,10,99,21,82,79,17,24,23,10,62,41,81
E228,31,33,45,44,40,30,59,54,43,82,50,20,95,75,87,90,94,74,25,92,84,72,74,93,94,52,51,18,67,86,24,54,46,40,61,84,81,15,92,37,44,56,87,42,78,86,36,13,46,88,44,16,77,15,87,18,14,10,63,85,51,61,88,79,21,87,78,99,37,34,34,20,60,70,85,31,59,59,46,12,99,40,100,16,67,54,10,53,82,83,82,13,93,65,45,12,76,24,17,58,67,24,17,83,23,66,89,58,57,22,12,51,87,30,13,79,58,52,37,73,47,84,44,55,98,55,78,35,86,34,20,77,56,65,59,52,42,82,41,42,69,75,23,28,62,76,80,75,25,10,70,90,90,81,58,100,90,95,40,32,17,20,86,69,15,90,37,12,72,90,77,25,69,64,26,41,32,51,52,77,79,24,20,92,89,93,24,31,66,69,63,22,56,22,79,13,67,74,44,49,26,43,59,69,65,99,12,17,42,94,27,54,87,66,62,50,73,21,33,53,42,48,54,79,48,66,82,95,55,21,86,60,18,42,83,88,12,18,94,100,43,13,98,85,12,52,48,92,48,49,83,64,31,93,57,28,24,63,54,41,80,88,68,37,84,96,16,68,61,59,61,72,55,99,29,42,92,48,33,11,40,23,51,71,85,85,73,11,61,54,81,18,23,26,45,57,17,70,66,80
E229,39,65,38,51,15,96,89,63,75,16,23,82,27,28,68,25,63,63,31,36,87,92,39,55,33,63,10,20,69,90,67,32,63,53,52,74,18,36,26,65,22,34,52,93,43,27,67,10,20,95,80,26,37,35,92,26,92,90,17,16,31,51,97,38,15,45,61,70,49,12,68,22,79,57,38,39,24,19,53,61,47,99,74,38,51,63,32,81,68,53,34,97,23,75,43,79,40,40,58,46,82,29,24,54,29,100,85,63,42,56,76,69,18,58,59,34,93,88,36,16,36,26,30,22,65,80,75,15,69,10,22,75,29,20,99,52,53,72,43,96,21,27,57,22,32,23,79,79,34,98,34,47,11,93,19,70,83,19,85,48,44,99,100,53,90,56,70,65,59,84,58,29,54,35,62,67,23,23,72,25,27,15,39,49,56,98,71,98,44,25,90,66,53,58,54,89,32,36,10,16,26,33,47,32,26,39,67,21,61,59,49,39,37,94,34,98,55,20,86,89,89,67,90,30,18,18,18,50,27,88,30,66,11,88,97,84,37,17,63,70,64,90,42,26,16,91,99,24,21,73,98,41,19,15,19,15,88,24,13,97,43,60,14,16,52,33,92,15,49,84,53,59,63,78,61,100,54,21,12,35,80,86,55,36,70,97,91,33,27,68,100,77,39,83,33,86,11,31,53,37
E230,33,49,44,77,79,79,12,72,62,86,100,65,55,69,70,61,50,49,37,83,55,86,31,80,82,22,42,64,40,19,31,93,47,53,97,40,43,68,43,84,100,97,18,19,61,14,75,43,96,69,79,97,25,81,30,28,30,37,92,44,96,44,91,83,47,45,68,95,48,78,48,77,55,95,60,89,49,48,52,20,99,43,32,25,90,57,69,27,89,85,21,42,26,58,17,71,18,38,35,84,20,44,39,78,26,66,61,46,94,60,24,26,37,86,55,51,43,56,91,28,52,83,24,36,66,32,11,62,69,66,91,95,37,17,89,96,68,81,13,40,88,88,37,42,61,81,60,30,16,71,53,37,82,24,86,21,94,91,84,34,80,30,76,97,82,20,75,36,51,11,66,40,89,74,48,78,91,51,53,11,56,14,60,75,25,54,22,97,21,43,63,27,68,74,52,60,91,62,30,19,70,100,60,30,96,69,32,49,39,74,25,49,44,56,62,54,20,100,44,85,87,67,53,36,93,14,18,47,43,59,37,41,79,43,51,51,46,52,10,21,26,93,28,27,19,88,97,76,92,74,48,81,22,36,20,26,16,55,87,41,17,80,83,76,89,39,13,82,99,29,93,33,29,15,31,49,18,73,64,62,85,66,15,97,61,77,35,99,80,30,80,31,58,100,62,67,47,17,97,12
E231,95,10,86,94,71,72,38,51,98,47,84,94,62,33,56,95,86,54,85,12,24,28,21,37,56,52,34,16,25,30,53,38,42,97,35,65,43,59,64,84,38,69,17,64,70,91,52,65,48,47,12,36,90,21,44,75,32,33,25,19,89,43,52,99,73,33,12,54,57,50,39,30,22,60,93,80,51,55,50,10,29,59,86,46,57,11,55,76,36,60,16,69,30,29,81,74,46,84,83,35,84,29,78,91,81,62,59,74,84,77,11,22,13,61,90,96,53,33,77,54,46,49,35,14,50,32,94,37,64,23,42,22,65,39,93,66,12,68,91,30,73,43,100,27,13,15,94,91,54,16,33,93,89,47,10,66,82,88,39,87,66,70,81,75,20,16,43,75,57,84,22,54,86,13,55,43,31,47,81,67,76,46,91,15,49,23,49,73,23,43,10,97,75,76,69,72,83,54,19,51,99,61,88,85,30,27,85,24,92,35,68,90,84,14,90,18,60,80,77,46,96,11,49,99,71,61,98,40,39,11,89,98,84,49,70,92,86,22,49,23,50,93,83,33,74,48,27,69,58,72,68,45,23,65,53,40,66,45,62,58,66,81,53,63,36,97,66,22,58,47,40,60,18,93,100,24,22,61,76,57,85,57,27,49,19,73,25,65,76,73,48,72,80,30,50,62,91,41,44,36
E232,32,51,21,11,25,20,13,31,94,81,76,35,98,25,44,83,95,18,44,19,16,20,21,26,15,20,92,68,49,69,43,99,81,21,50,97,70,82,65,22,85,45,26,34,74,17,33,18,32,42,51,98,78,29,43,71,11,75,13,73,15,84,33,69,76,92,56,67,44,34,62,98,46,30,52,45,32,96,49,96,69,17,32,59,89,23,90,50,94,47,61,61,65,87,90,26,10,71,99,32,83,68,29,26,40,99,24,76,92,66,13,75,62,98,40,36,48,45,54,39,84,66,56,15,80,32,82,93,12,98,35,75,51,59,99,86,74,15,27,81,48,45,10,29,67,76,35,63,98,26,94,58,80,45,89,47,23,97,96,47,68,86,17,43,46,68,51,20,54,40,72,91,87,31,61,91,12,65,12,79,26,41,97,76,28,11,97,12,11,97,91,32,86,70,78,11,63,91,71,80,27,90,44,64,50,90,50,35,10,88,28,29,33,31,25,26,75,80,23,61,89,12,36,50,78,37,32,29,39,31,73,28,38,49,43,27,44,19,60,17,76,37,81,77,92,95,20,42,79,84,92,86,44,79,95,31,95,31,37,97,34,26,32,74,48,64,60,25,87,84,82,66,20,15,75,100,22,75,61,35,28,24,40,92,39,67,98,50,97,32,20,43,54,94,55,48,42,67,26,29
E233,71,13,16,43,76,88,97,91,89,73,43,42,31,32,94,53,88,97,67,35,14,37,72,42,75,56,92,16,77,37,66,44,38,28,16,16,61,94,10,92,80,41,10,91,68,72,41,65,95,58,71,56,74,55,84,76,66,72,21,50,69,39,38,39,52,38,74,37,73,85,14,33,41,78,85,47,96,17,51,65,86,47,96,68,58,23,88,31,69,77,25,29,96,15,69,87,90,61,29,45,79,14,83,88,55,30,30,43,94,27,68,51,64,24,67,41,67,29,16,20,70,98,12,18,24,67,51,91,52,52,98,60,68,68,47,71,41,57,24,15,63,68,48,48,43,98,87,87,75,82,15,100,72,25,99,61,72,90,72,76,75,16,40,12,31,46,83,27,38,96,96,10,11,81,37,38,48,25,78,71,25,50,100,50,97,12,35,88,90,34,17,39,75,11,34,57,44,36,23,41,66,38,23,29,83,57,98,13,44,80,75,90,79,23,88,79,73,99,56,82,82,69,39,27,98,32,92,84,27,71,77,14,89,85,28,76,40,99,94,83,79,60,36,83,22,90,14,63,32,13,45,64,68,81,63,35,15,38,79,18,59,84,18,83,42,79,60,71,15,69,93,58,99,88,78,62,42,44,45,85,18,25,79,54,20,15,23,53,43,95,31,66,32,51,52,68,39,11,23,74
E234,15,77,73,27,53,74,48,32,38,12,26,30,92,70,33,72,98,57,30,24,97,54,31,72,95,28,40,18,25,99,44,38,46,18,59,59,39,79,30,63,69,66,56,84,66,26,69,66,69,24,93,83,75,99,45,62,13,55,34,99,48,60,52,91,66,46,17,88,58,78,39,43,98,92,78,65,90,86,74,72,22,64,98,47,61,30,88,26,82,21,73,71,34,59,12,51,40,86,10,79,18,20,11,12,14,71,99,70,79,40,24,76,30,62,36,71,91,42,19,85,79,72,96,16,36,33,33,50,17,75,21,89,35,39,89,96,29,30,70,43,93,47,57,43,94,98,54,46,46,71,30,66,76,73,100,86,32,47,46,66,96,97,68,19,68,49,13,62,60,81,59,67,82,83,43,26,10,97,58,25,37,70,64,87,78,31,34,67,58,20,81,26,50,87,36,13,79,73,76,73,82,13,86,18,32,74,19,32,20,30,61,37,50,81,24,56,65,71,19,14,32,59,31,31,100,51,23,87,35,34,50,63,26,74,46,47,39,72,96,33,79,33,74,42,13,22,31,55,99,26,17,15,43,41,33,15,82,18,79,30,74,93,25,29,47,71,89,60,94,63,65,94,69,75,36,13,34,22,72,31,86,44,16,88,88,37,70,54,20,37,72,63,97,78,43,77,24,48,93,23
E235,86,58,73,82,88,22,81,47,51,18,89,29,10,75,44,89,64,54,41,75,53,21,82,43,15,57,61,79,47,97,54,91,84,37,98,42,16,22,16,69,56,32,80,67,100,87,89,70,31,27,53,70,94,100,51,16,26,32,53,88,41,25,94,30,33,70,31,57,44,46,96,82,56,50,90,11,41,97,11,67,83,50,79,26,52,42,64,70,66,29,40,89,58,66,95,72,76,34,82,11,66,50,20,62,35,79,10,61,64,33,61,71,89,48,11,87,98,84,14,68,36,69,27,31,89,24,73,59,45,78,11,37,61,18,46,91,95,55,48,42,13,96,33,86,20,88,56,58,52,12,95,51,76,45,81,48,19,91,44,83,32,26,78,38,51,61,14,100,27,27,85,39,55,18,20,94,72,48,75,91,61,34,63,89,41,79,15,54,78,42,60,14,70,10,94,43,39,53,95,99,23,72,57,87,34,20,66,30,64,18,14,79,96,43,51,60,35,92,19,42,67,97,85,60,23,32,63,52,16,77,78,87,87,72,56,52,74,50,34,70,85,86,95,71,78,75,20,64,63,75,91,15,89,61,52,19,23,83,80,74,80,67,46,92,48,100,70,34,33,20,70,91,67,75,51,47,50,69,46,71,97,69,12,60,15,76,91,53,53,80,74,95,34,49,79,57,63,46,39,31
E236,69,100,56,49,20,19,51,64,56,29,70,68,16,20,92,54,59,30,59,61,89,82,78,20,79,17,57,26,67,85,29,13,15,81,51,42,60,40,23,64,45,62,15,61,97,61,91,49,82,35,30,40,72,52,52,98,78,36,75,76,35,38,39,93,21,43,84,41,93,29,55,46,75,51,83,97,31,74,90,32,11,60,64,65,51,36,43,73,88,67,99,21,14,82,12,12,29,78,20,10,15,12,36,31,63,61,62,21,69,81,11,75,75,61,42,49,98,89,100,84,18,60,28,73,98,72,62,54,10,28,87,47,30,55,17,20,29,27,83,24,56,35,57,35,68,51,84,30,71,19,85,69,60,60,24,58,31,46,27,87,34,37,77,13,24,95,16,70,97,15,24,66,69,47,49,60,12,79,38,47,81,58,43,83,24,72,51,11,68,80,35,22,26,36,38,24,50,97,38,44,86,73,58,32,23,72,46,19,91,13,91,38,67,54,23,48,23,58,45,81,62,98,59,77,97,83,81,33,34,88,68,96,34,92,26,66,77,60,14,30,77,47,99,89,62,37,56,56,55,93,95,12,18,28,18,94,86,95,82,20,43,96,85,85,54,26,51,34,53,83,56,40,10,20,83,59,56,44,82,72,17,53,89,47,42,56,96,94,85,82,22,43,50,28,19,10,27,14,91,36
E237,74,79,95,70,10,90,67,19,41,91,64,12,46,26,18,28,22,10,14,46,62,79,72,87,70,55,28,20,15,17,77,46,80,65,50,48,32,54,96,52,100,65,100,76,59,28,33,31,89,17,92,51,44,46,22,68,21,12,54,58,73,37,86,28,89,37,99,92,62,83,14,69,11,58,42,96,76,92,73,28,40,52,77,34,81,90,83,95,94,52,20,69,56,91,27,16,48,69,71,12,15,49,76,35,99,10,97,67,60,26,69,41,31,56,53,37,79,30,68,49,37,81,39,29,99,60,30,26,53,17,64,36,48,77,36,68,40,97,27,39,10,19,43,62,42,64,71,56,13,41,77,17,87,51,47,20,79,50,98,31,17,37,84,73,23,15,25,98,12,45,44,37,37,14,56,15,84,79,16,84,85,40,42,15,94,84,62,99,12,17,77,71,61,74,47,95,77,60,57,51,76,95,48,29,30,54,33,69,66,59,76,55,69,52,56,98,65,47,49,28,84,32,73,73,53,12,21,87,36,28,56,26,100,62,66,49,88,45,27,33,32,21,64,59,17,88,55,32,34,75,23,45,87,80,67,19,98,46,33,12,99,38,95,50,68,73,67,89,38,25,32,42,16,47,85,41,76,59,37,58,28,39,18,72,53,91,54,36,37,69,35,90,48,71,69,93,65,37,17,65
E238,50,78,55,75,28,68,65,55,48,90,59,89,85,18,54,96,91,80,82,72,38,91,13,91,41,72,75,51,77,23,44,95,96,98,92,49,91,26,82,77,100,35,62,78,69,62,24,89,12,68,50,13,50,60,20,22,54,55,56,22,15,73,48,86,90,79,25,81,76,61,87,58,23,21,57,81,77,87,13,18,72,19,74,66,26,85,68,11,20,33,63,74,37,92,24,55,61,31,92,43,33,17,59,16,57,91,18,22,61,89,71,63,88,11,53,44,41,52,29,61,80,26,18,87,48,100,67,20,84,10,98,26,95,41,32,73,100,23,14,99,70,41,26,53,67,56,89,27,25,33,40,14,35,48,75,88,82,91,17,51,62,42,36,20,66,27,20,17,92,93,45,60,36,18,19,77,98,59,68,12,93,18,82,78,73,78,36,54,12,97,50,48,47,56,89,34,23,80,23,38,22,29,55,47,66,10,83,84,73,34,42,23,40,55,93,12,53,45,98,10,67,62,42,71,24,93,81,97,59,98,26,90,85,44,34,62,80,98,24,34,21,47,52,39,88,46,80,93,11,69,27,12,66,78,42,54,95,76,45,52,78,48,16,32,26,30,66,71,58,97,10,26,22,80,16,64,65,72,26,52,32,67,85,34,46,42,44,54,25,85,14,61,66,72,48,92,28,18,10,81
E239,34,11,63,36,45,47,35,72,23,12,97,95,76,42,31,52,66,54,44,33,39,68,40,53,36,98,43,82,68,26,49,76,63,76,89,75,93,93,34,31,30,52,38,53,13,33,33,67,67,43,93,60,91,84,10,34,39,76,42,72,24,38,71,11,53,77,73,97,72,52,27,30,33,20,97,90,95,30,15,14,49,11,91,29,37,94,45,27,16,34,38,96,79,71,91,36,80,48,57,36,55,14,16,26,22,50,94,62,40,79,35,61,58,63,82,45,91,34,62,53,74,58,89,48,88,19,87,83,71,79,98,51,98,24,38,100,92,49,47,50,51,41,99,30,86,59,73,73,34,72,50,84,49,29,79,36,21,74,92,79,77,94,60,23,60,63,61,39,41,48,33,75,14,87,20,22,53,43,24,58,75,32,47,87,69,68,10,55,96,43,95,83,24,19,96,96,43,14,64,57,92,44,73,60,55,22,33,64,71,97,91,93,45,86,12,68,55,38,54,22,35,75,41,43,56,62,31,82,37,38,48,95,86,51,64,52,23,52,98,78,29,29,100,37,16,86,48,72,61,14,53,82,64,67,62,56,95,65,20,31,44,82,80,97,37,39,48,43,22,49,58,72,84,59,84,36,75,85,29,57,96,31,88,22,46,92,86,38,70,37,53,91,93,94,30,88,16,76,38,20
E240,20,99,60,98,94,75,63,67,98,43,43,67,77,65,77,67,35,26,10,68,18,78,21,22,61,88,42,42,24,94,80,28,60,87,73,95,20,74,69,97,17,24,53,39,83,81,96,69,44,12,54,44,19,83,18,84,84,84,48,99,87,78,91,50,94,25,25,71,46,31,59,20,49,26,28,66,49,13,47,55,20,31,31,77,97,52,74,82,92,37,93,68,13,81,24,16,40,54,67,97,45,38,21,81,82,24,14,13,49,92,84,32,42,61,14,25,29,79,90,55,43,95,93,82,83,91,68,32,61,39,22,93,52,16,75,19,11,80,65,65,66,16,44,96,26,84,55,97,67,86,12,37,51,45,95,15,59,44,29,93,77,30,38,56,82,74,45,78,74,72,60,89,94,20,78,63,46,76,98,46,19,32,20,29,40,46,82,58,14,54,87,92,36,73,15,100,60,28,69,28,38,52,27,60,44,36,58,21,24,41,76,78,70,17,100,51,70,23,65,30,89,74,45,73,57,48,74,73,15,16,82,65,42,62,25,44,58,83,88,45,75,41,75,90,55,61,15,25,65,64,74,53,80,62,68,66,77,87,52,39,27,49,89,67,53,37,88,36,15,39,92,60,19,88,83,82,36,26,58,12,41,79,98,60,24,90,57,66,92,46,26,34,60,78,35,67,77,11,96,37
E241,67,20,69,19,80,65,51,78,79,12,68,46,61,24,98,28,15,42,62,53,48,51,58,50,65,59,38,98,59,36,60,34,100,80,95,24,36,89,28,94,27,32,36,17,46,33,22,17,39,72,86,83,80,33,13,48,92,78,67,82,37,73,15,21,32,39,35,52,67,99,82,37,73,90,70,100,54,86,10,20,32,86,26,85,97,89,26,89,29,13,18,39,36,66,11,46,51,70,44,10,94,80,51,16,70,100,47,87,91,20,20,38,87,29,78,27,35,62,84,64,49,89,40,79,28,65,81,38,21,40,80,11,98,12,97,37,41,81,35,40,65,68,35,99,61,18,48,17,46,73,96,62,19,87,46,56,63,21,95,50,78,23,74,24,92,19,11,60,99,88,87,46,94,29,84,33,31,40,18,89,72,74,84,53,96,76,84,36,92,93,28,15,18,14,97,81,86,76,98,19,10,71,30,39,28,28,93,96,73,48,66,76,40,14,21,89,49,44,25,10,75,78,36,49,44,42,29,53,41,72,47,27,44,86,48,21,73,74,52,80,43,70,73,15,29,37,84,26,74,95,91,34,20,17,87,18,57,66,18,86,21,11,47,92,40,85,66,83,100,32,40,49,21,13,95,29,48,28,54,15,51,87,97,59,36,23,17,58,30,64,81,47,46,18,80,69,69,65,96,79
E242,88,63,21,98,70,64,91,78,66,99,33,82,63,26,12,48,31,85,73,56,100,79,90,21,17,21,98,49,18,16,13,77,29,54,85,91,32,37,16,59,54,22,24,71,62,81,30,51,25,50,29,74,75,13,15,49,87,63,13,56,45,63,82,13,57,15,74,48,92,92,85,52,94,21,70,11,43,26,16,46,71,36,12,77,66,81,79,66,52,26,59,38,30,31,76,42,47,24,39,39,96,34,51,80,93,16,32,97,19,17,37,71,71,11,13,28,40,37,50,79,27,35,52,13,65,32,69,49,95,20,57,70,16,75,77,35,31,74,60,14,43,22,58,22,49,38,53,45,38,48,84,24,92,100,74,83,29,49,54,95,50,67,46,93,63,90,47,39,35,39,17,44,12,37,15,95,95,99,53,80,20,74,25,56,94,75,54,40,53,10,65,26,87,29,56,78,94,14,86,86,45,88,18,82,93,42,40,66,35,40,37,18,32,88,36,99,77,58,55,53,61,80,53,94,17,30,27,11,91,78,12,57,34,79,100,48,73,96,96,83,99,29,67,86,57,18,37,33,45,60,51,19,79,34,97,57,86,22,42,65,24,90,31,15,24,43,15,68,85,74,38,45,12,10,67,66,19,97,93,63,90,17,22,13,81,38,24,66,40,49,87,82,65,35,32,22,57,56,38,93
E243,40,88,69,51,35,23,73,51,26,79,58,22,33,94,30,42,12,92,95,16,14,27,50,83,35,73,100,52,79,20,78,39,53,14,91,15,33,28,81,70,44,11,95,77,85,72,57,92,72,100,76,43,27,39,54,20,90,81,96,14,100,30,65,49,33,24,91,48,84,27,78,100,75,48,19,59,39,100,45,46,72,69,93,85,33,72,92,89,63,88,35,89,95,29,10,54,57,20,56,93,69,10,42,55,34,39,11,47,38,42,89,44,81,24,56,82,81,75,28,98,59,76,70,47,47,38,40,96,73,36,24,43,90,11,28,87,12,39,12,16,79,23,97,10,38,87,21,18,24,92,48,11,72,54,57,83,69,78,65,31,19,63,37,42,74,49,46,39,17,52,37,48,43,91,71,53,55,12,75,28,39,80,28,77,91,78,81,22,60,20,39,68,93,20,84,51,97,75,78,13,72,38,28,72,25,49,58,38,54,53,47,28,78,49,65,76,63,37,90,79,66,32,16,36,31,35,77,38,29,26,71,17,49,88,43,40,27,71,98,47,13,30,58,55,53,80,51,88,33,43,56,81,16,31,40,41,25,13,74,22,74,55,92,45,78,13,51,97,21,42,40,94,76,76,100,32,70,38,72,91,44,84,15,85,83,43,94,45,73,21,78,92,18,35,28,47,14,62,29,19
E244,46,62,22,39,37,54,43,66,34,41,70,17,31,51,51,54,98,60,34,47,90,80,25,43,24,92,55,69,68,95,24,81,17,67,42,82,27,28,94,92,34,89,64,63,56,27,78,91,56,99,23,91,43,23,85,10,75,33,67,45,50,94,67,45,57,62,54,84,93,87,29,57,12,72,64,34,39,70,98,39,63,46,35,57,39,73,24,33,22,47,60,41,16,73,17,93,17,87,52,77,36,12,42,31,79,60,37,29,40,18,16,32,61,55,98,50,73,46,71,43,97,47,87,35,60,60,72,39,51,28,22,61,12,76,41,48,15,31,74,85,68,45,10,89,37,97,84,36,44,88,98,98,60,45,70,86,35,56,38,89,100,53,59,30,23,51,47,29,100,63,27,62,68,20,77,78,87,92,30,62,71,17,21,36,65,18,84,21,62,59,66,38,33,28,25,99,92,68,93,67,54,85,45,18,48,43,72,71,32,13,45,53,38,38,66,59,85,68,86,22,99,65,27,68,61,29,44,41,83,62,94,16,61,38,14,14,69,85,77,32,36,100,37,91,81,84,19,70,74,72,36,95,90,56,63,38,89,33,19,23,74,68,80,23,59,28,59,92,83,77,71,66,38,52,96,24,16,55,97,91,89,69,37,48,48,62,76,53,10,14,89,47,67,88,96,43,68,95,85,30
E245,84,39,92,61,93,22,59,62,29,99,88,15,79,66,83,26,82,60,79,59,39,92,64,72,67,64,39,89,58,59,39,57,26,70,40,61,11,12,67,56,57,11,42,11,93,81,45,24,100,35,75,39,74,83,16,22,18,68,50,29,79,92,26,10,92,70,86,11,73,71,92,84,94,74,78,97,61,25,76,32,57,63,100,18,63,64,43,15,31,80,92,10,26,81,13,28,31,32,96,48,47,59,65,20,99,62,51,21,70,99,56,81,65,60,62,33,61,55,73,16,48,37,79,77,35,35,83,32,35,96,76,43,13,89,83,25,33,60,86,19,68,61,42,83,81,56,67,66,47,31,66,36,50,82,80,43,17,96,97,97,68,13,51,48,69,29,16,89,27,65,44,59,98,51,28,85,62,68,86,42,70,24,74,87,19,99,64,62,79,15,72,39,24,15,13,20,67,82,70,70,61,59,95,15,16,32,30,11,13,92,41,98,99,65,49,26,37,75,31,27,41,53,50,33,28,13,87,49,22,31,43,53,93,100,61,33,91,90,23,28,12,31,56,43,92,13,83,42,23,20,34,82,61,52,43,54,30,52,98,50,22,66,59,50,63,88,81,38,63,48,87,51,13,86,93,32,62,28,75,88,71,57,96,72,29,17,94,34,22,46,98,35,11,61,22,48,40,32,75,74
E246,56,77,83,89,47,67,15,86,94,84,12,63,86,83,80,24,80,82,26,38,70,19,17,43,48,84,17,73,22,94,23,38,94,64,42,64,79,88,16,59,100,78,77,69,75,50,78,13,34,86,22,28,92,68,71,89,14,53,34,95,79,73,52,19,98,74,98,89,53,37,42,33,83,67,92,16,39,82,69,73,35,39,75,10,13,42,21,42,95,34,31,93,98,63,97,92,88,49,91,48,25,11,43,27,36,28,11,14,99,97,80,59,56,79,58,32,99,98,34,38,43,81,72,77,18,88,39,48,31,21,18,46,66,92,46,60,69,50,72,38,31,99,50,20,100,90,42,23,52,63,18,68,34,21,32,45,38,29,24,84,68,83,29,42,70,99,99,61,24,69,45,16,39,51,91,36,100,14,15,52,59,76,44,25,67,29,72,36,44,17,60,82,72,52,43,24,39,33,59,34,100,10,95,23,50,17,80,92,84,26,26,88,74,35,15,85,29,28,19,38,36,69,13,42,95,51,99,15,37,92,75,62,12,73,31,89,48,34,14,62,27,74,68,34,45,52,25,27,83,57,24,88,66,96,97,28,78,52,52,79,59,73,89,40,25,58,15,92,29,70,75,64,35,47,78,66,63,56,60,22,27,77,17,62,87,54,50,30,25,23,14,99,86,52,37,20,60,24,52,58
E247,60,70,80,97,53,88,66,23,37,44,19,24,26,87,28,90,78,97,76,18,11,44,31,37,80,90,95,51,90,33,42,67,89,61,50,98,55,47,55,15,74,51,51,43,79,76,52,86,75,90,98,15,59,83,16,49,40,84,80,70,75,77,79,87,84,83,46,89,91,79,48,45,10,60,14,28,59,84,14,83,91,56,86,49,16,54,96,92,26,23,82,77,83,89,12,33,10,73,69,73,34,16,78,74,21,52,39,12,30,84,38,36,35,59,69,67,17,54,28,82,73,84,27,55,39,79,49,22,100,28,99,67,85,90,23,38,28,57,38,41,27,99,55,76,81,75,43,92,98,12,48,20,64,32,72,45,32,27,22,26,95,24,21,51,48,93,44,49,92,75,54,11,28,96,48,62,99,19,12,96,98,19,59,78,21,10,73,23,41,71,72,96,84,72,39,11,89,91,90,52,22,100,48,91,60,11,67,34,73,32,17,49,15,41,91,32,96,48,11,46,48,12,23,30,19,66,81,53,64,100,91,36,93,49,35,61,18,45,53,56,14,20,30,86,12,42,40,20,30,77,65,78,64,64,68,66,54,59,47,61,88,74,95,35,58,40,36,29,14,82,46,76,22,62,74,55,34,20,84,84,94,86,10,98,77,70,14,18,48,58,24,75,70,17,90,100,30,70,99,39
E248,89,26,44,59,69,78,39,21,49,98,59,45,30,52,13,75,76,32,40,28,43,90,35,89,62,83,65,90,49,95,67,96,72,37,29,41,72,30,42,85,31,87,31,93,21,41,39,27,49,10,60,19,76,61,97,88,92,46,61,12,55,60,85,29,67,42,57,13,56,99,62,89,55,95,77,31,58,20,64,84,22,35,45,38,90,76,96,19,29,53,81,16,33,50,60,31,20,86,66,44,70,65,16,48,48,17,48,28,44,23,46,28,98,96,63,50,58,29,64,19,60,17,42,61,48,41,13,13,66,30,49,69,60,59,98,11,55,37,19,37,88,100,71,77,36,69,46,71,58,58,87,38,73,70,71,33,49,32,42,31,71,75,49,98,19,32,78,95,72,91,62,23,27,74,28,64,23,30,45,84,88,80,69,67,87,82,86,46,94,74,19,84,49,98,14,62,100,80,25,32,68,54,61,21,11,47,14,81,64,70,34,28,51,76,60,74,44,76,19,13,58,30,45,68,19,59,54,60,88,34,90,99,78,63,50,18,33,13,53,43,24,55,26,74,13,71,74,63,48,69,71,10,24,63,84,58,27,12,29,94,40,34,58,26,72,13,61,57,41,96,81,19,36,70,79,85,52,59,98,27,35,51,47,38,56,93,18,30,85,12,49,56,79,82,63,38,100,80,55,87
E249,56,27,47,16,53,15,17,45,50,21,12,61,92,58,62,11,57,81,75,15,84,50,82,30,92,43,37,84,91,93,74,20,53,77,90,75,41,30,29,57,72,17,31,24,23,62,79,59,61,95,15,30,78,87,95,99,33,77,21,42,88,74,87,60,54,65,94,85,94,22,71,80,24,56,43,96,80,99,34,59,21,18,50,40,81,38,38,58,59,91,49,46,85,35,46,69,99,46,39,16,39,47,92,28,65,69,80,44,53,60,65,18,23,52,54,61,81,92,19,62,10,86,59,49,95,17,57,66,75,73,64,63,13,19,70,79,30,96,89,58,22,46,90,70,39,12,67,47,79,13,29,68,86,73,99,27,73,35,11,24,85,88,64,89,84,49,60,57,29,23,70,47,57,93,60,50,81,84,98,79,78,44,35,80,64,81,47,48,38,98,81,12,95,60,76,45,23,48,57,69,83,55,54,68,35,80,18,53,91,64,67,83,86,70,92,26,77,20,54,64,20,34,93,12,26,90,39,30,71,61,37,86,21,60,90,89,46,87,73,36,83,67,60,76,69,97,98,59,56,84,62,47,73,23,78,20,96,71,55,39,44,14,84,65,23,91,83,91,89,66,90,54,24,21,72,50,63,37,46,45,17,62,16,29,25,14,85,22,59,33,65,88,63,89,63,71,30,68,74,99
E250,40,37,32,32,58,36,72,35,18,82,62,76,32,48,34,63,84,74,19,26,15,15,65,70,81,98,88,67,30,64,68,25,57,64,84,21,91,48,69,11,19,30,89,79,37,96,85,42,97,55,47,20,58,45,59,13,72,97,23,54,15,10,65,91,98,96,60,54,31,80,52,35,16,14,43,51,57,70,98,93,75,61,78,52,89,33,29,29,26,16,12,59,54,96,89,71,92,67,49,92,24,48,44,27,91,17,20,74,94,10,36,46,28,10,58,80,69,32,18,73,13,45,64,63,77,70,92,13,94,95,81,25,72,88,59,28,25,20,65,71,23,28,40,15,43,59,99,53,74,38,60,56,87,87,79,10,96,90,22,62,95,63,55,79,97,23,38,64,62,99,30,31,29,14,79,58,18,97,13,27,22,40,12,100,99,56,13,83,58,40,87,83,43,72,80,34,47,77,80,19,98,44,60,10,96,81,28,43,99,66,48,11,69,82,98,48,36,49,49,46,24,95,69,57,58,64,59,21,86,60,33,21,38,31,40,84,33,89,57,11,24,96,85,71,59,20,15,34,27,23,60,53,74,100,10,81,68,29,58,95,70,96,14,98,52,94,19,24,89,38,77,78,37,96,17,87,12,44,53,90,75,21,60,95,70,33,86,20,86,41,11,44,26,14,21,81,56,84,17,54
E251,30,71,39,24,20,80,66,60,54,62,72,33,33,45,23,30,75,59,52,13,99,41,76,49,25,16,22,96,82,55,84,87,90,33,30,33,43,84,32,98,44,42,43,13,61,65,20,54,83,90,32,98,26,27,16,85,72,59,99,96,45,79,59,18,80,34,81,31,54,53,98,85,25,47,38,32,19,24,100,71,31,45,54,58,17,54,19,75,32,17,77,91,14,80,62,24,67,75,10,77,73,24,35,53,38,76,49,66,35,29,43,29,17,98,55,69,17,38,65,56,82,57,84,33,50,71,13,73,33,71,93,83,30,86,10,99,43,100,65,83,88,78,19,18,66,28,20,93,39,71,16,33,99,65,19,59,72,21,59,98,70,33,73,16,29,28,47,20,14,31,63,30,22,12,78,36,11,80,36,33,12,84,21,48,100,38,91,25,83,40,78,42,18,52,41,21,96,18,100,76,86,31,39,16,71,39,20,39,85,69,28,82,79,76,70,32,77,67,69,19,36,15,48,28,39,74,70,95,61,74,12,85,10,11,71,96,68,88,64,46,30,68,68,14,87,69,77,57,29,57,41,85,89,18,34,77,51,49,18,38,25,68,90,93,43,42,78,96,92,52,99,25,84,55,42,45,31,95,38,36,43,42,15,32,57,81,93,74,56,52,18,11,77,77,87,29,91,23,66,22
E252,10,76,95,67,45,78,51,41,20,53,87,90,86,65,46,96,60,99,11,81,67,97,27,53,42,73,73,73,52,40,75,80,25,67,65,78,38,57,34,26,45,70,77,20,24,11,94,25,64,29,24,87,76,82,71,42,46,63,84,35,21,63,81,98,21,99,54,96,96,19,59,46,88,24,88,12,73,16,90,44,45,53,24,86,98,58,46,83,33,40,13,58,98,64,18,88,11,24,71,93,44,76,47,30,50,30,44,62,69,25,86,37,17,58,93,47,72,35,98,84,13,77,71,55,34,53,78,93,82,81,36,30,44,36,52,95,87,56,24,40,34,38,18,62,86,57,44,35,27,41,33,45,63,82,38,54,55,25,63,88,73,80,76,34,94,73,70,71,30,16,49,39,82,73,25,74,75,80,96,44,28,69,24,58,89,64,50,63,46,55,56,37,86,30,76,43,12,36,44,72,65,86,61,48,57,98,44,49,10,63,60,76,86,85,48,29,53,37,30,75,34,60,84,39,10,90,80,13,19,22,92,95,79,72,32,24,93,34,82,79,34,12,31,14,98,13,55,64,90,92,53,67,31,95,35,78,64,95,25,62,16,19,79,64,18,84,23,41,65,96,44,17,98,62,85,52,79,14,56,19,75,49,15,47,92,73,72,40,55,14,40,25,75,77,48,85,68,47,18,59
E253,38,33,31,77,50,55,62,38,39,64,62,94,10,33,38,52,28,21,73,90,83,94,27,23,25,81,32,78,83,18,41,13,99,51,19,12,29,68,20,88,12,55,92,76,21,43,68,90,83,63,95,16,100,52,58,27,41,37,14,85,42,68,83,100,67,61,75,77,53,44,35,43,92,59,45,51,74,29,88,51,43,61,36,71,36,41,38,11,15,38,10,44,68,22,58,95,61,29,40,46,93,32,56,41,92,15,25,26,91,77,90,21,85,46,11,10,23,21,27,85,54,27,16,72,94,74,23,78,73,94,47,22,48,59,54,63,63,93,40,67,15,73,14,90,43,98,40,91,94,70,34,68,100,57,20,42,40,57,40,51,54,43,64,31,26,29,97,78,100,48,68,61,59,14,17,88,72,49,83,10,83,21,92,29,58,23,87,38,57,81,22,57,22,48,22,79,57,89,48,17,17,49,75,87,61,52,65,10,80,42,59,82,57,44,95,44,86,50,58,99,82,69,69,56,57,64,18,30,41,47,12,15,20,99,51,27,32,88,13,47,13,90,21,55,13,71,65,31,85,44,31,12,22,28,23,68,27,33,15,85,48,38,42,32,33,13,76,27,48,20,96,86,80,93,56,69,68,75,70,37,46,24,95,40,67,29,36,15,99,68,38,50,73,22,91,37,59,18,74,66
E254,69,42,83,73,75,85,56,36,97,56,30,51,78,50,41,50,51,91,89,83,53,25,50,44,23,47,41,63,16,46,40,80,73,26,46,40,10,79,75,47,81,61,14,64,43,93,25,48,48,29,56,98,16,82,96,58,84,34,41,73,52,99,72,83,97,16,22,51,55,12,77,79,10,64,35,83,53,76,46,52,44,54,10,90,51,100,94,92,33,87,59,54,40,71,15,42,70,62,74,17,87,80,55,60,80,40,50,16,55,22,77,40,45,49,13,33,68,56,56,43,91,72,96,16,25,45,32,85,53,12,40,90,35,64,83,41,58,79,38,48,14,29,23,25,13,44,54,48,83,76,15,90,90,90,46,59,13,60,56,34,49,91,84,37,12,89,64,62,65,35,49,87,25,63,58,16,57,51,73,67,34,83,15,43,55,53,91,47,34,63,33,38,34,20,86,90,37,19,99,29,97,19,15,81,25,25,97,15,37,79,72,70,34,80,13,14,67,73,81,86,76,22,83,98,61,80,67,11,98,63,59,65,75,94,74,48,35,35,21,65,51,14,86,79,37,38,78,18,94,33,72,27,47,87,15,23,44,16,56,49,35,86,39,45,58,89,76,86,76,43,71,94,41,75,46,41,85,50,37,72,32,57,76,11,21,53,39,95,57,76,46,83,62,29,12,14,36,33,38,14
E255,30,11,24,87,27,58,94,78,61,17,24,72,39,74,55,51,98,56,56,55,16,54,22,90,79,21,100,69,96,58,21,48,30,59,63,27,47,49,39,62,73,71,100,10,42,90,99,21,21,12,74,15,16,90,32,92,60,45,89,23,35,51,94,85,71,43,77,85,55,61,44,27,57,29,72,53,37,21,66,72,84,18,10,56,39,66,32,55,62,54,59,38,36,73,35,42,34,49,79,80,87,19,89,17,13,13,13,31,42,32,12,19,26,67,69,58,13,59,60,27,57,95,84,57,70,79,70,47,48,24,22,26,74,49,74,46,32,21,71,32,72,42,90,29,19,100,89,42,17,94,46,70,81,82,95,21,35,65,71,24,65,18,90,63,77,47,85,95,74,90,82,86,92,19,91,29,59,40,98,77,98,26,67,86,49,21,49,54,92,54,10,85,69,40,37,35,15,87,76,71,15,38,75,30,100,45,31,85,79,56,29,73,17,47,88,67,90,95,39,45,49,49,59,36,94,47,59,43,71,42,82,65,53,82,25,41,22,20,11,19,57,26,31,19,90,77,21,54,84,55,79,78,19,30,35,64,81,77,62,59,14,75,94,80,32,39,28,40,57,22,19,41,94,84,52,100,31,32,51,43,83,97,46,56,67,12,36,20,70,61,79,94,23,17,21,93,37,30,45,70
E256,16,71,34,17,75,22,47,20,45,33,38,66,55,66,45,100,53,97,45,57,93,25,66,39,92,34,10,18,62,53,99,43,74,68,60,57,67,77,21,57,82,19,63,60,55,52,91,96,21,66,28,81,59,42,29,19,37,65,16,24,71,21,48,71,30,32,96,26,87,98,46,52,35,22,82,61,100,50,20,59,46,47,22,80,94,11,52,44,11,13,76,51,38,76,11,95,94,87,44,30,12,69,88,60,98,23,99,88,85,14,90,88,69,85,79,85,64,52,83,99,20,38,22,23,81,73,12,94,76,68,76,19,52,67,43,98,84,97,25,64,72,18,64,51,65,70,16,96,83,77,65,65,73,79,78,52,25,64,80,32,12,35,81,57,28,93,76,56,69,88,48,17,18,53,46,99,20,95,57,12,61,75,84,81,53,21,23,79,80,92,21,20,58,96,72,78,72,35,44,75,17,81,51,24,99,42,88,61,62,67,57,68,94,22,99,58,83,50,47,13,27,34,22,35,46,33,97,59,81,35,88,93,95,58,85,89,54,69,22,38,91,91,88,55,69,12,15,23,64,80,47,54,18,90,28,31,44,90,17,32,38,76,66,78,88,96,34,15,35,78,24,47,69,60,16,45,10,83,60,99,33,64,28,82,30,29,54,82,55,35,66,64,31,25,10,82,80,56,35,33
E257,66,26,66,27,15,65,60,69,57,45,84,92,11,56,83,73,37,12,40,68,51,95,40,70,42,57,98,17,74,100,76,36,10,61,81,27,82,43,76,25,66,16,45,84,98,63,72,29,84,48,27,67,89,20,84,18,64,37,67,98,88,76,13,14,44,67,28,10,31,98,77,78,81,100,31,37,84,66,82,72,10,81,66,70,14,18,50,95,31,48,97,32,44,46,41,21,15,26,89,83,37,28,22,12,37,61,70,93,43,14,14,85,33,53,95,43,28,73,13,85,75,37,23,98,75,25,79,17,40,45,34,13,68,23,48,79,80,92,37,15,52,49,54,13,80,26,73,91,55,97,86,79,100,60,76,57,80,22,86,73,45,74,80,97,99,48,63,93,66,43,79,29,31,34,31,78,61,42,31,52,11,48,62,45,69,21,99,99,72,47,27,59,56,79,79,48,16,62,65,20,29,44,54,13,20,18,65,95,14,22,30,91,44,100,24,80,23,22,98,62,16,68,60,32,22,12,84,61,88,93,30,62,33,21,58,81,44,70,33,12,30,16,58,34,18,49,18,14,85,26,45,42,37,33,84,55,48,10,95,54,65,77,99,59,46,28,83,60,25,100,72,32,45,68,27,72,96,36,18,77,81,82,72,14,65,16,49,44,59,28,12,36,66,46,46,55,70,19,83,89
E258,19,95,65,97,71,35,46,99,28,90,19,42,28,21,22,45,13,69,93,81,19,39,65,94,58,49,86,26,85,11,73,17,34,76,38,82,47,32,69,24,38,43,28,48,72,17,63,95,48,95,95,82,27,26,26,50,98,66,22,63,47,16,13,45,74,100,83,56,30,43,25,44,38,91,45,100,98,56,64,49,62,60,37,87,71,20,74,15,21,27,15,59,36,40,55,73,55,91,84,88,71,89,44,86,69,50,61,68,55,63,45,58,94,64,73,58,60,66,42,83,21,38,48,99,75,23,60,84,45,11,37,31,48,28,30,24,64,99,42,55,35,99,27,96,46,46,98,91,27,25,49,61,22,11,12,46,83,75,34,50,89,15,16,52,74,22,89,81,34,64,56,19,47,61,84,17,51,86,95,20,78,39,71,62,55,36,89,68,83,14,14,51,68,78,37,42,21,12,79,16,73,55,14,85,52,17,94,37,51,44,57,24,36,65,45,14,26,99,87,48,32,29,98,15,95,96,81,52,84,51,10,34,22,28,99,22,56,53,83,55,83,88,57,83,32,44,18,87,98,66,24,65,60,53,51,37,58,15,25,79,21,23,92,70,10,36,26,80,15,95,41,29,98,55,35,78,35,60,19,46,44,99,100,89,25,70,84,29,19,93,63,53,19,49,79,25,18,22,47,62
E259,80,73,32,58,24,25,73,40,71,11,32,25,57,36,79,42,54,15,36,56,51,90,84,86,60,69,38,21,35,95,23,29,25,35,19,33,49,35,42,100,95,58,58,99,59,26,87,24,35,98,58,32,20,52,39,85,45,43,11,59,10,19,47,63,24,99,26,11,53,80,45,86,81,46,42,67,57,38,89,35,64,17,13,71,47,76,23,35,97,34,57,40,37,98,41,64,89,45,18,66,54,24,74,13,96,10,67,94,54,59,57,78,28,53,51,43,75,40,74,64,81,58,21,28,35,97,53,76,72,88,10,53,10,71,36,15,99,86,17,71,26,82,42,97,96,77,50,59,41,59,64,61,66,34,22,37,87,61,32,98,76,60,41,36,79,83,68,52,49,72,12,25,95,20,33,20,46,35,100,55,87,34,89,39,82,43,30,66,31,75,29,78,75,25,54,63,57,89,58,11,47,16,32,81,94,69,46,49,68,69,12,59,45,79,20,36,40,53,73,76,30,89,85,29,44,46,26,39,51,15,61,79,76,49,37,85,41,85,38,95,89,59,13,60,99,28,64,35,79,100,28,39,89,24,86,27,84,47,70,99,74,97,94,70,45,55,42,56,63,97,100,11,34,94,25,93,91,79,62,74,59,56,84,33,70,86,86,49,76,24,90,32,87,92,62,47,51,46,76,26
E260,68,73,25,82,54,87,20,91,25,89,85,43,24,39,61,48,49,96,67,70,30,84,22,25,79,74,46,49,15,24,42,67,99,10,81,32,35,21,97,85,58,24,70,93,28,55,75,79,27,97,94,76,43,98,43,31,66,25,91,74,13,43,56,51,88,21,32,79,87,82,57,24,30,23,91,96,71,49,91,49,66,57,64,39,60,53,25,74,37,70,13,48,68,15,100,30,34,68,25,93,98,30,56,12,58,75,33,24,27,10,38,57,75,25,40,88,90,94,66,89,94,52,20,89,97,65,91,33,99,43,57,29,43,14,56,56,74,82,69,32,39,56,86,18,82,95,89,75,76,50,55,30,31,86,29,88,66,71,14,33,56,90,84,80,46,55,81,50,50,46,27,30,14,51,47,74,67,32,83,24,33,86,74,94,98,97,82,61,67,40,41,93,56,96,97,40,68,13,90,64,37,28,36,16,10,90,19,66,20,87,55,55,71,65,34,26,86,57,93,25,60,62,26,19,54,98,64,91,70,44,81,58,36,73,46,72,16,40,92,12,37,62,60,41,76,64,95,100,16,26,59,90,75,68,24,97,68,52,74,43,12,52,38,18,78,90,80,62,52,79,51,33,33,74,75,91,70,59,25,67,30,69,44,63,17,11,41,47,21,10,57,81,81,32,77,67,13,40,57,21
E261,71,21,85,85,44,95,98,82,66,43,53,11,12,87,71,16,64,44,94,43,16,98,70,94,19,91,32,97,51,39,46,63,23,22,51,52,90,52,33,43,90,13,27,66,81,96,33,16,24,56,80,18,24,39,13,75,93,39,86,54,34,24,19,65,91,89,51,91,97,25,55,26,28,36,43,51,17,80,82,64,13,97,71,19,37,72,59,59,69,11,94,81,17,59,11,64,16,53,17,63,47,13,55,22,21,79,39,32,80,45,12,99,22,94,47,45,15,68,89,12,44,35,76,82,34,51,38,22,68,34,28,47,65,23,54,95,55,30,29,47,93,100,20,18,41,43,20,47,80,23,27,63,80,82,27,59,57,79,99,38,51,91,32,70,40,78,36,93,88,62,74,79,51,62,13,62,88,44,51,61,75,90,45,66,16,87,37,20,89,57,72,82,95,85,64,52,82,23,33,90,41,86,42,42,92,87,42,88,37,10,69,93,98,80,49,52,68,74,43,42,86,93,17,31,39,17,71,70,24,49,93,59,52,97,14,93,96,29,81,64,11,19,19,74,41,66,62,88,18,14,75,19,79,86,79,22,98,92,38,70,77,17,24,24,15,46,68,10,75,93,92,44,45,99,42,42,50,39,96,27,54,61,70,27,21,98,18,82,97,52,19,21,10,82,44,56,97,96,26,61
E262,55,77,91,26,19,62,53,55,21,48,65,32,97,11,10,10,78,75,79,76,93,70,92,63,48,23,49,40,68,66,31,30,32,74,57,51,64,84,97,34,20,45,82,39,55,46,78,81,19,15,73,35,28,69,63,19,85,96,87,15,40,67,70,67,41,21,22,11,31,50,98,34,68,94,50,84,38,36,52,79,50,24,98,54,95,18,90,47,83,45,15,95,12,73,43,65,70,27,39,85,68,89,76,78,20,23,77,74,28,22,16,66,58,97,14,51,95,83,56,50,78,94,91,97,97,69,15,42,28,57,38,98,66,69,62,85,62,71,41,26,57,44,85,60,58,13,72,10,32,80,91,70,37,73,26,36,80,13,56,68,24,29,24,61,65,33,87,59,96,59,76,90,98,33,71,39,43,31,77,82,17,93,43,31,60,79,51,97,47,47,60,10,90,93,90,94,61,74,77,83,52,74,87,87,40,28,19,89,19,95,39,34,14,45,48,26,22,71,87,51,36,48,98,78,54,63,42,54,11,46,49,63,31,43,13,49,97,93,47,22,61,37,21,64,94,59,46,22,72,17,16,17,38,38,66,85,12,42,66,44,26,24,26,15,64,96,60,12,57,96,74,13,98,78,51,63,85,10,26,81,95,84,22,90,73,16,74,74,74,11,66,28,45,29,17,71,52,40,12,81
E263,98,66,69,28,29,58,86,64,60,66,38,45,89,50,76,99,65,17,21,51,14,15,77,57,81,51,44,83,18,47,98,59,54,18,65,73,84,31,24,28,66,18,87,50,28,61,21,71,25,75,63,70,17,95,84,65,74,40,99,70,27,13,18,65,42,79,93,50,43,69,20,41,38,27,95,51,80,21,99,84,100,62,36,42,80,21,39,12,14,48,97,40,59,28,57,92,60,82,24,95,52,41,92,87,96,40,10,53,81,20,78,73,98,58,31,46,10,45,64,58,21,13,18,14,65,97,99,18,83,54,74,18,58,21,77,88,35,29,83,99,79,65,51,34,64,59,24,48,55,12,95,19,80,19,81,71,81,56,17,39,69,48,35,59,92,19,32,53,18,46,31,94,94,59,22,77,87,96,20,26,49,18,51,30,18,29,20,93,90,89,40,37,79,68,36,12,15,97,59,14,40,93,30,74,85,66,87,98,55,69,39,69,69,57,65,98,90,47,92,23,12,80,85,49,57,27,14,71,26,53,87,44,10,34,73,59,43,84,48,98,20,34,40,12,85,75,42,50,56,29,27,57,51,47,89,100,42,26,31,75,53,19,43,21,40,60,35,28,54,50,77,65,23,40,37,34,93,37,11,54,64,22,90,39,23,19,25,95,93,99,41,73,27,36,99,63,70,98,89,16
E264,75,33,25,37,57,90,32,29,19,25,19,23,76,84,13,83,80,37,94,16,74,71,84,82,37,38,36,15,86,93,18,34,76,93,87,20,90,92,87,81,64,12,30,12,75,29,81,82,62,94,94,74,91,25,79,25,44,40,36,50,92,76,63,32,79,41,57,74,81,11,56,79,77,67,72,94,85,65,74,14,68,62,81,73,82,16,32,45,46,63,43,44,30,35,93,54,83,77,91,58,44,75,44,13,98,84,33,97,70,13,28,83,15,72,57,42,28,29,91,43,80,84,80,14,21,48,69,59,79,83,80,36,61,34,92,96,87,23,52,89,60,55,75,58,63,96,77,23,44,16,41,44,78,42,53,45,51,40,63,68,82,34,93,32,63,34,37,43,54,97,66,17,74,95,19,19,70,55,85,58,62,21,100,47,49,94,64,59,57,76,95,44,84,17,77,98,87,54,70,25,16,71,15,59,24,22,42,11,32,31,94,37,91,53,85,63,11,58,54,76,52,55,32,32,85,56,12,86,95,48,46,37,65,12,44,78,75,46,78,94,99,96,60,18,78,23,73,46,51,66,50,66,61,76,26,65,93,37,65,86,99,96,11,91,14,74,84,94,70,39,92,16,38,64,55,88,99,14,69,69,45,64,66,42,37,34,48,10,82,100,97,68,16,51,53,53,13,24,98,96
E265,35,36,34,47,39,21,70,27,97,72,99,46,89,64,99,38,22,74,74,55,40,42,12,28,60,25,96,16,25,52,76,50,29,58,36,31,36,20,15,66,99,76,100,90,53,70,70,75,98,80,46,63,28,14,57,47,27,12,99,21,21,76,63,60,75,32,70,31,61,39,48,15,20,75,79,21,46,82,66,66,42,23,80,19,74,98,26,69,20,92,55,23,34,24,85,44,77,31,78,81,27,69,63,99,38,44,36,86,43,65,39,57,67,23,78,98,77,61,91,78,35,50,45,70,39,69,46,52,68,24,49,98,67,33,67,43,96,68,86,35,25,98,93,86,79,13,66,19,26,41,34,64,66,75,23,97,28,23,52,55,44,30,38,66,41,85,97,85,67,67,94,99,12,44,96,23,42,99,53,79,78,62,20,37,60,44,34,29,41,57,82,14,61,41,26,74,68,67,51,53,43,74,46,14,11,46,29,18,10,97,86,83,72,85,99,76,76,52,68,62,100,10,18,96,83,61,63,94,59,97,66,83,36,84,82,33,73,78,96,34,59,91,14,100,73,84,76,86,15,82,72,97,78,86,90,33,12,73,94,83,75,40,99,41,76,19,11,23,34,61,26,45,10,74,34,20,88,52,97,29,100,58,43,60,71,46,42,51,62,98,34,32,28,92,52,12,56,49,93,58
E266,69,76,76,94,46,74,81,11,57,83,52,43,71,46,33,10,13,26,78,82,29,38,48,38,94,67,22,47,32,100,46,34,96,74,94,75,17,25,41,69,32,94,44,87,30,78,80,47,14,83,61,87,63,50,72,38,77,97,53,39,90,69,50,23,32,29,11,72,27,20,50,83,96,79,91,16,52,59,10,32,33,29,44,73,93,14,39,31,92,98,20,40,34,69,78,12,17,59,78,49,11,88,97,62,45,28,83,39,81,56,51,56,15,66,90,85,34,32,10,14,98,100,77,27,94,26,48,44,97,85,25,38,15,90,59,22,10,75,57,50,94,72,17,45,25,84,34,62,42,10,58,45,22,57,23,25,75,27,33,31,46,24,38,95,31,83,57,17,19,13,26,41,32,34,30,25,37,82,83,91,97,27,79,50,74,25,46,33,73,39,50,14,32,27,22,44,89,20,60,21,16,98,20,86,84,53,38,97,28,21,10,52,88,71,74,92,48,94,32,94,79,21,47,93,41,91,51,25,93,89,92,48,98,100,25,89,83,69,87,78,21,72,62,40,12,95,23,86,93,23,23,54,45,36,24,65,98,67,16,20,95,47,24,10,48,96,81,76,27,13,62,43,95,54,58,28,92,90,13,90,13,88,80,34,90,32,100,73,34,65,57,28,92,98,95,82,36,88,68,26
E267,57,91,99,26,16,91,50,58,54,62,98,69,89,22,64,66,19,28,69,88,49,44,100,12,22,39,12,54,83,67,26,51,35,41,93,31,49,90,84,68,15,68,95,35,12,60,81,64,80,75,70,80,65,24,83,33,17,96,27,98,28,79,99,54,46,15,44,11,28,61,21,64,59,76,94,42,50,97,17,22,50,65,93,26,31,53,79,43,76,24,89,12,62,11,47,52,92,88,79,33,100,66,80,18,46,70,14,53,94,65,48,88,69,96,22,71,28,84,25,31,61,82,75,22,50,41,38,44,55,38,34,79,48,36,12,88,91,27,63,86,68,74,75,93,35,36,25,16,32,16,74,53,98,29,15,92,56,61,43,53,88,77,11,34,43,42,16,53,78,55,65,55,88,56,20,84,70,42,99,41,87,54,14,42,47,100,95,91,95,48,100,99,82,27,97,12,85,57,45,50,56,44,87,21,33,77,36,19,22,67,99,83,46,84,47,44,26,33,75,40,28,89,91,83,52,95,74,68,47,29,66,86,62,38,10,45,88,51,92,53,12,82,48,66,78,93,96,58,100,46,18,65,35,79,80,31,74,95,18,11,53,82,30,54,23,31,23,25,74,85,46,58,30,41,23,20,65,58,57,57,59,38,90,64,38,10,16,97,47,96,34,35,50,84,15,20,54,60,47,11
E268,68,95,90,56,52,61,82,46,21,43,59,66,36,53,89,28,98,74,34,96,88,59,29,57,70,68,43,99,22,94,60,25,64,56,63,97,60,50,69,61,49,11,60,37,41,59,55,53,75,60,24,67,24,20,17,64,83,62,68,83,59,86,38,88,33,45,84,92,62,29,39,49,46,35,64,86,32,74,50,20,54,63,33,77,36,73,86,46,66,67,90,47,18,73,37,38,99,41,63,17,24,16,70,78,64,71,59,97,15,57,37,46,52,14,36,52,80,98,22,64,96,94,94,56,49,88,79,90,91,17,90,96,60,23,75,49,58,48,80,73,58,10,76,95,57,67,60,49,64,13,36,58,35,94,31,46,26,78,65,61,32,28,73,22,89,90,28,21,68,38,62,59,53,65,63,68,39,87,17,58,97,15,72,30,73,97,73,30,95,34,62,57,67,62,19,43,68,99,65,62,55,98,70,90,25,63,42,13,30,30,60,24,94,26,35,42,84,100,42,53,67,32,44,98,43,86,21,68,65,44,78,33,64,22,48,77,91,19,13,84,86,53,92,71,75,19,81,41,36,76,91,12,72,11,38,90,40,24,54,60,63,71,11,53,34,41,92,95,15,78,52,21,86,78,35,79,96,59,17,60,82,61,98,33,49,89,80,87,56,63,83,21,18,15,34,11,79,85,66,55
E269,77,59,37,81,98,93,13,43,17,47,44,22,59,19,60,61,91,92,96,22,35,10,60,35,51,46,77,54,34,83,63,21,90,11,47,75,12,75,81,10,50,93,71,43,97,84,76,100,72,56,77,100,42,16,31,48,85,41,74,68,18,37,78,86,86,28,68,82,98,39,53,95,46,43,97,44,53,79,89,12,53,66,35,93,17,25,85,86,51,26,60,19,45,99,55,96,66,91,76,31,47,57,91,61,64,39,65,37,16,55,24,27,76,20,62,35,66,89,84,65,39,21,68,41,35,35,81,55,60,80,90,41,60,83,91,52,67,15,90,17,24,52,96,14,100,41,44,36,25,64,29,88,32,35,51,61,33,25,40,43,34,40,57,67,21,32,12,51,72,49,88,26,18,38,91,78,64,10,58,74,33,77,88,67,27,95,94,75,67,14,28,42,57,61,49,98,51,39,25,96,16,70,60,91,84,99,17,71,13,11,96,83,59,15,80,83,65,69,49,43,39,92,51,85,38,45,56,93,73,19,62,99,96,24,56,93,92,64,36,41,59,12,62,96,20,12,99,96,20,41,97,30,37,18,33,34,12,39,61,73,30,64,74,46,66,39,15,79,21,62,86,15,35,53,13,36,44,26,15,61,28,74,88,53,77,11,45,27,47,80,52,22,90,19,94,65,77,81,38,84
E270,30,19,18,49,41,91,58,73,80,54,77,67,39,34,97,43,59,58,71,64,61,77,26,88,36,16,13,72,36,70,11,40,74,67,73,47,65,44,39,74,94,53,12,77,76,31,57,96,67,13,46,44,53,54,42,30,81,41,57,91,75,79,71,90,42,32,22,16,84,44,39,79,15,54,46,97,68,85,93,43,75,85,75,39,10,25,76,64,16,78,13,69,57,38,83,39,94,100,85,80,56,58,67,64,11,13,100,42,33,71,15,85,75,40,87,62,52,47,77,90,84,48,90,35,97,37,75,92,11,56,37,62,39,42,66,90,20,98,59,73,74,15,42,66,93,95,80,17,54,90,97,99,49,42,54,26,84,31,57,75,33,43,84,23,46,79,10,81,67,43,51,83,32,22,93,74,83,35,22,15,54,76,71,59,76,61,86,42,58,18,80,45,20,59,51,73,18,43,23,94,73,80,96,67,49,95,25,13,51,61,62,34,26,62,32,45,64,37,14,33,53,97,91,73,79,63,53,39,52,71,80,59,63,60,68,37,64,13,38,28,22,24,91,96,31,45,51,81,64,20,55,45,71,88,83,74,48,43,98,100,22,79,96,54,18,86,86,62,75,36,98,30,71,63,28,78,85,90,17,75,28,38,72,24,13,57,85,63,11,31,35,38,98,87,75,12,45,67,100,41
E271,29,72,33,26,44,34,99,72,50,79,22,23,64,27,54,83,59,88,67,18,74,57,19,25,44,95,66,66,69,25,59,35,24,98,50,88,35,77,16,86,61,28,93,69,75,60,24,21,76,83,18,82,31,81,39,97,45,97,44,14,26,65,92,15,95,75,38,52,94,81,79,82,69,46,91,91,37,57,92,49,17,75,50,80,47,30,10,48,88,56,90,42,88,32,74,73,59,69,95,53,65,67,50,39,76,62,62,81,76,19,49,53,92,37,85,26,96,49,21,35,35,72,36,34,32,60,94,48,16,76,22,86,91,48,49,46,81,83,17,28,13,76,47,27,69,39,55,88,84,23,83,26,21,50,70,95,74,64,42,100,45,77,30,82,65,20,31,11,50,28,96,75,67,13,14,25,83,16,58,30,46,64,57,29,18,90,95,26,29,55,61,29,42,47,38,69,63,29,88,29,14,64,63,54,43,56,63,92,91,63,73,16,34,66,16,66,16,18,16,82,57,56,71,55,39,74,77,26,53,99,67,81,42,98,36,68,21,23,70,92,19,96,98,81,54,99,92,61,89,23,98,18,70,79,20,74,81,72,52,74,21,56,80,85,25,77,90,64,27,40,87,36,69,76,44,17,74,92,69,18,83,56,71,20,54,61,32,23,11,16,12,43,72,100,18,83,47,15,65,93
E272,52,65,76,53,85,14,17,34,66,10,79,63,18,48,64,36,85,20,16,28,68,91,47,32,37,70,74,34,67,93,64,27,40,24,45,70,10,21,28,60,97,12,57,62,100,99,30,89,26,61,59,85,30,39,59,27,16,22,39,47,28,23,42,75,73,65,39,13,28,100,85,74,60,26,74,24,20,80,12,35,25,85,60,98,76,79,52,34,56,85,18,34,54,74,33,96,64,41,73,46,67,77,76,99,77,28,48,52,97,89,25,87,76,73,78,24,37,37,82,25,72,29,35,26,80,76,30,92,38,89,33,100,99,68,50,49,21,36,77,70,16,57,50,46,46,13,52,98,48,72,51,55,34,33,47,24,35,63,89,15,71,14,30,92,48,84,88,25,45,96,23,11,98,70,22,70,80,68,75,82,63,73,55,36,98,58,11,10,45,50,48,53,73,87,46,27,73,57,39,69,37,68,36,31,60,98,83,54,35,67,28,42,49,45,82,70,25,30,30,58,85,50,19,47,93,91,40,63,86,30,15,17,84,22,28,54,75,57,40,49,16,27,86,72,12,75,83,55,40,74,100,87,70,12,65,94,43,14,19,36,73,44,80,83,60,73,81,26,64,38,72,58,87,26,43,60,18,10,52,83,90,86,92,41,24,79,12,47,95,48,72,87,46,13,51,14,98,51,23,52
E273,84,44,87,11,62,17,41,52,63,91,30,69,11,59,19,12,94,56,15,17,86,22,72,23,89,90,56,41,66,29,81,22,69,71,43,10,81,88,81,77,49,70,83,66,56,94,37,19,97,25,56,47,51,18,63,48,37,41,98,92,85,77,26,76,78,40,59,69,10,15,85,68,42,23,80,80,63,80,27,80,97,100,72,55,72,22,85,96,79,79,68,33,91,97,34,16,97,66,53,98,54,70,80,62,93,22,58,50,80,42,22,35,10,14,89,36,30,31,12,62,47,61,32,12,63,93,64,72,32,88,74,40,63,20,85,90,49,20,13,33,74,99,95,99,32,86,61,35,75,97,10,32,65,49,86,93,29,81,16,39,19,54,23,90,30,31,65,50,92,77,20,99,66,69,32,84,92,92,33,54,69,77,35,64,39,63,77,23,26,38,12,51,98,38,29,51,27,64,16,15,18,91,21,79,91,23,33,41,12,71,37,77,77,81,94,17,19,90,28,31,21,27,43,90,35,97,63,54,26,22,17,19,14,66,91,44,52,32,16,54,100,16,14,85,83,20,18,87,90,69,24,51,74,13,75,57,90,25,20,98,18,51,12,95,99,48,23,31,30,53,17,19,24,31,74,68,52,17,76,33,60,69,15,34,82,17,85,72,41,81,11,66,88,85,22,46,87,40,73,23
E274,86,21,14,45,57,24,48,25,42,58,100,78,74,25,73,50,62,18,15,82,54,81,39,47,79,40,53,86,18,30,69,52,39,63,33,48,70,88,89,17,55,33,39,97,34,94,49,70,53,11,83,18,71,80,34,55,63,34,92,58,44,14,90,90,95,57,77,52,74,80,19,22,79,57,54,67,70,20,70,12,66,67,56,70,64,65,26,69,19,17,100,59,23,14,46,32,14,41,12,70,36,100,54,39,81,59,77,28,74,18,51,89,69,78,12,11,69,93,81,59,24,64,87,10,17,76,50,41,43,69,51,50,17,66,48,77,22,43,48,49,40,85,43,45,62,87,31,61,61,32,63,37,86,54,22,84,99,76,23,39,78,39,34,45,99,88,92,48,20,50,53,33,83,89,30,69,69,70,96,68,21,34,57,78,89,87,92,62,25,60,12,17,20,36,23,24,41,96,90,73,74,66,18,79,70,94,87,69,95,100,77,92,84,31,83,40,17,83,17,67,70,28,50,80,48,16,16,87,92,10,63,33,91,52,13,84,44,62,100,59,95,60,10,52,10,63,76,82,13,33,56,57,30,74,76,86,68,35,68,91,81,43,13,66,94,11,43,24,84,13,32,44,25,62,96,23,73,67,27,34,73,82,91,66,39,14,82,11,52,38,34,17,24,96,85,30,52,25,77,64
E275,46,67,12,43,77,57,50,15,31,36,20,41,67,47,100,44,72,25,54,58,55,16,37,70,22,51,100,13,11,71,42,81,75,38,75,29,65,78,28,17,20,28,14,28,23,50,28,61,32,16,71,94,96,64,97,70,83,56,73,50,96,69,23,74,65,86,67,28,57,12,13,65,86,69,41,64,53,75,67,92,100,84,43,85,99,28,94,36,25,90,54,23,24,11,91,81,20,73,75,35,20,39,52,68,19,89,17,85,98,35,98,62,64,24,71,62,56,74,74,20,77,75,40,69,58,12,63,18,93,99,67,19,26,55,53,98,17,67,54,79,43,83,35,88,24,95,71,78,30,63,44,17,80,35,44,94,44,49,36,45,17,33,76,76,52,98,50,85,86,20,17,75,68,67,23,72,50,65,58,97,41,50,72,84,10,34,74,18,78,64,76,35,30,17,11,69,36,80,97,60,52,47,39,66,10,23,25,26,60,86,84,32,77,87,68,92,27,27,43,83,66,62,21,88,96,38,49,78,73,70,92,97,58,15,22,38,23,12,89,78,64,26,43,56,35,20,25,50,73,23,79,27,59,52,27,33,68,24,98,11,61,77,43,62,64,65,55,63,56,79,42,14,46,33,91,84,20,92,17,37,66,44,84,67,34,64,48,56,63,73,19,30,20,99,30,48,87,80,67,65
E276,91,48,19,51,55,70,95,27,25,96,41,18,99,89,20,41,84,58,77,40,85,99,16,31,74,30,83,67,65,72,32,32,12,73,20,92,19,37,56,13,92,39,34,62,62,76,85,46,87,46,87,28,73,81,36,64,70,71,45,47,72,34,31,47,52,67,24,83,52,56,44,82,65,79,42,70,30,68,97,61,15,43,18,32,79,21,71,73,24,72,21,59,84,85,46,44,49,33,92,81,34,84,58,37,32,44,73,15,11,49,31,84,97,94,57,51,100,44,70,24,31,16,14,66,39,21,59,81,15,78,15,58,81,33,44,28,41,89,91,86,70,91,66,60,98,71,50,35,26,89,82,82,78,38,83,22,80,71,99,53,87,83,16,56,74,77,48,24,84,92,49,75,33,45,63,47,97,24,18,77,76,10,39,44,61,67,15,99,12,64,23,64,87,37,79,43,72,40,75,19,13,98,60,41,73,10,97,66,31,19,81,57,14,81,26,27,60,18,61,41,49,15,53,46,59,46,88,74,51,88,12,24,70,54,31,49,17,99,11,19,68,56,56,13,47,85,95,40,51,67,80,24,46,21,29,70,72,13,19,56,40,34,76,73,86,27,94,78,40,85,31,86,25,29,40,74,96,25,20,93,80,72,45,93,15,17,73,42,38,28,59,31,78,90,42,37,31,38,94,72
E277,59,15,90,37,50,58,70,27,85,45,45,28,46,71,32,27,30,64,46,71,29,74,41,92,41,38,49,40,30,90,58,15,97,96,37,33,27,29,94,67,52,58,22,73,93,55,77,37,49,97,44,95,19,68,38,13,89,74,99,20,75,20,83,100,28,46,94,28,45,24,31,86,65,38,55,87,73,57,30,27,75,99,75,39,29,13,89,38,85,72,43,89,80,14,13,87,32,88,39,62,66,66,78,57,20,45,54,53,44,86,49,46,44,49,28,86,92,69,38,72,28,64,81,34,30,39,36,42,78,37,35,72,96,55,57,98,67,91,90,38,73,79,53,21,39,86,35,19,23,59,52,37,24,28,63,42,54,58,98,88,58,66,55,66,14,55,71,23,71,21,56,89,92,21,93,79,38,39,38,39,56,60,31,90,93,57,53,12,25,36,52,80,49,24,17,100,41,43,20,19,39,66,34,94,27,13,94,91,93,26,26,14,20,68,39,79,32,26,90,65,15,60,78,60,90,81,99,92,62,63,39,10,71,12,89,89,62,46,79,79,62,39,86,88,75,67,50,64,81,22,83,31,89,82,52,83,20,21,12,26,89,77,49,84,93,36,77,34,50,11,82,41,28,66,57,34,26,89,59,87,47,74,60,34,97,94,26,17,99,20,41,11,60,51,35,35,31,40,86,98
E278,60,87,19,22,94,81,58,58,49,97,24,19,53,21,59,47,99,95,42,62,52,87,28,34,89,63,57,86,70,81,29,65,84,12,16,77,11,10,46,68,10,35,33,30,63,15,11,77,74,78,49,94,34,82,20,35,98,44,89,68,41,25,12,56,37,81,76,77,92,94,86,38,22,30,89,100,11,49,44,30,74,28,40,63,25,65,14,20,12,94,89,72,28,81,89,90,36,78,31,18,26,91,22,15,22,56,22,10,63,16,86,72,75,48,82,71,96,13,46,96,91,29,99,14,84,66,96,68,96,61,64,95,40,23,14,16,87,49,52,35,19,86,100,90,45,27,27,37,59,51,40,31,70,20,43,71,98,32,92,96,54,11,71,58,29,35,39,26,68,57,15,84,94,44,49,43,75,38,20,73,95,46,84,37,63,11,19,60,20,65,75,70,59,38,13,72,35,69,30,29,94,50,71,57,79,43,77,40,61,36,86,25,66,14,23,37,75,88,81,79,23,10,28,82,51,66,81,76,26,32,96,36,39,96,53,77,64,27,37,45,28,94,26,39,47,26,28,63,48,19,12,25,43,91,45,28,34,10,56,58,59,53,66,67,63,11,61,23,90,91,29,55,25,72,43,40,48,32,25,13,79,49,40,88,78,75,82,35,99,82,13,41,100,22,65,87,62,43,59,65
E279,76,11,29,60,95,81,70,47,81,54,24,90,90,23,67,64,94,99,64,24,28,45,72,97,58,92,80,51,98,84,68,58,64,48,64,82,30,65,57,86,96,91,15,33,80,30,70,68,99,48,62,88,45,79,33,52,47,50,69,58,41,47,47,67,95,81,31,15,16,23,34,72,94,59,75,41,56,30,96,76,19,40,72,26,96,43,32,15,46,63,56,39,50,30,18,93,73,91,17,53,70,27,58,73,68,83,80,34,15,16,28,16,34,14,44,34,35,16,72,69,82,12,13,91,21,26,21,56,34,33,41,74,79,49,17,82,88,53,57,53,11,64,30,72,25,81,25,16,59,35,19,86,78,56,46,45,79,16,65,59,67,58,44,100,65,27,91,88,97,14,95,63,51,18,61,54,20,26,61,50,42,70,35,71,14,44,31,93,18,48,25,56,28,40,81,67,66,77,73,17,13,10,82,77,53,44,54,17,62,91,86,36,53,90,70,61,40,95,36,75,93,24,33,34,51,48,92,34,93,37,65,15,60,29,10,36,73,62,17,26,91,14,90,73,14,67,41,70,40,60,63,78,15,40,21,65,87,92,66,65,12,67,87,11,44,59,92,65,12,15,53,52,85,40,18,84,84,45,83,34,45,44,88,100,87,18,93,93,59,20,56,89,15,33,81,66,88,99,81,29
E280,63,93,32,27,51,53,52,67,48,23,89,43,54,91,15,76,91,88,14,65,59,13,39,63,39,44,11,84,92,21,100,58,20,63,82,37,25,41,35,41,58,35,47,51,32,78,13,44,95,38,34,32,59,42,45,44,57,75,22,61,48,84,44,63,22,52,30,91,74,62,80,24,51,88,23,56,62,69,48,93,12,90,72,98,85,42,83,22,66,93,98,88,98,13,64,12,95,79,22,27,54,66,17,60,13,29,99,88,77,31,28,43,80,84,99,66,18,49,70,16,62,72,54,87,60,52,14,12,96,94,12,33,24,96,82,67,89,67,98,63,48,92,66,10,93,49,98,81,62,94,13,20,61,53,60,18,28,49,65,62,27,52,62,84,54,18,28,57,18,64,27,74,90,13,32,58,23,45,32,29,77,94,47,73,46,59,85,72,76,54,25,36,64,77,19,87,45,79,12,92,45,44,58,39,53,97,80,14,15,91,93,27,67,27,88,21,67,23,44,25,23,27,23,33,88,15,54,76,74,74,47,18,84,35,60,91,90,31,58,90,99,36,21,38,98,48,84,42,64,13,69,75,18,75,30,89,53,26,23,85,94,40,79,53,30,27,31,88,37,25,18,49,33,38,20,20,56,49,71,84,98,67,90,11,42,89,90,97,83,78,94,75,94,39,20,100,32,12,58,94
E281,14,50,39,84,53,49,41,100,31,75,45,54,92,19,26,86,95,82,36,78,68,99,76,75,44,35,19,10,66,47,83,20,43,77,67,63,45,32,66,37,10,10,84,31,16,22,78,81,72,17,63,91,86,90,79,35,28,83,28,44,17,20,24,58,32,75,12,21,63,79,14,69,40,31,76,23,83,69,56,90,92,92,14,68,72,29,19,74,81,89,12,65,63,54,92,17,94,52,64,56,57,39,45,12,16,29,65,97,73,20,62,18,68,27,68,66,50,39,96,88,82,52,43,36,96,21,99,90,90,93,64,22,19,79,62,85,76,24,45,32,93,24,74,57,83,33,82,40,16,13,47,96,45,87,28,30,84,44,62,80,89,69,61,90,23,62,62,25,24,78,57,69,14,16,21,12,83,30,17,70,39,66,80,99,65,61,51,55,95,70,24,87,53,52,71,31,82,15,34,43,18,93,39,79,63,50,19,69,59,73,96,94,92,99,93,93,39,93,71,29,72,31,54,85,13,60,34,54,88,98,38,25,30,25,99,56,19,94,15,13,87,86,87,23,32,89,85,77,33,44,76,65,22,37,97,20,22,10,34,51,76,13,68,69,98,20,17,85,21,31,17,97,42,53,96,84,39,75,70,87,56,87,58,38,76,94,48,51,41,51,45,60,79,24,89,63,59,32,34,96
E282,16,11,34,66,39,60,35,69,97,54,71,14,76,18,52,18,98,78,100,11,68,73,79,38,37,64,77,33,62,18,47,98,48,60,43,55,56,67,54,38,18,17,15,27,62,64,81,87,100,66,49,33,70,50,66,19,44,76,86,18,32,57,54,26,89,22,96,61,54,35,87,73,82,42,45,67,42,11,18,95,52,80,92,62,63,77,46,83,31,66,30,56,42,52,31,77,34,29,45,13,27,34,14,76,84,19,27,30,84,46,34,88,66,23,50,14,23,16,29,95,41,83,48,24,49,94,26,96,98,85,17,17,82,48,15,25,66,71,43,89,91,22,82,32,75,35,27,47,82,57,22,24,10,85,64,99,100,67,13,97,32,47,89,18,19,63,83,87,38,48,68,92,81,67,69,63,28,87,70,44,59,66,87,36,10,98,69,28,25,72,80,32,19,92,84,99,96,27,71,87,13,17,61,75,93,42,60,47,32,78,73,41,48,56,94,66,59,34,96,56,75,68,34,22,21,20,37,56,46,88,33,50,81,58,70,45,50,62,47,49,38,25,36,30,78,24,57,59,19,35,63,74,33,38,40,94,28,89,100,14,100,47,65,10,76,47,59,97,95,66,48,14,70,27,46,77,15,23,75,71,89,89,87,71,23,72,87,12,79,42,81,20,50,99,30,72,67,99,23,19
E283,55,30,73,51,99,11,69,91,36,64,20,40,33,14,48,17,60,41,30,31,34,59,32,92,74,22,92,84,68,82,89,20,23,20,37,13,70,39,63,59,21,86,100,61,68,24,84,66,85,65,86,66,77,18,58,32,61,58,72,22,44,18,65,79,32,62,94,98,56,84,73,15,16,66,37,30,24,27,67,19,95,27,20,55,25,89,66,93,12,87,61,29,68,38,23,64,70,36,42,82,89,29,80,43,28,65,72,76,63,21,67,74,45,11,51,48,79,54,93,24,26,12,62,23,26,58,75,70,41,70,11,23,44,44,89,96,74,68,71,22,99,98,56,77,92,87,26,73,81,22,28,97,55,86,74,39,37,82,97,82,19,85,72,95,84,37,63,74,63,44,30,25,50,18,20,27,100,60,18,10,85,18,27,77,29,71,72,50,58,94,54,34,87,82,81,99,37,72,64,90,90,69,39,30,63,49,30,65,94,63,67,66,37,13,21,43,27,35,53,94,27,72,96,88,96,44,40,46,14,68,19,99,61,28,72,61,65,43,71,77,99,49,76,65,13,92,50,59,42,25,39,20,100,12,61,61,60,15,29,88,99,73,28,88,48,52,25,35,55,62,10,86,85,16,19,94,43,76,11,61,80,19,17,64,90,53,85,56,97,10,36,92,61,37,97,28,65,31,39,70
E284,51,12,52,90,47,36,29,33,63,11,30,71,81,45,59,99,33,46,17,58,98,76,36,67,52,86,43,55,77,71,99,16,28,37,12,70,91,18,15,52,58,49,15,12,62,67,49,23,57,77,59,73,88,50,96,26,46,12,91,78,73,99,44,22,50,93,92,57,12,68,52,72,63,43,49,83,58,90,41,83,33,22,48,81,25,82,60,49,31,45,17,46,35,61,56,47,51,20,85,19,64,16,16,91,32,100,27,29,64,97,52,64,73,86,89,30,63,58,27,48,39,45,22,69,79,94,18,48,76,96,15,78,88,100,59,56,93,81,58,23,48,62,88,29,94,24,98,19,84,38,97,58,78,69,56,71,45,21,31,32,75,70,64,72,11,96,42,44,49,70,19,78,59,82,47,94,18,39,87,16,42,14,79,16,74,62,27,76,39,50,99,51,91,71,22,46,33,69,14,85,37,20,86,20,33,100,18,29,52,93,84,52,39,52,37,90,27,46,25,31,64,63,61,99,32,94,15,64,81,51,60,62,15,88,10,100,29,75,80,52,48,18,18,19,25,91,26,13,21,55,14,29,58,21,52,57,42,29,69,98,67,95,21,92,44,18,16,49,55,27,76,78,70,62,47,65,74,75,12,89,13,100,97,42,89,98,51,29,58,13,52,100,23,74,57,47,59,45,22,35
E285,72,28,81,23,23,26,31,36,19,48,43,81,78,61,39,63,64,74,14,32,87,50,57,44,79,53,82,100,91,86,67,52,33,62,54,72,14,17,54,62,27,77,99,47,46,34,28,89,92,14,100,79,21,100,21,64,15,86,62,32,88,97,41,82,51,91,65,21,34,58,21,51,23,11,10,36,73,43,90,91,83,97,28,25,29,11,89,63,88,75,59,14,16,98,73,69,97,51,67,21,56,56,52,59,27,98,34,83,97,46,73,63,49,62,100,88,18,46,53,68,75,57,89,99,94,10,84,53,25,87,80,13,85,50,86,89,17,55,58,12,37,26,59,61,27,98,53,22,17,39,22,56,41,13,75,69,14,40,39,10,30,45,62,71,71,63,95,89,63,80,93,81,67,10,64,47,21,17,75,16,89,94,18,10,70,93,29,82,88,65,73,31,32,46,77,53,54,24,53,90,67,14,35,43,35,46,83,21,66,19,94,16,16,39,93,90,53,73,90,15,52,78,39,93,38,92,49,85,45,41,90,72,46,72,57,17,64,36,61,81,53,36,82,89,98,33,74,61,36,58,84,93,97,39,42,96,20,18,56,27,55,63,44,22,93,61,55,16,65,47,37,100,39,13,54,47,17,61,82,64,57,22,45,75,28,59,81,32,68,28,53,62,41,89,41,14,17,84,91,28
E286,97,29,45,19,21,70,70,25,57,55,100,34,64,72,40,24,100,71,47,30,18,23,53,26,23,98,84,90,30,65,86,40,63,10,83,85,73,15,70,34,88,89,57,56,22,39,21,13,40,90,82,78,64,79,76,64,34,52,86,47,22,28,38,11,95,70,55,58,67,48,50,41,69,72,14,87,60,42,29,27,56,62,36,75,56,18,65,13,35,24,29,18,89,20,48,43,26,34,79,20,49,52,45,17,41,27,71,44,23,53,42,65,42,33,29,56,57,82,27,27,73,19,89,33,90,11,70,48,45,20,95,23,47,96,76,59,30,87,95,72,75,34,26,91,74,46,51,34,76,24,31,83,25,90,65,65,17,44,99,11,98,13,84,81,84,38,64,79,67,15,18,70,28,19,57,98,21,78,43,92,69,46,43,15,17,17,50,42,97,41,92,21,95,30,26,30,63,48,84,33,38,29,66,31,48,91,49,97,91,95,55,14,38,74,83,36,48,71,64,93,45,89,84,51,33,100,34,29,50,35,70,70,92,47,33,30,91,62,66,18,58,46,80,42,40,54,25,46,55,46,96,61,27,59,15,51,53,39,74,56,55,54,79,74,53,83,85,22,91,77,82,17,38,44,70,68,97,42,45,88,83,54,81,52,37,100,87,23,25,18,38,16,78,36,28,20,33,23,64,22
E287,92,67,63,27,55,21,83,68,36,96,22,91,13,28,91,94,86,76,91,41,37,22,28,65,51,28,93,74,22,10,17,66,46,88,79,80,94,93,78,71,19,11,55,42,76,47,14,45,41,81,16,17,79,58,62,62,52,76,93,19,50,36,89,41,58,29,28,40,40,88,36,59,45,64,83,54,44,82,97,49,65,56,99,82,28,11,56,48,76,81,77,56,16,69,37,29,57,69,86,21,62,33,94,92,89,97,17,71,71,31,63,87,26,56,33,36,26,15,87,88,93,61,63,28,67,27,53,14,72,11,18,27,14,11,80,46,15,70,56,76,75,30,26,28,71,26,96,49,75,51,85,88,38,18,73,75,52,74,70,74,94,71,36,44,16,54,39,79,60,71,98,61,66,68,11,96,34,71,90,34,66,82,61,70,28,81,15,35,62,66,25,100,83,83,83,42,97,61,57,14,21,33,34,53,71,77,28,32,35,91,88,44,88,69,14,79,38,49,16,65,29,58,28,89,57,96,39,60,49,49,19,44,78,70,72,66,91,47,53,82,82,45,25,74,78,39,58,75,10,79,84,77,77,100,17,85,34,31,12,66,86,59,46,47,77,18,70,55,55,26,52,100,39,86,18,90,33,54,51,27,51,13,13,34,16,79,83,98,69,35,70,62,16,94,32,70,76,70,17,35
E288,41,27,24,92,53,74,36,90,61,36,15,35,100,89,26,75,54,77,64,69,44,38,90,59,12,47,74,97,89,77,76,40,40,60,27,80,97,93,24,66,50,10,65,15,98,85,47,69,18,78,75,76,11,96,95,59,96,89,92,98,54,19,39,20,84,25,45,30,82,62,67,35,11,67,42,60,80,59,36,78,58,47,59,19,17,68,80,98,22,31,67,68,86,42,89,25,70,64,51,50,75,88,80,75,26,38,86,18,62,28,71,14,47,89,22,46,92,25,76,56,63,26,40,40,36,78,96,40,24,61,73,32,84,16,14,40,67,27,97,49,92,72,17,94,84,94,42,25,88,55,21,35,16,72,48,51,56,28,86,14,91,11,35,54,88,31,91,12,56,71,92,14,80,35,84,97,26,94,29,63,40,10,36,16,73,74,39,90,73,18,92,62,43,28,87,45,61,22,28,90,55,92,72,88,78,94,94,25,98,31,34,34,25,97,63,13,35,16,79,88,86,33,96,96,57,61,40,96,20,21,47,12,31,22,54,36,16,75,11,46,17,30,68,62,19,69,72,79,22,31,98,75,85,41,41,26,38,45,57,42,27,94,28,36,95,94,20,71,97,73,76,24,59,32,24,45,30,70,63,56,93,65,53,66,12,71,64,29,18,98,42,25,62,37,50,17,96,27,18,46
E289,33,20,12,58,93,25,25,43,18,15,59,46,51,53,74,33,10,13,97,83,42,18,98,26,44,42,55,25,58,22,86,49,62,52,41,69,10,89,29,37,75,95,70,87,76,40,33,90,38,31,41,58,66,66,13,86,80,82,57,36,48,28,55,98,18,73,17,25,34,100,50,74,78,21,96,30,25,57,57,54,27,43,81,83,89,41,10,74,70,25,36,11,23,61,21,81,76,13,49,18,23,99,33,18,94,26,59,25,16,85,95,99,91,10,64,98,25,16,100,27,83,59,70,44,63,100,86,70,66,75,13,34,46,83,34,23,65,39,86,37,99,48,79,40,56,56,66,49,83,13,79,53,66,48,72,20,72,66,23,50,52,62,47,76,83,98,58,42,40,29,29,43,60,85,59,39,23,78,91,22,51,78,86,88,63,10,85,88,35,100,92,90,30,59,35,42,35,16,86,29,65,30,12,46,75,27,42,12,24,54,28,18,67,36,79,24,16,18,94,76,88,66,40,36,98,90,33,46,71,22,53,94,30,53,81,84,88,87,99,100,61,70,39,88,17,34,23,59,82,67,32,76,23,79,75,57,92,78,42,14,68,40,47,39,20,83,12,97,80,55,90,67,99,37,45,60,89,76,100,65,100,69,53,97,80,86,70,17,21,52,98,46,29,95,27,94,90,73,15,89
E290,57,57,70,68,93,30,14,16,51,98,39,63,80,77,86,16,80,83,65,44,38,50,41,79,32,14,23,79,70,72,62,67,99,20,30,83,44,93,42,19,18,57,38,90,10,88,23,29,99,73,17,66,34,59,61,32,16,62,92,29,73,26,43,45,68,11,82,84,64,70,43,56,11,68,18,65,28,39,85,29,55,27,65,96,54,96,56,52,98,90,66,53,66,62,95,75,25,24,30,10,14,55,63,51,97,50,54,41,16,95,42,12,71,45,35,90,86,36,77,68,30,94,67,11,70,93,56,87,37,39,55,89,93,32,46,31,34,81,48,42,80,26,41,98,29,79,85,11,22,70,18,14,60,35,72,77,19,98,25,79,65,76,85,41,79,37,84,97,100,53,43,34,45,90,52,73,98,98,19,27,81,46,17,37,74,43,17,57,80,77,69,10,42,88,21,82,35,24,80,93,69,38,26,39,34,51,23,82,52,16,88,63,27,34,41,49,44,13,96,56,82,95,41,80,88,79,40,41,35,36,67,96,76,72,36,95,94,39,51,77,17,51,80,30,88,90,84,77,87,98,53,82,74,18,46,76,78,11,51,88,52,18,54,53,62,72,45,61,48,27,33,69,35,16,14,63,40,60,47,69,14,45,77,71,17,47,27,77,90,15,44,95,79,88,23,87,28,89,47,90
E291,44,66,64,37,35,91,94,68,72,87,83,40,75,12,42,67,15,24,41,11,35,68,65,11,44,85,23,85,22,73,86,82,69,12,52,68,84,96,67,37,22,12,74,16,32,72,18,39,64,31,33,50,57,72,76,46,19,82,11,41,29,26,27,19,24,38,99,74,75,64,88,92,18,81,61,65,13,70,11,88,49,20,98,84,51,73,30,42,21,62,81,53,74,94,91,42,54,99,36,59,82,75,94,19,90,14,54,35,49,11,56,38,47,73,46,82,33,91,37,15,97,79,18,16,70,89,84,39,44,55,61,55,19,38,85,95,13,70,95,31,59,68,48,94,51,41,38,88,58,26,50,83,85,82,20,66,80,13,93,33,71,22,50,33,27,67,40,71,99,30,27,62,35,77,64,24,69,24,58,81,18,34,80,34,53,77,23,73,74,22,13,55,29,48,92,51,11,34,50,68,92,78,37,56,49,32,19,24,100,35,93,90,53,70,89,60,21,49,43,47,12,17,52,68,84,82,72,87,80,48,38,20,53,31,30,72,100,89,20,24,11,96,69,49,65,54,53,15,61,57,40,11,32,93,10,13,64,78,61,54,93,30,34,30,16,48,27,12,92,46,30,28,45,69,11,43,30,76,47,74,50,16,19,35,61,71,27,47,53,12,81,88,40,28,16,12,77,50,98,80
E292,97,66,51,28,18,82,38,30,59,87,48,45,94,58,49,38,22,12,26,85,24,27,13,82,72,65,93,53,76,37,90,55,73,24,92,99,70,76,64,27,11,76,86,32,68,84,83,73,88,34,42,81,37,32,82,42,76,12,73,43,28,61,74,89,11,25,67,55,17,22,69,71,54,45,67,54,14,38,92,19,63,90,98,75,25,55,68,34,64,64,49,11,95,87,63,81,10,24,32,13,12,36,82,12,77,93,25,99,86,68,17,95,49,66,61,53,89,52,47,46,14,81,79,81,74,52,11,35,72,30,18,83,36,13,49,21,81,12,76,93,48,81,26,85,62,12,46,63,30,17,80,73,39,80,49,38,27,31,22,56,60,39,47,35,87,72,63,74,28,90,54,26,41,74,22,53,46,70,49,36,100,31,92,87,86,55,51,67,55,50,40,77,39,56,13,65,54,98,42,19,34,83,13,70,91,45,42,41,26,83,72,82,26,98,10,33,27,33,25,28,40,96,67,94,11,94,39,29,91,93,98,27,77,74,78,87,70,17,96,33,96,65,13,17,91,55,27,17,64,24,13,77,46,23,13,59,84,94,98,73,70,97,92,69,53,34,27,41,80,60,34,95,91,71,70,36,61,47,28,24,66,79,52,94,70,30,31,75,95,12,44,100,99,38,60,87,21,66,47,33
E293,37,80,16,93,78,65,87,21,84,20,76,16,83,78,23,70,48,50,52,99,26,67,50,91,35,73,11,13,42,24,14,32,35,38,59,30,81,58,46,20,18,60,87,26,72,70,93,16,41,80,86,39,96,19,95,38,99,94,64,93,43,84,12,41,65,51,67,19,64,77,76,86,72,28,85,93,38,19,86,13,19,14,20,79,54,55,44,11,57,72,43,46,76,72,12,38,81,20,98,73,22,71,44,71,47,86,12,70,88,33,41,28,77,57,35,40,71,41,60,28,35,13,98,52,66,61,29,98,16,99,69,31,59,62,87,41,25,78,56,74,53,32,100,93,22,76,65,28,57,38,86,55,59,37,84,43,96,78,72,46,33,27,42,36,47,84,17,85,35,42,28,59,84,30,62,38,49,42,48,81,36,10,42,24,12,57,49,53,93,77,88,59,11,18,86,38,91,68,72,31,80,59,73,50,92,65,61,78,13,72,34,49,53,99,98,68,25,12,69,23,68,75,12,62,55,51,14,32,64,48,70,27,27,35,19,43,62,97,47,29,15,29,11,67,60,55,72,83,65,60,68,54,76,20,98,36,48,39,47,98,44,69,66,58,31,39,60,100,99,82,59,62,96,41,67,80,64,25,33,10,43,55,89,73,73,62,71,92,42,17,42,89,54,13,60,92,86,31,54,20
E294,87,95,25,21,54,94,57,64,53,32,88,28,68,95,81,25,90,34,61,28,43,97,80,11,100,44,65,71,70,87,38,35,81,40,84,53,16,29,90,69,81,59,94,30,96,59,35,96,23,43,21,39,50,14,34,98,87,67,77,50,20,48,19,32,12,18,19,84,13,59,73,72,39,63,79,50,32,96,40,68,92,49,69,63,25,24,52,53,78,46,84,95,71,34,74,48,11,10,76,24,19,17,55,28,21,31,43,12,95,71,64,62,71,76,58,99,22,88,78,59,58,47,55,35,41,76,35,68,39,36,25,15,66,90,48,66,61,13,34,21,15,70,66,68,34,92,57,41,40,83,62,43,20,44,49,21,31,71,57,71,82,78,80,11,32,68,27,17,88,87,97,35,52,30,56,19,29,10,89,77,68,55,53,49,61,73,17,11,46,70,55,97,80,68,15,22,26,76,12,81,68,14,34,45,22,25,60,35,78,63,19,14,21,11,77,35,16,23,57,34,53,96,91,27,67,81,12,15,51,62,14,75,78,62,34,81,94,46,20,86,59,27,79,49,23,86,43,43,66,46,59,89,13,56,73,84,31,41,31,94,18,79,35,83,51,71,63,100,79,54,35,77,87,39,34,51,58,26,99,44,24,87,54,20,69,81,61,40,22,79,93,84,32,69,76,58,89,81,92,56
E295,62,75,70,82,59,98,68,99,35,69,98,86,88,56,59,78,76,14,76,51,98,86,94,62,65,54,28,25,58,37,98,91,90,48,77,70,80,58,44,76,13,25,16,52,24,93,21,74,46,27,94,58,48,25,10,30,28,16,56,78,40,51,84,51,91,70,80,76,12,99,78,38,54,27,58,32,67,41,95,78,33,66,60,12,65,100,98,68,14,60,28,56,10,89,20,95,70,93,88,31,61,22,22,89,100,78,100,17,87,51,65,99,17,58,92,83,88,40,33,41,27,34,65,72,98,40,61,99,53,97,42,16,20,82,71,37,25,18,21,31,12,28,69,31,32,24,60,40,18,72,47,95,96,90,22,89,86,38,80,82,26,94,67,41,38,45,12,87,52,78,60,41,50,47,65,84,33,41,27,59,64,27,42,29,84,85,64,58,38,85,12,67,45,26,94,59,64,36,36,74,90,89,20,32,28,77,13,11,33,38,92,70,17,90,96,62,12,89,97,35,19,46,18,68,95,41,98,41,59,24,30,39,85,37,35,80,21,80,85,42,53,90,45,95,93,84,66,54,20,98,97,53,30,40,77,97,53,81,83,66,29,54,12,58,68,19,38,28,27,97,38,67,100,12,84,12,40,23,40,49,60,49,47,39,87,11,99,20,52,96,39,38,83,52,81,38,34,98,27,95
E296,64,56,15,88,11,25,32,77,19,74,49,93,78,88,38,91,59,48,52,86,17,41,96,16,17,59,69,83,85,18,93,35,46,62,81,15,58,90,13,59,54,60,18,28,24,96,73,49,70,27,62,72,33,37,48,14,65,79,79,66,73,29,71,53,91,35,80,63,59,80,86,98,72,100,17,66,36,48,92,26,23,78,12,75,88,96,36,23,60,87,74,27,35,73,83,85,57,41,48,27,97,91,13,52,62,61,74,12,68,38,55,31,60,67,50,59,55,32,89,96,100,79,10,57,41,93,14,34,60,25,11,12,44,90,65,90,12,52,23,10,12,22,82,89,53,10,15,89,81,70,31,60,44,63,28,67,23,63,68,54,26,11,56,83,41,52,43,20,57,73,30,40,84,73,43,33,42,69,46,29,93,51,79,85,22,89,84,100,50,88,72,49,64,51,21,83,78,47,64,97,57,58,37,24,60,13,36,33,92,81,94,80,75,85,43,95,78,83,71,81,88,48,23,98,73,26,65,38,98,100,55,27,76,80,27,74,11,96,97,77,30,37,22,49,34,94,14,94,29,54,29,15,11,93,26,83,98,76,89,13,47,30,95,63,83,98,80,15,79,71,79,32,50,40,43,58,73,94,10,85,84,66,94,74,52,93,14,65,19,59,18,41,25,93,29,25,68,77,78,94
E297,78,76,96,90,21,65,92,33,60,64,61,88,75,70,44,27,30,40,39,77,46,48,49,61,18,21,68,82,50,48,86,57,68,18,97,20,66,11,47,88,42,92,99,49,93,91,19,56,34,59,25,42,52,19,97,95,92,79,37,19,39,29,22,97,77,24,99,58,70,15,48,84,23,56,60,23,11,17,72,26,65,17,69,58,75,97,55,19,63,47,17,92,64,46,14,16,53,80,46,47,54,23,27,74,31,71,27,89,43,30,78,89,79,19,24,64,65,46,86,70,30,95,44,77,41,29,50,86,51,73,48,99,80,56,89,23,38,36,73,55,84,84,35,38,42,56,80,33,36,80,78,21,74,72,24,60,85,42,59,66,54,65,81,88,95,27,87,90,33,49,92,68,62,76,14,70,27,52,70,94,83,66,55,90,19,34,21,51,45,63,34,64,73,93,64,29,23,37,97,65,11,65,28,88,46,100,85,45,44,69,90,33,73,27,49,55,51,95,72,59,86,85,84,78,73,50,18,23,89,46,77,85,41,96,35,38,60,36,88,82,65,13,18,49,44,73,24,56,97,83,83,97,68,73,94,19,83,43,90,44,52,89,56,99,88,60,20,43,14,88,68,68,49,20,75,46,23,28,58,42,13,51,41,56,27,86,38,32,27,69,61,85,99,72,34,99,94,17,51,68
E298,33,25,75,65,45,53,96,38,26,94,65,21,61,89,19,69,42,83,82,38,91,100,88,45,54,92,30,31,67,100,85,22,76,11,55,50,43,72,16,17,100,63,81,77,72,40,10,90,27,82,63,93,26,13,54,62,92,41,39,60,43,16,84,67,62,28,79,30,66,20,94,30,81,80,32,62,41,25,12,82,61,79,68,32,57,48,15,66,73,42,78,77,19,63,74,29,11,45,37,30,76,21,27,69,72,37,24,68,69,47,96,31,96,71,78,87,92,43,34,71,79,97,81,70,30,44,27,69,54,74,20,44,13,98,58,51,17,52,79,11,83,91,57,37,23,64,48,66,16,57,88,91,43,80,81,69,53,34,99,44,14,71,92,90,90,37,33,78,91,47,54,58,79,75,96,83,40,28,27,77,18,91,71,21,14,80,33,28,79,25,82,44,17,37,35,42,82,99,71,68,55,91,90,88,41,37,59,66,79,39,55,75,80,46,53,45,84,14,96,79,62,72,91,77,22,36,74,96,28,39,98,98,23,100,22,88,62,73,60,95,45,67,50,95,76,41,41,55,58,58,41,76,76,95,31,75,31,33,67,11,61,96,90,84,70,73,68,72,40,14,78,49,33,84,74,50,17,67,66,14,91,27,37,65,79,21,96,16,95,43,64,39,59,95,41,28,12,21,54,48
E299,58,19,26,19,42,85,21,32,91,33,78,93,91,63,96,67,34,23,94,85,43,25,91,93,83,42,83,29,92,63,96,50,96,23,25,78,52,99,74,17,32,10,33,93,37,21,51,90,92,31,22,95,99,92,79,11,82,62,18,29,49,88,29,17,24,80,48,39,51,86,70,38,11,89,76,16,62,50,70,28,71,34,76,16,23,63,99,53,80,49,56,63,34,33,97,42,54,46,10,56,38,65,10,61,51,64,74,22,51,43,90,11,86,76,56,97,30,22,67,100,70,33,91,82,65,26,29,84,33,39,96,46,62,71,23,79,48,44,63,19,94,66,34,27,67,48,41,13,94,66,60,95,90,94,100,59,67,93,42,90,10,11,22,91,76,48,69,95,92,64,59,84,86,56,34,54,83,58,13,66,21,28,45,16,80,42,95,70,58,55,99,29,13,96,54,58,32,33,97,48,68,25,78,17,34,91,76,77,19,90,47,90,40,68,23,17,46,50,92,76,33,58,17,85,61,14,13,68,50,17,68,98,83,68,53,28,30,19,68,74,11,62,62,73,66,48,74,18,75,84,35,11,100,90,18,61,35,98,95,65,74,44,26,64,40,37,65,20,80,85,22,40,50,53,86,65,56,68,30,69,28,80,73,80,24,94,74,42,96,24,48,69,58,33,96,40,75,14,30,60
E300,72,17,86,47,62,18,81,64,69,96,71,21,62,45,19,76,25,43,63,16,42,94,96,83,84,21,29,85,94,38,64,35,28,28,76,13,94,31,87,67,86,75,10,19,37,48,72,29,15,82,65,72,41,78,64,59,71,54,18,89,65,57,36,66,59,68,13,41,89,32,71,48,89,86,20,48,39,79,40,88,66,96,50,10,53,38,11,80,90,34,37,58,14,23,47,64,72,24,54,19,20,91,79,96,81,76,81,100,33,72,16,40,30,31,47,74,88,18,40,58,14,49,34,67,44,54,57,67,92,60,65,41,82,48,12,78,20,83,26,73,52,74,45,100,76,30,72,66,57,85,48,67,87,33,31,69,95,16,20,85,29,42,93,58,69,55,88,50,71,88,90,59,36,41,70,25,98,19,86,35,50,25,69,13,80,68,24,63,50,16,77,24,69,16,36,97,66,60,18,37,51,30,46,29,80,23,64,84,45,52,40,99,100,79,43,50,53,48,30,91,91,92,69,27,45,44,91,66,54,35,89,90,80,67,90,92,84,98,27,94,14,21,46,76,28,88,31,35,71,88,33,56,96,83,96,86,58,78,62,95,51,11,58,63,13,25,20,61,54,53,77,61,55,22,20,54,13,40,51,56,57,80,23,79,96,17,96,97,96,16,63,61,93,13,55,64,97,71,71,94
